11442     6     40023354.1019934714    23238.3820664905
   0.84616   2.41153   2.94675    50.04388    50.27732    -0.23343
   1.25585   2.41153   2.90640    47.60036    46.59322     1.00714
   1.05101   2.76633   2.90640    47.04062    46.28625     0.75437
   0.64132   2.76633   2.90640    50.39341    50.70935    -0.31594
   0.43648   2.41153   2.90640    53.34145    54.57458    -1.23314
   0.64132   2.05673   2.90640    51.75322    52.89566    -1.14244
   1.05101   2.05673   2.90640    49.19674    49.16432     0.03243
   1.64980   2.41153   2.78690    45.98452    43.74087     2.24365
   1.54213   2.81335   2.78690    43.33330    41.12199     2.21131
   1.24798   3.10750   2.78690    42.27908    40.55686     1.72222
   0.84616   3.21517   2.78690    45.10225    44.17209     0.93015
   0.44435   3.10750   2.78690    50.57225    50.54550     0.02674
   0.15020   2.00971   2.78690    56.30015    58.28595    -1.98580
   0.44435   1.71556   2.78690    52.44536    54.34288    -1.89752
   0.84616   1.60790   2.78690    48.87232    49.98965    -1.11732
   1.24798   1.71556   2.78690    47.56271    47.23044     0.33227
   1.54213   2.00971   2.78690    47.39203    45.74052     1.65150
   2.01286   2.41153   2.59283    45.54464    42.17764     3.36700
   0.52688   3.53369   2.59283    45.52393    44.30543     1.21850
   0.14307   1.48049   2.59283    54.22812    56.67989    -2.45178
   1.70836   1.62553   2.59283    46.69047    44.43449     2.25598
   1.93408   1.99007   2.59283    47.40207    44.30789     3.09418
   2.27094   1.99318   2.33167    49.20427    45.05076     4.15352
   2.54151   1.99367   2.01345    53.15005    49.05931     4.09075
  -0.46080   3.56940  -0.31995    56.36165    56.67927    -0.31762
  -0.69992   3.22298  -0.31995    64.21367    65.73104    -1.51736
  -0.84918   2.82940  -0.31995    70.43731    72.93625    -2.49894
  -0.89992   2.41153  -0.31995    74.85247    77.60740    -2.75493
  -0.84918   1.99367  -0.31995    77.41522    78.73068    -1.31546
  -0.12625   3.53376  -0.63818    52.13223    51.66141     0.47083
  -0.40303   3.21434  -0.63818    60.56157    61.20592    -0.64435
  -0.57861   2.82988  -0.63818    67.14414    68.67307    -1.52893
  -0.63876   2.41153  -0.63818    71.56369    73.32381    -1.76011
  -0.57861   1.99318  -0.63818    73.24040    74.19005    -0.94965
   0.14307   3.34258  -0.89934    51.98665    50.99168     0.99498
  -0.14578   3.02572  -0.89934    59.93908    60.02971    -0.09063
  -0.30067   2.62591  -0.89934    65.69836    66.59775    -0.89939
  -0.30067   2.19715  -0.89934    68.09670    69.41309    -1.31638
   0.44435   3.10750  -1.09340    52.76853    51.23653     1.53200
   0.15020   2.81335  -1.09340    59.20552    58.82722     0.37830
   0.04253   2.41153  -1.09340    63.13248    63.71670    -0.58422
   0.15020   2.00971  -1.09340    62.35625    63.69787    -1.34163
   1.25585   2.41153  -1.21290    58.50020    56.27649     2.22371
   0.64132   2.76633  -1.21290    55.94624    54.39476     1.55148
   0.43648   2.41153  -1.21290    59.78785    59.39614     0.39171
   0.64132   2.05673  -1.21290    59.21682    58.68902     0.52780
   0.84616   2.41153  -1.25325    58.08228    56.48178     1.60050
   1.06526   1.12625   2.74414    44.84246    46.53405    -1.69159
   1.47495   1.12625   2.70379    44.29025    44.55846    -0.26822
   1.27010   1.48106   2.70379    46.07865    45.99152     0.08713
   0.65557   1.12625   2.70379    46.72498    49.46764    -2.74266
   0.86041   0.77145   2.70379    45.49820    48.75088    -3.25268
   1.27010   0.77145   2.70379    44.79665    46.64343    -1.84679
   1.86889   1.12625   2.58429    45.06648    43.84070     1.22577
   1.76123   1.52807   2.58429    46.14454    44.03737     2.10717
   0.26162   1.12625   2.58429    49.93093    53.17050    -3.23957
   0.36929   0.72444   2.58429    48.15947    52.59547    -4.43600
   0.66344   0.43029   2.58429    48.43558    53.16709    -4.73152
   1.46707   0.43029   2.58429    48.19587    49.60277    -1.40691
   1.76123   0.72444   2.58429    45.82827    45.68829     0.13999
   2.23195   1.12625   2.39023    47.12534    44.78787     2.33746
   2.15317   1.54772   2.39023    47.80995    44.41444     3.39551
  -0.08158   0.91188   2.39023    53.00510    56.83541    -3.83031
   0.07331   0.51207   2.39023    51.65721    56.99200    -5.33479
   0.36216   0.19521   2.39023    52.92603    59.03016    -6.10413
   2.15317   0.70480   2.39023    48.12245    46.36541     1.75704
  -0.41967   1.12625   2.12906    60.07839    62.43549    -2.35711
  -0.35952   0.70790   2.12906    57.49368    61.43234    -3.93867
  -0.18394   0.32344   2.12906    57.14039    62.60963    -5.46925
   0.09284   0.00403   2.12906    59.07249    65.69248    -6.61999
  -0.68083   1.12625   1.81084    66.54738    67.77652    -1.22914
  -0.63009   0.70839   1.81084    64.48099    67.05669    -2.57569
  -0.86352   0.91649   1.44777    72.76224    73.01962    -0.25739
   0.07331   1.74044  -1.10195    62.64678    65.22967    -2.58289
   1.06526   1.92989  -1.29601    58.55228    57.52254     1.02974
   0.66344   1.82222  -1.29601    58.51150    59.26636    -0.75486
   0.86041   1.48106  -1.41551    57.86955    59.44749    -1.57793
   2.70914   0.90494   2.24585    49.07626    48.12171     0.95455
   2.50430   1.25974   2.24585    48.80769    46.64313     2.16456
   2.50430   0.55014   2.24585    51.03535    49.22329     1.81206
   3.10309   0.90494   2.12635    48.32764    49.11275    -0.78511
   2.99542   1.30676   2.12635    47.80681    49.08156    -1.27475
   2.70127   1.60091   2.12635    49.60023    48.62548     0.97475
   2.70127   0.20897   2.12635    53.71921    52.28700     1.43220
   2.99542   0.50312   2.12635    50.33128    50.12598     0.20530
   3.46615   0.90494   1.93229    47.54200    49.02686    -1.48485
   3.16165   0.11894   1.93229    51.81032    52.32276    -0.51244
   3.38737   0.48348   1.93229    49.51113    50.25341    -0.74228
   3.72423   0.48659   1.67113    50.08467    49.72625     0.35842
   1.32704   2.02717  -1.29872    58.79576    58.14704     0.64871
   1.59636   1.83599  -1.55988    56.33906    59.51675    -3.17769
   1.30751   1.51913  -1.55988    57.91599    59.57425    -1.65826
   1.15262   1.11932  -1.55988    58.97836    60.42628    -1.44791
   1.15262   0.69056  -1.55988    60.63750    60.97471    -0.33722
   1.30751   0.29075  -1.55988    60.83328    59.16887     1.66441
   1.89764   1.60091  -1.75394    54.72448    59.14772    -4.42325
   1.60349   1.30676  -1.75394    57.55329    60.19867    -2.64538
   1.49582   0.90494  -1.75394    59.41636    60.99738    -1.58102
   1.60349   0.50312  -1.75394    59.75647    60.50923    -0.75275
   2.70914   0.90494  -1.87345    57.08579    54.04389     3.04190
   2.09461   1.25974  -1.87345    55.51012    58.36610    -2.85598
   1.88976   0.90494  -1.87345    58.13374    60.01135    -1.87762
   2.09461   0.55014  -1.87345    58.29375    59.85638    -1.56263
   2.29946   0.90494  -1.91380    57.00673    57.91864    -0.91191
   3.18683  -1.61545  -1.95977    71.90882    68.87409     3.03474
   3.07916  -2.01727  -1.95977    70.60800    67.57640     3.03159
   0.99521  -1.99556   3.29358    56.00836    59.40748    -3.39912
   1.10288  -2.39737   3.29358    52.72021    54.94479    -2.22458
   0.65202  -2.20994   3.09952    64.88511    69.77293    -4.88782
   0.80690  -2.60974   3.09952    62.80868    65.35776    -2.54908
   3.05487  -0.51685   2.15707    49.72636    45.25152     4.47484
   1.08784  -3.67377   2.91393    61.22736    56.36958     4.85777
  -0.79890  -4.46272   0.97378    61.98978    58.14098     3.84880
  -1.27917  -3.59438   0.56409    88.05904    82.10531     5.95373
  -1.11482  -3.97735   0.56409    79.36866    74.86897     4.49969
  -0.87675  -4.31940   0.56409    69.89640    66.04761     3.84879
  -0.72251  -4.31204   0.17015    74.29273    70.67802     3.61471
  -1.20165  -3.75190   0.43560    86.21416    80.47930     5.73486
  -1.35589  -3.75926   0.04166    88.34518    82.64976     5.69542
  -1.72578  -1.39802   1.72986    78.01512    77.33518     0.67993
  -1.61812  -1.79984   1.72986    80.68266    79.19622     1.48644
  -2.06898  -1.18364   1.53580    72.65179    72.52586     0.12594
  -4.13845  -0.91135   2.72217    41.21357    37.85171     3.36186
  -3.73094  -0.91135   2.67934    43.66211    41.71348     1.94863
  -3.93469  -0.55844   2.67934    49.83994    45.79144     4.04850
  -4.54595  -0.91135   2.67934    38.31322    33.00168     5.31154
  -4.34220  -1.26427   2.67934    34.38250    31.87466     2.50784
  -3.93469  -1.26427   2.67934    37.14291    35.73817     1.40475
  -3.34124  -0.91135   2.55272    46.47147    45.53043     0.94104
  -3.44805  -0.51275   2.55272    52.94172    50.93020     2.01152
  -4.82885  -1.30996   2.55272    30.38903    26.07482     4.31421
  -4.53705  -1.60175   2.55272    29.39443    27.83163     1.56280
  -4.13845  -1.70856   2.55272    31.14706    30.73857     0.40849
  -3.73984  -1.60175   2.55272    35.29553    34.99126     0.30426
  -3.44805  -1.30996   2.55272    40.67266    40.13674     0.53592
  -2.98639  -0.91135   2.34784    50.13362    49.94522     0.18840
  -3.06418  -0.49518   2.34784    55.78810    55.19542     0.59269
  -3.28706  -0.13522   2.34784    63.22660    61.21230     2.01430
  -5.11795  -1.51783   2.34784    26.73441    22.30757     4.42684
  -4.83272  -1.83072   2.34784    26.09185    24.78971     1.30213
  -4.45372  -2.01943   2.34784    27.05946    27.21067    -0.15120
  -4.03215  -2.05850   2.34784    30.04327    30.46896    -0.42569
  -3.62493  -1.94263   2.34784    34.62095    34.77688    -0.15593
  -3.28706  -1.68749   2.34784    39.92090    39.80400     0.11690
  -3.06418  -1.32753   2.34784    45.12044    44.94788     0.17257
  -2.68188  -0.91135   2.07367    54.94222    55.37495    -0.43273
  -2.74088  -0.50099   2.07367    59.44084    59.94789    -0.50705
  -2.91311  -0.12388   2.07367    65.57725    65.56319     0.01407
  -5.36379  -1.69883   2.07367    25.21019    20.93048     4.27971
  -5.09229  -2.01215   2.07367    24.57766    23.45590     1.12177
  -4.74353  -2.23629   2.07367    25.00437    25.45968    -0.45531
  -4.34574  -2.35309   2.07367    27.07892    27.96154    -0.88262
  -3.93116  -2.35309   2.07367    30.76867    31.38563    -0.61696
  -3.53337  -2.23629   2.07367    35.69023    35.80589    -0.11566
  -3.18460  -2.01215   2.07367    41.18847    40.94708     0.24139
  -2.91311  -1.69883   2.07367    46.43884    46.20240     0.23644
  -2.74088  -1.32172   2.07367    50.92302    51.00554    -0.08252
  -2.44104  -0.91135   1.74217    61.09746    62.00076    -0.90329
  -2.49436  -0.48923   1.74217    64.80855    66.06506    -1.25651
  -2.65099  -0.09362   1.74217    70.23588    71.42924    -1.19336
  -5.51168  -1.90907   1.74217    25.59737    22.44912     3.14825
  -5.22042  -2.21923   1.74217    24.70379    24.24091     0.46288
  -4.86117  -2.44722   1.74217    25.08971    25.89077    -0.80106
  -4.45651  -2.57870   1.74217    27.16363    28.19086    -1.02723
  -4.03187  -2.60541   1.74217    30.90171    31.51236    -0.61066
  -3.61392  -2.52569   1.74217    36.07427    36.01076     0.06351
  -3.22893  -2.34452   1.74217    42.23892    41.59242     0.64650
  -2.90109  -2.07331   1.74217    48.58367    47.73277     0.85089
  -2.65099  -1.72909   1.74217    53.98590    53.46920     0.51669
  -2.49436  -1.33348   1.74217    57.89967    58.11518    -0.21551
  -2.27437  -0.91135   1.36784    68.88737    69.59964    -0.71228
  -2.32111  -0.49656   1.36784    71.64778    72.87975    -1.23197
  -5.59584  -2.07358   1.36784    27.54516    25.41282     2.13233
  -5.30067  -2.36874   1.36784    26.32904    26.23947     0.08958
  -4.94724  -2.59082   1.36784    26.61770    27.43473    -0.81703
  -4.55324  -2.72869   1.36784    28.58243    29.45748    -0.87505
  -4.13845  -2.77543   1.36784    32.19312    32.57385    -0.38073
  -3.72365  -2.72869   1.36784    37.35564    36.97230     0.38334
  -3.32966  -2.59082   1.36784    43.92441    42.74949     1.17492
  -2.97622  -2.36874   1.36784    51.51853    49.72421     1.79432
  -5.80869  -1.91630   0.96705    32.91915    29.58313     3.33602
  -5.55360  -2.25186   0.96705    30.18885    29.20363     0.98523
  -5.23235  -2.52474   0.96705    29.15284    29.41641    -0.26357
  -4.85994  -2.72217   0.96705    29.94915    30.57324    -0.62409
  -4.45380  -2.83494   0.96705    32.55582    32.89584    -0.34002
  -4.03292  -2.85776   0.96705    36.94086    36.58848     0.35238
  -3.61696  -2.78957   0.96705    43.15508    41.89209     1.26299
  -3.22540  -2.63355   0.96705    51.40683    49.08200     2.32483
  -5.80869  -1.91630   0.55729    38.04151    35.38645     2.65506
  -5.55360  -2.25186   0.55729    34.53687    33.69998     0.83689
  -5.23235  -2.52474   0.55729    33.23039    33.29779    -0.06740
  -4.85994  -2.72217   0.55729    33.99658    34.23096    -0.23438
  -4.45380  -2.83494   0.55729    36.74131    36.60213     0.13918
  -4.03292  -2.85776   0.55729    41.47210    40.59611     0.87600
  -3.61696  -2.78957   0.55729    48.43118    46.54042     1.89076
  -5.81792  -1.72014   0.15650    46.20541    43.53951     2.66590
  -5.59584  -2.07358   0.15650    41.00335    39.95812     1.04524
  -5.30067  -2.36874   0.15650    38.60313    38.38911     0.21402
  -4.94724  -2.59082   0.15650    38.62007    38.59459     0.02548
  -4.55324  -2.72869   0.15650    40.86091    40.53326     0.32765
  -4.13845  -2.77543   0.15650    45.30493    44.31815     0.98679
  -3.72365  -2.72869   0.15650    52.22887    50.25715     1.97172
  -5.71666  -1.53621  -0.21783    54.48539    52.65439     1.83101
  -5.51168  -1.90907  -0.21783    47.84258    47.20951     0.63307
  -5.22042  -2.21923  -0.21783    44.81045    44.72070     0.08976
  -4.86117  -2.44722  -0.21783    44.77971    44.70061     0.07909
  -4.45651  -2.57870  -0.21783    47.47360    46.99061     0.48299
  -4.03187  -2.60541  -0.21783    52.89152    51.67009     1.22143
  -3.61392  -2.52569  -0.21783    61.48401    59.07363     2.41037
  -5.53601  -1.32172  -0.54933    63.27241    62.90853     0.36388
  -5.36379  -1.69883  -0.54933    55.61742    55.80309    -0.18567
  -5.09229  -2.01215  -0.54933    52.10713    52.46272    -0.35559
  -4.74353  -2.23629  -0.54933    52.12784    52.28927    -0.16143
  -4.34574  -2.35309  -0.54933    55.37834    55.02528     0.35306
  -3.93116  -2.35309  -0.54933    61.83604    60.63743     1.19861
  -3.53337  -2.23629  -0.54933    71.80089    69.16826     2.63263
  -5.27089  -1.12304  -0.82350    71.74442    73.39954    -1.65512
  -5.11795  -1.51783  -0.82350    63.56608    64.88892    -1.32283
  -4.83272  -1.83072  -0.82350    60.56533    61.50669    -0.94136
  -4.45372  -2.01943  -0.82350    62.40143    62.70271    -0.30129
  -4.03215  -2.05850  -0.82350    68.89803    68.14130     0.75673
  -3.97141   0.09040   2.77739    64.27454    59.86031     4.41423
  -4.07908   0.49222   2.77739    72.11778    68.16937     3.94842
  -4.37323   0.78637   2.77739    75.68643    73.13095     2.55548
  -4.37323  -0.60557   2.77739    45.70528    40.62529     5.07999
  -4.07908  -0.31142   2.77739    54.56760    49.89938     4.66822
  -3.60835   0.09040   2.58333    67.42841    63.65362     3.77479
  -3.68714   0.51186   2.58333    76.88121    72.85566     4.02555
  -3.91285   0.87640   2.58333    84.22495    80.40107     3.82388
  -4.25501   1.13479   2.58333    88.66082    86.11651     2.54430
  -3.68714  -0.33106   2.58333    56.67666    52.98534     3.69131
  -3.29012   0.09040   2.32217    69.46530    67.11220     2.35310
  -3.35027   0.50875   2.32217    79.67300    76.63782     3.03517
  -3.52585   0.89321   2.32217    88.33953    84.58713     3.75240
  -3.07970   0.50827   2.00394    82.44785    80.97368     1.47417
  -3.22897   0.90185   2.00394    91.44382    88.62712     2.81670
  -6.03577  -1.53832   0.42755    45.92240    41.38624     4.53616
  -6.43748  -0.90985   0.03361    60.18130    57.96822     2.21307
  -6.18359  -1.24384   0.03361    56.81848    53.44219     3.37629
  -5.86383  -1.51544   0.03361    51.96092    48.70788     3.25305
  -6.47040   0.50827  -0.32946    90.38584    94.31785    -3.93201
  -6.52113   0.09040  -0.32946    81.71805    83.85845    -2.14040
  -6.47040  -0.32746  -0.32946    75.00433    75.26974    -0.26542
  -6.32113  -0.72104  -0.32946    70.00935    68.67748     1.33187
  -6.08201  -1.06747  -0.32946    65.52015    63.39416     2.12598
  -5.76694  -1.34660  -0.32946    60.30806    58.45296     1.85509
  -6.25997   0.09040  -0.64768    87.49365    90.34126    -2.84761
  -6.19982  -0.32795  -0.64768    81.13384    82.12882    -0.99498
  -6.02425  -0.71241  -0.64768    75.90920    75.72425     0.18494
  -5.74747  -1.03183  -0.64768    70.93179    70.62448     0.30731
  -5.92188  -0.12398  -0.90884    89.04360    92.37813    -3.33454
  -5.76699  -0.52379  -0.90884    83.22407    85.31166    -2.08758
  -5.47814  -0.84064  -0.90884    78.64890    80.60227    -1.95336
  -5.47102  -0.31142  -1.10290    90.82761    95.53025    -4.70264
  -5.17687  -0.60557  -1.10290    87.74089    92.08769    -4.34680
  -5.83961   0.15607   3.56902    42.64931    44.09051    -1.44120
  -5.43210   0.15607   3.52619    43.59371    45.23208    -1.63837
  -5.63586   0.50898   3.52619    49.49858    51.04459    -1.54601
  -6.04336   0.50898   3.52619    49.77217    50.55394    -0.78177
  -6.24712   0.15607   3.52619    43.26741    43.94498    -0.67757
  -6.04336  -0.19685   3.52619    37.21194    38.49967    -1.28773
  -5.63586  -0.19685   3.52619    37.65434    39.16246    -1.50813
  -5.04241   0.15607   3.39957    46.50034    47.51029    -1.00995
  -5.14921   0.55467   3.39957    52.90721    54.43792    -1.53071
  -5.44101   0.84646   3.39957    57.91473    59.51706    -1.60233
  -5.83961   0.95327   3.39957    60.56910    61.39120    -0.82210
  -6.23821   0.84646   3.39957    59.23062    58.95836     0.27226
  -6.53001   0.55467   3.39957    53.26614    52.51138     0.75476
  -6.63681   0.15607   3.39957    44.99996    44.64608     0.35388
  -6.53001  -0.24254   3.39957    37.59096    38.08523    -0.49427
  -6.23821  -0.53433   3.39957    33.04089    34.14820    -1.10732
  -5.83961  -0.64114   3.39957    32.06385    33.20423    -1.14038
  -5.44101  -0.53433   3.39957    34.53436    35.37029    -0.83593
  -5.14921  -0.24254   3.39957    39.80607    40.50369    -0.69763
  -4.68755   0.15607   3.19469    51.70114    51.07084     0.63029
  -4.76535   0.57224   3.19469    58.53848    58.90889    -0.37041
  -4.98823   0.93220   3.19469    64.18418    65.54342    -1.35924
  -5.32609   1.18735   3.19469    68.70351    70.35077    -1.64727
  -6.81911   0.76255   3.19469    61.79274    59.53240     2.26034
  -6.97205   0.36776   3.19469    52.12659    50.32834     1.79825
  -6.97205  -0.05563   3.19469    42.98315    42.15276     0.83039
  -6.81911  -0.45042   3.19469    35.73039    35.93709    -0.20670
  -6.53388  -0.76330   3.19469    30.99834    31.84965    -0.85131
  -6.15488  -0.95202   3.19469    28.93509    29.78695    -0.85186
  -5.73331  -0.99108   3.19469    29.37937    29.68473    -0.30537
  -5.32609  -0.87522   3.19469    32.15547    31.70470     0.45077
  -4.98823  -0.62007   3.19469    37.21194    36.17328     1.03866
  -4.76535  -0.26011   3.19469    44.14467    42.99477     1.14989
  -4.38304   0.15607   2.92051    59.50108    56.10071     3.40037
  -4.44205   0.56643   2.92051    66.93393    64.86240     2.07153
  -4.61427   0.94354   2.92051    72.72772    72.42833     0.29939
  -4.88576   1.25686   2.92051    77.32486    78.65785    -1.33299
  -5.23453   1.48100   2.92051    81.04411    83.04655    -2.00244
  -7.23717   0.56643   2.92051    60.44799    57.36808     3.07991
  -7.29617   0.15607   2.92051    49.97423    47.91347     2.06076
  -7.23717  -0.25430   2.92051    41.19851    40.31519     0.88331
  -7.06495  -0.63141   2.92051    34.47349    34.62295    -0.14946
  -6.79346  -0.94473   2.92051    29.91903    30.64496    -0.72594
  -6.44469  -1.16887   2.92051    27.47425    28.14109    -0.66685
  -6.04690  -1.28567   2.92051    26.90635    26.91813    -0.01178
  -5.63232  -1.28567   2.92051    27.93233    26.92373     1.00860
  -5.23453  -1.16887   2.92051    30.49696    28.38732     2.10964
  -4.88576  -0.94473   2.92051    35.00373    31.90607     3.09767
  -4.61427  -0.63141   2.92051    41.90508    38.09409     3.81099
  -4.44205  -0.25430   2.92051    50.64566    46.66278     3.98288
  -7.52363   0.36881   2.58902    58.00070    55.06875     2.93195
  -7.52363  -0.05668   2.58902    47.38638    45.73329     1.65309
  -7.41782  -0.46879   2.58902    39.00787    38.57828     0.42959
  -7.21284  -0.84165   2.58902    32.83067    33.30125    -0.47058
  -6.92158  -1.15181   2.58902    28.77508    29.56476    -0.78968
  -6.56233  -1.37980   2.58902    26.64468    27.05322    -0.40854
  -6.15767  -1.51128   2.58902    26.07490    25.48861     0.58630
  -5.73303  -1.53800   2.58902    26.58758    24.67234     1.91524
  -5.31508  -1.45827   2.58902    27.87899    24.63445     3.24454
  -4.93009  -1.27711   2.58902    30.44237    25.96125     4.48112
  -7.70368   0.15607   2.21469    54.46971    52.47082     1.99888
  -7.65694  -0.25873   2.21469    44.79916    44.05075     0.74841
  -7.51908  -0.65273   2.21469    37.38137    37.67664    -0.29527
  -7.29700  -1.00616   2.21469    32.05381    32.95489    -0.90108
  -7.00184  -1.30132   2.21469    28.65585    29.52976    -0.87391
  -6.64840  -1.52340   2.21469    26.91639    27.06940    -0.15300
  -6.25440  -1.66127   2.21469    26.37171    25.23525     1.13646
  -5.83961  -1.70801   2.21469    26.32465    23.66301     2.66164
  -5.42481  -1.66127   2.21469    25.99270    22.01945     3.97325
  -7.77745   0.36682   1.81389    62.04751    60.19306     1.85445
  -7.77745  -0.05469   1.81389    50.84333    50.23610     0.60723
  -7.68683  -0.46634   1.81389    42.21570    42.67320    -0.45750
  -7.50985  -0.84888   1.81389    35.86844    37.02428    -1.15583
  -7.25477  -1.18444   1.81389    31.60138    32.86812    -1.26674
  -6.93351  -1.45732   1.81389    29.16852    29.82179    -0.65327
  -6.56111  -1.65475   1.81389    28.14004    27.48558     0.65446
  -6.15496  -1.76752   1.81389    27.74784    25.36054     2.38730
  -5.73408  -1.79034   1.81389    26.72939    22.73560     3.99379
  -7.77745   0.36682   1.40414    63.39415    62.71285     0.68129
  -7.77745  -0.05469   1.40414    52.27719    52.69047    -0.41328
  -7.68683  -0.46634   1.40414    43.83468    45.10516    -1.27048
  -7.50985  -0.84888   1.40414    37.76478    39.46671    -1.70193
  -7.25477  -1.18444   1.40414    33.84598    35.33757    -1.49159
  -6.93351  -1.45732   1.40414    31.78524    32.30055    -0.51531
  -6.56111  -1.65475   1.40414    31.04478    29.87679     1.16799
  -6.15496  -1.76752   1.40414    30.58983    27.37492     3.21491
  -7.70368   0.15607   1.00334    59.00284    60.06864    -1.06581
  -7.65694  -0.25873   1.00334    49.72574    51.50954    -1.78380
  -7.51908  -0.65273   1.00334    43.01013    45.12517    -2.11504
  -7.29700  -1.00616   1.00334    38.64580    40.48115    -1.83535
  -7.00184  -1.30132   1.00334    36.37108    37.14611    -0.77504
  -6.64840  -1.52340   1.00334    35.68396    34.61852     1.06543
  -6.25440  -1.66127   1.00334    35.55908    32.14986     3.40922
  -7.52363   0.36881   0.62902    66.77266    68.52792    -1.75527
  -7.52363  -0.05668   0.62902    56.47334    58.75064    -2.27729
  -7.41782  -0.46879   0.62902    49.06748    51.47910    -2.41162
  -7.21284  -0.84165   0.62902    44.43834    46.32872    -1.89038
  -6.92158  -1.15181   0.62902    42.34183    42.83932    -0.49749
  -6.56233  -1.37980   0.62902    42.20817    40.42430     1.78387
  -6.15767  -1.51128   0.62902    42.76791    38.12316     4.64475
  -7.23717   0.56643   0.29752    75.72534    78.15558    -2.43025
  -7.29617   0.15607   0.29752    64.92590    67.55500    -2.62910
  -7.23717  -0.25430   0.29752    57.02367    59.52227    -2.49859
  -7.06495  -0.63141   0.29752    52.22636    53.94779    -1.72143
  -6.79346  -0.94473   0.29752    50.45302    50.48276    -0.02974
  -6.44469  -1.16887   0.29752    51.22674    48.59857     2.62817
  -6.81911   0.76255   0.02334    87.65492    91.03700    -3.38208
  -6.97205   0.36776   0.02334    75.68957    78.64314    -2.95357
  -6.97205  -0.05563   0.02334    66.73501    69.11462    -2.37961
  -6.81911  -0.45042   0.02334    61.83730    62.93524    -1.09794
  -6.53388  -0.76330   0.02334    61.33152    60.01444     1.31708
  -6.63681   0.15607  -0.18153    79.55189    81.97133    -2.41944
  -4.21506   2.82470  -1.45130    76.79148    73.88331     2.90816
  -5.78859   2.80665   2.48828    87.90718    89.64373    -1.73655
  -5.25861   3.94301   2.22711    75.50759    72.70137     2.80623
  -5.61417   3.71450   2.22711    79.52993    77.77540     1.75453
  -6.12668   2.59227   2.22711    95.59731    97.33486    -1.73756
  -4.43129   4.32563   1.90889    63.04149    60.32945     2.71204
  -4.85222   4.32563   1.90889    66.21041    62.72866     3.48175
  -5.26092   4.22489   1.90889    71.03596    67.54974     3.48622
  -3.38573   4.07098   1.54583    54.74707    55.18508    -0.43801
  -3.73297   4.30642   1.54583    53.30066    52.99506     0.30560
  -4.12271   4.46170   1.54583    54.20490    52.72980     1.47510
  -4.53672   4.52958   1.54583    57.27781    54.66192     2.61589
  -4.95563   4.50686   1.54583    62.30667    59.01607     3.29061
  -2.58210   2.59227   1.15188    77.35561    73.55282     3.80279
  -2.62427   3.00688   1.15188    67.76287    65.84732     1.91555
  -2.74902   3.40451   1.15188    59.34357    59.10767     0.23591
  -2.95127   3.76888   1.15188    52.63926    53.61156    -0.97230
  -3.22272   4.08509   1.15188    48.22599    49.64645    -1.42047
  -3.55227   4.34018   1.15188    46.33279    47.39552    -1.06273
  -3.92643   4.52371   1.15188    46.91763    47.02258    -0.10495
  -4.32987   4.62817   1.15188    49.80919    48.73571     1.07349
  -4.74607   4.64928   1.15188    54.83429    52.78912     2.04517
  -5.15801   4.58617   1.15188    61.91134    59.42311     2.48823
  -2.58210   3.00196   0.74219    65.86402    64.04926     1.81477
  -2.70161   3.39591   0.74219    56.38675    56.48165    -0.09491
  -2.89567   3.75897   0.74219    48.86228    50.43763    -1.57535
  -3.15683   4.07720   0.74219    43.81460    46.17743    -2.36284
  -3.47506   4.33836   0.74219    41.46144    43.79717    -2.33574
  -3.83812   4.53242   0.74219    41.74632    43.36805    -1.62172
  -4.23206   4.65192   0.74219    44.48729    45.02858    -0.54129
  -4.64175   4.69227   0.74219    49.51301    49.00322     0.50979
  -5.05144   4.65192   0.74219    56.76576    55.56644     1.19932
  -2.95127   3.76888   0.33250    46.76389    48.82062    -2.05673
  -3.22272   4.08509   0.33250    41.16274    44.24456    -3.08182
  -3.55227   4.34018   0.33250    38.76628    41.95307    -3.18678
  -3.92643   4.52371   0.33250    39.37748    41.92239    -2.54491
  -4.32987   4.62817   0.33250    42.73842    44.24527    -1.50685
  -4.74607   4.64928   0.33250    48.65081    49.12962    -0.47881
  -3.09722   3.76640  -0.06144    46.80280    48.77773    -1.97493
  -3.38573   4.07098  -0.06144    40.68960    43.95221    -3.26261
  -3.73297   4.30642  -0.06144    38.59497    41.97964    -3.38466
  -4.12271   4.46170  -0.06144    39.96545    42.68044    -2.71498
  -4.53672   4.52958  -0.06144    44.39881    46.08051    -1.68171
  -4.95563   4.50686  -0.06144    51.62521    52.31620    -0.69100
  -3.64986   4.02927  -0.42451    42.24143    44.99801    -2.75658
  -4.02258   4.22489  -0.42451    41.24996    43.92498    -2.67501
  -4.43129   4.32563  -0.42451    44.14278    45.99217    -1.84938
  -4.85222   4.32563  -0.42451    50.32250    51.09698    -0.77448
  -3.66934   3.71450  -0.74273    49.84308    50.65369    -0.81061
  -4.02489   3.94301  -0.74273    46.11567    47.54697    -1.43129
  -4.43043   4.06208  -0.74273    47.58154    48.44420    -0.86266
  -4.85308   4.06208  -0.74273    53.07162    52.84487     0.22675
  -5.25861   3.94301  -0.74273    61.54676    60.14389     1.40287
  -4.12171   3.63666  -1.00390    53.51652    52.97327     0.54325
  -4.53410   3.75399  -1.00390    54.13964    53.11729     1.02234
  -4.96104   3.71443  -1.00390    59.78409    57.56626     2.21782
  -5.34485   3.52332  -1.00390    68.43368    64.84607     3.58761
  -4.23994   3.28824  -1.19796    62.82437    60.22485     2.59952
  -4.64175   3.39591  -1.19796    62.60035    59.49766     3.10269
  -5.04357   3.28824  -1.19796    68.60812    64.20410     4.40403
  -5.33772   2.99409  -1.19796    77.74529    71.86324     5.88205
  -4.84660   2.94707  -1.31746    74.84180    69.66254     5.17926
  -2.35636   2.62825   1.01928    76.27629    74.39628     1.88001
  -1.98133   2.71451   0.70105    75.55465    76.09836    -0.54371
  -2.35404   2.91013   0.70105    70.27855    69.37154     0.90702
  -1.08049   2.08975  -0.05596    79.67488    82.20648    -2.53160
  -1.03307   2.08115  -0.46565    79.50734    80.40732    -0.89999
  -3.94563   2.39974  -1.95057    86.61953    85.22478     1.39475
  -3.67631   2.20856  -2.21173    90.80564    88.77747     2.02817
  -1.88472   1.95743  -2.39180    94.86626    88.28444     6.58182
  -4.72227   0.45305  -2.39180    94.81669    97.52690    -2.71021
  -4.72227   0.03352  -2.39180    92.74339    96.74766    -4.00426
  -4.48885  -0.17458  -2.75487    91.18215    95.67514    -4.49299
  -4.04270  -0.55952  -3.07309    92.97244    97.22018    -4.24775
  -3.41036  -1.10745  -3.07309   101.35220   102.51775    -1.16555
  -0.66151   1.72736  -0.47828    76.14891    75.52010     0.62881
  -0.44540   1.86072  -0.86533    71.74191    72.68352    -0.94161
  -0.86302   1.93879  -0.86533    79.75332    78.76414     0.98918
   0.13095   1.73589  -1.27784    62.66122    66.10345    -3.44223
  -0.25023   1.91363  -1.27784    68.61628    71.10086    -2.48458
  -0.65647   2.02249  -1.27784    75.45739    75.89510    -0.43771
  -1.07544   2.05914  -1.27784    83.23474    80.78766     2.44708
   1.33932   0.06042  -1.70328    59.25949    58.22297     1.03652
   1.23461   0.46256  -1.70328    61.00898    61.54009    -0.53111
   1.06344   0.84122  -1.70328    60.23464    62.89429    -2.65965
   0.83074   1.18550  -1.70328    59.53747    63.99161    -4.45414
   0.54321   1.48551  -1.70328    60.50760    65.76996    -5.26236
   0.20911   1.73261  -1.70328    63.39540    68.37441    -4.97900
  -0.16195   1.91969  -1.70328    67.93104    71.57745    -3.64641
  -0.55928   2.04137  -1.70328    73.77190    75.18741    -1.41551
  -0.97146   2.09416  -1.70328    80.68141    79.20442     1.47699
   1.30068   0.06534  -2.12872    61.70489    62.28616    -0.58126
   1.19183   0.47158  -2.12872    62.26965    64.75953    -2.48988
   1.01408   0.85275  -2.12872    61.74819    66.20405    -4.45586
   0.77285   1.19727  -2.12872    61.65093    67.44071    -5.78979
   0.47546   1.49466  -2.12872    62.87520    68.96447    -6.08927
   0.13095   1.73589  -2.12872    65.69836    70.99158    -5.29322
  -0.25023   1.91363  -2.12872    70.07210    73.57007    -3.49797
  -0.65647   2.02249  -2.12872    75.77554    76.68891    -0.91338
  -1.07544   2.05914  -2.12872    82.50809    80.36477     2.14332
  -1.49442   2.02249  -2.12872    90.03632    84.64450     5.39182
   1.22680  -0.35364  -2.54123    66.28759    64.62035     1.66724
   1.18760   0.06940  -2.54123    66.20476    66.48899    -0.28423
   1.07134   0.47803  -2.54123    65.37331    67.87342    -2.50011
   0.88197   0.85834  -2.54123    64.61214    68.99932    -4.38718
   0.62594   1.19738  -2.54123    64.76337    70.18701    -5.42364
   0.31197   1.48360  -2.54123    66.34407    71.67675    -5.33268
  -0.04924   1.70725  -2.54123    69.51864    73.62535    -4.10671
  -0.44540   1.86072  -2.54123    74.19672    76.12580    -1.92908
  -0.86302   1.93879  -2.54123    80.10347    79.24674     0.85673
  -1.28787   1.93879  -2.54123    86.87744    83.10538     3.77206
  -1.70548   1.86072  -2.54123    94.35170    87.99664     6.35506
   1.04632  -0.35364  -2.92828    73.80202    70.69937     3.10265
   1.00555   0.06030  -2.92828    71.45137    70.62769     0.82368
   0.88481   0.45833  -2.92828    69.69372    71.06875    -1.37503
   0.68874   0.82515  -2.92828    68.78383    71.80954    -3.02571
   0.42487   1.14668  -2.92828    69.14464    72.87612    -3.73147
   0.10334   1.41054  -2.92828    71.04349    74.35402    -3.31053
  -0.26348   1.60662  -2.92828    74.51613    76.33996    -1.82383
  -0.66151   1.72736  -2.92828    79.38748    78.93624     0.45125
  -1.07544   1.76813  -2.92828    85.34380    82.29185     3.05195
  -1.48938   1.72736  -2.92828    92.14349    86.73168     5.41181
   1.00555  -0.76757  -2.92828    77.39326    72.16414     5.22911
   0.80137  -0.35364  -3.27811    80.41158    76.04214     4.36943
   0.75431   0.06399  -3.27811    76.83289    74.66871     2.16418
   0.61550   0.46068  -3.27811    74.72571    74.49613     0.22959
   0.39190   0.81653  -3.27811    74.10197    75.05490    -0.95293
   0.09473   1.11371  -3.27811    75.17501    76.22097    -1.04596
  -0.26113   1.33731  -3.27811    78.01700    78.01196     0.00504
  -0.65782   1.47612  -3.27811    82.46855    80.52078     1.94777
  -1.07544   1.52317  -3.27811    88.20462    83.93073     4.27389
  -1.49307   1.47612  -3.27811    94.99176    88.63029     6.36147
   0.49938  -0.35364  -3.58009    86.22420    80.82768     5.39652
   0.44099   0.07125  -3.58009    82.26273    78.69427     3.56846
   0.27012   0.46462  -3.58009    80.47245    78.29286     2.17958
  -0.00054   0.79731  -3.58009    80.76361    79.01764     1.74597
  -0.35092   1.04463  -3.58009    83.18329    80.69215     2.49114
  -0.75504   1.18825  -3.58009    87.53758    83.35001     4.18757
  -1.18291   1.21752  -3.58009    93.40479    87.17778     6.22701
  -1.60282   1.13026  -3.58009   100.44733    92.52451     7.92282
   0.07568   0.06534  -3.82504    88.20085    83.27374     4.92711
  -0.13704   0.43378  -3.82504    87.37066    83.04976     4.32089
  -0.46294   0.70725  -3.82504    89.19357    84.42086     4.77271
  -0.86273   0.85275  -3.82504    93.41859    87.25757     6.16103
  -1.28816   0.85275  -3.82504    99.44833    91.63917     7.80916
  -1.68794   0.70725  -3.82504   106.53731    97.57753     8.95978
  -0.80043  -3.59741  -3.05934    90.75858    91.51096    -0.75238
  -3.17531  -0.92118  -3.46903   101.70235   102.31564    -0.61329
  -3.25920  -1.32939  -3.46903    97.49239    99.36927    -1.87688
  -0.89823  -3.57366  -3.46903    87.46541    88.42852    -0.96311
   0.33442  -0.36364  -3.86298    86.93830    82.43860     4.49970
   0.04591  -0.05906  -3.86298    90.08464    84.64329     5.44135
  -3.13889  -1.32800  -3.86298    94.42135    96.94699    -2.52564
  -1.10508  -3.47506  -3.86298    84.97796    85.66232    -0.68436
   0.33596  -0.72632  -4.22604    85.05201    83.13034     1.92167
   0.09685  -0.37989  -4.22604    86.95023    84.16183     2.78839
  -2.90546  -1.95563  -4.22604    88.51021    91.78740    -3.27719
  -1.42059  -3.27112  -4.22604    83.42111    83.69722    -0.27610
  -0.99965  -3.27112  -4.22604    83.44182    83.41606     0.02576
  -2.45932  -2.34057  -4.54427    85.20324    87.40873    -2.20549
  -2.18254  -2.65999  -4.54427    83.91810    85.25348    -1.33538
  -1.82698  -2.88850  -4.54427    82.92977    83.37495    -0.44517
  -1.42144  -3.00757  -4.54427    82.29473    82.10592     0.18881
  -0.99879  -3.00757  -4.54427    82.38949    81.95607     0.43342
  -1.91321  -2.46881  -4.80543    83.33075    84.04076    -0.71001
  -1.52940  -2.65992  -4.80543    82.22947    82.14774     0.08173
  -1.10247  -2.69948  -4.80543    81.89501    81.49053     0.40448
  -0.69008  -2.58215  -4.80543    82.35937    82.13107     0.22830
  -1.21012  -2.34140  -4.99949    82.59782    82.60315    -0.00533
  -0.80830  -2.23373  -4.99949    82.43028    82.63347    -0.20319
  -0.51415  -1.93958  -4.99949    82.92977    83.63556    -0.70579
   1.33743   0.04921  -1.56080    59.23501    56.78258     2.45243
   1.75223  -3.63220  -1.56080    86.20035    83.43725     2.76310
   2.14622  -3.49433  -1.56080    81.27315    79.44429     1.82886
   2.49966  -3.27225  -1.56080    77.68379    76.05769     1.62610
   1.44402  -0.12080  -1.93513    57.55266    57.56907    -0.01641
   1.44402  -3.50892  -1.93513    78.45375    76.96360     1.49015
   1.86196  -3.42920  -1.93513    73.25546    73.10228     0.15318
   2.24695  -3.24803  -1.93513    69.47283    69.87903    -0.40620
   2.57479  -2.97682  -1.93513    67.72773    67.77948    -0.05175
   2.82489  -2.63260  -1.93513    68.10988    67.01739     1.09249
   2.98152  -2.23699  -1.93513    69.66987    66.96852     2.70135
   2.79400  -1.81486  -2.26662    61.93393    60.43590     1.49803
   2.73500  -1.40450  -2.26662    60.90733    59.15444     1.75289
   2.56277  -1.02738  -2.26662    58.21406    57.37590     0.83816
   2.29128  -0.71407  -2.26662    55.46180    55.86665    -0.40485
   1.94251  -0.48992  -2.26662    54.79789    55.70758    -0.90969
   1.54472  -0.37312  -2.26662    57.40708    57.69555    -0.28847
   1.13014  -3.25660  -2.26662    77.52127    75.64600     1.87526
   1.54472  -3.25660  -2.26662    70.28922    70.50339    -0.21417
   1.94251  -3.13980  -2.26662    65.23965    66.65806    -1.41841
   2.29128  -2.91566  -2.26662    62.29350    63.89911    -1.60561
   2.56277  -2.60234  -2.26662    61.32776    62.20686    -0.87910
   2.73500  -2.22522  -2.26662    61.62771    61.26328     0.36443
   2.48949  -1.81486  -2.54080    57.07324    57.62009    -0.54685
   2.41170  -1.39869  -2.54080    56.25434    56.49739    -0.24305
   2.18882  -1.03872  -2.54080    55.26225    55.82642    -0.56417
   1.85095  -0.78358  -2.54080    55.94561    56.60871    -0.66310
   1.44373  -0.66772  -2.54080    60.56471    59.90810     0.65660
   1.02216  -2.92294  -2.54080    78.44371    75.80494     2.63876
   1.44373  -2.96201  -2.54080    68.55667    68.88780    -0.33113
   1.85095  -2.84614  -2.54080    62.18745    64.08777    -1.90033
   2.18882  -2.59100  -2.54080    58.77066    60.91030    -2.13964
   2.41170  -2.23103  -2.54080    57.50999    58.94234    -1.43235
   2.13464  -1.81486  -2.74568    56.29827    57.90225    -1.60398
   2.02783  -1.41626  -2.74568    56.14830    57.31822    -1.16993
   1.73604  -1.12446  -2.74568    58.15884    58.72531    -0.56648
   1.33743  -1.01766  -2.74568    65.03383    63.34715     1.68667
   1.33743  -2.61207  -2.74568    70.18945    69.74918     0.44027
   1.73604  -2.50526  -2.74568    61.84357    63.53164    -1.68807
   2.02783  -2.21346  -2.74568    57.77856    59.84981    -2.07125
   1.74494  -1.81486  -2.87230    60.12984    61.33839    -1.20854
   1.54119  -1.46195  -2.87230    62.80617    62.80166     0.00451
   1.54119  -2.16777  -2.87230    64.91711    65.48031    -0.56319
   1.19069  -4.27840   2.80952    52.27907    47.23810     5.04097
   0.78318  -4.27840   2.76669    52.46481    45.91125     6.55356
   0.98693  -4.63131   2.76669    44.79979    40.54503     4.25476
   1.39444  -4.63131   2.76669    46.54489    43.96327     2.58161
   0.50029  -4.67700   2.64007    45.08970    39.53544     5.55426
   0.79209  -4.96879   2.64007    38.91375    35.58152     3.33222
   1.19069  -5.07560   2.64007    37.71458    36.13199     1.58259
   1.58929  -4.96879   2.64007    42.02306    41.51056     0.51250
   0.21119  -4.88488   2.43520    42.29665    37.37586     4.92079
   0.49642  -5.19776   2.43520    35.84523    33.00564     2.83959
   0.87541  -5.38648   2.43520    33.06034    31.80558     1.25476
   1.29699  -5.42554   2.43520    33.67781    33.54715     0.13066
   1.70421  -5.30968   2.43520    37.76917    38.48252    -0.71335
   2.04207  -5.05453   2.43520    46.62270    47.78129    -1.15859
  -0.20687  -4.68876   2.16102    49.45716    43.50055     5.95661
  -0.03465  -5.06587   2.16102    40.02758    36.22698     3.80059
   0.23684  -5.37919   2.16102    33.99721    32.00061     1.99660
   0.58561  -5.60333   2.16102    30.90547    30.16259     0.74288
   0.98340  -5.72013   2.16102    30.36079    30.38668    -0.02588
   1.39798  -5.72013   2.16102    32.00424    32.57040    -0.56616
   1.79577  -5.60333   2.16102    35.74482    36.85973    -1.11491
   2.14453  -5.37919   2.16102    42.15923    43.85325    -1.69403
  -0.38752  -4.90325   1.82952    45.44424    41.42693     4.01731
  -0.18255  -5.27611   1.82952    37.26089    35.21915     2.04174
   0.10872  -5.58627   1.82952    32.18308    31.58682     0.59626
   0.46797  -5.81426   1.82952    29.81235    29.99694    -0.18459
   0.87263  -5.94574   1.82952    29.71257    30.16366    -0.45109
   1.29727  -5.97246   1.82952    31.43195    31.94608    -0.51413
   1.71522  -5.89273   1.82952    34.64229    35.32805    -0.68576
   2.10021  -5.71157   1.82952    39.33794    40.47341    -1.13547
   2.42805  -5.44035   1.82952    46.13136    47.91394    -1.78258
  -0.62665  -4.69319   1.45520    52.54702    48.51343     4.03359
  -0.48878  -5.08719   1.45520    42.73089    40.72706     2.00383
  -0.26670  -5.44062   1.45520    35.99959    35.64971     0.34988
   0.02846  -5.73579   1.45520    32.01616    32.65306    -0.63690
   0.38190  -5.95787   1.45520    30.45178    31.38021    -0.92843
   0.77589  -6.09573   1.45520    30.89606    31.61547    -0.71941
   1.19069  -6.14247   1.45520    32.90095    33.22417    -0.32321
   1.60548  -6.09573   1.45520    36.06862    36.12688    -0.05827
   1.99948  -5.95787   1.45520    40.14994    40.30111    -0.15117
   2.35292  -5.73579   1.45520    45.15809    45.82013    -0.66204
   2.64808  -5.44062   1.45520    51.51351    52.95624    -1.44274
   2.87016  -5.08719   1.45520    60.27480    62.39259    -2.11779
  -0.65654  -4.90080   1.05440    49.01351    47.15225     1.86126
  -0.47955  -5.28335   1.05440    40.90672    40.92752    -0.02080
  -0.22447  -5.61890   1.05440    35.74169    36.94852    -1.20683
   0.09679  -5.89178   1.05440    33.25549    34.83552    -1.58003
   0.46919  -6.08922   1.05440    33.07791    34.34445    -1.26654
   0.87533  -6.20198   1.05440    34.75461    35.31005    -0.55544
   1.29622  -6.22480   1.05440    37.80996    37.60931     0.20065
   1.71217  -6.15661   1.05440    41.81598    41.13655     0.67943
   2.10374  -6.00059   1.05440    46.46520    45.79044     0.67476
   2.45262  -5.76405   1.05440    51.63399    51.48060     0.15339
   2.74248  -5.45804   1.05440    57.43908    58.16382    -0.72474
   2.95979  -5.09687   1.05440    64.26952    65.89837    -1.62885
   3.09438  -4.69743   1.05440    72.69258    74.80758    -2.11500
  -0.74715  -4.48915   0.64465    63.05968    59.65390     3.40579
  -0.65654  -4.90080   0.64465    51.86994    51.00191     0.86802
  -0.47955  -5.28335   0.64465    43.98904    44.96102    -0.97198
  -0.22447  -5.61890   0.64465    39.20177    41.14617    -1.94439
   0.09679  -5.89178   0.64465    37.23202    39.26434    -2.03232
   0.46919  -6.08922   0.64465    37.68759    39.10666    -1.41906
   0.87533  -6.20198   0.64465    40.09472    40.52073    -0.42601
   1.29622  -6.22480   0.64465    43.94951    43.37838     0.57113
   1.71217  -6.15661   0.64465    48.78133    47.54039     1.24094
   2.10374  -6.00059   0.64465    54.19674    52.82101     1.37573
   2.45262  -5.76405   0.64465    59.90582    58.96232     0.94350
  -0.62665  -4.69319   0.24385    61.13449    59.96892     1.16557
  -0.48878  -5.08719   0.24385    51.86680    52.81055    -0.94375
  -0.26670  -5.44062   0.24385    46.07489    48.17414    -2.09926
   0.02846  -5.73579   0.24385    43.48076    45.78755    -2.30679
   0.38190  -5.95787   0.24385    43.70478    45.43283    -1.72805
   0.77589  -6.09573   0.24385    46.27506    46.95033    -0.67527
   1.19069  -6.14247   0.24385    50.67578    50.20767     0.46812
   1.60548  -6.09573   0.24385    56.39616    55.04868     1.34748
  -0.38752  -4.90325  -0.13048    61.18845    62.00737    -0.81892
  -0.18255  -5.27611  -0.13048    54.35174    56.39650    -2.04476
   0.10872  -5.58627  -0.13048    51.53359    53.78208    -2.24849
   0.46797  -5.81426  -0.13048    52.25397    53.87045    -1.61648
   0.87263  -5.94574  -0.13048    55.96632    56.47197    -0.50565
  -0.03465  -5.06587  -0.46197    64.87758    66.55826    -1.68068
   0.23684  -5.37919  -0.46197    61.70050    63.65600    -1.95550
   0.58561  -5.60333  -0.46197    62.96179    64.35460    -1.39280
   0.21119  -4.88488  -0.73615    76.36289    77.44405    -1.08117
   2.75022  -2.51534   4.16961    23.18271    25.26480    -2.08208
   3.15773  -2.51534   4.12678    22.11532    23.26275    -1.14743
   2.95397  -2.16243   4.12678    20.28613    22.14464    -1.85852
   2.54647  -2.16243   4.12678    22.42844    24.95448    -2.52603
   2.34271  -2.51534   4.12678    25.55030    28.33727    -2.78696
   2.54647  -2.86825   4.12678    27.68321    29.71823    -2.03502
   2.95397  -2.86825   4.12678    26.42317    27.49201    -1.06884
   3.54742  -2.51534   4.00016    21.96158    22.20350    -0.24192
   3.44062  -2.11674   4.00016    19.02734    19.96925    -0.94190
   3.14882  -1.82494   4.00016    18.92882    20.29594    -1.36711
   2.75022  -1.71813   4.00016    21.15962    22.83599    -1.67637
   2.35162  -1.82494   4.00016    24.37686    26.59578    -2.21892
   2.05982  -2.11674   4.00016    27.31737    30.17141    -2.85404
   1.95302  -2.51534   4.00016    29.62849    32.69173    -3.06324
   2.05982  -2.91394   4.00016    31.75763    34.38457    -2.62694
   2.35162  -3.20574   4.00016    33.81398    35.54296    -1.72898
   2.75022  -3.31254   4.00016    34.40258    35.04606    -0.64348
   3.14882  -3.20574   4.00016    31.86807    31.67695     0.19112
   3.44062  -2.91394   4.00016    26.92141    26.60543     0.31598
   3.90228  -2.51534   3.79528    22.40899    22.02034     0.38865
   3.82448  -2.09917   3.79528    18.98593    19.34917    -0.36324
   3.60160  -1.73920   3.79528    18.01517    18.71447    -0.69930
   3.26374  -1.48406   3.79528    19.40134    20.01925    -0.61791
   2.85652  -1.36819   3.79528    22.54767    23.03403    -0.48636
   2.43494  -1.40726   3.79528    26.52985    27.27770    -0.74786
   2.05595  -1.59597   3.79528    30.32942    31.83702    -1.50760
   1.77072  -1.90886   3.79528    33.19714    35.58282    -2.38568
   1.61778  -2.30365   3.79528    35.08782    37.93988    -2.85206
   1.61778  -2.72703   3.79528    36.50913    39.21825    -2.70912
   1.77072  -3.12182   3.79528    38.18395    40.32983    -2.14588
   2.05595  -3.43470   3.79528    40.60990    42.03153    -1.42163
   3.26374  -3.54662   3.79528    40.06648    38.80422     1.26226
   3.60160  -3.29147   3.79528    34.24382    32.69522     1.54860
   3.82448  -2.93151   3.79528    27.82754    26.64472     1.18281
   4.20678  -2.51534   3.52111    23.26931    22.69693     0.57238
   4.14778  -2.10498   3.52111    19.69564    19.86309    -0.16745
   3.97556  -1.72786   3.52111    18.25613    18.70405    -0.44791
   3.70407  -1.41454   3.52111    18.95455    19.13658    -0.18203
   3.35530  -1.19040   3.52111    21.53864    21.09602     0.44262
   2.95751  -1.07360   3.52111    25.53650    24.51080     1.02570
   2.54293  -1.07360   3.52111    30.35075    29.22305     1.12770
   2.14514  -1.19040   3.52111    35.29051    34.76104     0.52947
   1.79637  -1.41454   3.52111    39.47349    40.08733    -0.61385
   1.52488  -1.72786   3.52111    42.22511    44.01878    -1.79367
   1.35266  -2.10498   3.52111    43.72800    46.14519    -2.41719
   1.29366  -2.51534   3.52111    44.48603    46.79930    -2.31327
   1.35266  -2.92570   3.52111    44.95855    46.63594    -1.67739
   1.52488  -3.30282   3.52111    45.86404    46.81048    -0.94644
   3.97556  -3.30282   3.52111    35.65948    33.53829     2.12119
   4.14778  -2.92570   3.52111    28.73868    27.27816     1.46052
   4.44763  -2.51534   3.18961    24.51554    24.26503     0.25051
   4.39430  -2.09321   3.18961    20.84461    21.28882    -0.44421
   4.23767  -1.69760   3.18961    19.33545    19.93480    -0.59935
   3.98758  -1.35338   3.18961    19.99057    20.09532    -0.10475
   3.65974  -1.08217   3.18961    22.64305    21.73784     0.90521
   3.27475  -0.90101   3.18961    26.95844    24.88155     2.07689
   2.85680  -0.82128   3.18961    32.50185    29.59081     2.91104
   2.43216  -0.84799   3.18961    38.91375    35.94001     2.97374
   1.06619  -2.72808   3.18961    55.86403    57.06259    -1.19855
   1.17201  -3.14020   3.18961    55.04827    54.64016     0.40811
   1.37698  -3.51305   3.18961    54.64980    53.18863     1.46117
   4.23767  -3.33307   3.18961    37.74344    35.74520     1.99824
   4.39430  -2.93747   3.18961    30.21709    29.03346     1.18364
   4.61429  -2.51534   2.81528    26.30018    26.80856    -0.50838
   4.56755  -2.10054   2.81528    22.81248    23.88713    -1.07465
   4.42969  -1.70655   2.81528    21.38992    22.47182    -1.08191
   4.20761  -1.35311   2.81528    22.01805    22.43906    -0.42100
   3.91245  -1.05795   2.81528    24.59398    23.77215     0.82183
   3.55901  -0.83587   2.81528    28.91376    26.53381     2.37995
   3.16501  -0.69800   2.81528    34.68935    30.84590     3.84345
   2.75022  -0.65127   2.81528    41.70303    36.99225     4.71078
   4.42969  -3.32413   2.81528    39.30029    38.09630     1.20399
   4.56755  -2.93013   2.81528    31.80971    31.45554     0.35417
   4.69948  -2.51534   2.41449    28.95392    30.47137    -1.51745
   4.65391  -2.09630   2.41449    25.76115    27.67263    -1.91148
   4.51932  -1.69686   2.41449    24.70881    26.40352    -1.69471
   4.30201  -1.33569   2.41449    25.73416    26.51446    -0.78029
   4.01215  -1.02968   2.41449    28.72989    28.00932     0.72058
   3.66327  -0.79314   2.41449    33.56674    31.01940     2.54733
   3.27170  -0.63713   2.41449    40.12170    35.73975     4.38195
   4.51932  -3.33381   2.41449    41.89504    41.83228     0.06276
   4.65391  -2.93437   2.41449    34.31410    35.07362    -0.75952
   4.69948  -2.51534   2.00473    32.95868    35.46425    -2.50557
   4.65391  -2.09630   2.00473    30.32000    33.00260    -2.68260
   4.51932  -1.69686   2.00473    29.90585    32.12324    -2.21739
   4.30201  -1.33569   2.00473    31.55369    32.63855    -1.08486
   4.01215  -1.02968   2.00473    35.06837    34.56865     0.49972
   3.66327  -0.79314   2.00473    40.40659    38.14209     2.26450
   3.27170  -0.63713   2.00473    47.91474    43.67339     4.24135
   4.51932  -3.33381   2.00473    45.32250    46.49025    -1.16775
   4.65391  -2.93437   2.00473    37.92354    39.82962    -1.90608
   4.61429  -2.51534   1.60394    38.90245    42.06590    -3.16345
   4.56755  -2.10054   1.60394    37.15609    40.24307    -3.08698
   4.42969  -1.70655   1.60394    37.76603    40.10673    -2.34070
   4.20761  -1.35311   1.60394    40.37459    41.40432    -1.02973
   3.91245  -1.05795   1.60394    44.52180    44.15039     0.37140
   4.42969  -3.32413   1.60394    50.11981    52.24701    -2.12720
   4.56755  -2.93013   1.60394    43.18897    45.94121    -2.75224
   4.44763  -2.51534   1.22961    47.47674    50.62700    -3.15026
   4.39430  -2.09321   1.22961    47.14416    49.83500    -2.69084
   4.23767  -1.69760   1.22961    49.72009    51.02719    -1.30710
   4.23767  -3.33307   1.22961    57.52756    59.92719    -2.39963
   4.39430  -2.93747   1.22961    50.93746    53.87528    -2.93783
   3.97556  -3.30282   0.89811    67.14289    68.76995    -1.62706
   2.90487  -0.28746   1.98128    55.56095    53.47430     2.08665
   3.31456  -0.28746   1.94092    49.27330    49.23219     0.04112
   3.10971   0.06734   1.94092    52.31170    52.60962    -0.29792
   3.70850  -0.28746   1.82142    46.54426    48.04349    -1.49923
   3.60084   0.11435   1.82142    48.65520    49.98566    -1.33046
   3.60084  -0.68928   1.82142    45.69399    44.67027     1.02371
   4.07156  -0.28746   1.62736    46.97097    48.79141    -1.82044
   3.99278   0.13400   1.62736    48.23477    48.45820    -0.22343
   3.99278  -0.70892   1.62736    45.99268    47.66062    -1.66794
   4.15406  -1.09027   1.36620    49.89767    51.46936    -1.57168
   4.21183  -1.44533   1.04797    58.94510    59.82506    -0.87995
   1.48009   0.13089  -1.60365    59.04300    57.76569     1.27730
   1.91292   0.32672  -1.86481    58.06596    59.75277    -1.68680
   1.75803  -0.07308  -1.86481    55.94310    56.93449    -0.99139
   2.50305   0.40850  -2.05887    56.94962    58.07856    -1.12894
   2.20890   0.11435  -2.05887    56.62834    58.90232    -2.27398
   2.10123  -0.28746  -2.05887    55.09722    56.74715    -1.64994
   2.90487  -1.09110  -2.05887    64.97108    63.03083     1.94025
   2.70002   0.06734  -2.17837    56.97849    58.72482    -1.74633
   2.49518  -0.28746  -2.17837    56.77392    58.86770    -2.09378
   2.70002  -0.64227  -2.17837    59.06308    60.05842    -0.99534
   2.90487  -0.28746  -2.21872    58.78823    60.69873    -1.91050
   4.17284   0.04572   1.54473    48.09045    47.98708     0.10336
   4.58253   0.04572   1.50438    45.44298    44.53366     0.90933
   4.37769   0.40052   1.50438    45.92303    42.94801     2.97502
   4.37769  -0.30908   1.50438    47.50247    48.64583    -1.14336
   4.97648   0.04572   1.38488    43.22411    42.32716     0.89695
   4.86881   0.44754   1.38488    40.72913    37.67377     3.05536
   4.57466  -0.65025   1.38488    48.83467    50.68457    -1.84990
   4.86881  -0.35610   1.38488    46.52481    47.22001    -0.69520
   5.33954   0.04572   1.19082    41.59070    40.99614     0.59456
   5.26076   0.46718   1.19082    36.95341    34.48407     2.46934
   4.69289  -0.99867   1.19082    52.42779    54.90601    -2.47822
   5.03504  -0.74028   1.19082    49.87697    51.80940    -1.93244
   5.26076  -0.37574   1.19082    46.20101    47.03815    -0.83713
   5.65777   0.04572   0.92965    40.79314    40.36350     0.42964
   4.38417  -1.42409   0.92965    61.55868    63.39984    -1.84116
   4.78970  -1.30502   0.92965    58.01263    60.96743    -2.95481
   5.14526  -1.07651   0.92965    54.79099    57.66344    -2.87245
   5.42204  -0.75709   0.92965    50.99205    53.09939    -2.10734
   5.59762  -0.37263   0.92965    46.35413    47.26770    -0.91358
   5.91893   0.04572   0.61143    41.01277    40.35780     0.65496
   4.79201  -1.58690   0.61143    65.98011    69.03181    -3.05169
   5.71893  -0.76573   0.61143    52.97623    54.89977    -1.92353
   5.86819  -0.37215   0.61143    47.47109    48.12233    -0.65124
   6.11299   0.04572   0.24837    42.27406    40.93048     1.34358
   6.23249   0.04572  -0.14558    44.38626    41.99339     2.39287
   2.92365   0.84853  -2.04019    54.60588    50.92518     3.68070
   3.55598  -1.30502  -2.04019    71.94020    72.40856    -0.46837
   5.33954   0.04572  -2.30136    49.96482    48.69672     1.26810
   5.26076   0.46718  -2.30136    40.96257    39.08913     1.87344
   3.18090   0.65991  -2.30136    52.21067    49.84916     2.36151
   3.02601   0.26010  -2.30136    55.92365    55.85377     0.06988
   3.02601  -0.16866  -2.30136    58.29375    59.72552    -1.43177
   3.18090  -0.56847  -2.30136    61.39929    62.89074    -1.49144
   3.46975  -0.88533  -2.30136    64.87193    66.33821    -1.46628
   3.85356  -1.07644  -2.30136    67.05316    69.26100    -2.20785
   4.97648   0.04572  -2.49542    49.71068    49.56600     0.14468
   4.86881   0.44754  -2.49542    42.41525    41.46584     0.94941
   3.77103   0.74169  -2.49542    44.92717    42.75934     2.16783
   3.47687   0.44754  -2.49542    51.18909    50.11115     1.07794
   3.36921   0.04572  -2.49542    55.65005    56.04611    -0.39606
   3.47687  -0.35610  -2.49542    58.93193    60.26404    -1.33212
   3.77103  -0.65025  -2.49542    61.38047    63.31613    -1.93566
   4.17284  -0.75792  -2.49542    62.11026    64.55531    -2.44505
   4.58253   0.04572  -2.61492    50.24406    50.73220    -0.48814
   4.37769   0.40052  -2.61492    45.41035    45.01599     0.39436
   3.96800   0.40052  -2.61492    47.93733    47.42577     0.51156
   3.76315   0.04572  -2.61492    53.58931    54.06482    -0.47551
   3.96800  -0.30908  -2.61492    56.82161    58.29469    -1.47307
   4.37769  -0.30908  -2.61492    55.76991    57.32097    -1.55106
   4.17284   0.04572  -2.65527    51.61893    52.24735    -0.62842
   4.82273   1.29751   1.51491    35.66262    31.81557     3.84705
   4.61789   1.65232   1.51491    37.23955    34.08125     3.15830
   4.61789   0.94271   1.51491    39.44148    35.19414     4.24734
   5.21668   1.29751   1.39541    31.89568    28.49284     3.40284
   5.10901   1.69933   1.39541    32.69889    29.06677     3.63212
   4.81486   1.99348   1.39541    36.45893    32.86855     3.59038
   4.81486   0.60155   1.39541    39.88701    36.00666     3.88036
   5.10901   0.89570   1.39541    34.54314    31.12656     3.41659
   5.57974   1.29751   1.20135    28.59373    26.18684     2.40689
   5.50096   1.71897   1.20135    28.98027    26.21934     2.76093
   5.27524   2.08351   1.20135    32.42091    28.87180     3.54911
   4.93308   2.34190   1.20135    38.12748    33.75336     4.37412
   5.27524   0.51152   1.20135    36.29201    33.78153     2.51049
   5.50096   0.87606   1.20135    31.20542    28.83173     2.37369
   5.89797   1.29751   0.94018    25.84335    24.64301     1.20034
   5.83782   1.71587   0.94018    25.67581    24.37664     1.29916
   5.66224   2.10032   0.94018    28.52407    26.48165     2.04242
   5.38546   2.41974   0.94018    34.20052    30.72465     3.47587
   5.02990   2.64825   0.94018    41.76264    36.31381     5.44883
   5.66224   0.49470   0.94018    33.88112    32.23089     1.65023
   5.83782   0.87916   0.94018    28.72801    27.28975     1.43826
   6.15913   1.29751   0.62196    23.68472    23.66910     0.01562
   6.10839   1.71538   0.62196    22.91790    23.22132    -0.30342
   5.95913   2.10896   0.62196    25.25851    25.13961     0.11890
   5.72001   2.45538   0.62196    30.98203    29.54818     1.43385
   5.40493   2.73452   0.62196    39.90772    36.24120     3.66653
   5.95913   0.48607   0.62196    32.93107    31.57128     1.35979
   6.10839   0.87965   0.62196    27.15296    26.43021     0.72276
   6.35319   1.29751   0.25890    22.12598    23.12510    -0.99912
   6.30783   1.71459   0.25890    20.72413    22.51573    -1.79160
   6.17387   2.11216   0.25890    22.54077    24.30529    -1.76452
   5.95758   2.47164   0.25890    28.14568    28.88663    -0.74094
   5.66907   2.77622   0.25890    38.30381    36.97017     1.33363
   6.17387   0.48287   0.25890    33.00072    31.48598     1.51474
   6.30783   0.88044   0.25890    26.31712    26.05294     0.26418
   6.47269   1.29751  -0.13505    21.15397    22.91143    -1.75745
   6.43053   1.71212  -0.13505    19.12837    22.12566    -2.99729
   6.30577   2.10975  -0.13505    20.39092    23.73611    -3.34519
   6.10353   2.47413  -0.13505    25.61180    28.23642    -2.62462
   5.83207   2.79033  -0.13505    36.05732    36.81917    -0.76184
   6.30577   0.48528  -0.13505    33.73240    31.77958     1.95282
   6.43053   0.88291  -0.13505    26.07678    26.03028     0.04651
   6.51304   1.29751  -0.54474    20.73668    22.95914    -2.22246
   6.47269   1.70720  -0.54474    18.16138    21.97644    -3.81506
   6.35319   2.10115  -0.54474    18.86921    23.32798    -4.45877
   6.15913   2.46421  -0.54474    23.46384    27.45249    -3.98865
   5.89797   2.78244  -0.54474    33.13752    35.47298    -2.33545
   6.35319   0.49388  -0.54474    34.76654    32.29123     2.47530
   6.47269   0.88783  -0.54474    26.28135    26.26720     0.01416
   6.47269   1.29751  -0.95443    20.82641    23.22361    -2.39719
   6.43053   1.71212  -0.95443    17.79554    22.03222    -4.23668
   6.30577   2.10975  -0.95443    18.17644    23.20465    -5.02821
   6.10353   2.47413  -0.95443    22.45794    27.06928    -4.61135
   5.83207   2.79033  -0.95443    31.49031    34.44168    -2.95137
   6.30577   0.48528  -0.95443    36.44261    33.38868     3.05393
   6.43053   0.88291  -0.95443    27.01868    26.84343     0.17525
   6.35319   1.29751  -1.34837    21.36858    23.68173    -2.31315
   6.30783   1.71459  -1.34837    18.05094    22.27579    -4.22486
   6.17387   2.11216  -1.34837    18.19464    23.20882    -5.01418
   5.95758   2.47164  -1.34837    22.06888    26.59581    -4.52693
   5.66907   2.77622  -1.34837    29.86067    32.65380    -2.79313
   6.17387   0.48287  -1.34837    37.87647    34.51813     3.35834
   6.30783   0.88044  -1.34837    27.95743    27.58131     0.37612
   6.15913   1.29751  -1.71144    22.31487    24.33139    -2.01652
   6.10839   1.71538  -1.71144    18.91690    22.72481    -3.80791
   5.95913   2.10896  -1.71144    18.98028    23.40179    -4.42151
   5.72001   2.45538  -1.71144    22.47425    26.19049    -3.71624
   5.40493   2.73452  -1.71144    28.80645    30.62523    -1.81878
   5.03221   2.93013  -1.71144    36.16274    35.24148     0.92126
   4.62351   3.03087  -1.71144    41.55995    37.54714     4.01281
   4.20258   3.03087  -1.71144    43.99595    37.37290     6.62305
   5.95913   0.48607  -1.71144    38.86919    35.62252     3.24667
   6.10839   0.87965  -1.71144    29.01102    28.46853     0.54249
   5.89797   1.29751  -2.02966    23.63640    25.19162    -1.55522
   5.83782   1.71587  -2.02966    20.38088    23.41893    -3.03805
   5.66224   2.10032  -2.02966    20.59612    23.88637    -3.29025
   5.38546   2.41974  -2.02966    23.86795    26.08170    -2.21375
   5.02990   2.64825  -2.02966    28.89116    29.01161    -0.12044
   4.62437   2.76732  -2.02966    33.70103    31.36717     2.33385
   4.20172   2.76732  -2.02966    37.20943    33.01397     4.19547
   3.79618   2.64825  -2.02966    39.86693    35.43068     4.43625
   5.66224   0.49470  -2.02966    39.44399    36.72882     2.71517
   5.83782   0.87916  -2.02966    30.18132    29.53780     0.64352
   5.57974   1.29751  -2.29082    25.33570    26.30171    -0.96601
   5.50096   1.71897  -2.29082    22.45041    24.42508    -1.97467
   5.27524   2.08351  -2.29082    23.18773    24.84696    -1.65923
   4.93308   2.34190  -2.29082    26.55432    26.66749    -0.11317
   4.52069   2.45924  -2.29082    30.75110    28.85740     1.89370
   4.09376   2.41967  -2.29082    34.51239    31.24326     3.26914
   3.70995   2.22856  -2.29082    37.64680    34.22920     3.41760
   3.42110   1.91170  -2.29082    40.51390    37.45510     3.05879
   3.26621   1.51190  -2.29082    43.77255    40.49546     3.27709
   3.26621   1.08313  -2.29082    47.22888    43.47565     3.75323
   5.27524   0.51152  -2.29082    39.86693    37.94809     1.91884
   5.50096   0.87606  -2.29082    31.60012    30.89279     0.70733
   5.21668   1.29751  -2.48489    27.44978    27.71814    -0.26837
   5.10901   1.69933  -2.48489    25.26667    25.92098    -0.65431
   4.81486   1.99348  -2.48489    26.78838    26.54384     0.24454
   4.41304   2.10115  -2.48489    30.34071    28.54424     1.79647
   4.01123   1.99348  -2.48489    34.18609    31.34314     2.84295
   3.71707   1.69933  -2.48489    37.76227    34.62036     3.14190
   3.60941   1.29751  -2.48489    41.04979    37.89440     3.15539
   3.71707   0.89570  -2.48489    43.53975    40.88687     2.65287
   4.81486   0.60155  -2.48489    39.44650    38.24127     1.20524
   5.10901   0.89570  -2.48489    33.02582    32.28735     0.73847
   4.82273   1.29751  -2.60439    30.04013    29.50950     0.53063
   4.61789   1.65232  -2.60439    29.32540    28.40123     0.92417
   4.20820   1.65232  -2.60439    32.96496    30.86878     2.09618
   4.00335   1.29751  -2.60439    36.86179    34.51895     2.34284
   4.20820   0.94271  -2.60439    38.22160    36.58243     1.63918
   4.61789   0.94271  -2.60439    35.16877    34.11756     1.05121
   4.41304   1.29751  -2.64474    33.16890    31.75075     1.41815
   3.24447   1.86454   2.02118    46.18470    50.38015    -4.19545
   3.65416   1.86454   1.98083    43.26176    47.92726    -4.66550
   3.44931   2.21934   1.98083    45.87534    50.72646    -4.85113
   2.83478   1.86454   1.98083    50.71344    51.23340    -0.51997
   3.44931   1.50974   1.98083    44.80606    48.86433    -4.05827
   4.04810   1.86454   1.86133    41.23867    44.15348    -2.91481
   3.94044   2.26636   1.86133    43.39542    47.43962    -4.04420
   3.64629   1.16857   1.86133    45.36329    47.61393    -2.25064
   3.94044   1.46272   1.86133    42.06573    44.23569    -2.16996
   4.41117   1.86454   1.66727    39.32539    39.13937     0.18603
   4.33238   2.28600   1.66727    41.79213    43.05217    -1.26004
   4.10667   1.07854   1.66727    43.52469    41.96801     1.55668
   4.33238   1.44308   1.66727    39.86631    38.58165     1.28466
   4.66924   2.28289   1.40611    39.99683    37.59883     2.39800
   4.49367   2.66735   1.40611    44.81924    43.72801     1.09123
   4.79055   2.67599   1.08788    44.41261    39.47641     4.93620
   1.54912   2.28241  -1.24552    59.06935    59.25544    -0.18609
   1.81969   2.28289  -1.56374    54.30153    59.26739    -4.96586
   3.76451   2.90893  -1.82490    44.05179    38.75909     5.29270
   2.25252   2.47873  -1.82490    50.26351    56.21974    -5.95623
   2.09764   2.07892  -1.82490    51.30706    57.26134    -5.95428
   2.09764   1.65016  -1.82490    52.96243    57.82342    -4.86099
   3.24447   2.66818  -2.01896    44.35300    43.99350     0.35950
   2.84265   2.56051  -2.01896    46.33279    49.25295    -2.92016
   2.54850   2.26636  -2.01896    47.72461    52.22142    -4.49681
   2.44083   1.86454  -2.01896    49.26012    53.33292    -4.07280
   2.54850   1.46272  -2.01896    51.07927    52.63673    -1.55746
   2.84265   1.16857  -2.01896    52.14165    49.36512     2.77652
   3.03962   2.21934  -2.13847    44.24569    44.79654    -0.55084
   2.83478   1.86454  -2.13847    46.38801    47.43338    -1.04537
   3.03962   1.50974  -2.13847    46.60576    44.02018     2.58558
   1.65353   3.43308   2.74075    34.59334    32.78389     1.80945
   2.06322   3.43308   2.70040    33.66651    31.74633     1.92018
   1.85837   3.78788   2.70040    30.21835    29.00122     1.21713
   1.44868   3.78788   2.70040    31.39179    30.31890     1.07289
   1.24384   3.43308   2.70040    37.59911    35.78291     1.81620
   1.85837   3.07828   2.70040    38.14630    35.61162     2.53468
   2.45716   3.43308   2.58090    34.75838    32.68037     2.07801
   2.34950   3.83490   2.58090    31.06109    29.36199     1.69911
   2.05535   4.12905   2.58090    27.78424    26.94558     0.83866
   1.65353   4.23672   2.58090    26.32089    26.24387     0.07701
   1.25171   4.12905   2.58090    28.50399    28.26080     0.24319
   0.95756   3.83490   2.58090    34.69124    33.49652     1.19472
   2.05535   2.73711   2.58090    42.10777    38.76166     3.34611
   2.34950   3.03127   2.58090    38.36781    35.91708     2.45074
   2.82023   3.43308   2.38684    37.81309    35.58601     2.22708
   2.74144   3.85454   2.38684    34.29026    31.79750     2.49276
   2.51573   4.21908   2.38684    30.60176    28.67881     1.92294
   2.17357   4.47747   2.38684    26.90196    26.29098     0.61098
   1.76118   4.59480   2.38684    24.11394    24.78643    -0.67249
   1.33425   4.55524   2.38684    23.95392    25.04373    -1.08981
   0.95044   4.36413   2.38684    27.58971    27.92549    -0.33578
   0.66158   4.04727   2.38684    34.96797    33.84939     1.11858
   2.51573   2.64708   2.38684    43.74180    41.06537     2.67644
   2.74144   3.01162   2.38684    40.84899    38.95297     1.89601
   2.90273   4.23589   2.12568    35.95755    32.26191     3.69564
   2.62595   4.55531   2.12568    32.57465    29.96931     2.60533
   2.27039   4.78382   2.12568    28.29942    27.53188     0.76754
   1.86486   4.90289   2.12568    24.07377    25.12677    -1.05299
   1.44220   4.90289   2.12568    21.74885    23.87031    -2.12146
   1.03667   4.78382   2.12568    22.63364    24.65113    -2.01749
   0.68111   4.55531   2.12568    27.20065    27.96897    -0.76832
   0.40433   4.23589   2.12568    35.31561    34.16010     1.15551
   2.62595   2.31085   2.12568    49.55380    46.90298     2.65082
   2.64542   4.87008   1.80745    37.39455    33.94418     3.45037
   2.27270   5.06570   1.80745    31.49972    30.55890     0.94082
   1.86400   5.16644   1.80745    25.33381    26.70093    -1.36712
   1.44306   5.16644   1.80745    21.29265    24.14693    -2.85428
   1.03436   5.06570   1.80745    20.54027    23.69687    -3.15660
   0.66164   4.87008   1.80745    23.42179    25.64460    -2.22280
   0.34656   4.59095   1.80745    29.89769    30.21004    -0.31235
   0.10745   4.24453   1.80745    39.92592    37.76200     2.16392
   2.17257   5.30251   1.44439    35.36267    34.50435     0.85832
   1.75857   5.37038   1.44439    26.59825    28.39356    -1.79532
   1.33965   5.34767   1.44439    21.31713    24.75022    -3.43310
   0.93540   5.23544   1.44439    19.87699    23.70544    -3.82845
   0.56474   5.03892   1.44439    22.18121    25.16137    -2.98016
   0.24499   4.76732   1.44439    28.02708    29.14669    -1.11961
  -0.00890   4.43333   1.44439    37.32615    35.94046     1.38569
   1.96542   5.46898   1.05044    36.20667    35.96088     0.24580
   1.54921   5.49009   1.05044    26.12636    28.53071    -2.40435
   1.13727   5.42698   1.05044    21.03788    24.86641    -3.82853
   0.74647   5.28225   1.05044    20.17129    24.14834    -3.97704
   0.39280   5.06180   1.05044    23.02207    25.97599    -2.95393
   0.09075   4.77468   1.05044    29.23504    30.28686    -1.05182
  -0.14732   4.43264   1.05044    38.66337    37.33195     1.33142
   1.65353   5.53308   0.64075    31.69864    32.60137    -0.90272
   1.24384   5.49273   0.64075    23.89180    26.87916    -2.98736
   0.84989   5.37323   0.64075    20.99270    24.78561    -3.79291
   0.48683   5.17917   0.64075    22.01868    25.42625    -3.40757
   0.16860   4.91801   0.64075    26.40623    28.47743    -2.07120
  -0.09256   4.59978   0.64075    33.75876    33.95513    -0.19637
  -0.28662   4.23672   0.64075    43.90747    42.15744     1.75002
   1.54921   5.49009   0.23107    31.63024    31.97961    -0.34936
   1.13727   5.42698   0.23107    24.62912    27.01099    -2.38186
   0.74647   5.28225   0.23107    22.47865    25.58485    -3.10621
   0.39280   5.06180   0.23107    24.17794    26.86241    -2.68447
   0.09075   4.77468   0.23107    29.10828    30.55718    -1.44890
  -0.14732   4.43264   0.23107    36.75888    36.67994     0.07894
   1.75857   5.37038  -0.16288    38.21470    35.62294     2.59176
   1.33965   5.34767  -0.16288    29.07565    29.36390    -0.28825
   0.93540   5.23544  -0.16288    25.09285    26.88643    -1.79358
   0.56474   5.03892  -0.16288    25.21019    27.28142    -2.07123
   0.24499   4.76732  -0.16288    28.74370    30.15765    -1.41395
  -0.00890   4.43333  -0.16288    35.07653    35.38930    -0.31277
  -0.18506   4.05258  -0.16288    43.55794    42.94686     0.61109
   1.86400   5.16644  -0.52594    39.60903    34.92554     4.68349
   1.44306   5.16644  -0.52594    31.79904    30.31727     1.48177
   1.03436   5.06570  -0.52594    27.92229    28.27209    -0.34980
   0.66164   4.87008  -0.52594    27.86393    28.82461    -0.96068
   0.34656   4.59095  -0.52594    31.16463    31.81430    -0.64967
   0.10745   4.24453  -0.52594    37.16864    37.08754     0.08110
  -0.04182   3.85095  -0.52594    45.06146    44.37503     0.68643
   1.86486   4.90289  -0.84417    37.97499    32.78454     5.19045
   1.44220   4.90289  -0.84417    33.03775    30.71666     2.32109
   1.03667   4.78382  -0.84417    30.71596    30.05670     0.65926
   0.68111   4.55531  -0.84417    31.81348    31.69944     0.11404
   0.40433   4.23589  -0.84417    36.02407    35.69840     0.32566
   0.22875   3.85144  -0.84417    42.48239    41.69994     0.78245
   1.76118   4.59480  -1.10533    37.54264    33.22319     4.31944
   1.33425   4.55524  -1.10533    34.71445    32.49104     2.22341
   0.95044   4.36413  -1.10533    34.76214    33.62212     1.14002
   0.66158   4.04727  -1.10533    38.19462    37.24663     0.94799
   0.50670   3.64746  -1.10533    44.01540    42.83070     1.18470
   0.50670   3.21870  -1.10533    50.45867    48.82727     1.63139
   1.65353   4.23672  -1.29939    39.66739    36.40705     3.26033
   1.25171   4.12905  -1.29939    38.47637    36.52499     1.95138
   0.95756   3.83490  -1.29939    40.96257    39.53958     1.42298
   0.84989   3.43308  -1.29939    46.02908    44.59295     1.43612
   0.95756   3.03127  -1.29939    51.20289    49.54825     1.65464
   1.25171   2.73711  -1.29939    54.82864    53.43398     1.39466
   1.44868   3.78788  -1.41890    43.15759    41.28283     1.87476
   1.24384   3.43308  -1.41890    46.33405    45.04817     1.28587
   1.44868   3.07828  -1.41890    51.11755    50.67385     0.44370
   3.28697   3.19602   2.23037    43.31573    42.78695     0.52878
   3.08212   3.55082   2.23037    40.29992    37.88632     2.41360
   3.08212   2.84122   2.23037    44.72009    44.70701     0.01308
   3.68091   3.19602   2.11087    43.97524    44.51479    -0.53956
   3.57324   3.59784   2.11087    42.16236    41.15445     1.00791
   3.27909   3.89199   2.11087    40.30494    37.46381     2.84113
   2.87728   2.39238   2.11087    48.29690    48.31945    -0.02255
   3.27909   2.50005   2.11087    46.36605    48.97721    -2.61116
   3.57324   2.79420   2.11087    45.20453    47.28248    -2.07795
   4.04397   3.19602   1.91681    43.64580    44.63184    -0.98604
   3.73948   2.41002   1.91681    45.21457    49.65448    -4.43991
   3.96519   2.77456   1.91681    44.81359    47.23701    -2.42342
   4.30205   2.77767   1.65565    44.56949    45.66845    -1.09896
   4.57263   2.77815   1.33742    45.22084    43.36442     1.85643
   1.90486   4.31825  -1.31420    40.61241    36.77442     3.83800
   1.62808   2.39321  -1.31420    57.63361    59.29662    -1.66301
   2.17418   4.12706  -1.57536    42.33367    40.56448     1.76919
   1.88533   3.81021  -1.57536    45.48503    44.11294     1.37209
   1.73044   3.41040  -1.57536    48.76690    48.64924     0.11766
   1.73044   2.98164  -1.57536    52.18495    53.95656    -1.77161
   1.88533   2.58183  -1.57536    53.71105    58.33384    -4.62279
   2.47546   3.89199  -1.76942    42.95428    42.99588    -0.04160
   2.18131   3.59784  -1.76942    47.11467    47.52911    -0.41444
   2.07364   3.19602  -1.76942    50.07902    52.21043    -2.13140
   2.18131   2.79420  -1.76942    51.14704    55.85849    -4.71145
   3.28697   3.19602  -1.88893    45.17566    44.55739     0.61827
   2.67243   3.55082  -1.88893    45.10036    46.21425    -1.11389
   2.46759   3.19602  -1.88893    48.50523    51.00498    -2.49975
   2.67243   2.84122  -1.88893    48.52405    52.32050    -3.79645
   2.87728   3.19602  -1.92928    46.57501    48.20367    -1.62866
   3.69715   4.22147   2.04822    39.15910    38.35155     0.80756
   4.10684   4.22147   2.00787    38.06284    38.93570    -0.87286
   3.90200   4.57628   2.00787    39.56447    39.96879    -0.40432
   3.49231   4.57628   2.00787    40.47813    39.05757     1.42055
   3.28746   4.22147   2.00787    39.83619    36.48262     3.35357
   3.90200   3.86667   2.00787    39.65044    39.60506     0.04538
   4.50079   4.22147   1.88837    37.86141    39.58689    -1.72548
   4.39312   4.62329   1.88837    39.28837    40.91619    -1.62782
   4.09897   4.91744   1.88837    42.16738    43.29787    -1.13048
   3.69715   5.02511   1.88837    44.75147    44.85605    -0.10459
   3.29534   4.91744   1.88837    44.13839    42.40208     1.73631
   3.00119   4.62329   1.88837    40.10162    35.90055     4.20107
   4.09897   3.52550   1.88837    41.35413    41.93367    -0.57954
   4.39312   3.81966   1.88837    38.44249    39.74680    -1.30431
   4.86385   4.22147   1.69431    39.25386    41.19732    -1.94347
   4.78507   4.64293   1.69431    40.53021    42.36709    -1.83688
   4.55935   5.00747   1.69431    43.15195    44.67618    -1.52424
   4.21720   5.26586   1.69431    47.14730    48.35070    -1.20340
   4.55935   3.43547   1.69431    40.65195    41.49391    -0.84196
   4.78507   3.80001   1.69431    39.16601    40.70505    -1.53904
   5.18208   4.22147   1.43315    42.63551    44.41697    -1.78146
   5.12193   4.63983   1.43315    43.54916    45.13210    -1.58294
   4.94635   5.02428   1.43315    45.26101    46.41622    -1.15521
   4.66957   5.34370   1.43315    48.42867    49.31121    -0.88253
   4.66957   3.09924   1.43315    43.54477    42.83675     0.70802
   4.94635   3.41866   1.43315    42.03749    42.35155    -0.31406
   5.12193   3.80312   1.43315    42.05255    43.41810    -1.36555
   5.39250   4.63934   1.11492    48.61567    49.73478    -1.11911
   5.24324   5.03292   1.11492    49.17729    49.67033    -0.49304
   5.00412   5.37934   1.11492    50.96067    50.97465    -0.01398
   5.00412   3.06360   1.11492    44.98867    42.61988     2.36878
   5.24324   3.41003   1.11492    45.87910    45.60314     0.27597
   5.24169   5.39560   0.75186    54.67553    53.75057     0.92496
   4.95318   5.70018   0.75186    56.69611    55.48782     1.20829
   5.11618   5.71429   0.35791    58.96707    56.78687     2.18020
   5.18208   5.70640  -0.05178    60.75484    57.97149     2.78335
   4.86385   5.96756  -0.05178    61.43946    58.65009     2.78937
   5.11618   5.71429  -0.46147    60.82324    57.86946     2.95378
   4.78663   5.96938  -0.46147    60.25158    57.35413     2.89745
   4.95318   5.70018  -0.85542    58.48828    55.89019     2.59809
   4.60594   5.93562  -0.85542    57.11968    54.73119     2.38849
   2.03472   5.22172  -0.85542    42.10212    38.75550     3.34662
   4.68904   5.65847  -1.21848    53.90495    52.18350     1.72145
   4.31632   5.85409  -1.21848    52.13412    50.85155     1.28256
   3.90762   5.95483  -1.21848    51.43319    50.99801     0.43518
   2.39019   5.37934  -1.21848    42.52569    41.84429     0.68140
   2.15107   5.03292  -1.21848    39.79163    37.53069     2.26095
   2.00180   4.63934  -1.21848    39.08066    35.10120     3.97947
   4.66957   5.34370  -1.53670    50.96632    50.39430     0.57202
   4.31401   5.57221  -1.53670    47.79865    47.41031     0.38835
   3.90848   5.69128  -1.53670    45.74544    46.00334    -0.25790
   3.48583   5.69128  -1.53670    44.00724    44.97393    -0.96669
   3.08029   5.57221  -1.53670    41.97913    43.23780    -1.25866
   2.72473   5.34370  -1.53670    39.76528    40.63600    -0.87073
   2.44796   5.02428  -1.53670    38.20152    38.09362     0.10791
   2.27238   4.63983  -1.53670    38.39856    37.12837     1.27019
   4.55935   5.00747  -1.79787    47.54702    48.15049    -0.60347
   4.21720   5.26586  -1.79787    43.82526    44.53370    -0.70844
   3.80480   5.38319  -1.79787    41.02971    42.23922    -1.20951
   3.37787   5.34363  -1.79787    38.78385    40.48945    -1.70560
   2.99406   5.15252  -1.79787    36.98353    38.69956    -1.71603
   2.70521   4.83566  -1.79787    36.25938    37.42107    -1.16169
   2.55032   4.43585  -1.79787    37.52507    37.99165    -0.46658
   2.55032   4.00709  -1.79787    40.97763    41.22889    -0.25127
   3.80480   3.05975  -1.79787    44.74143    39.72246     5.01896
   4.21720   3.17709  -1.79787    44.15596    39.58631     4.56965
   4.39312   4.62329  -1.99193    44.09760    45.48725    -1.38964
   4.09897   4.91744  -1.99193    40.71031    42.29047    -1.58017
   3.69715   5.02511  -1.99193    37.74909    39.71181    -1.96272
   3.29534   4.91744  -1.99193    35.76428    37.96643    -2.20216
   3.00119   4.62329  -1.99193    35.33569    37.30087    -1.96519
   2.89352   4.22147  -1.99193    37.01616    38.53950    -1.52334
   3.00119   3.81966  -1.99193    39.86756    41.03581    -1.16825
   3.29534   3.52550  -1.99193    41.67855    41.93079    -0.25224
   3.69715   3.41784  -1.99193    41.99356    40.71044     1.28312
   4.09897   3.52550  -1.99193    42.75097    41.43510     1.31586
   4.39312   3.81966  -1.99193    45.07777    45.09543    -0.01765
   4.10684   4.22147  -2.11143    40.57100    42.01246    -1.44146
   3.90200   4.57628  -2.11143    38.22474    40.22783    -2.00309
   3.49231   4.57628  -2.11143    35.81259    38.08580    -2.27320
   3.28746   4.22147  -2.11143    36.29264    38.22757    -1.93493
   3.49231   3.86667  -2.11143    38.47386    39.55640    -1.08254
   3.90200   3.86667  -2.11143    39.96231    40.60856    -0.64625
   3.69715   4.22147  -2.15178    37.37384    39.17875    -1.80491
  -0.12389   2.66975   2.91307    56.48966    57.31517    -0.82551
   0.09352   3.04631   2.85582    53.43243    53.75059    -0.31815
  -0.34129   3.04631   2.85582    56.60324    56.42815     0.17509
  -0.55870   2.66975   2.85582    59.92967    59.94884    -0.01917
  -0.34129   2.29319   2.85582    59.35801    60.41134    -1.05333
   0.09352   2.29319   2.85582    56.44448    58.10000    -1.65552
   0.29611   3.39721   2.68799    49.66487    49.10148     0.56339
  -0.12389   3.50975   2.68799    52.41650    51.65543     0.76107
  -0.54389   3.39721   2.68799    56.72121    55.63650     1.08471
  -0.85135   3.08975   2.68799    61.02404    59.82249     1.20155
  -0.96389   2.66975   2.68799    64.03860    63.15708     0.88152
  -0.85135   2.24975   2.68799    64.55253    64.49023     0.06230
  -0.54389   1.94229   2.68799    62.32675    63.41227    -1.08551
  -0.12389   1.82975   2.68799    58.65771    60.67491    -2.01720
   0.40562   3.73315   2.42101    44.68056    42.91494     1.76561
  -0.01428   3.85262   2.42101    48.55418    47.13383     1.42034
  -0.44898   3.81234   2.42101    53.41863    51.84210     1.57653
  -0.83978   3.61775   2.42101    58.33328    56.50683     1.82645
  -1.13389   3.29512   2.42101    63.00823    61.06624     1.94198
  -1.29160   2.88803   2.42101    66.99417    65.19489     1.79928
  -1.29160   2.45147   2.42101    69.40820    68.07965     1.32855
  -1.13389   2.04438   2.42101    69.44334    68.92796     0.51537
  -0.83978   1.72175   2.42101    66.92828    67.49975    -0.57147
  -0.44898   1.52716   2.42101    62.28283    63.99530    -1.71247
  -0.01516   4.12061   2.07307    45.06020    43.13628     1.92392
  -0.44764   4.08819   2.07307    51.08869    49.17816     1.91052
  -0.85135   3.92975   2.07307    56.48276    54.39013     2.09263
  -1.19042   3.65935   2.07307    61.51601    59.26140     2.25461
  -1.43473   3.30102   2.07307    66.36164    64.06916     2.29248
  -1.56256   2.88660   2.07307    70.79688    68.64263     2.15425
  -1.56256   2.45290   2.07307    74.03043    72.24433     1.78610
  -1.43473   2.03848   2.07307    75.14866    73.96823     1.18043
  -1.19042   1.68015   2.07307    73.62192    73.24979     0.37214
  -0.85135   1.40975   2.07307    69.26450    69.93709    -0.67259
  -0.12389   4.29251   1.66788    43.34334    41.27950     2.06383
  -0.54389   4.23721   1.66788    50.38023    48.38235     1.99788
  -0.93526   4.07510   1.66788    56.07990    53.98755     2.09235
  -1.27135   3.81721   1.66788    61.14704    58.96053     2.18651
  -1.52923   3.48113   1.66788    66.03471    63.82777     2.20694
  -1.69135   3.08975   1.66788    70.95877    68.82655     2.13222
  -1.74664   2.66975   1.66788    75.64878    73.72829     1.92049
  -1.69135   2.24975   1.66788    79.28834    77.72080     1.56754
  -1.52923   1.85837   1.66788    80.87531    79.60284     1.27247
  -1.27135   1.52229   1.66788    79.15405    78.31656     0.83748
  -0.93526   1.26440   1.66788    73.53345    73.58598    -0.05254
  -0.43869   4.31999   1.23307    47.14416    45.29305     1.85111
  -0.83920   4.18986   1.23307    53.81333    52.03575     1.77759
  -1.19476   3.96421   1.23307    59.22560    57.46157     1.76403
  -1.48304   3.65723   1.23307    64.12394    62.41587     1.70807
  -1.68591   3.28820   1.23307    69.01663    67.45148     1.56515
  -1.79064   2.88031   1.23307    74.24128    72.92684     1.31444
  -1.79064   2.45919   1.23307    79.67551    78.70235     0.97316
  -0.54389   4.23721   0.79825    48.97084    47.50341     1.46743
  -0.93526   4.07510   0.79825    55.72096    54.52065     1.20031
  -1.27135   3.81721   0.79825    61.21920    60.20439     1.01481
  -1.52923   3.48113   0.79825    66.26877    65.52724     0.74152
  -1.69135   3.08975   0.79825    71.44384    71.18264     0.26119
  -1.74664   2.66975   0.79825    77.11213    77.56131    -0.44918
  -0.44764   4.08819   0.39307    48.93633    47.76340     1.17293
  -0.85135   3.92975   0.39307    56.44322    55.97250     0.47072
  -1.19042   3.65935   0.39307    62.59282    62.54947     0.04334
  -1.43473   3.30102   0.39307    68.33704    68.85349    -0.51645
  -1.56256   2.88660   0.39307    74.06620    75.56202    -1.49582
  -0.83978   3.61775   0.04513    60.41222    60.97668    -0.56446
  -1.13389   3.29512   0.04513    66.99605    68.30052    -1.30447
  -1.29160   2.88803   0.04513    73.14941    75.44562    -2.29621
  -0.85135   3.08975  -0.22186    67.58779    69.63562    -2.04782
  -0.96389   2.66975  -0.22186    73.26926    76.20598    -2.93672
   4.38682  -2.28121   0.92360    57.88148    59.97066    -2.08919
   4.30660  -1.85207   0.92360    60.49317    61.77429    -1.28112
   4.30660  -2.71034   0.92360    58.48138    60.72114    -2.23977
   4.65380  -2.28121   0.57566    65.69522    67.42126    -1.72603
   4.58916  -1.85236   0.57566    68.67213    70.80455    -2.13242
   3.30761  -3.73206   0.57566    87.17927    86.52914     0.65013
   3.73042  -3.63556   0.57566    78.24855    78.37749    -0.12894
   4.10601  -3.41871   0.57566    71.29324    71.82300    -0.52976
   4.40099  -3.10079   0.57566    66.90193    67.75796    -0.85603
   4.58916  -2.71005   0.57566    65.07713    66.31668    -1.23955
   4.82164  -2.28121   0.17047    71.76073    73.16982    -1.40909
   3.61888  -3.84867   0.17047    83.01009    82.32704     0.68306
   4.01026  -3.68655   0.17047    76.41748    75.94590     0.47158
   4.34634  -3.42867   0.17047    72.12971    71.89475     0.23496
   4.60423  -3.09258   0.17047    69.88260    69.99535    -0.11275
   4.76634  -2.70121   0.17047    69.67991    70.32167    -0.64176
   3.30437  -3.95789  -0.26434    91.47143    89.89891     1.57252
   3.71803  -3.87898  -0.26434    82.29160    81.09937     1.19223
   4.09907  -3.69968  -0.26434    76.73123    75.74071     0.99053
   4.42355  -3.43125  -0.26434    73.53784    72.78553     0.75231
   4.67107  -3.09055  -0.26434    72.32423    71.93897     0.38526
   4.82610  -2.69901  -0.26434    73.24291    73.39869    -0.15578
   3.19888  -3.90396  -0.69916    91.79460    89.66042     2.13418
   3.61888  -3.84867  -0.69916    83.11426    81.53892     1.57534
   4.01026  -3.68655  -0.69916    77.79424    76.48209     1.31215
   4.34634  -3.42867  -0.69916    74.89640    73.83491     1.06148
   4.60423  -3.09258  -0.69916    74.06997    73.36739     0.70258
   4.76634  -2.70121  -0.69916    75.59921    75.38232     0.21688
   2.87513  -3.69965  -1.10434    91.30953    88.57480     2.73473
   3.30761  -3.73206  -1.10434    84.60773    82.72674     1.88099
   3.73042  -3.63556  -1.10434    79.27830    77.79767     1.48063
   4.10601  -3.41871  -1.10434    76.08302    74.88168     1.20134
   4.40099  -3.10079  -1.10434    75.01500    74.16562     0.84938
   4.58916  -2.71005  -1.10434    76.37983    76.01600     0.36383
   4.38682  -2.28121  -1.45228    79.42199    79.70359    -0.28159
   2.87379  -3.42380  -1.45228    82.16421    80.16109     2.00313
   3.30849  -3.46408  -1.45228    79.74014    78.19397     1.54617
   3.72839  -3.34461  -1.45228    76.83477    75.61658     1.21819
   4.07678  -3.08152  -1.45228    75.33816    74.46554     0.87262
   4.30660  -2.71034  -1.45228    75.97760    75.60863     0.36896
   4.03888  -2.28121  -1.71927    76.84858    76.99329    -0.14471
   3.92634  -1.86121  -1.71927    79.69371    80.21060    -0.51689
   2.77888  -3.00867  -1.71927    73.66585    72.35345     1.31240
   3.19888  -3.12121  -1.71927    75.82511    74.59213     1.23299
   3.61888  -3.00867  -1.71927    75.08465    74.15142     0.93323
   3.92634  -2.70121  -1.71927    75.01123    74.52457     0.48666
   3.63370  -2.28121  -1.88710    74.51487    73.91261     0.60226
   3.41629  -1.90465  -1.88710    74.93781    73.15884     1.77897
   2.98147  -2.65777  -1.88710    71.00458    69.60939     1.39519
   3.41629  -2.65777  -1.88710    73.42928    72.48714     0.94214
   3.19888  -2.28121  -1.94434    71.80779    69.98150     1.82630
   1.37760  -1.11668   3.49784    50.26477    52.19552    -1.93075
   1.81241  -1.11668   3.44060    43.99971    44.12462    -0.12491
   1.59500  -0.74011   3.44060    49.58078    50.65018    -1.06940
   1.16019  -0.74011   3.44060    53.92628    56.29416    -2.36788
   0.94278  -1.11668   3.44060    55.95126    59.28534    -3.33409
   1.16019  -1.49324   3.44060    52.61730    55.52201    -2.90471
   1.59500  -1.49324   3.44060    44.28648    45.35264    -1.06615
   2.10506  -0.69668   3.27277    45.14241    44.12182     1.02059
   1.79760  -0.38922   3.27277    49.79476    50.23457    -0.43981
   1.37760  -0.27668   3.27277    52.92415    54.53866    -1.61451
   0.95760  -0.38922   3.27277    56.08052    58.76055    -2.68003
   0.65013  -0.69668   3.27277    59.30279    62.93602    -3.63323
   0.53759  -1.11668   3.27277    61.36604    65.90687    -4.54083
   0.65013  -1.53668   3.27277    61.23175    66.19341    -4.96166
   0.95760  -1.84414   3.27277    57.61541    61.45341    -3.83800
   2.48531  -0.68754   3.00578    42.92165    39.40171     3.51994
   2.25549  -0.31637   3.00578    48.19398    47.05480     1.13919
   1.90711  -0.05328   3.00578    50.74105    50.94581    -0.20476
   1.48720   0.06620   3.00578    52.18181    53.55840    -1.37659
   1.05250   0.02592   3.00578    54.27643    56.85445    -2.57801
   0.66170  -0.16868   3.00578    57.92164    61.40945    -3.48782
   0.36759  -0.49131   3.00578    62.22886    66.38544    -4.15658
   0.20988  -0.89839   3.00578    65.74982    70.74271    -4.99289
   0.20988  -1.33496   3.00578    67.89088    73.99850    -6.10762
   0.36759  -1.74204   3.00578    68.66021    75.53134    -6.87113
   2.57971  -0.29709   2.65784    49.13525    46.66228     2.47297
   2.28472   0.02083   2.65784    51.24682    50.31840     0.92841
   1.90914   0.23767   2.65784    51.12194    51.10634     0.01560
   1.48632   0.33418   2.65784    49.97674    51.38618    -1.40944
   1.05384   0.30177   2.65784    50.39027    53.63657    -3.24630
   0.65013   0.14332   2.65784    54.22059    58.69783    -4.47724
   0.31106  -0.12708   2.65784    60.55341    65.31570    -4.76229
   0.06676  -0.48541   2.65784    66.93079    71.76397    -4.83318
  -0.06108  -0.89983   2.65784    71.68543    77.15758    -5.47215
  -0.06108  -1.33352   2.65784    74.88134    81.76194    -6.88061
   2.78294  -0.30530   2.25266    52.98251    49.93492     3.04759
   2.52506   0.03079   2.25266    54.59897    52.84349     1.75548
   2.18897   0.28867   2.25266    53.63324    51.56914     2.06410
   0.23013   0.03079   2.25266    57.26589    63.78622    -6.52033
  -0.02775  -0.30530   2.25266    68.34206    73.55280    -5.21074
  -0.18987  -0.69668   2.25266    76.63774    81.29804    -4.66030
  -0.24516  -1.11668   2.25266    81.60196    87.17546    -5.57349
  -0.09539  -3.03019   3.39747    62.02743    62.75923    -0.73180
   0.33942  -3.03019   3.34023    61.22798    62.35092    -1.12293
   0.12202  -2.65363   3.34023    63.37469    65.85907    -2.48437
  -0.31280  -2.65363   3.34023    64.47660    66.11371    -1.63711
  -0.53021  -3.03019   3.34023    63.20464    63.31759    -0.11295
  -0.31280  -3.40675   3.34023    61.07989    60.39933     0.68057
   0.12202  -3.40675   3.34023    60.25221    59.79328     0.45893
   0.74461  -3.03019   3.17239    61.31333    62.01898    -0.70565
   0.63207  -2.61019   3.17239    63.15758    66.22813    -3.07055
   0.32461  -2.30273   3.17239    65.87155    70.49623    -4.62467
  -0.09539  -2.19019   3.17239    67.47547    71.55393    -4.07846
  -0.51539  -2.30273   3.17239    67.60913    69.98228    -2.37315
  -0.82285  -2.61019   3.17239    66.46204    67.18396    -0.72192
  -0.93539  -3.03019   3.17239    64.57073    64.09468     0.47605
  -0.82285  -3.45019   3.17239    62.39390    61.15118     1.24272
  -0.51539  -3.75765   3.17239    60.25472    58.49287     1.76185
  -0.09539  -3.87019   3.17239    58.80956    56.64316     2.16640
   0.32461  -3.75765   3.17239    58.98087    56.76149     2.21939
   0.63207  -3.45019   3.17239    60.40093    59.09645     1.30447
   0.01422  -1.84732   2.90541    72.08076    78.64132    -6.56056
  -0.42049  -1.88760   2.90541    72.03307    76.36660    -4.33353
  -0.81129  -2.08219   2.90541    71.09055    73.33609    -2.24554
  -1.10540  -2.40482   2.90541    69.31846    69.95802    -0.63956
  -1.26310  -2.81191   2.90541    67.19183    66.68682     0.50501
  -1.26310  -3.24847   2.90541    65.00434    63.72238     1.28196
  -1.10540  -3.65556   2.90541    62.72710    60.89860     1.82851
  -0.81129  -3.97819   2.90541    60.31872    57.98701     2.33171
  -0.42049  -4.17278   2.90541    58.00384    55.00458     2.99926
   0.01422  -4.21306   2.90541    56.49343    52.55308     3.94034
   0.43412  -4.09359   2.90541    57.03748    52.13637     4.90111
   0.78250  -3.83050   2.90541    60.33504    55.16885     5.16618
  -0.41914  -1.61174   2.55747    77.87518    83.31797    -5.44278
  -0.82285  -1.77019   2.55747    76.50408    79.46719    -2.96311
  -1.16193  -2.04059   2.55747    74.26261    75.46812    -1.20551
  -1.40623  -2.39892   2.55747    71.64150    71.59393     0.04758
  -1.53407  -2.81335   2.55747    69.14276    68.21529     0.92748
  -1.53407  -3.24703   2.55747    66.83290    65.30610     1.52680
  -1.40623  -3.66146   2.55747    64.48790    62.52891     1.95899
  -1.16193  -4.01979   2.55747    61.89126    59.50993     2.38133
  -0.82285  -4.29019   2.55747    58.95703    55.95642     3.00061
  -0.41914  -4.44864   2.55747    55.80505    51.72747     4.07758
   0.01333  -4.48104   2.55747    53.03585    47.15416     5.88169
  -0.51539  -1.46273   2.15229    85.69270    89.99196    -4.29926
  -0.90677  -1.62484   2.15229    83.32950    85.33849    -2.00900
  -1.24285  -1.88273   2.15229    79.94346    80.54976    -0.60631
  -1.50074  -2.21881   2.15229    76.44195    76.06897     0.37298
  -1.66285  -2.61019   2.15229    73.34457    72.26539     1.07917
  -1.71815  -3.03019   2.15229    70.68016    69.12382     1.55634
  -1.66285  -3.45019   2.15229    68.18079    66.30799     1.87280
  -1.50074  -3.84157   2.15229    65.53270    63.38861     2.14409
  -1.24285  -4.17765   2.15229    62.48802    59.96092     2.52710
  -0.90677  -4.43554   2.15229    58.82525    55.59250     3.23275
  -0.51539  -4.59765   2.15229    54.32099    49.74523     4.57576
  -1.45454  -2.04271   1.71747    84.81418    82.76951     2.04468
  -1.65742  -2.41174   1.71747    80.51951    78.47993     2.03958
  -1.76215  -2.81963   1.71747    76.81344    74.72466     2.08877
  -1.76215  -3.24075   1.71747    73.49454    71.38425     2.11029
  -1.65742  -3.64864   1.71747    70.29361    68.15183     2.14178
  -1.45454  -4.01767   1.71747    66.87934    64.57875     2.30058
  -1.16627  -4.32465   1.71747    62.86767    60.11356     2.75411
  -0.81070  -4.55030   1.71747    57.67691    53.93910     3.73781
  -1.71815  -3.03019   1.28265    82.35937    78.89109     3.46828
  -1.66285  -3.45019   1.28265    77.37569    74.58270     2.79299
  -1.50074  -3.84157   1.28265    72.86327    70.32146     2.54180
  -1.24285  -4.17765   1.28265    68.11365    65.36825     2.74539
  -0.90677  -4.43554   1.28265    62.14603    58.57688     3.56915
  -1.40623  -3.66146   0.87747    81.25809    77.43550     3.82259
  -1.16193  -4.01979   0.87747    75.14175    71.54314     3.59862
  -1.42989  -3.85727  -0.16936    86.92826    82.24335     4.68491
  -1.18558  -4.21560  -0.16936    80.25658    77.31253     2.94405
  -0.84651  -4.48600  -0.16936    74.40694    72.67299     1.73395
  -1.68651  -3.64600  -0.57454    91.63270    86.44617     5.18653
  -1.52439  -4.03738  -0.57454    84.93467    81.66589     3.26877
  -1.26651  -4.37347  -0.57454    79.83113    77.78366     2.04747
  -0.93042  -4.63135  -0.57454    75.79750    74.69684     1.10066
  -0.53905  -4.79347  -0.57454    72.79047    72.64696     0.14352
  -0.11905  -4.84876  -0.57454    71.77642    72.64407    -0.86765
  -1.78580  -3.43656  -1.00936    96.97093    91.18485     5.78607
  -1.68107  -3.84445  -1.00936    89.67174    86.07116     3.60057
  -1.47819  -4.21348  -1.00936    84.16471    81.82466     2.34005
  -1.18992  -4.52047  -1.00936    80.09531    78.58746     1.50786
  -0.83435  -4.74611  -1.00936    77.33615    76.48827     0.84789
  -0.43385  -4.87625  -1.00936    76.15957    75.92057     0.23900
  -0.01356  -4.90269  -1.00936    77.54637    77.82103    -0.27466
   0.40010  -4.82378  -1.00936    83.53218    83.90734    -0.37515
  -1.74180  -3.22600  -1.44417   103.95197    97.28670     6.66527
  -1.68651  -3.64600  -1.44417    95.19758    91.41707     3.78052
  -1.52439  -4.03738  -1.44417    88.57359    86.16738     2.40621
  -1.26651  -4.37347  -1.44417    83.82711    82.17827     1.64884
  -0.93042  -4.63135  -1.44417    80.71655    79.57387     1.14267
  -0.53905  -4.79347  -1.44417    79.24880    78.50917     0.73964
  -0.11905  -4.84876  -1.44417    79.78595    79.35507     0.43088
   0.30095  -4.79347  -1.44417    82.96240    82.62096     0.34145
   0.69233  -4.63135  -1.44417    88.99089    88.27614     0.71475
  -1.42989  -3.85727  -1.84936    92.99126    90.90235     2.08891
  -1.18558  -4.21560  -1.84936    87.13471    85.65811     1.47661
  -0.84651  -4.48600  -1.84936    83.51273    82.35976     1.15297
  -0.44280  -4.64445  -1.84936    81.84230    80.92210     0.92020
  -0.01032  -4.67686  -1.84936    82.11527    81.33823     0.77703
   0.41250  -4.58035  -1.84936    84.20801    83.38043     0.82758
   0.78808  -4.36351  -1.84936    87.08389    85.88335     1.20054
   1.08307  -4.04559  -1.84936    88.19458    86.31629     1.87829
   1.27124  -3.65485  -1.84936    84.47470    82.01180     2.46290
  -1.12905  -3.85137  -2.19730    93.10296    91.92304     1.17991
  -0.83494  -4.17400  -2.19730    87.70638    86.66566     1.04072
  -0.44414  -4.36860  -2.19730    84.85309    83.85450     0.99859
  -0.00944  -4.40888  -2.19730    84.05553    83.06515     0.99038
   0.41046  -4.28940  -2.19730    84.64664    83.53165     1.11499
   0.75885  -4.02631  -2.19730    85.15994    83.69909     1.46085
   0.98867  -3.65514  -2.19730    83.53030    81.56962     1.96068
   0.72095  -3.22600  -2.46428    86.82723    83.34958     3.47766
  -0.84651  -3.64600  -2.46428    95.40529    94.64499     0.76030
  -0.53905  -3.95347  -2.46428    89.79222    88.93569     0.85653
  -0.11905  -4.06600  -2.46428    87.18303    86.10534     1.07770
   0.30095  -3.95347  -2.46428    86.57498    85.18878     1.38619
   0.60841  -3.64600  -2.46428    86.51348    84.48903     2.02445
  -0.33645  -3.60257  -2.63211    94.00155    92.84901     1.15254
   0.09836  -3.60257  -2.63211    91.54799    89.71837     1.82961
  -0.70167  -0.69042   2.25381    77.27968    79.41478    -2.13510
  -0.26685  -0.69042   2.19657    77.82561    81.93214    -4.10653
  -0.48426  -0.31385   2.19657    73.11929    75.95901    -2.83972
  -0.91907  -0.31385   2.19657    75.43668    76.54851    -1.11183
  -1.13648  -0.69042   2.19657    77.21693    78.01175    -0.79482
  -0.91907  -1.06698   2.19657    79.97295    81.60182    -1.62887
  -0.48426  -1.06698   2.19657    81.92764    85.57992    -3.65228
  -0.28167   0.03705   2.02874    65.29299    69.82003    -4.52704
  -0.70167   0.14958   2.02874    70.96568    72.91784    -1.95217
  -1.12167   0.03705   2.02874    76.39928    76.64392    -0.24463
  -1.42913  -0.27041   2.02874    77.69948    77.59982     0.09967
  -1.54166  -0.69042   2.02874    76.82536    76.97839    -0.15303
  -1.42913  -1.11042   2.02874    78.12682    78.41688    -0.29007
  -1.12167  -1.41788   2.02874    82.64990    83.30161    -0.65171
  -1.02676   0.45218   1.76175    76.22797    76.32735    -0.09938
  -1.41756   0.25758   1.76175    81.50595    80.43331     1.07264
  -1.71167  -0.06505   1.76175    81.05415    80.26150     0.79265
  -1.86938  -0.47213   1.76175    77.24391    77.18299     0.06092
  -1.86938  -0.90870   1.76175    75.15932    75.27188    -0.11255
  -1.71167  -1.31578   1.76175    77.77604    77.30840     0.46764
  -1.02542   0.72803   1.41381    78.86414    77.93109     0.93305
  -2.14034  -0.47357   1.41381    76.55365    76.89519    -0.34154
  -1.87504  -1.87311   1.65595    76.62142    75.05219     1.56923
  -2.09245  -1.49655   1.59871    71.36289    70.75914     0.60375
  -2.30985  -1.87311   1.59871    66.49781    65.32064     1.17717
  -2.09245  -2.24967   1.59871    73.04085    71.03520     2.00565
  -1.65763  -2.24967   1.59871    82.91722    80.22400     2.69322
  -2.29504  -1.14564   1.43088    66.85298    67.17281    -0.31983
  -2.60250  -2.29311   1.43088    62.21945    60.15380     2.06565
  -2.29504  -2.60057   1.43088    70.87092    68.25728     2.61364
  -1.87504  -2.71311   1.43088    79.66359    76.57776     3.08583
  -2.88505  -2.49848   1.16389    58.50271    55.86837     2.63434
  -2.59093  -2.82110   1.16389    67.65619    64.57801     3.07818
  -2.20014  -3.01570   1.16389    75.10724    71.65033     3.45691
  -1.76543  -3.05598   1.16389    82.98060    79.04495     3.93565
  -2.94157  -2.86270   0.81595    63.96895    60.62878     3.34016
  -2.60250  -3.13311   0.81595    71.25245    67.52670     3.72575
  -2.19879  -3.29155   0.81595    77.26462    73.16746     4.09715
  -1.76631  -3.32396   0.81595    83.78130    79.02672     4.75458
  -3.28039  -2.68448   0.41077    59.77781    56.39845     3.37936
  -3.02250  -3.02057   0.41077    68.03458    64.25925     3.77533
  -2.68642  -3.27845   0.41077    73.85599    69.73553     4.12045
  -2.29504  -3.44057   0.41077    78.75307    74.27005     4.48302
  -1.87504  -3.49586   0.41077    84.02478    78.81003     5.21474
  -1.45504  -3.44057   0.41077    91.41998    84.19368     7.22629
  -3.23419  -2.86059  -0.02405    69.65857    65.84847     3.81011
  -2.94591  -3.16757  -0.02405    75.01060    70.78666     4.22394
  -2.59035  -3.39322  -0.02405    79.28708    74.76706     4.52002
  -2.18984  -3.52335  -0.02405    83.49453    78.55997     4.93456
  -1.76955  -3.54979  -0.02405    88.78444    82.84514     5.93930
  -3.44250  -2.29311  -0.45886    72.25207    69.07564     3.17644
  -3.28039  -2.68448  -0.45886    76.40932    72.41993     3.98939
  -3.02250  -3.02057  -0.45886    80.08339    75.62491     4.45848
  -2.68642  -3.27845  -0.45886    83.41986    78.67310     4.74676
  -2.29504  -3.44057  -0.45886    86.99917    81.91255     5.08662
  -1.87504  -3.49586  -0.45886    91.78770    85.93051     5.85718
  -3.18588  -2.50437  -0.86405    87.26775    82.46010     4.80765
  -2.94157  -2.86270  -0.86405    88.39789    83.32148     5.07641
  -2.60250  -3.13311  -0.86405    90.58413    85.25276     5.33137
  -2.19879  -3.29155  -0.86405    93.83024    88.03592     5.79432
  -2.88505  -2.49848  -1.21199    99.38119    92.78613     6.59505
  -2.59093  -2.82110  -1.21199    99.48724    92.89614     6.59109
  -2.20014  -3.01570  -1.21199   101.73121    94.53085     7.20036
  -6.00343   1.40132   3.25053    72.92602    72.89406     0.03196
  -6.43824   1.40132   3.25053    72.77730    71.51244     1.26486
  -6.65565   1.02476   3.25053    66.49906    64.63982     1.85925
  -5.49337   1.44476   3.08270    76.65405    78.09812    -1.44407
  -5.80084   1.75222   3.08270    80.79875    81.46125    -0.66250
  -6.22084   1.86476   3.08270    80.92990    80.39084     0.53906
  -6.64083   1.75222   3.08270    78.66710    77.01145     1.65566
  -6.94830   1.44476   3.08270    74.41008    72.01760     2.39248
  -7.06083   1.02476   3.08270    68.18644    65.43975     2.74669
  -5.34294   1.82507   2.81571    88.22784    90.66708    -2.43925
  -5.69133   2.08816   2.81571    88.57046    90.25565    -1.68519
  -6.11123   2.20763   2.81571    87.32861    87.61892    -0.29031
  -6.54593   2.16735   2.81571    85.34568    84.29458     1.05110
  -6.93673   1.97276   2.81571    82.34117    80.27323     2.06794
  -7.23084   1.65013   2.81571    78.25106    75.53756     2.71351
  -7.38855   1.24305   2.81571    73.00508    69.94191     3.06318
  -7.38855   0.80648   2.81571    66.34407    63.09358     3.25049
  -6.11211   2.47562   2.46777    92.53192    93.70486    -1.17293
  -6.54459   2.44321   2.46777    90.58790    90.22515     0.36275
  -6.94830   2.28476   2.46777    87.72144    86.12152     1.59991
  -7.28737   2.01436   2.46777    84.04611    81.61535     2.43076
  -7.53168   1.65603   2.46777    79.67237    76.77485     2.89752
  -7.65951   1.24161   2.46777    74.48036    71.37395     3.10641
  -7.65951   0.80792   2.46777    68.16196    64.97375     3.18821
  -6.64083   2.59222   2.06259    95.49502    95.80999    -0.31497
  -7.03221   2.43011   2.06259    91.94520    90.82542     1.11978
  -7.36830   2.17222   2.06259    87.88522    85.81224     2.07297
  -7.62618   1.83614   2.06259    83.50394    80.91389     2.59005
  -7.78830   1.44476   2.06259    78.66145    75.87737     2.78408
  -7.84359   1.02476   2.06259    73.06972    70.30139     2.76833
  -7.78830   0.60476   2.06259    66.30705    63.66188     2.64517
  -6.93614   2.54487   1.62777    98.33262    98.48198    -0.14936
  -7.29171   2.31923   1.62777    92.99126    91.78428     1.20698
  -7.57998   2.01224   1.62777    88.03456    86.08474     1.94982
  -7.78286   1.64321   1.62777    83.07536    80.84183     2.23353
  -7.88759   1.23532   1.62777    77.71266    75.52067     2.19199
  -7.88759   0.81420   1.62777    71.51098    69.59123     1.91975
  -7.03221   2.43011   1.19296   101.09366   101.51361    -0.41994
  -7.36830   2.17222   1.19296    94.15529    93.30830     0.84699
  -7.62618   1.83614   1.19296    88.37656    86.96010     1.41646
  -7.78830   1.44476   1.19296    82.77917    81.30002     1.47915
  -7.84359   1.02476   1.19296    76.72998    75.56232     1.16766
  -7.78830   0.60476   1.19296    69.62845    69.08947     0.53898
  -7.28737   2.01436   0.78777    95.81443    95.64732     0.16711
  -7.53168   1.65603   0.78777    89.10133    88.52935     0.57198
  -7.65951   1.24161   0.78777    82.69320    82.30705     0.38615
  -7.65951   0.80792   0.78777    75.71718    75.99559    -0.27841
  -6.93673   1.97276   0.43983   101.85922   102.85431    -0.99509
  -7.23084   1.65013   0.43983    93.70913    94.23200    -0.52287
  -7.38855   1.24305   0.43983    86.54360    87.24718    -0.70358
  -7.38855   0.80648   0.43983    79.27265    80.75427    -1.48162
  -6.64083   1.75222   0.17285   104.63784   106.44198    -1.80415
  -6.94830   1.44476   0.17285    95.90981    97.71213    -1.80232
  -7.06083   1.02476   0.17285    88.29310    90.54465    -2.25155
  -6.65565   1.02476   0.00502    96.32396   100.08851    -3.76455
  -6.53240   1.57680   0.01520   103.73234   106.27249    -2.54015
  -6.66118   1.77995  -0.38998    93.82961    94.80669    -0.97708
  -6.71648   1.35995  -0.38998    91.77515    94.12755    -2.35240
  -6.66118   0.93996  -0.38998    90.13421    93.60243    -3.46822
  -6.49907   0.54858  -0.38998    89.69307    93.61359    -3.92052
  -6.45287   2.34743  -0.82480    89.02226    86.90224     2.12003
  -6.65575   1.97840  -0.82480    87.42588    86.72768     0.69820
  -6.76048   1.57051  -0.82480    86.07548    86.53719    -0.46172
  -6.76048   1.14940  -0.82480    85.05578    86.55534    -1.49956
  -6.65575   0.74151  -0.82480    84.57761    86.96984    -2.39223
  -6.45287   0.37248  -0.82480    85.24905    88.23646    -2.98741
  -6.16459   0.06549  -0.82480    87.78168    90.96269    -3.18102
  -5.51372   2.92742  -1.25962    79.51612    74.36098     5.15514
  -5.90510   2.76530  -1.25962    82.25897    78.13778     4.12118
  -6.24118   2.50742  -1.25962    83.24039    80.21160     3.02879
  -6.49907   2.17133  -1.25962    83.09293    81.06499     2.02794
  -6.66118   1.77995  -1.25962    82.57335    81.46863     1.10472
  -6.71648   1.35995  -1.25962    82.10836    81.90529     0.20307
  -6.66118   0.93996  -1.25962    81.96529    82.66874    -0.70345
  -6.49907   0.54858  -1.25962    82.46416    84.06264    -1.59848
  -6.24118   0.21249  -1.25962    83.96454    86.44818    -2.48365
  -5.90510  -0.04539  -1.25962    86.65028    90.13114    -3.48086
  -5.51372  -0.20751  -1.25962    90.47808    95.27500    -4.79692
  -5.09372  -0.26280  -1.25962    95.93491   102.09735    -6.16244
  -4.56218   2.71430  -1.66480    79.34858    76.82945     2.51912
  -4.98500   2.81081  -1.66480    77.62104    74.39834     3.22270
  -5.41747   2.77840  -1.66480    78.33201    74.85784     3.47417
  -5.82118   2.61996  -1.66480    79.55879    76.28056     3.27823
  -6.16026   2.34955  -1.66480    80.28545    77.47655     2.80890
  -6.40456   1.99122  -1.66480    80.49127    78.29907     2.19220
  -6.53240   1.57680  -1.66480    80.52704    79.06216     1.46488
  -6.53240   1.14311  -1.66480    80.74165    80.11885     0.62280
  -6.40456   0.72869  -1.66480    81.46454    81.80287    -0.33833
  -6.16026   0.37036  -1.66480    83.03457    84.46481    -1.43024
  -5.82118   0.09995  -1.66480    85.74980    88.44892    -2.69912
  -5.41747  -0.05849  -1.66480    89.93090    94.06360    -4.13271
  -4.21583   2.16026  -2.01274    89.91333    88.75628     1.15705
  -4.56421   2.42335  -2.01274    83.40166    81.94995     1.45171
  -4.98411   2.54283  -2.01274    80.17626    77.99733     2.17893
  -5.41882   2.50255  -2.01274    79.33038    76.68587     2.64451
  -5.80962   2.30795  -2.01274    79.48851    76.77606     2.71245
  -6.10373   1.98532  -2.01274    79.80980    77.37515     2.43464
  -6.26143   1.57824  -2.01274    80.19258    78.31694     1.87564
  -6.26143   1.14167  -2.01274    80.89915    79.83460     1.06455
  -6.10373   0.73459  -2.01274    82.30728    82.29232     0.01497
  -5.80962   0.41196  -2.01274    84.82109    86.08093    -1.25985
  -5.41882   0.21736  -2.01274    88.81958    91.50409    -2.68451
  -4.98411   0.17708  -2.01274    94.69244    98.43192    -3.73949
  -4.36626   1.77995  -2.27972    93.24854    92.29973     0.94881
  -4.67372   2.08742  -2.27972    86.18529    85.02707     1.15822
  -5.09372   2.19995  -2.27972    82.26712    80.45419     1.81294
  -5.51372   2.08742  -2.27972    80.88974    78.68436     2.20538
  -5.82118   1.77995  -2.27972    80.83703    78.72996     2.10707
  -5.93372   1.35995  -2.27972    81.58188    80.06500     1.51688
  -5.82118   0.93996  -2.27972    83.33891    82.84222     0.49669
  -5.51372   0.63249  -2.27972    86.57560    87.40258    -0.82697
  -5.09372   0.51996  -2.27972    91.54673    93.59431    -2.04757
  -4.65891   1.35995  -2.44755    93.20712    93.02828     0.17884
  -4.87632   1.73652  -2.44755    87.33803    86.38696     0.95107
  -5.31113   1.73652  -2.44755    83.68718    82.17059     1.51659
  -5.52854   1.35995  -2.44755    83.89175    82.74240     1.14934
  -5.31113   0.98339  -2.44755    87.22633    87.28973    -0.06340
  -4.87632   0.98339  -2.44755    92.45097    93.16533    -0.71436
  -5.09372   1.35995  -2.50480    87.60848    87.06680     0.54168
  -4.31696   2.62257   3.36626    78.35460    79.25507    -0.90047
  -3.88214   2.62257   3.30901    78.28558    78.80292    -0.51735
  -4.09955   2.99913   3.30901    76.64966    77.22261    -0.57295
  -4.53436   2.99913   3.30901    77.12970    77.95000    -0.82029
  -4.75177   2.62257   3.30901    79.04549    80.33828    -1.29279
  -4.53436   2.24601   3.30901    79.99366    81.25629    -1.26264
  -4.09955   2.24601   3.30901    79.80854    80.52965    -0.72111
  -3.47696   2.62257   3.14118    78.56231    78.71106    -0.14875
  -3.58950   3.04257   3.14118    76.19911    76.45656    -0.25745
  -3.89696   3.35003   3.14118    74.63661    74.92840    -0.29179
  -4.31696   3.46257   3.14118    74.57825    74.86114    -0.28289
  -4.73696   3.35003   3.14118    76.01838    76.48496    -0.46657
  -5.04442   3.04257   3.14118    78.36778    79.37386    -1.00608
  -5.15696   2.62257   3.14118    80.79812    82.45214    -1.65402
  -5.04442   2.20257   3.14118    82.11903    84.08578    -1.96675
  -4.73696   1.89511   3.14118    81.89940    83.54758    -1.64818
  -4.31696   1.78257   3.14118    81.85422    82.65709    -0.80287
  -3.89696   1.89511   3.14118    81.79398    82.00990    -0.21592
  -3.58950   2.20257   3.14118    80.68329    80.76173    -0.07844
  -3.12902   2.62257   2.87420    79.02478    78.78336     0.24142
  -3.20924   3.05170   2.87420    75.96505    75.95367     0.01137
  -3.43906   3.42288   2.87420    73.38724    73.49925    -0.11202
  -3.78745   3.68597   2.87420    71.94020    71.97912    -0.03892
  -4.20735   3.80544   2.87420    71.96342    71.77626     0.18716
  -4.64205   3.76516   2.87420    73.43367    73.09038     0.34330
  -5.03285   3.57057   2.87420    75.98764    75.86129     0.12635
  -5.32696   3.24794   2.87420    79.10134    79.69035    -0.58901
  -5.48467   2.84085   2.87420    82.46353    83.99803    -1.53450
  -5.48467   2.40429   2.87420    85.77867    88.00074    -2.22207
  -5.32696   1.99720   2.87420    87.24076    89.73991    -2.49914
  -5.03285   1.67458   2.87420    85.41785    87.70956    -2.29171
  -4.64205   1.47998   2.87420    84.14526    85.22785    -1.08259
  -4.20735   1.43970   2.87420    84.82422    84.55108     0.27314
  -3.78745   1.55917   2.87420    84.95098    84.21874     0.73224
  -3.43906   1.82226   2.87420    83.90367    83.23304     0.67063
  -3.20924   2.19344   2.87420    81.84418    81.36661     0.47757
  -2.86203   2.62257   2.52626    79.53997    78.81293     0.72704
  -2.92667   3.05142   2.52626    75.57975    75.25064     0.32912
  -3.11484   3.44216   2.52626    72.00483    71.97348     0.03135
  -3.40983   3.76007   2.52626    69.45150    69.46523    -0.01373
  -3.78541   3.97692   2.52626    68.34645    68.07079     0.27566
  -4.20823   4.07343   2.52626    68.87356    68.05093     0.82263
  -4.64071   4.04102   2.52626    70.98889    69.62244     1.36646
  -5.04442   3.88257   2.52626    74.37682    72.85641     1.52041
  -5.38349   3.61217   2.52626    78.44183    77.47788     0.96395
  -5.62780   3.25384   2.52626    82.59594    82.86705    -0.27111
  -5.75563   2.83942   2.52626    87.00984    88.65610    -1.64626
  -5.75563   2.40573   2.52626    92.76724    95.12491    -2.35767
  -3.78541   1.26822   2.52626    90.63120    88.04403     2.58716
  -3.40983   1.48507   2.52626    88.76498    86.82065     1.94433
  -3.11484   1.80298   2.52626    86.37480    84.87925     1.49555
  -2.92667   2.19372   2.52626    83.26926    82.15003     1.11922
  -2.69420   2.62257   2.12107    79.83803    78.43338     1.40465
  -2.74950   3.04257   2.12107    74.68179    73.92749     0.75430
  -2.91161   3.43395   2.12107    69.92025    69.73425     0.18599
  -3.16950   3.77003   2.12107    66.21543    66.29874    -0.08331
  -3.50558   4.02792   2.12107    64.05366    63.93248     0.12118
  -3.89696   4.19003   2.12107    63.72296    62.87935     0.84361
  -4.31696   4.24533   2.12107    65.37331    63.43339     1.93992
  -4.73696   4.19003   2.12107    68.99341    65.95110     3.04232
  -3.50558   1.21722   2.12107    97.35496    93.18396     4.17100
  -3.16950   1.47511   2.12107    93.20273    90.11896     3.08378
  -2.91161   1.81119   2.12107    89.32974    86.77707     2.55267
  -2.74950   2.20257   2.12107    84.83301    82.82111     2.01190
  -2.63696   2.62257   1.68626    79.33163    76.89978     2.43185
  -2.68974   3.04037   1.68626    72.32737    71.02583     1.30155
  -2.84476   3.43192   1.68626    65.94058    65.65749     0.28309
  -3.09229   3.77261   1.68626    60.88285    61.19508    -0.31222
  -3.41677   4.04104   1.68626    57.74656    57.93773    -0.19117
  -2.68974   2.20477   1.68626    86.52728    82.97161     3.55568
  -5.96310   3.73549   2.10063    79.56507    78.79158     0.77349
  -6.27056   3.42803   2.10063    82.89024    83.36561    -0.47537
  -6.38310   3.00803   2.10063    88.77816    90.04460    -1.26644
  -5.86819   4.15062   1.83364    74.87443    73.33560     1.53884
  -6.25899   3.95603   1.83364    77.55013    77.17508     0.37506
  -6.55311   3.63340   1.83364    81.06983    81.50229    -0.43245
  -6.71081   3.22631   1.83364    86.05101    87.01892    -0.96791
  -6.71081   2.78975   1.83364    94.18416    95.23203    -1.04788
  -5.43437   4.45888   1.48571    68.39916    65.72187     2.67730
  -5.86685   4.42647   1.48571    71.49906    70.10806     1.39100
  -6.27056   4.26803   1.48571    74.57323    74.04303     0.53020
  -6.60963   3.99763   1.48571    77.75345    77.84625    -0.09281
  -6.85394   3.63930   1.48571    81.38484    81.95552    -0.57068
  -6.98177   3.22487   1.48571    86.16019    87.05702    -0.89683
  -6.98177   2.79118   1.48571    93.56104    94.44801    -0.88697
  -5.54310   4.63078   1.08052    65.92113    64.41556     1.50556
  -5.96310   4.57549   1.08052    69.82863    68.99736     0.83127
  -6.35448   4.41338   1.08052    73.22534    72.88702     0.33832
  -6.69056   4.15549   1.08052    76.39991    76.45240    -0.05249
  -6.94845   3.81941   1.08052    79.65857    80.04657    -0.38800
  -7.11056   3.42803   1.08052    83.42111    84.09810    -0.67699
  -7.16585   3.00803   1.08052    88.39413    89.25961    -0.86548
  -7.11056   2.58803   1.08052    95.93867    96.71450    -0.77583
  -5.43761   4.68471   0.64571    62.37884    61.59667     0.78217
  -5.85790   4.65827   0.64571    67.23764    66.72055     0.51709
  -6.25841   4.52814   0.64571    71.15958    70.88235     0.27722
  -6.61397   4.30249   0.64571    74.55566    74.50002     0.05564
  -6.90225   3.99551   0.64571    77.74403    77.90765    -0.16361
  -7.10512   3.62648   0.64571    81.03846    81.42922    -0.39076
  -7.20985   3.21859   0.64571    84.83740    85.45296    -0.61556
  -7.20985   2.79747   0.64571    89.72696    90.53055    -0.80359
  -7.10512   2.38958   0.64571    96.63207    97.51138    -0.87931
  -5.12310   4.57549   0.21089    55.76175    55.82100    -0.05925
  -5.54310   4.63078   0.21089    62.59156    62.41977     0.17179
  -5.96310   4.57549   0.21089    67.71016    67.49442     0.21574
  -6.35448   4.41338   0.21089    71.80905    71.63484     0.17421
  -6.69056   4.15549   0.21089    75.34067    75.25703     0.08364
  -6.94845   3.81941   0.21089    78.64639    78.69460    -0.04821
  -7.11056   3.42803   0.21089    82.04624    82.26393    -0.21769
  -7.16585   3.00803   0.21089    85.89789    86.31799    -0.42010
  -7.11056   2.58803   0.21089    90.62743    91.28557    -0.65814
  -6.94845   2.19665   0.21089    96.65717    97.64248    -0.98531
  -6.69056   1.86057   0.21089   104.13646   105.67270    -1.53625
  -5.43437   4.45888  -0.19429    61.02467    61.03163    -0.00696
  -5.86685   4.42647  -0.19429    66.99605    66.75560     0.24045
  -6.27056   4.26803  -0.19429    71.66723    71.33833     0.32890
  -6.60963   3.99763  -0.19429    75.61238    75.28130     0.33109
  -6.85394   3.63930  -0.19429    79.25570    78.98120     0.27451
  -6.98177   3.22487  -0.19429    82.96993    82.79562     0.17431
  -6.98177   2.79118  -0.19429    87.12091    87.08756     0.03335
  -6.85394   2.37676  -0.19429    92.05753    92.24066    -0.18313
  -6.60963   2.01843  -0.19429    98.14751    98.67974    -0.53223
  -5.43349   4.19090  -0.54223    62.49744    61.95523     0.54220
  -5.86819   4.15062  -0.54223    68.64452    67.92827     0.71625
  -6.25899   3.95603  -0.54223    73.59243    72.78008     0.81235
  -6.55311   3.63340  -0.54223    77.90907    77.04209     0.86698
  -6.71081   3.22631  -0.54223    82.09895    81.17903     0.91992
  -6.71081   2.78975  -0.54223    86.64902    85.62586     1.02316
  -6.55311   2.38266  -0.54223    92.16922    90.84927     1.31996
  -5.54310   3.84803  -0.80922    67.38699    65.54753     1.83946
  -5.96310   3.73549  -0.80922    73.21467    71.47963     1.73504
  -6.27056   3.42803  -0.80922    78.46630    76.60890     1.85739
  -6.38310   3.00803  -0.80922    83.71604    81.47388     2.24217
  -6.27056   2.58803  -0.80922    89.94282    86.60764     3.33518
  -5.76051   3.38459  -0.97705    75.73412    72.27962     3.45450
  -5.97791   3.00803  -0.97705    82.80804    78.75655     4.05148
  -2.33389   1.05326   2.05915    82.14727    81.06487     1.08239
  -1.89907   1.05326   2.00191    80.13045    79.19634     0.93411
  -2.11648   1.42982   2.00191    81.74755    80.55305     1.19449
  -2.55130   1.42982   2.00191    85.82447    84.10007     1.72441
  -2.76871   1.05326   2.00191    86.78958    85.23122     1.55836
  -2.55130   0.67670   2.00191    81.60761    80.89356     0.71405
  -2.11648   0.67670   2.00191    80.10033    79.34432     0.75602
  -1.49389   1.05326   1.83408    79.26575    78.46414     0.80160
  -1.60643   1.47326   1.83408    79.97734    79.03433     0.94301
  -1.91389   1.78072   1.83408    81.25244    80.04483     1.20761
  -2.33389   1.89326   1.83408    83.97269    82.17664     1.79605
  -2.75389   1.78072   1.83408    90.28732    87.12364     3.16368
  -3.06135   1.47326   1.83408    96.35095    92.35297     3.99798
  -3.17389   1.05326   1.83408    95.99515    93.00310     2.99204
  -2.75389   0.32580   1.83408    78.96140    79.09333    -0.13193
  -2.33389   0.21326   1.83408    78.07724    78.08016    -0.00292
  -1.91389   0.32580   1.83408    80.62995    79.85993     0.77002
  -1.60643   0.63326   1.83408    80.55088    79.57537     0.97551
  -1.14595   1.05326   1.56709    78.07034    77.45629     0.61405
  -1.80438   2.11666   1.56709    81.31331    80.02413     1.28918
  -2.22428   2.23613   1.56709    81.73248    80.01463     1.71785
  -2.65899   2.19585   1.56709    86.63773    82.68641     3.95132
  -2.22428  -0.12961   1.56709    77.62606    77.96812    -0.34206
  -1.22617   0.62413   1.56709    81.37292    80.08045     1.29248
  -1.80235   2.40761   1.21916    80.32812    79.44824     0.87987
  -2.22516   2.50412   1.21916    78.67840    77.20728     1.47111
  -2.22516  -0.39759   1.21916    77.99755    78.27377    -0.27622
  -1.91389   2.62072   0.81397    77.23512    77.63965    -0.40453
  -2.27645   2.98523   0.62798    69.52805    69.18647     0.34158
  -1.58873   2.68690   0.36099    76.61640    78.76397    -2.14757
  -1.81855   3.05808   0.36099    71.14263    72.09692    -0.95429
  -2.16694   3.32117   0.36099    65.54086    65.74404    -0.20318
  -2.58684   3.44064   0.36099    58.41925    58.63248    -0.21323
  -1.30616   2.68661   0.01305    75.54273    78.37725    -2.83452
  -1.49434   3.07735   0.01305    71.27755    72.71522    -1.43767
  -1.78932   3.39527   0.01305    67.15230    67.46683    -0.31452
  -2.16491   3.61212   0.01305    62.97748    62.85005     0.12743
  -2.58772   3.70862   0.01305    57.46104    57.70684    -0.24579
  -1.07369   2.25777  -0.39213    77.96743    79.97515    -2.00772
  -1.12899   2.67777  -0.39213    74.15280    76.36155    -2.20876
  -1.29110   3.06914  -0.39213    70.71405    71.85701    -1.14296
  -1.54899   3.40523  -0.39213    67.66623    67.68862    -0.02239
  -1.88507   3.66311  -0.39213    64.92464    64.27555     0.64909
  -2.27645   3.82523  -0.39213    61.93958    61.16407     0.77551
  -2.69645   3.88052  -0.39213    57.91222    57.61566     0.29656
  -3.11645   3.82523  -0.39213    51.81534    52.67074    -0.85540
  -1.01645   2.25777  -0.82695    78.15380    78.33620    -0.18240
  -1.06923   2.67556  -0.82695    73.92878    74.60637    -0.67760
  -1.22425   3.06711  -0.82695    70.74668    70.80523    -0.05855
  -1.47178   3.40781  -0.82695    68.22472    67.48396     0.74076
  -1.79626   3.67624  -0.82695    66.15205    64.84268     1.30937
  -2.17730   3.85554  -0.82695    64.14339    62.62715     1.51625
  -2.59096   3.93445  -0.82695    61.80718    60.48205     1.32513
  -3.01125   3.90801  -0.82695    58.84784    58.09007     0.75777
  -3.41176   3.77788  -0.82695    55.27292    55.23669     0.03623
  -1.07369   2.25777  -1.26176    79.99805    78.64072     1.35733
  -1.12899   2.67777  -1.26176    75.12042    74.39164     0.72878
  -1.29110   3.06914  -1.26176    71.84733    70.77439     1.07294
  -1.54899   3.40523  -1.26176    69.47660    67.88112     1.59547
  -1.88507   3.66311  -1.26176    67.66309    65.68849     1.97461
  -2.27645   3.82523  -1.26176    66.09369    64.00680     2.08689
  -2.69645   3.88052  -1.26176    64.57951    62.66910     1.91042
  -3.11645   3.82523  -1.26176    63.18017    61.64932     1.53084
  -3.50783   3.66311  -1.26176    62.41398    61.19140     1.22258
  -3.84391   3.40523  -1.26176    63.64641    62.08490     1.56150
  -4.10180   3.06914  -1.26176    69.16912    66.06076     3.10836
  -1.24153   2.25777  -1.66695    82.84255    80.07096     2.77159
  -1.30616   2.68661  -1.66695    77.15606    75.26673     1.88932
  -1.49434   3.07735  -1.66695    73.57612    71.57312     2.00299
  -1.78932   3.39527  -1.66695    71.17527    68.88529     2.28997
  -2.16491   3.61212  -1.66695    69.50923    67.06640     2.44283
  -2.58772   3.70862  -1.66695    68.35524    65.99546     2.35977
  -3.02020   3.67621  -1.66695    67.78734    65.71020     2.07714
  -3.42391   3.51777  -1.66695    68.30190    66.53231     1.76959
  -3.76298   3.24736  -1.66695    70.87281    69.18848     1.68433
  -4.00729   2.88903  -1.66695    76.58628    74.76206     1.82422
  -1.50851   2.25777  -2.01489    85.92299    81.84628     4.07671
  -1.58873   2.68690  -2.01489    79.48412    76.67795     2.80617
  -1.81855   3.05808  -2.01489    75.62744    72.99171     2.63573
  -2.16694   3.32117  -2.01489    73.32637    70.67980     2.64657
  -2.58684   3.44064  -2.01489    72.16422    69.64539     2.51883
  -3.02154   3.40036  -2.01489    72.18556    69.97989     2.20566
  -3.41234   3.20576  -2.01489    73.90619    72.08155     1.82464
  -3.70646   2.88313  -2.01489    78.07912    76.57232     1.50681
  -3.86416   2.47605  -2.01489    85.10535    83.71917     1.38618
  -1.85645   2.25777  -2.28187    88.48386    83.80697     4.67689
  -1.96899   2.67777  -2.28187    81.56808    78.32222     3.24586
  -2.27645   2.98523  -2.28187    77.91534    75.08762     2.82773
  -2.69645   3.09777  -2.28187    76.69296    74.17969     2.51326
  -3.11645   2.98523  -2.28187    77.92538    75.83238     2.09301
  -3.42391   2.67777  -2.28187    82.23010    80.48095     1.74915
  -3.53645   2.25777  -2.28187    90.21830    88.07158     2.14671
  -2.26163   2.25777  -2.44970    90.32121    85.95547     4.36574
  -2.47904   2.63433  -2.44970    83.54850    80.50535     3.04315
  -2.91386   2.63433  -2.44970    83.71918    81.23577     2.48341
  -1.77541   1.83574  -2.55485    95.75230    89.02239     6.72991
  -2.09989   2.10417  -2.55485    91.90253    87.02351     4.87902
  -2.48093   2.28348  -2.55485    89.87254    86.14010     3.73243
  -2.89459   2.36239  -2.55485    88.57422    85.73204     2.84218
  -3.31488   2.33595  -2.55485    87.88271    85.77298     2.10973
  -3.71539   2.20581  -2.55485    88.22846    86.65212     1.57634
  -4.07095   1.98016  -2.55485    89.65667    88.54129     1.11538
  -4.35923   1.67318  -2.55485    91.64713    91.03898     0.60816
  -4.56211   1.30415  -2.55485    93.30941    93.39767    -0.08826
  -4.66683   0.89626  -2.55485    93.84907    95.09543    -1.24636
  -4.66683   0.47514  -2.55485    93.53782    96.26527    -2.72745
  -1.85262   1.83316  -2.98966    92.89839    87.74187     5.15652
  -2.18870   2.09105  -2.98966    89.27389    85.44538     3.82851
  -2.58008   2.25316  -2.98966    87.20625    84.21348     2.99277
  -3.00008   2.30846  -2.98966    86.08552    83.71077     2.37475
  -3.42008   2.25316  -2.98966    85.73537    83.87058     1.86479
  -3.81146   2.09105  -2.98966    86.12003    84.73284     1.38719
  -4.14754   1.83316  -2.98966    87.03933    86.19078     0.84855
  -4.40543   1.49708  -2.98966    88.07661    87.91542     0.16118
  -4.56754   1.10570  -2.98966    88.78757    89.54465    -0.75708
  -4.62284   0.68570  -2.98966    89.05238    90.96193    -1.90954
  -4.56754   0.26570  -2.98966    89.28268    92.41623    -3.13355
  -4.40543  -0.12568  -2.98966    90.23712    94.38661    -4.14948
  -1.79797   1.50529  -3.39485    95.81317    89.82132     5.99186
  -2.09295   1.82321  -3.39485    90.49817    86.29695     4.20122
  -2.46854   2.04005  -3.39485    87.41521    84.19349     3.22172
  -2.89136   2.13656  -3.39485    85.72219    83.14531     2.57688
  -3.32383   2.10415  -3.39485    84.98926    82.93643     2.05283
  -3.72754   1.94570  -3.39485    84.97545    83.44765     1.52780
  -4.06662   1.67530  -3.39485    85.42475    84.51294     0.91182
  -4.31092   1.31697  -3.39485    86.01524    85.87966     0.13558
  -4.43875   0.90255  -3.39485    86.53356    87.35052    -0.81696
  -4.43875   0.46886  -3.39485    87.09644    88.95952    -1.86308
  -4.31092   0.05443  -3.39485    88.19270    90.98834    -2.79565
  -4.06662  -0.30390  -3.39485    90.48938    93.78942    -3.30004
  -3.72754  -0.57430  -3.39485    94.60082    97.55675    -2.95593
  -3.32383  -0.73274  -3.39485   101.03907   102.21728    -1.17821
  -1.89236   1.11484  -3.74279    99.69369    93.01955     6.67414
  -2.12218   1.48601  -3.74279    92.80112    88.17138     4.62975
  -2.47057   1.74910  -3.74279    88.60120    85.14229     3.45892
  -2.89047   1.86857  -3.74279    86.26875    83.54826     2.72049
  -3.32518   1.82829  -3.74279    85.19571    83.07089     2.12482
  -3.71597   1.63370  -3.74279    84.96730    83.46370     1.50360
  -4.01009   1.31107  -3.74279    85.24591    84.48250     0.76341
  -4.16779   0.90398  -3.74279    85.82385    85.93128    -0.10743
  -4.16779   0.46742  -3.74279    86.81029    87.81623    -1.00594
  -4.01009   0.06033  -3.74279    88.70098    90.39228    -1.69130
  -3.71597  -0.26229  -3.74279    92.18679    94.01485    -1.82806
  -3.32518  -0.45689  -3.74279    97.94796    98.97994    -1.03198
  -2.16008   0.68570  -4.00977   102.93791    97.02662     5.91130
  -2.27262   1.10570  -4.00977    95.34819    90.74940     4.59879
  -2.58008   1.41316  -4.00977    90.09719    86.64762     3.44956
  -3.00008   1.52570  -4.00977    87.22445    84.59849     2.62595
  -3.42008   1.41316  -4.00977    86.08113    84.18145     1.89967
  -3.72754   1.10570  -4.00977    86.10121    84.99310     1.10811
  -3.84008   0.68570  -4.00977    87.06255    86.78497     0.27758
  -3.72754   0.26570  -4.00977    89.31343    89.64253    -0.32910
  -3.42008  -0.04176  -4.00977    93.61940    93.89692    -0.27753
  -3.00008  -0.15430  -4.00977   100.61299    99.63461     0.97838
  -2.56527   0.68570  -4.17760    97.10772    93.45711     3.65061
  -2.78267   1.06226  -4.17760    91.29322    88.28794     3.00527
  -3.21749   1.06226  -4.17760    88.44872    86.40005     2.04867
  -3.43490   0.68570  -4.17760    89.12204    87.94899     1.17305
  -3.21749   0.30914  -4.17760    93.26925    92.18056     1.08869
  -2.78267   0.30914  -4.17760    98.82961    96.23774     2.59187
  -3.00008   0.68570  -4.23485    92.45223    90.23554     2.21669
  -4.98816  -1.04215  -1.01682    78.01010    80.90464    -2.89454
  -4.82605  -1.43353  -1.01682    71.14326    72.93017    -1.78690
  -4.56816  -1.76961  -1.01682    69.06934    69.80219    -0.73285
  -4.23208  -2.02750  -1.01682    71.38109    70.96060     0.42049
  -3.84070  -2.18961  -1.01682    77.46793    75.62363     1.84430
  -3.42070  -2.24490  -1.01682    86.95399    83.05396     3.90003
  -5.08745  -0.41159  -1.45163    91.72306    96.71508    -4.99201
  -5.08745  -0.83271  -1.45163    84.52553    87.91530    -3.38977
  -4.98272  -1.24060  -1.45163    79.34669    81.43606    -2.08937
  -4.77985  -1.60963  -1.45163    76.84042    77.84442    -1.00400
  -4.49157  -1.91661  -1.45163    77.26336    77.25045     0.01291
  -4.13601  -2.14226  -1.45163    80.59105    79.50387     1.08717
  -3.73550  -2.27239  -1.45163    86.74817    84.33900     2.40917
  -3.31521  -2.29883  -1.45163    95.68077    91.30934     4.37143
  -2.90155  -2.21992  -1.45163   107.15980    99.27298     7.88682
  -4.98816  -0.20215  -1.88645    92.59907    97.06941    -4.47035
  -5.04345  -0.62215  -1.88645    87.26210    90.94550    -3.68340
  -4.98816  -1.04215  -1.88645    83.41923    85.98624    -2.56701
  -4.82605  -1.43353  -1.88645    81.44320    82.93811    -1.49491
  -4.56816  -1.76961  -1.88645    81.68103    82.19578    -0.51475
  -4.23208  -2.02750  -1.88645    84.36363    83.93351     0.43013
  -3.84070  -2.18961  -1.88645    89.72947    88.23893     1.49053
  -3.42070  -2.24490  -1.88645    98.20210    95.13712     3.06498
  -4.85937  -0.40530  -2.29163    89.03732    93.06674    -4.02942
  -4.85937  -0.83899  -2.29163    85.86652    89.06875    -3.20223
  -4.73154  -1.25342  -2.29163    84.42450    86.60547    -2.18097
  -4.48723  -1.61175  -2.29163    85.06770    86.27236    -1.20466
  -4.14816  -1.88215  -2.29163    88.18705    88.49444    -0.30740
  -3.74445  -2.04059  -2.29163    94.35672    93.68430     0.67243
  -4.58841  -0.40387  -2.63957    89.74766    94.13224    -4.38458
  -4.58841  -0.84043  -2.63957    87.41458    90.96090    -3.54631
  -4.43071  -1.24752  -2.63957    87.29975    89.82387    -2.52412
  -4.13659  -1.57014  -2.63957    89.75833    91.34504    -1.58671
  -3.74579  -1.76474  -2.63957    95.41658    96.11063    -0.69405
  -4.26070  -0.62215  -2.90655    90.96252    95.31691    -4.35439
  -4.14816  -1.04215  -2.90655    90.66885    93.95899    -3.29014
  -3.84070  -1.34961  -2.90655    94.06681    96.28188    -2.21507
  -3.42070  -1.46215  -2.90655   101.49590   102.21971    -0.72381
  -3.63811  -0.99871  -3.07439    97.60785   100.14811    -2.54026
  -0.65610  -3.54653  -2.77324    94.14651    94.01784     0.12866
  -0.23610  -3.60183  -2.77324    92.22444    91.27909     0.94535
   0.18390  -3.54653  -2.77324    90.41784    88.62290     1.79495
   0.57528  -3.38442  -2.77324    87.50557    85.05606     2.44951
   0.91137  -3.12653  -2.77324    82.81557    80.25075     2.56482
   1.16925  -2.79045  -2.77324    76.29135    74.50706     1.78429
   1.44390  -1.97907  -3.20805    72.51814    71.11669     1.40145
   1.39112  -1.56127  -3.20805    72.55265    70.70681     1.84584
   1.23610  -1.16972  -3.20805    74.99805    72.07885     2.91921
   0.98857  -0.82903  -3.20805    79.80289    75.15506     4.64783
  -0.55090  -3.62931  -3.20805    88.49013    88.93363    -0.44349
  -0.13061  -3.65575  -3.20805    86.92262    86.51065     0.41196
   0.28305  -3.57684  -3.20805    85.62304    84.38755     1.23550
   0.66409  -3.39754  -3.20805    83.83464    81.99151     1.84313
   0.98857  -3.12911  -3.20805    81.20412    79.12797     2.07615
   1.23610  -2.78842  -3.20805    77.86954    75.97885     1.89069
   1.39112  -2.39687  -3.20805    74.59205    73.07209     1.51997
   1.38666  -1.97907  -3.64287    75.87155    74.01499     1.85656
   1.33137  -1.55907  -3.64287    75.98199    73.95897     2.02302
   1.16925  -1.16769  -3.64287    77.57398    75.09933     2.47465
   0.91137  -0.83161  -3.64287    80.87029    77.52734     3.34294
   0.57528  -0.57372  -3.64287    86.29009    81.26185     5.02824
  -0.65610  -3.54653  -3.64287    85.89915    86.47778    -0.57864
  -0.23610  -3.60183  -3.64287    84.07435    84.06630     0.00805
   0.18390  -3.54653  -3.64287    82.95613    82.20981     0.74632
   0.57528  -3.38442  -3.64287    81.83414    80.45212     1.38202
   0.91137  -3.12653  -3.64287    80.37769    78.59681     1.78088
   1.16925  -2.79045  -3.64287    78.61439    76.70261     1.91178
   1.33137  -2.39907  -3.64287    76.92074    75.04660     1.87414
   1.21883  -1.97907  -4.04805    77.20312    75.55350     1.64962
   1.15419  -1.55022  -4.04805    77.52503    75.87810     1.64693
   0.96602  -1.15948  -4.04805    79.07875    77.30279     1.77596
   0.67103  -0.84157  -4.04805    82.25897    80.03848     2.22049
  -0.55985  -3.39751  -4.04805    83.47822    83.65899    -0.18077
  -0.12737  -3.42992  -4.04805    81.75445    81.58026     0.17418
   0.29545  -3.33342  -4.04805    80.70023    79.94030     0.75994
   0.67103  -3.11657  -4.04805    79.74893    78.48017     1.26876
   0.96602  -2.79866  -4.04805    78.71165    77.14309     1.56857
   1.15419  -2.40792  -4.04805    77.73901    76.07533     1.66369
   0.95184  -1.97907  -4.39599    77.85699    76.77313     1.08386
   0.87162  -1.54994  -4.39599    78.49705    77.56288     0.93417
   0.64180  -1.17876  -4.39599    80.46680    79.67084     0.79596
   0.29341  -0.91567  -4.39599    84.44333    83.58518     0.85814
  -0.56119  -3.12166  -4.39599    82.66308    82.50493     0.15816
  -0.12649  -3.16194  -4.39599    80.62995    80.46054     0.16941
   0.29341  -3.04247  -4.39599    79.49730    78.91909     0.57821
   0.64180  -2.77938  -4.39599    78.68153    77.73098     0.95056
   0.87162  -2.40820  -4.39599    78.05779    76.93880     1.11899
   0.60390  -1.97907  -4.66297    78.58490    78.24138     0.34351
   0.49137  -1.55907  -4.66297    79.79662    79.76764     0.02897
   0.18390  -1.25161  -4.66297    83.03331    83.39882    -0.36551
  -0.23610  -2.81907  -4.66297    80.74165    80.70570     0.03595
   0.18390  -2.70653  -4.66297    79.26010    79.04818     0.21192
   0.49137  -2.39907  -4.66297    78.56670    78.15939     0.40731
   0.19872  -1.97907  -4.83081    79.97546    80.34198    -0.36652
  -0.01869  -1.60251  -4.83081    82.78607    83.61982    -0.83375
  -0.01869  -2.35563  -4.83081    80.20826    80.46498    -0.25671
  -0.23610  -1.97907  -4.88805    82.76286    83.43377    -0.67092
  -1.38273   0.69333  -3.94477   101.94582    94.01892     7.92690
  -1.80301   0.66688  -3.94477   104.96289    97.29074     7.67214
  -3.05024  -0.36491  -3.94477   100.42662   100.17789     0.24873
  -3.15497  -0.77280  -3.94477    96.55238    97.78403    -1.23166
  -3.15497  -1.19392  -3.94477    93.97833    96.27502    -2.29668
  -0.08287  -0.17198  -4.37959    86.44006    83.96817     2.47189
  -0.34075   0.16410  -4.37959    87.71767    84.51854     3.19914
  -0.67684   0.42199  -4.37959    89.76461    85.82625     3.93836
  -1.06821   0.58410  -4.37959    92.21817    87.62428     4.59389
  -1.48821   0.63940  -4.37959    94.65416    89.76835     4.88581
  -1.90821   0.58410  -4.37959    96.65027    92.05225     4.59801
  -2.29959   0.42199  -4.37959    97.70511    93.97944     3.72567
  -2.63567   0.16410  -4.37959    97.23887    94.83975     2.39912
  -2.89356  -0.17198  -4.37959    95.25280    94.36893     0.88388
  -3.05568  -0.56336  -4.37959    92.61099    93.09918    -0.48819
  -3.11097  -0.98336  -4.37959    90.17688    91.79019    -1.61331
  -3.05568  -1.40336  -4.37959    88.44244    90.95306    -2.51062
  -2.89356  -1.79474  -4.37959    87.75030    90.78988    -3.03958
  -0.03329  -0.98336  -4.78477    83.35083    83.74797    -0.39714
  -0.09793  -0.55451  -4.78477    82.95738    82.48431     0.47307
  -0.28610  -0.16377  -4.78477    83.62380    82.23395     1.38985
  -0.58108   0.15414  -4.78477    85.05703    82.83845     2.21858
  -0.95667   0.37099  -4.78477    86.92764    84.03415     2.89349
  -1.37949   0.46750  -4.78477    88.85409    85.58203     3.27206
  -1.81197   0.43508  -4.78477    90.40906    87.21187     3.19718
  -2.21567   0.27664  -4.78477    91.15705    88.52922     2.62783
  -2.55475   0.00624  -4.78477    90.78431    89.11310     1.67121
  -2.79905  -0.35209  -4.78477    89.39438    88.85538     0.53899
  -2.92689  -0.76651  -4.78477    87.52628    88.08371    -0.55743
  -2.92689  -1.20021  -4.78477    85.77427    87.26079    -1.48652
  -2.79905  -1.61463  -4.78477    84.56695    86.68222    -2.11528
  -2.55475  -1.97296  -4.78477    84.13836    86.35297    -2.21462
  -2.21567  -2.24336  -4.78477    84.47094    86.02433    -1.55339
  -0.30027  -0.98336  -5.13271    81.00395    81.51483    -0.51088
  -0.38049  -0.55423  -5.13271    81.25495    80.95622     0.29873
  -0.61032  -0.18305  -5.13271    82.24140    81.07967     1.16173
  -0.95870   0.08004  -5.13271    83.70663    81.83131     1.87532
  -1.37861   0.19951  -5.13271    85.24026    82.96291     2.27735
  -1.81331   0.15923  -5.13271    86.36853    84.13410     2.23443
  -2.20411  -0.03536  -5.13271    86.67977    84.94977     1.73000
  -2.49822  -0.35799  -5.13271    86.03846    85.13954     0.89892
  -2.65593  -0.76508  -5.13271    84.73700    84.77557    -0.03857
  -2.65593  -1.20164  -5.13271    83.31506    84.18132    -0.86626
  -2.49822  -1.60873  -5.13271    82.24893    83.62714    -1.37821
  -2.20411  -1.93136  -5.13271    81.77578    83.16754    -1.39176
  -1.81331  -2.12595  -5.13271    81.83038    82.77131    -0.94093
  -1.37861  -2.16623  -5.13271    82.10397    82.58052    -0.47655
  -0.95870  -2.04676  -5.13271    82.22947    82.73869    -0.50921
  -0.61032  -1.78367  -5.13271    81.98537    82.86238    -0.87701
  -0.38049  -1.41249  -5.13271    81.41685    82.38472    -0.96787
  -0.64821  -0.98336  -5.39969    79.94910    80.20666    -0.25756
  -0.76075  -0.56336  -5.39969    80.57975    80.09074     0.48901
  -1.06821  -0.25590  -5.39969    81.75257    80.55152     1.20104
  -1.48821  -0.14336  -5.39969    82.95801    81.40510     1.55291
  -1.90821  -0.25590  -5.39969    83.55163    82.17803     1.37360
  -2.21567  -0.56336  -5.39969    83.18956    82.44731     0.74225
  -2.32821  -0.98336  -5.39969    82.13911    82.18779    -0.04867
  -2.21567  -1.40336  -5.39969    81.05038    81.70081    -0.65043
  -1.90821  -1.71082  -5.39969    80.39526    81.23421    -0.83895
  -1.48821  -1.82336  -5.39969    80.17061    80.91661    -0.74600
  -1.06821  -1.71082  -5.39969    80.06268    80.78790    -0.72522
  -0.76075  -1.40336  -5.39969    79.90455    80.58728    -0.68274
  -1.05340  -0.98336  -5.56752    79.70061    79.67191     0.02870
  -1.27081  -0.60680  -5.56752    80.64627    79.94460     0.70167
  -1.70562  -0.60680  -5.56752    81.38422    80.58583     0.79839
  -1.92303  -0.98336  -5.56752    80.84079    80.65909     0.18170
  -1.70562  -1.35992  -5.56752    79.90643    80.23165    -0.32522
  -1.27081  -1.35992  -5.56752    79.51173    79.87493    -0.36320
  -1.48821  -0.98336  -5.62477    80.02817    79.82978     0.19838
  -2.79181  -2.29302  -1.38549   107.55136    99.04256     8.50881
  -2.67927  -2.71302  -1.38549   101.58249    95.08281     6.49969
  -2.37181  -3.02048  -1.38549   100.48686    94.39418     6.09268
  -1.95181  -3.13302  -1.38549   103.39788    96.46655     6.93133
  -3.11952  -2.51130  -1.65248    98.56856    94.13777     4.43079
  -2.96182  -2.91839  -1.65248    94.62467    90.79514     3.82953
  -2.66771  -3.24102  -1.65248    93.55727    89.93442     3.62285
  -2.27691  -3.43561  -1.65248    94.64538    91.05939     3.58598
  -1.84220  -3.47589  -1.65248    98.09480    94.18308     3.91172
  -3.39048  -2.50987  -2.00041    95.00180    92.62352     2.37828
  -3.26265  -2.92429  -2.00041    91.04912    88.83176     2.21736
  -3.01835  -3.28262  -2.00041    89.29146    87.11421     2.17725
  -2.67927  -3.55302  -2.00041    89.04172    86.95632     2.08539
  -2.27556  -3.71147  -2.00041    90.10911    88.17895     1.93016
  -1.84308  -3.74388  -2.00041    92.68692    90.85866     1.82826
  -1.42027  -3.64737  -2.00041    97.38445    95.17813     2.20632
  -3.57457  -2.29302  -2.40560    94.46905    93.74348     0.72557
  -3.51927  -2.71302  -2.40560    90.03381    89.18479     0.84902
  -3.35716  -3.10440  -2.40560    87.42651    86.40557     1.02093
  -3.09927  -3.44048  -2.40560    86.11752    85.01986     1.09766
  -2.76319  -3.69837  -2.40560    85.80251    84.76892     1.03359
  -2.37181  -3.86048  -2.40560    86.37668    85.53991     0.83677
  -1.95181  -3.91578  -2.40560    87.90404    87.33751     0.56653
  -1.53181  -3.86048  -2.40560    90.58351    90.21727     0.36624
  -1.14043  -3.69837  -2.40560    94.67110    94.11402     0.55708
  -3.51384  -1.67457  -2.84041    98.94695    99.81587    -0.86892
  -3.61856  -2.08246  -2.84041    93.37781    94.21549    -0.83769
  -3.61856  -2.50358  -2.84041    89.22118    89.69026    -0.46907
  -3.51384  -2.91147  -2.84041    86.37355    86.47769    -0.10415
  -3.31096  -3.28050  -2.84041    84.60962    84.46641     0.14320
  -3.02268  -3.58748  -2.84041    83.71290    83.48453     0.22838
  -2.66712  -3.81313  -2.84041    83.54724    83.40436     0.14288
  -2.26661  -3.94326  -2.84041    84.07874    84.16592    -0.08718
  -1.84632  -3.96971  -2.84041    85.36388    85.76450    -0.40062
  -1.43266  -3.89080  -2.84041    87.53067    88.21552    -0.68485
  -1.05162  -3.71149  -2.84041    90.80125    91.52152    -0.72027
  -3.35716  -1.48164  -3.27523    97.52690    99.32719    -1.80030
  -3.51927  -1.87302  -3.27523    92.38509    94.43690    -2.05182
  -3.57457  -2.29302  -3.27523    88.46441    90.12600    -1.66160
  -3.51927  -2.71302  -3.27523    85.58288    86.76183    -1.17895
  -3.35716  -3.10440  -3.27523    83.62945    84.42392    -0.79448
  -3.09927  -3.44048  -3.27523    82.46918    83.04862    -0.57944
  -2.76319  -3.69837  -3.27523    81.99290    82.54409    -0.55119
  -2.37181  -3.86048  -3.27523    82.15480    82.84440    -0.68960
  -1.95181  -3.91578  -3.27523    82.98813    83.92470    -0.93657
  -1.53181  -3.86048  -3.27523    84.61777    85.80581    -1.18803
  -1.14043  -3.69837  -3.27523    87.35936    88.60939    -1.25003
  -3.26265  -1.66175  -3.68042    92.74528    95.58471    -2.83944
  -3.39048  -2.07618  -3.68042    88.30314    90.97491    -2.67177
  -3.39048  -2.50987  -3.68042    85.16747    87.32009    -2.15262
  -3.26265  -2.92429  -3.68042    83.02578    84.68417    -1.65839
  -3.01835  -3.28262  -3.68042    81.72433    83.05302    -1.32869
  -2.67927  -3.55302  -3.68042    81.16522    82.36222    -1.19701
  -2.27556  -3.71147  -3.68042    81.32460    82.55108    -1.22648
  -1.84308  -3.74388  -3.68042    82.28469    83.59893    -1.31424
  -1.42027  -3.64737  -3.68042    84.32033    85.57721    -1.25687
  -3.11952  -2.07474  -4.02835    87.52377    90.71513    -3.19136
  -3.11952  -2.51130  -4.02835    84.25256    86.90180    -2.64923
  -2.96182  -2.91839  -4.02835    82.26148    84.37930    -2.11782
  -2.66771  -3.24102  -4.02835    81.28758    83.04003    -1.75245
  -2.27691  -3.43561  -4.02835    81.27566    82.80276    -1.52710
  -1.84220  -3.47589  -4.02835    82.36564    83.62380    -1.25815
  -2.79181  -2.29302  -4.29534    86.08426    89.04282    -2.95856
  -2.67927  -2.71302  -4.29534    83.29122    85.67058    -2.37937
  -2.37181  -3.02048  -4.29534    82.36941    84.15175    -1.78234
  -1.95181  -3.13302  -4.29534    83.25922    84.28262    -1.02340
   3.27804  -4.40296   0.46598    81.88685    82.71154    -0.82469
   3.22275  -3.98296   0.46598    87.89777    87.88165     0.01612
   2.46666  -5.80830   0.46598    62.84508    61.85386     0.99122
   2.80275  -5.55042   0.46598    67.17426    66.91938     0.25488
   3.06063  -5.21433   0.46598    71.64527    72.04071    -0.39544
   3.22275  -4.82296   0.46598    76.50784    77.32382    -0.81598
   3.33529  -4.40296   0.03117    84.89953    84.73307     0.16646
   3.28251  -3.98516   0.03117    90.84016    89.84903     0.99113
   1.34049  -6.05320   0.03117    58.03020    57.21589     0.81430
   1.76077  -6.07964   0.03117    62.04939    60.84785     1.20154
   2.17443  -6.00073   0.03117    65.71279    64.55092     1.16188
   2.55547  -5.82143   0.03117    69.17163    68.28927     0.88236
   2.87995  -5.55300   0.03117    72.61665    72.09748     0.51918
   3.12748  -5.21230   0.03117    76.24115    76.04493     0.19622
   3.28251  -4.82076   0.03117    80.24466    80.21747     0.02719
   3.27804  -4.40296  -0.40365    87.48737    86.54773     0.93965
   3.22275  -3.98296  -0.40365    93.24352    91.44923     1.79429
   0.84391  -5.80830  -0.40365    62.65996    63.32509    -0.66513
   1.23529  -5.97042  -0.40365    65.06081    64.84698     0.21383
   1.65529  -6.02571  -0.40365    67.79675    67.05181     0.74495
   2.07529  -5.97042  -0.40365    70.60047    69.64722     0.95324
   2.46666  -5.80830  -0.40365    73.43555    72.49421     0.94134
   2.80275  -5.55042  -0.40365    76.37544    75.55157     0.82386
   3.06063  -5.21433  -0.40365    79.55063    78.84349     0.70714
   3.22275  -4.82296  -0.40365    83.14940    82.45251     0.69690
   3.11021  -4.40296  -0.80883    88.97645    87.50620     1.47025
   3.04557  -3.97411  -0.80883    93.72419    91.48494     2.23926
   0.34445  -5.03422  -0.80883    75.81633    76.98141    -1.16508
   0.58875  -5.39255  -0.80883    72.05629    73.05556    -0.99927
   0.92782  -5.66296  -0.80883    71.39489    71.75794    -0.36305
   1.33154  -5.82140  -0.80883    72.38259    72.10488     0.27771
   1.76401  -5.85381  -0.80883    74.18982    73.46474     0.72508
   2.18683  -5.75731  -0.80883    76.42187    75.46358     0.95829
   2.56242  -5.54046  -0.80883    78.95074    77.90614     1.04460
   2.85740  -5.22254  -0.80883    81.79775    80.71655     1.08120
   3.04557  -4.83180  -0.80883    85.07711    83.89998     1.17713
   2.84323  -4.40296  -1.15677    89.49603    87.71181     1.78423
   2.76301  -3.97382  -1.15677    92.58714    90.16966     2.41748
   2.53318  -3.60265  -1.15677    93.81455    90.14591     3.66864
   0.64528  -5.02832  -1.15677    82.35058    82.60645    -0.25587
   0.93939  -5.35095  -1.15677    79.03294    79.07997    -0.04703
   1.33019  -5.54555  -1.15677    78.38660    77.97647     0.41013
   1.76489  -5.58583  -1.15677    79.28206    78.45852     0.82354
   2.18480  -5.46636  -1.15677    81.06419    79.96163     1.10256
   2.53318  -5.20327  -1.15677    83.43241    82.14779     1.28462
   2.76301  -4.83209  -1.15677    86.27816    84.81035     1.46782
   2.49529  -4.40296  -1.42375    89.57384    87.65702     1.91682
   2.38275  -3.98296  -1.42375    91.10057    88.68066     2.41992
   2.07529  -3.67549  -1.42375    89.82296    86.79622     3.02674
   0.92782  -4.82296  -1.42375    87.80678    87.22099     0.58579
   1.23529  -5.13042  -1.42375    84.30402    83.66433     0.63969
   1.65529  -5.24296  -1.42375    83.66961    82.69781     0.97180
   2.07529  -5.13042  -1.42375    84.84870    83.55331     1.29539
   2.38275  -4.82296  -1.42375    87.04937    85.47364     1.57573
   2.09010  -4.40296  -1.59159    89.81230    87.89525     1.91705
   1.87269  -4.02639  -1.59159    90.90918    88.52143     2.38775
   1.43788  -4.02639  -1.59159    93.03770    90.37457     2.66313
   1.22047  -4.40296  -1.59159    92.32296    90.67281     1.65015
   1.43788  -4.77952  -1.59159    88.42174    87.19315     1.22859
   1.87269  -4.77952  -1.59159    87.95424    86.45366     1.50058
   1.65529  -4.40296  -1.64883    90.68077    88.84825     1.83252
   2.52709  -3.84085   3.77549    46.64341    46.65801    -0.01460
   2.96191  -3.84085   3.77549    46.12069    45.40637     0.71432
   2.01704  -3.88429   3.60765    49.59396    49.69818    -0.10422
   2.32450  -4.19175   3.60765    51.99920    51.65218     0.34702
   2.74450  -4.30429   3.60765    52.76288    52.11381     0.64907
   3.16450  -4.19175   3.60765    51.49908    50.46544     1.03364
   3.47196  -3.88429   3.60765    47.38512    45.79786     1.58727
   1.57679  -3.68257   3.34067    52.22448    51.59004     0.63443
   1.73450  -4.08966   3.34067    53.70164    52.72002     0.98161
   2.02861  -4.41228   3.34067    54.42013    53.67462     0.74552
   2.41941  -4.60688   3.34067    55.53334    54.91258     0.62076
   2.85411  -4.64716   3.34067    56.31961    55.57584     0.74376
   3.27401  -4.52769   3.34067    55.80379    54.80863     0.99516
   3.62240  -4.26460   3.34067    53.38161    52.04368     1.33793
   3.85222  -3.89342   3.34067    48.64391    46.76633     1.87758
   1.30583  -3.68113   2.99273    59.16599    55.49459     3.67140
   1.43366  -4.09556   2.99273    56.16147    52.94765     3.21383
   1.67797  -4.45389   2.99273    53.86416    52.16152     1.70264
   2.01704  -4.72429   2.99273    54.33354    53.70446     0.62908
   2.42075  -4.88273   2.99273    56.44887    56.08903     0.35984
   2.85323  -4.91514   2.99273    58.35587    57.85254     0.50334
   3.27604  -4.81864   2.99273    58.99029    58.25098     0.73931
   3.65163  -4.60179   2.99273    57.95929    56.99603     0.96325
   3.94661  -4.28388   2.99273    55.09282    53.88217     1.21065
   4.13479  -3.89314   2.99273    50.14617    48.54776     1.59841
   1.93312  -4.86964   2.58755    49.42139    49.69563    -0.27423
   2.32450  -5.03175   2.58755    54.16097    54.70086    -0.53988
   2.74450  -5.08704   2.58755    58.36654    58.52902    -0.16248
   3.16450  -5.03175   2.58755    60.79187    60.55607     0.23579
   3.55588  -4.86964   2.58755    61.31019    60.80474     0.50544
   3.89196  -4.61175   2.58755    60.04262    59.38674     0.65587
   4.14985  -4.27567   2.58755    57.01802    56.27137     0.74665
   4.31196  -3.88429   2.58755    52.04501    51.18659     0.85842
   2.42970  -5.11453   2.15273    52.44599    54.31097    -1.86498
   2.84999  -5.14097   2.15273    59.32600    60.25042    -0.92441
   3.26365  -5.06206   2.15273    62.84382    63.11471    -0.27089
   3.64469  -4.88276   2.15273    63.76752    63.69891     0.06861
   3.96917  -4.61433   2.15273    62.66310    62.49151     0.17159
   4.21670  -4.27364   2.15273    59.74581    59.64227     0.10354
   4.37172  -3.88209   2.15273    54.88888    54.98286    -0.09398
   3.16450  -5.03175   1.71791    64.37871    65.50413    -1.12542
   3.55588  -4.86964   1.71791    66.54675    67.07855    -0.53179
   3.89196  -4.61175   1.71791    66.05353    66.40769    -0.35416
   4.14985  -4.27567   1.71791    63.53283    64.02604    -0.49321
   4.31196  -3.88429   1.71791    59.04174    59.95948    -0.91774
   3.27604  -4.81864   1.31273    69.47158    70.94010    -1.46852
   3.65163  -4.60179   1.31273    70.39276    71.28644    -0.89368
   3.94661  -4.28388   1.31273    68.65330    69.52935    -0.87605
   4.13479  -3.89314   1.31273    64.86440    66.18298    -1.31858
   3.93244  -3.46429   0.96479    68.31131    69.97173    -1.66042
   3.27401  -4.52769   0.96479    75.97320    77.61531    -1.64211
   3.62240  -4.26460   0.96479    75.17313    76.23331    -1.06018
   3.85222  -3.89342   0.96479    72.37946    73.54199    -1.16253
   3.47196  -3.88429   0.69781    81.72997    82.17669    -0.44671
   5.28352  -1.44250   0.59678    60.50070    63.61348    -3.11278
   5.59098  -1.13504   0.59678    56.52668    59.13995    -2.61327
   6.05146  -0.71504   0.32979    52.39642    53.28898    -0.89257
   4.97313  -1.89791   0.32979    68.81269    71.36446    -2.55177
   5.39303  -1.77844   0.32979    63.41925    65.70434    -2.28509
   5.74142  -1.51535   0.32979    59.33918    61.18124    -1.84206
   5.97124  -1.14417   0.32979    55.81320    57.24247    -1.42926
   6.31844  -0.71504  -0.01815    52.57526    52.38358     0.19168
   6.25380  -0.28620  -0.01815    48.82902    47.79038     1.03865
   4.97225  -2.16590  -0.01815    73.30315    74.81187    -1.50872
   5.39506  -2.06939  -0.01815    67.12783    68.44062    -1.31279
   5.77065  -1.85254  -0.01815    62.72459    63.61028    -0.88568
   6.06563  -1.53463  -0.01815    59.14528    59.66281    -0.51753
   6.25380  -1.14389  -0.01815    55.88411    56.09514    -0.21103
   6.48627  -0.71504  -0.42333    53.14503    52.02334     1.12169
   6.43098  -0.29504  -0.42333    49.55003    47.77662     1.77341
   6.26887   0.09634  -0.42333    44.90646    41.65735     3.24912
   5.28352  -2.28250  -0.42333    71.03659    71.53899    -0.50240
   5.67490  -2.12039  -0.42333    66.24618    66.35594    -0.10976
   6.01098  -1.86250  -0.42333    62.51626    62.23945     0.27681
   6.26887  -1.52642  -0.42333    59.30906    58.73913     0.56993
   6.43098  -1.13504  -0.42333    56.28070    55.47454     0.80616
   6.54352  -0.71504  -0.85815    53.86040    52.10236     1.75804
   6.49074  -0.29724  -0.85815    50.37646    48.08954     2.28692
   6.33571   0.09431  -0.85815    45.90357    42.45023     3.45335
   4.96901  -2.39173  -0.85815    76.04035    76.11695    -0.07661
   5.38267  -2.31282  -0.85815    70.48187    70.26261     0.21925
   5.76371  -2.13351  -0.85815    66.29387    65.63613     0.65774
   6.08819  -1.86508  -0.85815    62.86390    61.83317     1.03073
   6.33571  -1.52439  -0.85815    59.82425    58.52654     1.29771
   6.49074  -1.13284  -0.85815    56.90507    55.40467     1.50040
   6.48627  -0.71504  -1.29296    54.61027    52.56973     2.04054
   6.43098  -0.29504  -1.29296    51.17089    48.68895     2.48194
   6.26887   0.09634  -1.29296    46.84045    43.37661     3.46383
   4.86352  -2.33780  -1.29296    75.59293    75.64701    -0.05408
   5.28352  -2.28250  -1.29296    70.79813    70.38857     0.40956
   5.67490  -2.12039  -1.29296    66.88436    65.96407     0.92029
   6.01098  -1.86250  -1.29296    63.55353    62.21801     1.33553
   6.26887  -1.52642  -1.29296    60.54714    58.92498     1.62215
   6.43098  -1.13504  -1.29296    57.63989    55.82020     1.81969
   6.31844  -0.71504  -1.69815    55.35826    53.41206     1.94620
   6.25380  -0.28620  -1.69815    51.86680    49.54319     2.32360
   6.06563   0.10455  -1.69815    47.61856    44.42929     3.18927
   4.13606  -1.97504  -1.69815    78.98148    79.83995    -0.85847
   4.53977  -2.13349  -1.69815    75.55152    76.21816    -0.66664
   4.97225  -2.16590  -1.69815    71.66974    71.73232    -0.06257
   5.39506  -2.06939  -1.69815    67.96242    67.36959     0.59283
   5.77065  -1.85254  -1.69815    64.59646    63.46090     1.13556
   6.06563  -1.53463  -1.69815    61.49154    59.98159     1.50995
   6.25380  -1.14389  -1.69815    58.47949    56.73650     1.74299
   6.05146  -0.71504  -2.04609    56.12319    54.64304     1.48015
   5.97124  -0.28591  -2.04609    52.62797    50.85005     1.77792
   5.74142   0.08527  -2.04609    48.75059    46.29770     2.45289
   4.14763  -1.66304  -2.04609    73.05215    74.75771    -1.70556
   4.53842  -1.85763  -2.04609    71.44949    72.60177    -1.15228
   4.97313  -1.89791  -2.04609    68.73990    69.08815    -0.34825
   5.39303  -1.77844  -2.04609    65.62557    65.22452     0.40105
   5.74142  -1.51535  -2.04609    62.48112    61.53330     0.94782
   5.97124  -1.14417  -2.04609    59.35110    58.07732     1.27379
   5.70352  -0.71504  -2.31307    56.97347    56.29570     0.67777
   5.59098  -0.29504  -2.31307    53.57990    52.73032     0.84958
   4.13606  -1.13504  -2.31307    67.44284    70.05064    -2.60780
   4.44352  -1.44250  -2.31307    67.79675    69.73601    -1.93925
   4.86352  -1.55504  -2.31307    66.26751    67.26055    -0.99304
   5.28352  -1.44250  -2.31307    63.55228    63.68449    -0.13221
   5.59098  -1.13504  -2.31307    60.35512    59.93627     0.41885
   5.29833  -0.71504  -2.48090    58.03396    58.41313    -0.37917
   5.08093  -0.33848  -2.48090    55.39277    55.93251    -0.53973
   4.64611  -1.09160  -2.48090    63.54726    65.49908    -1.95182
   5.08093  -1.09160  -2.48090    61.66410    62.56191    -0.89780
   4.86352  -0.71504  -2.53815    59.51614    61.03461    -1.51847
   5.47734   4.06502   1.11921    47.92667    49.25941    -1.33274
   5.36480   3.64502   1.11921    46.70930    47.34761    -0.63831
   5.82528   4.06502   0.85223    51.23929    52.03554    -0.79625
   5.74506   4.49415   0.85223    52.28221    53.06890    -0.78669
   5.51524   4.86533   0.85223    53.00573    53.34681    -0.34108
   5.16685   3.00162   0.85223    46.57187    43.00827     3.56360
   5.51524   3.26471   0.85223    47.36379    46.50054     0.86325
   5.74506   3.63589   0.85223    49.50736    49.85905    -0.35169
   6.09226   4.06502   0.50429    53.47071    53.87662    -0.40591
   6.02762   4.49386   0.50429    54.80731    55.14277    -0.33546
   5.83945   4.88461   0.50429    55.73477    55.71119     0.02358
   5.54447   5.20252   0.50429    56.89754    56.09647     0.80107
   5.54447   2.92751   0.50429    44.10890    41.85121     2.25769
   5.83945   3.24543   0.50429    48.01012    47.57551     0.43462
   6.02762   3.63617   0.50429    51.29012    51.49898    -0.20887
   6.26009   4.06502   0.09911    54.85186    55.01785    -0.16599
   6.20480   4.48502   0.09911    56.35788    56.39269    -0.03481
   6.04269   4.87640   0.09911    57.33366    57.06496     0.26870
   5.78480   5.21248   0.09911    58.26049    57.40248     0.85801
   5.44872   5.47037   0.09911    59.84370    57.94304     1.90066
   5.78480   2.91756   0.09911    42.08706    41.63918     0.44788
   6.04269   3.25364   0.09911    48.28560    48.37045    -0.08485
   6.20480   3.64502   0.09911    52.35186    52.53832    -0.18646
   6.31734   4.06502  -0.33571    55.54840    55.59548    -0.04708
   6.26456   4.48282  -0.33571    57.17427    57.03878     0.13549
   6.10953   4.87436  -0.33571    58.14378    57.72733     0.41645
   5.86201   5.21506  -0.33571    58.88110    57.97321     0.90789
   5.53753   5.48349  -0.33571    59.88449    58.13395     1.75054
   5.86201   2.91498  -0.33571    40.12484    41.09055    -0.96571
   6.10953   3.25567  -0.33571    48.01452    48.54162    -0.52710
   6.26456   3.64722  -0.33571    52.75661    52.98703    -0.23043
   6.26009   4.06502  -0.77053    55.66386    55.68301    -0.01915
   6.20480   4.48502  -0.77053    57.35249    57.16174     0.19075
   6.04269   4.87640  -0.77053    58.24041    57.78627     0.45414
   5.78480   5.21248  -0.77053    58.72736    57.84251     0.88485
   5.44872   5.47037  -0.77053    59.19234    57.58662     1.60572
   5.78480   2.91756  -0.77053    38.33518    40.08625    -1.75107
   6.04269   3.25364  -0.77053    47.31422    48.14509    -0.83088
   6.20480   3.64502  -0.77053    52.62169    52.92163    -0.29994
   6.09226   4.06502  -1.17571    55.25409    55.30777    -0.05368
   6.02762   4.49386  -1.17571    56.92201    56.77834     0.14368
   5.83945   4.88461  -1.17571    57.57839    57.20259     0.37580
   5.54447   5.20252  -1.17571    57.58906    56.83808     0.75098
   5.16888   5.41937  -1.17571    57.16361    55.81172     1.35188
   5.83945   3.24543  -1.17571    46.26753    47.13257    -0.86503
   6.02762   3.63617  -1.17571    51.99983    52.34160    -0.34177
   5.82528   4.06502  -1.52365    54.32789    54.45470    -0.12681
   5.74506   4.49415  -1.52365    55.77932    55.78939    -0.01007
   5.51524   4.86533  -1.52365    55.89415    55.76060     0.13356
   5.16685   5.12842  -1.52365    54.85876    54.51006     0.34871
   5.16685   3.00162  -1.52365    39.57702    38.93527     0.64175
   5.51524   3.26471  -1.52365    45.72724    46.08824    -0.36100
   5.74506   3.63589  -1.52365    51.09622    51.37473    -0.27851
   5.47734   4.06502  -1.79063    52.82500    53.05827    -0.23326
   5.36480   4.48502  -1.79063    53.71293    54.00065    -0.28772
   5.05734   4.79248  -1.79063    52.49619    52.86392    -0.36773
   4.63734   3.22502  -1.79063    44.57639    41.87150     2.70489
   5.05734   3.33756  -1.79063    46.00460    45.28815     0.71646
   5.36480   3.64502  -1.79063    49.88073    49.95081    -0.07008
   5.07215   4.06502  -1.95847    50.58919    50.98040    -0.39121
   4.85475   4.44158  -1.95847    49.80041    50.59213    -0.79172
   4.41993   3.68846  -1.95847    45.55217    44.97722     0.57495
   4.85475   3.68846  -1.95847    48.01452    47.78606     0.22846
   4.63734   4.06502  -2.01571    47.32677    47.96949    -0.64273
   3.41146   5.13841   1.88684    46.32212    45.64319     0.67893
   3.62887   5.51498   1.82960    49.74393    49.97871    -0.23478
   3.19405   5.51498   1.82960    49.22310    48.64196     0.58114
   2.97664   5.13841   1.82960    45.11605    43.12662     1.98943
   4.13892   5.55841   1.66176    50.41411    51.28193    -0.86782
   3.83146   5.86587   1.66176    52.89215    53.28099    -0.38884
   3.41146   5.97841   1.66176    53.39227    53.33855     0.05372
   2.99146   5.86587   1.66176    51.68231    51.16540     0.51691
   2.68400   5.55841   1.66176    47.33869    46.19036     1.14833
   2.57146   5.13841   1.66176    41.13701    38.50624     2.63078
   4.51918   5.56755   1.39478    51.63399    52.30649    -0.67250
   4.28936   5.93872   1.39478    54.23753    54.63237    -0.39484
   3.94097   6.20181   1.39478    55.68268    55.83763    -0.15495
   3.52107   6.32129   1.39478    56.06170    55.97011     0.09159
   3.08637   6.28100   1.39478    55.18883    54.84517     0.34366
   2.69557   6.08641   1.39478    52.62169    52.02931     0.59238
   2.40145   5.76378   1.39478    47.57463    46.74092     0.83371
   2.24375   5.35670   1.39478    39.18546    37.86213     1.32333
   4.61357   5.95800   1.04684    55.98389    55.78773     0.19615
   4.31859   6.27592   1.04684    57.11529    56.98412     0.13117
   3.94300   6.49276   1.04684    57.78421    57.62418     0.16003
   3.52019   6.58927   1.04684    57.86140    57.60076     0.26063
   3.08771   6.55686   1.04684    57.12721    56.72945     0.39776
   2.68400   6.39841   1.04684    55.23150    54.69371     0.53780
   2.34493   6.12801   1.04684    51.56057    50.92752     0.63306
   2.10062   5.76968   1.04684    44.97612    44.39490     0.58121
   4.81681   5.94979   0.64166    58.41862    57.17488     1.24374
   4.55892   6.28587   0.64166    58.54413    57.79549     0.74863
   4.22284   6.54376   0.64166    58.83341    58.35108     0.48233
   3.83146   6.70587   0.64166    58.98589    58.60135     0.38455
   3.41146   6.76117   0.64166    58.76187    58.36869     0.39318
   2.99146   6.70587   0.64166    57.92477    57.46452     0.46025
   2.60008   6.54376   0.64166    56.17151    55.61815     0.55336
   2.26400   6.28587   0.64166    53.01514    52.37804     0.63710
   2.00611   5.94979   0.64166    47.56020    46.93170     0.62850
   1.84400   5.55841   0.64166    38.17768    37.73387     0.44381
   4.88366   5.94776   0.20684    60.93054    58.53950     2.39105
   4.63613   6.28845   0.20684    59.75961    58.34012     1.41949
   4.31165   6.55689   0.20684    59.43142    58.58657     0.84485
   3.93061   6.73619   0.20684    59.32412    58.77799     0.54613
   3.51695   6.81510   0.20684    59.07374    58.64750     0.42624
   3.09666   6.78866   0.20684    58.41298    57.99634     0.41664
   2.69615   6.65852   0.20684    57.08140    56.60177     0.47964
   2.34059   6.43288   0.20684    54.73765    54.13675     0.60090
   2.05231   6.12589   0.20684    50.83203    50.05736     0.77468
   1.84944   5.75686   0.20684    44.41073    43.40175     1.00898
   4.55892   6.28587  -0.22797    59.90080    58.12969     1.77111
   4.22284   6.54376  -0.22797    59.13148    58.15997     0.97151
   3.83146   6.70587  -0.22797    58.76438    58.22417     0.54021
   3.41146   6.76117  -0.22797    58.31258    57.96921     0.34336
   2.99146   6.70587  -0.22797    57.45665    57.15478     0.30187
   2.60008   6.54376  -0.22797    55.91423    55.52930     0.38493
   2.26400   6.28587  -0.22797    53.35713    52.74244     0.61469
   2.00611   5.94979  -0.22797    49.33605    48.25245     1.08360
   1.84400   5.55841  -0.22797    43.31949    41.23007     2.08942
   4.31859   6.27592  -0.63316    58.27367    56.78596     1.48771
   3.94300   6.49276  -0.63316    57.48489    56.83131     0.65358
   3.52019   6.58927  -0.63316    56.91386    56.68226     0.23160
   3.08771   6.55686  -0.63316    56.03283    55.95349     0.07934
   2.68400   6.39841  -0.63316    54.48163    54.33741     0.14421
   2.34493   6.12801  -0.63316    51.95528    51.47587     0.47940
   2.10062   5.76968  -0.63316    48.21846    46.91555     1.30291
   1.97279   5.35526  -0.63316    43.49645    40.25500     3.24145
   3.94097   6.20181  -0.98110    54.99556    54.34959     0.64597
   3.52107   6.32129  -0.98110    54.27141    54.28368    -0.01227
   3.08637   6.28100  -0.98110    53.15507    53.41094    -0.25587
   2.69557   6.08641  -0.98110    51.17152    51.31936    -0.14784
   2.40145   5.76378  -0.98110    48.07852    47.62793     0.45060
   3.41146   5.97841  -1.24808    49.93281    50.44093    -0.50812
   2.99146   5.86587  -1.24808    48.06346    48.79118    -0.72772
   0.84616   2.41153   3.24675    47.37446    47.81995    -0.44550
   1.26292   2.41153   3.21029    45.24532    44.98400     0.26132
   1.05454   2.77245   3.21029    44.85752    44.69189     0.16563
   0.63779   2.77245   3.21029    47.57526    48.00288    -0.42762
   0.42941   2.41153   3.21029    50.17440    51.18407    -1.00966
   0.63779   2.05061   3.21029    49.24004    50.31465    -1.07461
   1.05454   2.05061   3.21029    46.94838    47.33739    -0.38901
   1.66701   2.41153   3.10201    43.78448    42.81455     0.96992
   1.55704   2.82196   3.10201    41.98854    41.00204     0.98650
   1.25659   3.12241   3.10201    41.44198    40.74505     0.69694
   0.84616   3.23238   3.10201    43.55418    43.30041     0.25377
   0.43574   3.12241   3.10201    47.64554    47.88841    -0.24287
   0.13529   2.00111   3.10201    53.14629    54.76748    -1.62119
   0.43574   1.70066   3.10201    50.63123    52.33155    -1.70032
   0.84616   1.59068   3.10201    47.90596    49.17182    -1.26586
   1.25659   1.70066   3.10201    46.22486    46.55816    -0.33330
   1.55704   2.00111   3.10201    45.21206    44.67150     0.54056
   2.04616   2.41153   2.92521    43.12559    41.56860     1.55699
   0.63779   3.59330   2.92521    42.45604    42.04494     0.41109
  -0.07309   1.64019   2.92521    55.20578    57.22796    -2.02218
   0.24616   1.37230   2.92521    51.65219    54.01057    -2.35838
   1.76542   1.64019   2.92521    45.17441    44.40183     0.77258
   1.97380   2.00111   2.92521    44.67930    43.35054     1.32877
   2.38886   2.41153   2.68526    43.50837    41.69184     1.81653
   0.32955   3.86515   2.68526    43.15006    42.48597     0.66409
   2.33165   1.99532   2.68526    45.24846    43.51731     1.73115
   2.63511   1.98754   2.38944    46.85990    45.61523     1.24467
  -0.63072   4.11594   0.02590    49.96858    49.93685     0.03173
  -0.73089   3.76538  -0.35325    55.91047    56.36932    -0.45885
  -0.97113   3.42021  -0.35325    63.06910    64.10180    -1.03270
  -0.41550   3.74881  -0.69594    52.64930    52.80496    -0.15566
  -0.68988   3.42181  -0.69594    60.17565    60.81900    -0.64335
  -0.88147   3.04034  -0.69594    67.14101    68.26590    -1.12489
  -0.35052   3.38511  -0.99176    57.10085    57.31578    -0.21492
  -0.56881   3.02614  -0.99176    63.85725    64.51633    -0.65908
  -0.68216   2.62160  -0.99176    69.58014    70.50667    -0.92653
  -0.07309   3.18288  -1.23171    56.87432    56.91969    -0.04536
  -0.28147   2.82196  -1.23171    62.89402    63.47272    -0.57869
  -0.35384   2.41153  -1.23171    67.24329    68.39304    -1.14975
   0.43574   3.12241  -1.40851    53.24167    52.84884     0.39283
   0.13529   2.82196  -1.40851    58.79199    59.09206    -0.30007
   0.02532   2.41153  -1.40851    62.82625    64.08374    -1.25749
   1.26292   2.41153  -1.51679    55.96192    56.73182    -0.76989
   0.63779   2.77245  -1.51679    55.58165    55.52802     0.05364
   0.42941   2.41153  -1.51679    59.33353    60.24283    -0.90929
   0.84616   2.41153  -1.55325    57.04689    57.51579    -0.46890
   1.06526   1.12625   3.04414    46.17780    47.75945    -1.58165
   1.48201   1.12625   3.00768    45.08468    45.75623    -0.67156
   0.64850   1.12625   3.00768    48.15006    50.46435    -2.31430
   0.85688   0.76533   3.00768    47.65182    50.21612    -2.56430
   1.27364   0.76533   3.00768    46.34785    48.01158    -1.66373
   1.88610   1.12625   2.89940    44.84057    44.61939     0.22119
   1.77613   1.53668   2.89940    45.09723    44.40246     0.69477
   0.24441   1.12625   2.89940    51.04664    53.77838    -2.73174
   0.35438   0.71583   2.89940    50.56283    53.93024    -3.36741
   0.65483   0.41538   2.89940    50.76552    54.31716    -3.55164
   1.77613   0.71583   2.89940    46.02155    46.47829    -0.45674
   2.26526   1.12625   2.72260    45.38902    44.57387     0.81515
   2.19289   1.53668   2.72260    45.40345    44.04816     1.35529
  -0.13474   1.12625   2.72260    54.92214    57.66567    -2.74353
  -0.06237   0.71583   2.72260    54.17415    57.65699    -3.48284
   0.14600   0.35491   2.72260    54.38876    58.64158    -4.25282
   2.19289   0.71583   2.72260    46.44010    45.96276     0.47734
  -0.46306   0.91619   2.48265    59.20866    61.88965    -2.68099
  -0.34972   0.51165   2.48265    58.75685    62.31458    -3.55773
  -0.13143   0.15268   2.48265    59.53245    64.06050    -4.52804
  -0.76082   0.91282   2.18683    65.02881    66.91026    -1.88145
  -0.66237   0.49745   2.18683    64.81295    67.42878    -2.61583
  -1.00254   0.91598   1.84414    72.02805    72.71578    -0.68773
   1.06526   1.94710  -1.61112    57.57400    59.20080    -1.62680
   2.71621   0.90494   2.54974    46.23113    45.86455     0.36658
   2.50783   0.54402   2.54974    47.89466    47.12862     0.76605
   3.12030   0.90494   2.44146    45.38086    45.92946    -0.54861
   3.01033   1.31536   2.44146    45.21771    45.98943    -0.77173
   2.70988   1.61582   2.44146    46.28949    45.82507     0.46442
   2.70988   0.19406   2.44146    49.38939    48.41576     0.97363
   3.01033   0.49452   2.44146    46.68357    46.54190     0.14167
   3.49946   0.90494   2.26466    44.48227    45.64650    -1.16423
   3.42709   1.31536   2.26466    43.95641    46.10551    -2.14910
   3.21871   0.13359   2.26466    47.10588    46.94013     0.16575
   3.42709   0.49452   2.26466    45.57099    46.07401    -0.50302
   3.78494   0.48873   2.02471    45.27858    45.66935    -0.39077
   1.40981   2.16527  -1.65231    55.76426    58.12163    -2.35737
   1.10277   1.87851  -1.65231    57.51940    59.47430    -1.95489
   1.38020   1.67628  -1.89226    56.71870    59.80617    -3.08747
   1.17182   1.31536  -1.89226    58.65018    62.00653    -3.35636
   1.88903   1.61582  -2.06906    54.00786    57.63598    -3.62812
   1.58858   1.31536  -2.06906    56.99857    60.01642    -3.01785
   1.47861   0.90494  -2.06906    59.04990    61.66014    -2.61025
   1.58858   0.49452  -2.06906    59.40005    61.17736    -1.77731
   2.09108   1.26586  -2.17734    54.53811    56.97104    -2.43294
   1.88270   0.90494  -2.17734    57.20251    59.28892    -2.08641
   2.29946   0.90494  -2.21380    55.35199    56.53146    -1.17947
   3.20404  -1.61545  -2.27489    66.21229    65.38755     0.82474
   0.97800  -1.99556   3.60869    50.63249    53.59723    -2.96474
   0.59885  -1.99556   3.43189    58.14566    62.15308    -4.00742
   0.67122  -2.40598   3.43189    57.12846    60.22017    -3.09170
   0.87959  -2.76690   3.43189    54.25949    56.07826    -1.81877
   0.89440  -3.33872   3.33732    55.63185    55.22409     0.40776
   1.09645  -3.68867   3.22904    55.14051    53.10366     2.03686
  -1.15248  -4.52049   0.97378    62.56207    60.06380     2.49827
  -1.44345  -4.00330   0.55703    76.31896    72.73528     3.58368
  -1.22612  -4.36705   0.55703    69.18292    66.39555     2.78738
  -1.56587  -3.81177   0.45281    80.43417    76.14992     4.28425
  -1.70526  -3.80691   0.04872    82.95550    78.44549     4.51001
  -1.74299  -1.39802   2.04497    72.65368    72.86651    -0.21283
  -1.63302  -1.80845   2.04497    74.90957    74.75833     0.15124
  -2.12215  -1.39802   1.86817    67.11277    67.20260    -0.08984
  -4.13845  -0.91135   3.00217    42.69449    40.45123     2.24327
  -3.72685  -0.91135   2.96403    45.53711    44.03465     1.50246
  -4.34425  -1.26781   2.96403    37.32678    35.50813     1.81864
  -3.93265  -1.26781   2.96403    40.26666    39.06028     1.20638
  -3.32927  -0.91135   2.85091    48.43683    47.59591     0.84092
  -3.43768  -0.50676   2.85091    53.21532    51.64594     1.56937
  -4.54304  -1.61213   2.85091    33.33644    31.97847     1.35797
  -4.13845  -1.72054   2.85091    35.42730    34.76276     0.66454
  -3.73386  -1.61213   2.85091    39.13588    38.64684     0.48905
  -3.43768  -1.31595   2.85091    43.70666    43.14554     0.56112
  -2.95924  -0.91135   2.66666    51.90257    51.62492     0.27765
  -3.03887  -0.48538   2.66666    56.35914    55.67425     0.68489
  -4.84908  -1.85238   2.66666    30.24910    29.00376     1.24533
  -4.46115  -2.04555   2.66666    31.80469    31.42065     0.38404
  -4.02964  -2.08553   2.66666    34.62660    34.53875     0.08785
  -3.61283  -1.96694   2.66666    38.60815    38.49908     0.10907
  -3.26700  -1.70578   2.66666    43.17454    42.99679     0.17775
  -3.03887  -1.33733   2.66666    47.66625    47.47501     0.19124
  -2.62937  -0.91135   2.41755    56.30266    56.49620    -0.19353
  -2.69050  -0.48620   2.41755    59.99869    60.06024    -0.06155
  -2.86893  -0.09549   2.41755    64.65419    64.17068     0.48351
  -5.12668  -2.05184   2.41755    28.44752    27.28486     1.16265
  -4.76534  -2.28406   2.41755    29.64606    29.43433     0.21173
  -4.35321  -2.40507   2.41755    31.78210    31.95635    -0.17425
  -3.92368  -2.40507   2.41755    35.05958    35.21638    -0.15680
  -3.51155  -2.28406   2.41755    39.31347    39.28527     0.02820
  -3.15021  -2.05184   2.41755    44.08819    43.92898     0.15921
  -2.86893  -1.72722   2.41755    48.72988    48.62103     0.10884
  -2.69050  -1.33651   2.41755    52.76163    52.83537    -0.07375
  -2.35089  -0.91135   2.11207    61.93393    62.47735    -0.54341
  -2.39907  -0.49912   2.11207    64.78471    65.37129    -0.58659
  -2.54103  -0.10910   2.11207    68.46568    68.83249    -0.36681
  -5.36514  -2.21158   2.11207    27.95806    26.86430     1.09376
  -5.03223  -2.45943   2.11207    28.79892    28.66700     0.13192
  -4.65112  -2.62382   2.11207    30.37648    30.68719    -0.31071
  -4.24238  -2.69589   2.11207    32.96433    33.29981    -0.33549
  -3.82804  -2.67176   2.11207    36.59573    36.69822    -0.10249
  -3.43043  -2.55272   2.11207    41.14141    40.93054     0.21087
  -3.07099  -2.34520   2.11207    46.26565    45.83531     0.43034
  -2.76910  -2.06038   2.11207    51.36605    50.94770     0.41835
  -2.54103  -1.71361   2.11207    55.74857    55.60563     0.14294
  -2.39907  -1.32359   2.11207    59.14403    59.40111    -0.25709
  -5.76066  -2.08996   1.76062    28.49709    26.45046     2.04663
  -5.48016  -2.40148   1.76062    28.82151    28.07443     0.74708
  -5.14103  -2.64788   1.76062    29.46345    29.52685    -0.06340
  -4.75808  -2.81838   1.76062    30.95944    31.34741    -0.38797
  -4.34804  -2.90554   1.76062    33.51152    33.83345    -0.32193
  -3.92885  -2.90554   1.76062    37.17868    37.17601     0.00267
  -3.51882  -2.81838   1.76062    41.93834    41.49494     0.44341
  -3.13586  -2.64788   1.76062    47.63801    46.78508     0.85293
  -2.79673  -2.40148   1.76062    53.82902    52.75190     1.07712
  -5.92984  -2.10832   1.37518    30.96697    28.86965     2.09731
  -5.66190  -2.43481   1.37518    30.67204    29.81836     0.85368
  -5.33542  -2.70275   1.37518    30.83833    30.79296     0.04537
  -4.96293  -2.90184   1.37518    31.92392    32.22613    -0.30221
  -4.55877  -3.02445   1.37518    34.11393    34.37141    -0.25749
  -4.13845  -3.06584   1.37518    37.49558    37.41795     0.07762
  -3.71813  -3.02445   1.37518    42.13601    41.53894     0.59706
  -3.31396  -2.90184   1.37518    48.09170    46.88844     1.20326
  -2.94148  -2.70275   1.37518    55.31120    53.50050     1.81070
  -5.89169  -2.29012   0.96885    34.05369    32.70781     1.34587
  -5.59908  -2.59701   0.96885    33.33707    32.90867     0.42840
  -5.25367  -2.84298   0.96885    33.60000    33.66615    -0.06615
  -4.86795  -3.01913   0.96885    35.02193    35.18382    -0.16189
  -4.45587  -3.11910   0.96885    37.69638    37.62507     0.07131
  -4.03232  -3.13927   0.96885    41.71934    41.16449     0.55485
  -3.61260  -3.07893   0.96885    47.25460    46.02375     1.23085
  -3.21189  -2.94024   0.96885    54.59082    52.49163     2.09918
  -6.12094  -1.93340   0.55549    40.27921    38.11313     2.16608
  -5.89169  -2.29012   0.55549    37.99131    36.87750     1.11380
  -5.59908  -2.59701   0.55549    36.83606    36.45147     0.38459
  -5.25367  -2.84298   0.55549    36.95278    36.91719     0.03559
  -4.86795  -3.01913   0.55549    38.40609    38.36455     0.04154
  -4.45587  -3.11910   0.55549    41.25938    40.91214     0.34724
  -4.03232  -3.13927   0.55549    45.64065    44.73681     0.90384
  -3.61260  -3.07893   0.55549    51.83417    50.12281     1.71136
  -5.92984  -2.10832   0.14917    43.53724    42.41257     1.12467
  -5.66190  -2.43481   0.14917    41.45265    40.98323     0.46942
  -5.33542  -2.70275   0.14917    40.94437    40.79790     0.14646
  -4.96293  -2.90184   0.14917    41.97976    41.83293     0.14683
  -4.55877  -3.02445   0.14917    44.58267    44.14752     0.43515
  -4.13845  -3.06584   0.14917    48.87358    47.88977     0.98380
  -3.71813  -3.02445   0.14917    55.16875    53.34337     1.82538
  -5.97026  -1.72693  -0.23628    52.12219    50.97115     1.15104
  -5.76066  -2.08996  -0.23628    48.11492    47.58531     0.52960
  -5.48016  -2.40148  -0.23628    46.17842    46.00808     0.17034
  -5.14103  -2.64788  -0.23628    46.11756    46.02356     0.09400
  -4.75808  -2.81838  -0.23628    47.86391    47.57268     0.29123
  -4.34804  -2.90554  -0.23628    51.46519    50.71699     0.74821
  -3.92885  -2.90554  -0.23628    57.13662    55.64397     1.49266
  -5.63193  -1.89363  -0.58773    54.48163    54.47563     0.00600
  -5.36514  -2.21158  -0.58773    52.13161    52.27061    -0.13900
  -5.03223  -2.45943  -0.58773    52.04940    52.11333    -0.06392
  -4.65112  -2.62382  -0.58773    54.14340    53.89313     0.25027
  -4.24238  -2.69589  -0.58773    58.46632    57.64295     0.82337
  -3.82804  -2.67176  -0.58773    65.25346    63.51221     1.74125
  -5.40796  -1.72722  -0.89321    61.04036    61.78279    -0.74243
  -5.12668  -2.05184  -0.89321    58.88047    59.44462    -0.56415
  -4.76534  -2.28406  -0.89321    59.78346    59.98946    -0.20600
  -4.35321  -2.40507  -0.89321    63.71920    63.30320     0.41600
  -3.92368  -2.40507  -0.89321    70.82135    69.38838     1.43297
  -5.14103  -1.53213  -1.14232    68.88235    70.37623    -1.49389
  -3.95420   0.09040   3.09251    59.39440    56.97678     2.41762
  -4.06417   0.50083   3.09251    65.47873    63.47800     2.00073
  -4.06417  -0.32002   3.09251    51.94900    49.38543     2.56357
  -3.57505   0.09040   2.91570    62.66812    60.33639     2.33173
  -3.64742   0.50083   2.91570    69.35486    67.00196     2.35290
  -3.85580   0.86175   2.91570    74.90957    72.85472     2.05486
  -4.17505   1.12963   2.91570    78.80390    77.67225     1.13165
  -3.64742  -0.32002   2.91570    55.22272    52.93619     2.28653
  -3.23236   0.09040   2.67575    65.37833    63.65990     1.71844
  -3.28957   0.50662   2.67575    72.48613    70.44510     2.04104
  -3.45695   0.89196   2.67575    78.91873    76.65049     2.26824
  -2.93654   0.09040   2.37993    68.15004    67.35613     0.79392
  -2.98610   0.51439   2.37993    75.61364    74.27590     1.33774
  -3.13210   0.91552   2.37993    82.27214    80.28481     1.98733
  -6.54780  -1.30371   0.01639    52.92541    51.63628     1.28913
  -6.25193  -1.61401   0.01639    50.38148    48.60138     1.78010
  -6.75819  -0.53181  -0.36276    65.70652    66.36462    -0.65810
  -6.59235  -0.91828  -0.36276    62.03245    61.69930     0.33315
  -6.35210  -1.26345  -0.36276    59.02919    58.06160     0.96759
  -6.04729  -1.55319  -0.36276    56.00397    54.96083     1.04314
  -6.60112  -0.12304  -0.70545    75.66823    77.44965    -1.78142
  -6.50268  -0.53840  -0.70545    70.96944    71.77423    -0.80479
  -6.31110  -0.91987  -0.70545    67.28094    67.38017    -0.09923
  -6.03671  -1.24688  -0.70545    64.12896    64.00207     0.12689
  -6.19002  -0.52421  -1.00126    75.75044    77.33080    -1.58036
  -5.97173  -0.88317  -1.00126    72.36126    73.50413    -1.14287
  -5.66469  -1.16993  -1.00126    69.86691    71.06167    -1.19476
  -5.69430  -0.68094  -1.24122    79.06180    81.67771    -2.61591
  -5.37505  -0.94883  -1.24122    77.81369    80.45890    -2.64521
  -5.83961   0.15607   3.84902    43.99218    44.86101    -0.86883
  -5.42801   0.15607   3.81088    45.02443    45.97741    -0.95298
  -5.63381   0.51252   3.81088    49.31158    50.25627    -0.94469
  -6.04541   0.51252   3.81088    48.94888    49.50574    -0.55686
  -6.25121   0.15607   3.81088    43.95767    44.44088    -0.48321
  -6.04541  -0.20039   3.81088    39.65233    40.42951    -0.77719
  -5.63381  -0.20039   3.81088    40.28485    41.16085    -0.87600
  -5.03043   0.15607   3.69775    47.24080    47.86740    -0.62660
  -5.13884   0.56065   3.69775    52.23264    53.16846    -0.93582
  -5.43502   0.85684   3.69775    55.72849    56.74528    -1.01679
  -5.83961   0.96525   3.69775    56.95088    57.57074    -0.61986
  -6.24420   0.85684   3.69775    55.24656    55.26955    -0.02299
  -6.54038   0.56065   3.69775    50.65696    50.39436     0.26260
  -6.64879   0.15607   3.69775    44.70127    44.63048     0.07079
  -6.54038  -0.24853   3.69775    39.41513    39.77704    -0.36192
  -6.24420  -0.54471   3.69775    36.19914    36.87194    -0.67280
  -5.83961  -0.65312   3.69775    35.62371    36.30912    -0.68540
  -5.43502  -0.54471   3.69775    37.67755    38.20313    -0.52558
  -5.13884  -0.24853   3.69775    41.90759    42.36044    -0.45285
  -4.66040   0.15607   3.51350    50.77744    50.59622     0.18122
  -4.74003   0.58204   3.51350    56.32274    56.69059    -0.36785
  -4.96816   0.95049   3.51350    60.77555    61.71171    -0.93616
  -5.31399   1.21165   3.51350    63.79575    64.91914    -1.12339
  -5.73081   1.33024   3.51350    65.23401    65.91956    -0.68555
  -6.84219   0.77684   3.51350    56.03597    54.92993     1.10604
  -6.99874   0.37274   3.51350    49.31911    48.42954     0.88957
  -6.99874  -0.06061   3.51350    42.87898    42.50273     0.37625
  -6.84219  -0.46471   3.51350    37.69575    37.87258    -0.17683
  -6.55024  -0.78496   3.51350    34.27394    34.79669    -0.52275
  -6.16232  -0.97813   3.51350    32.77357    33.30964    -0.53608
  -5.73081  -1.01811   3.51350    33.15760    33.42593    -0.26833
  -5.31399  -0.89952   3.51350    35.36581    35.25831     0.10750
  -4.96816  -0.63836   3.51350    39.35363    38.95126     0.40237
  -4.74003  -0.26991   3.51350    44.78284    44.32680     0.45604
  -4.33053   0.15607   3.26440    55.69210    54.21435     1.47774
  -4.39166   0.58122   3.26440    61.85110    61.06808     0.78302
  -4.57009   0.97193   3.26440    66.95024    67.12739    -0.17715
  -4.85137   1.29655   3.26440    70.81068    71.89565    -1.08497
  -5.21272   1.52877   3.26440    73.22346    74.67730    -1.45384
  -7.28756   0.58122   3.26440    54.81484    53.12321     1.69162
  -7.34869   0.15607   3.26440    47.59785    46.45704     1.14081
  -7.28756  -0.26909   3.26440    41.36543    40.88035     0.48508
  -7.10913  -0.65981   3.26440    36.48340    36.57650    -0.09310
  -6.82784  -0.98442   3.26440    33.10175    33.52751    -0.42576
  -6.46650  -1.21664   3.26440    31.21546    31.64061    -0.42515
  -6.05437  -1.33765   3.26440    30.71534    30.83218    -0.11684
  -5.62485  -1.33765   3.26440    31.48152    31.10350     0.37802
  -5.21272  -1.21664   3.26440    33.53223    32.61838     0.91385
  -4.85137  -0.98442   3.26440    37.09522    35.70623     1.38899
  -4.57009  -0.65981   3.26440    42.33932    40.62028     1.71904
  -4.39166  -0.26909   3.26440    48.87107    47.08718     1.78388
  -7.61508   0.36359   2.95892    52.92729    51.16160     1.76569
  -7.61508  -0.05146   2.95892    45.99205    44.91350     1.07855
  -7.51936  -0.45532   2.95892    40.23779    39.83431     0.40348
  -7.33309  -0.82622   2.95892    35.75424    35.88512    -0.13089
  -7.06631  -1.14416   2.95892    32.54578    32.95607    -0.41029
  -6.73339  -1.39201   2.95892    30.54402    30.91565    -0.37163
  -6.35229  -1.55640   2.95892    29.60590    29.63783    -0.03193
  -5.94355  -1.62847   2.95892    29.54189    29.03027     0.51162
  -5.52920  -1.60434   2.95892    30.20831    29.08715     1.12115
  -5.13159  -1.48530   2.95892    31.66915    29.98111     1.68804
  -4.77215  -1.27778   2.95892    34.36242    32.15269     2.20973
  -7.84477   0.15607   2.60747    51.00836    49.55415     1.45421
  -7.80096  -0.26083   2.60747    44.32664    43.60446     0.72218
  -7.67142  -0.65951   2.60747    38.94763    38.86262     0.08501
  -7.46182  -1.02254   2.60747    34.84498    35.19236    -0.34739
  -7.18133  -1.33406   2.60747    31.95278    32.43632    -0.48354
  -6.84219  -1.58046   2.60747    30.14618    30.43218    -0.28599
  -6.45924  -1.75096   2.60747    29.22123    29.01610     0.20513
  -6.04921  -1.83812   2.60747    28.89681    28.02903     0.86778
  -5.63001  -1.83812   2.60747    28.86481    27.34808     1.51672
  -5.21998  -1.75096   2.60747    28.97086    26.98252     1.98834
  -7.99410   0.15607   2.22202    52.57337    51.36703     1.20635
  -7.95270  -0.26425   2.22202    45.67077    45.19211     0.47866
  -7.83010  -0.66842   2.22202    40.14806    40.27886    -0.13080
  -7.63100  -1.04090   2.22202    35.92868    36.45232    -0.52364
  -7.36306  -1.36739   2.22202    32.91789    33.53053    -0.61264
  -7.03658  -1.63533   2.22202    30.97199    31.32822    -0.35624
  -6.66410  -1.83442   2.22202    29.85816    29.64608     0.21208
  -6.25993  -1.95703   2.22202    29.21810    28.25343     0.96467
  -5.83961  -1.99843   2.22202    28.54290    26.87556     1.66734
  -8.05995   0.36808   1.81570    58.09671    57.00646     1.09025
  -8.05995  -0.05595   1.81570    50.33379    49.96764     0.36615
  -7.97971  -0.47232   1.81570    44.07815    44.32931    -0.25116
  -7.82211  -0.86598   1.81570    39.21746    39.89866    -0.68120
  -7.59286  -1.22270   1.81570    35.64442    36.47554    -0.83112
  -7.30024  -1.52959   1.81570    33.22412    33.85888    -0.63476
  -6.95483  -1.77556   1.81570    31.74382    31.83225    -0.08842
  -6.56912  -1.95171   1.81570    30.85276    30.13319     0.71957
  -6.15703  -2.05168   1.81570    29.97613    28.40366     1.57247
  -8.05995   0.36808   1.40234    59.52618    59.12277     0.40341
  -8.05995  -0.05595   1.40234    51.78334    52.01994    -0.23660
  -7.97971  -0.47232   1.40234    45.60676    46.35273    -0.74596
  -7.82211  -0.86598   1.40234    40.87660    41.91881    -1.04222
  -7.59286  -1.22270   1.40234    37.47236    38.50783    -1.03547
  -7.30024  -1.52959   1.40234    35.23717    35.90235    -0.66519
  -6.95483  -1.77556   1.40234    33.91438    33.85419     0.06019
  -6.56912  -1.95171   1.40234    33.05908    32.03394     1.02515
  -6.15703  -2.05168   1.40234    31.88439    29.93599     1.94840
  -7.99410   0.15607   0.99601    57.06822    57.69698    -0.62875
  -7.95270  -0.26425   0.99601    50.31120    51.38158    -1.07038
  -7.83010  -0.66842   0.99601    45.10852    46.42478    -1.31626
  -7.63100  -1.04090   0.99601    41.35162    42.62200    -1.27038
  -7.36306  -1.36739   0.99601    38.89053    39.75097    -0.86044
  -7.03658  -1.63533   0.99601    37.48114    37.55269    -0.07155
  -6.66410  -1.83442   0.99601    36.67479    35.67485     0.99995
  -6.25993  -1.95703   0.99601    35.64128    33.55082     2.09046
  -7.80096   0.57296   0.61056    67.26965    68.14388    -0.87424
  -7.84477   0.15607   0.61056    59.15407    60.41885    -1.26479
  -7.80096  -0.26083   0.61056    52.69699    54.21846    -1.52146
  -7.67142  -0.65951   0.61056    47.86391    49.41138    -1.54747
  -7.46182  -1.02254   0.61056    44.56196    45.80569    -1.24373
  -7.18133  -1.33406   0.61056    42.61982    43.16621    -0.54639
  -6.84219  -1.58046   0.61056    41.70303    41.18341     0.51961
  -6.45924  -1.75096   0.61056    41.16525    39.37812     1.78713
  -7.61508   0.36359   0.25912    65.73539    67.40496    -1.66957
  -7.61508  -0.05146   0.25912    58.79137    60.57496    -1.78359
  -7.51936  -0.45532   0.25912    53.59935    55.28366    -1.68431
  -7.33309  -0.82622   0.25912    50.14617    51.39991    -1.25374
  -7.06631  -1.14416   0.25912    48.29125    48.70810    -0.41685
  -6.73339  -1.39201   0.25912    47.69323    46.89147     0.80176
  -7.28756   0.58122  -0.04636    74.03420    76.18661    -2.15241
  -7.34869   0.15607  -0.04636    66.12130    68.15867    -2.03737
  -7.28756  -0.26909  -0.04636    60.28484    62.02406    -1.73922
  -7.10913  -0.65981  -0.04636    56.70176    57.77830    -1.07654
  -6.82784  -0.98442  -0.04636    55.28296    55.23206     0.05090
  -6.99874   0.37274  -0.29547    75.49504    77.98742    -2.49238
  -6.99874  -0.06061  -0.29547    68.71668    70.59185    -1.87517
  -6.84219  -0.46471  -0.29547    64.95288    65.88465    -0.93177
  -5.53139   3.85260   2.58070    72.37381    71.56554     0.80827
  -5.83844   3.56585   2.58070    75.38836    75.28777     0.10059
  -6.05673   3.20688   2.58070    79.02353    79.65325    -0.62973
  -6.17007   2.80234   2.58070    83.93065    84.92731    -0.99666
  -4.74865   4.42767   2.28488    63.82274    62.14998     1.67276
  -5.16904   4.35354   2.28488    66.23551    64.46156     1.77395
  -5.56101   4.18447   2.28488    69.51927    68.06458     1.45469
  -3.91989   4.54135   1.94219    56.74066    56.06601     0.67465
  -4.32702   4.64677   1.94219    57.54639    56.24819     1.29820
  -4.74703   4.66807   1.94219    59.62658    57.84851     1.77807
  -5.16273   4.60438   1.94219    62.81496    60.86653     1.94842
  -5.55710   4.45832   1.94219    66.89251    65.15560     1.73691
  -2.38649   2.59227   1.56304    77.49617    75.62854     1.86763
  -2.42725   3.01908   1.56304    70.78370    69.59297     1.19073
  -2.54804   3.43047   1.56304    64.33918    63.93267     0.40651
  -2.74451   3.81156   1.56304    58.84094    59.08081    -0.23987
  -3.00954   4.14858   1.56304    54.80291    55.33761    -0.53469
  -3.33357   4.42936   1.56304    52.40269    52.81945    -0.41676
  -3.70488   4.64373   1.56304    51.62270    51.58134     0.04136
  -4.11005   4.78396   1.56304    52.36504    51.68923     0.67582
  -4.53444   4.84498   1.56304    54.50297    53.22294     1.28002
  -4.96271   4.82458   1.56304    57.90595    56.24144     1.66450
  -5.37938   4.72350   1.56304    62.43218    60.72018     1.71200
  -2.31620   3.01430   1.15895    69.42200    68.45299     0.96901
  -2.42893   3.42276   1.15895    62.26777    62.01709     0.25068
  -2.61278   3.80453   1.15895    56.13386    56.61025    -0.47639
  -2.86184   4.14734   1.15895    51.54802    52.49883    -0.95080
  -3.16811   4.44016   1.15895    48.69160    49.73133    -1.03973
  -3.52175   4.67359   1.15895    47.53196    48.28648    -0.75452
  -3.91138   4.84013   1.15895    47.96118    48.17119    -0.21001
  -4.32449   4.93442   1.15895    49.85437    49.43674     0.41764
  -4.74779   4.95343   1.15895    53.09860    52.15541     0.94319
  -5.16769   4.89655   1.15895    57.59972    56.37503     1.22470
  -2.38649   3.41312   0.74219    61.19849    61.31068    -0.11219
  -2.56329   3.79227   0.74219    54.53246    55.32843    -0.79597
  -2.80325   4.13496   0.74219    49.46030    50.82128    -1.36098
  -3.09906   4.43078   0.74219    46.19976    47.80011    -1.60035
  -3.44175   4.67073   0.74219    44.72762    46.19195    -1.46433
  -3.82091   4.84754   0.74219    44.92968    45.95695    -1.02727
  -4.22500   4.95581   0.74219    46.67353    47.11355    -0.44002
  -4.64175   4.99227   0.74219    49.84559    49.72036     0.12523
  -5.05851   4.95581   0.74219    54.35989    53.83762     0.52227
  -2.61278   3.80453   0.32543    53.81270    54.77602    -0.96331
  -2.86184   4.14734   0.32543    48.18520    49.84543    -1.66023
  -3.16811   4.44016   0.32543    44.69499    46.68584    -1.99085
  -3.52175   4.67359   0.32543    43.24042    45.15309    -1.91266
  -3.91138   4.84013   0.32543    43.65458    45.16466    -1.51008
  -4.32449   4.93442   0.32543    45.77117    46.71426    -0.94309
  -4.74779   4.95343   0.32543    49.45528    49.84239    -0.38711
  -5.16769   4.89655   0.32543    54.60274    54.58361     0.01913
  -3.00954   4.14858  -0.07866    48.12810    49.78569    -1.65760
  -3.33357   4.42936  -0.07866    44.50360    46.59153    -2.08793
  -3.70488   4.64373  -0.07866    43.29439    45.31671    -2.02232
  -4.11005   4.78396  -0.07866    44.20051    45.81451    -1.61400
  -4.53444   4.84498  -0.07866    46.98791    48.04061    -1.05270
  -4.96271   4.82458  -0.07866    51.47209    51.98765    -0.51555
  -3.20976   4.09873  -0.45781    49.59647    50.87272    -1.27625
  -3.54232   4.35615  -0.45781    45.91989    47.72109    -1.80120
  -3.91989   4.54135  -0.45781    44.99871    46.73988    -1.74117
  -4.32702   4.64677  -0.45781    46.36479    47.69702    -1.33222
  -4.74703   4.66807  -0.45781    49.69499    50.47614    -0.78115
  -5.16273   4.60438  -0.45781    54.71255    54.96098    -0.24843
  -3.54387   4.06698  -0.80050    50.89730    51.76356    -0.86627
  -3.91356   4.28042  -0.80050    48.32011    49.47688    -1.15676
  -4.32250   4.40285  -0.80050    48.77694    49.66890    -0.89196
  -4.74865   4.42767  -0.80050    51.66913    52.02703    -0.35789
  -5.16904   4.35354  -0.80050    56.50723    56.26573     0.24150
  -3.93202   3.96200  -1.09632    53.64265    53.77879    -0.13614
  -4.32788   4.10270  -1.09632    52.81747    52.87229    -0.05482
  -4.74703   4.13137  -1.09632    54.98426    54.55519     0.42908
  -5.15837   4.04589  -1.09632    59.38624    58.31580     1.07044
  -5.53139   3.85260  -1.09632    65.19761    63.47674     1.72087
  -4.04175   3.63150  -1.33627    60.08215    59.10120     0.98095
  -4.43338   3.77404  -1.33627    58.45502    57.41003     1.04499
  -4.85013   3.77404  -1.33627    60.51953    58.95368     1.56585
  -5.24175   3.63150  -1.33627    65.12482    62.85606     2.26876
  -5.56101   3.36362  -1.33627    71.06294    68.08749     2.97545
  -4.23133   3.30315  -1.51307    66.73250    64.88339     1.84910
  -4.64175   3.41312  -1.51307    65.37833    63.22187     2.15646
  -5.05218   3.30315  -1.51307    68.86666    66.01996     2.84670
  -2.24502   2.96566   1.07704    70.36013    69.53302     0.82711
  -4.23487   2.61479  -2.00834    80.62368    79.39304     1.23063
  -4.16990   2.25108  -2.30415    85.88534    84.89003     0.99531
  -5.03855   0.02891  -2.40902    87.73399    91.14154    -3.40755
  -4.86130   0.03301  -2.78817    86.10623    89.42096    -3.31473
  -4.52113  -0.38552  -3.13086    85.75419    89.34737    -3.59318
  -3.99018  -0.73029  -3.42668    89.05552    92.11641    -3.06089
  -3.68314  -1.01704  -3.42668    92.42148    94.98118    -2.55970
   0.32064   2.06445  -1.49404    61.22987    63.49171    -2.26184
  -0.05535   2.24552  -1.49404    64.60461    66.53606    -1.93145
  -0.45413   2.36853  -1.49404    68.96078    70.01988    -1.05909
  -0.86678   2.43073  -1.49404    74.29148    73.99429     0.29719
   0.97136   1.54552  -1.91253    58.88047    62.54284    -3.66237
   0.66545   1.82937  -1.91253    59.95163    63.50817    -3.55654
   0.32064   2.06445  -1.91253    61.99104    65.08533    -3.09429
  -0.05535   2.24552  -1.91253    65.04387    67.31081    -2.26694
  -0.45413   2.36853  -1.91253    69.08942    70.13878    -1.04936
  -0.86678   2.43073  -1.91253    74.05804    73.55591     0.50213
   1.62236   0.06307  -2.32634    59.64980    60.70571    -1.05591
   1.52714   0.47000  -2.32634    60.32249    62.17274    -1.85025
   1.37091   0.85763  -2.32634    60.15055    62.99141    -2.84086
   1.15734   1.21687  -2.32634    59.96230    63.63117    -3.66888
   0.89143   1.53929  -2.32634    60.36516    64.36041    -3.99525
   0.57943   1.81735  -2.32634    61.58755    65.36716    -3.77962
   0.22863   2.04452  -2.32634    63.71355    66.81418    -3.10064
  -0.15273   2.21549  -2.32634    66.78772    68.80245    -2.01473
  -0.55572   2.32623  -2.32634    70.77429    71.36144    -0.58715
  -0.97089   2.37416  -2.32634    75.56909    74.50971     1.05937
  -1.38851   2.35815  -2.32634    81.05917    78.30826     2.75090
   1.53100  -0.35364  -2.72624    62.96430    62.60463     0.35967
   1.49891   0.05410  -2.72624    63.07474    63.50210    -0.42736
   1.40343   0.45180  -2.72624    62.71079    64.14506    -1.43427
   1.24692   0.82967  -2.72624    62.23827    64.68112    -2.44285
   1.03321   1.17839  -2.72624    62.08830    65.27847    -3.19017
   0.76759   1.48940  -2.72624    62.58152    66.04880    -3.46728
   0.45659   1.75502  -2.72624    63.88047    67.09240    -3.21194
   0.10786   1.96872  -2.72624    66.05290    68.51660    -2.46369
  -0.27001   2.12524  -2.72624    69.10260    70.40839    -1.30579
  -0.66771   2.22072  -2.72624    72.96555    72.82447     0.14108
  -1.07544   2.25281  -2.72624    77.52127    75.82337     1.69790
  -1.48318   2.22072  -2.72624    82.64363    79.51453     3.12910
   1.34943  -0.35364  -3.10328    68.35900    66.98916     1.36984
   1.31455   0.05617  -3.10328    66.92389    66.57651     0.34738
   1.21091   0.45419  -3.10328    65.81257    66.55254    -0.73998
   1.04150   0.82896  -3.10328    65.11729    66.80399    -1.68670
   0.81119   1.16972  -3.10328    65.05642    67.33184    -2.27542
   0.52661   1.46665  -3.10328    65.80692    68.16590    -2.35898
   0.19593   1.71121  -3.10328    67.45978    69.36184    -1.90206
  -0.17132   1.89637  -3.10328    70.02943    70.99356    -0.96413
  -0.56457   2.01681  -3.10328    73.46254    73.13714     0.32540
  -0.97253   2.06905  -3.10328    77.64865    75.88046     1.76820
  -1.38345   2.05159  -3.10328    82.48424    79.37207     3.11217
   1.31455  -0.76344  -3.10328    70.48187    68.25803     2.22384
   1.11368  -0.35364  -3.44905    73.23914    71.08261     2.15654
   1.07412   0.06066  -3.44905    70.84394    69.71333     1.13061
   0.95687   0.45998  -3.44905    69.32976    69.20365     0.12611
   0.76617   0.82990  -3.44905    68.63071    69.27062    -0.63991
   0.50890   1.15703  -3.44905    68.84532    69.81298    -0.96766
   0.19438   1.42957  -3.44905    70.05830    70.81321    -0.75492
  -0.16605   1.63766  -3.44905    72.28847    72.30544    -0.01697
  -0.55934   1.77378  -3.44905    75.47684    74.35788     1.11897
  -0.97128   1.83301  -3.44905    79.50922    77.07459     2.43463
  -1.38699   1.81321  -3.44905    84.29021    80.63505     3.65517
   0.82904  -0.35364  -3.75583    77.57774    74.94787     2.62987
   0.78451   0.05577  -3.75583    74.79788    72.94412     1.85376
   0.65302   0.44604  -3.75583    73.24040    72.13251     1.10788
   0.44070   0.79891  -3.75583    72.77604    72.13628     0.63976
   0.15749   1.09789  -3.75583    73.43304    72.79869     0.63436
  -0.18337   1.32900  -3.75583    75.22270    74.07887     1.14383
  -0.56594   1.48143  -3.75583    78.08289    76.00713     2.07576
  -0.97234   1.54805  -3.75583    81.88560    78.66946     3.21614
  -1.38355   1.52576  -3.75583    86.50093    82.21655     4.28438
   0.44811   0.05460  -4.01675    78.83025    76.42150     2.40875
   0.29053   0.43501  -4.01675    77.58025    75.53030     2.04995
   0.03987   0.76168  -4.01675    77.70764    75.71508     1.99256
  -0.28680   1.01234  -4.01675    79.19672    76.80541     2.39131
  -0.66721   1.16992  -4.01675    81.96341    78.76684     3.19657
  -1.07544   1.22366  -4.01675    85.82447    81.64711     4.17736
  -1.48368   1.16992  -4.01675    90.55213    85.52675     5.02538
  -0.14480   0.42727  -4.22600    82.85133    79.90892     2.94241
  -0.46801   0.69848  -4.22600    84.23060    80.82862     3.40198
  -0.86448   0.84278  -4.22600    87.35811    83.16627     4.19184
  -0.79336  -3.90130  -3.05934    85.03507    85.66140    -0.62633
  -3.56414  -1.32590  -3.47610    92.11086    94.47781    -2.36695
  -0.89285  -3.87991  -3.47610    81.78520    82.69473    -0.90954
   0.68713  -0.31848  -3.88019    79.06682    76.38517     2.68166
  -3.45517  -1.32339  -3.88019    89.01473    91.47786    -2.46313
  -1.10281  -3.79047  -3.88019    79.32159    80.25946    -0.93787
  -0.67842  -3.72945  -3.88019    79.96667    80.58386    -0.61719
   0.49581  -0.35041  -4.25934    79.02666    77.20141     1.82525
   0.22187  -0.03131  -4.25934    81.08427    78.75027     2.33400
  -3.27791  -1.74804  -4.25934    84.27076    87.02171    -2.75095
  -1.31539  -3.61356  -4.25934    77.59280    78.38014    -0.78734
  -0.89538  -3.59226  -4.25934    77.82749    78.37037    -0.54288
   0.43283  -0.71264  -4.60203    78.11552    77.51008     0.60544
  -2.93775  -2.16657  -4.60203    80.72219    83.24926    -2.52707
  -2.74617  -2.54804  -4.60203    79.31281    81.55451    -2.24170
  -2.47178  -2.87505  -4.60203    78.28871    80.07394    -1.78522
  -2.12937  -3.12996  -4.60203    77.41271    78.70151    -1.28880
  -1.73741  -3.29903  -4.60203    76.71555    77.56076    -0.84521
  -1.31702  -3.37316  -4.60203    76.39238    76.90873    -0.51636
  -0.89086  -3.34834  -4.60203    76.63272    76.94891    -0.31619
   0.27537  -1.12155  -4.89785    77.52252    77.85533    -0.33281
  -2.40680  -2.51134  -4.89785    78.00320    79.70535    -1.70216
  -2.09976  -2.79809  -4.89785    76.86301    78.06692    -1.20391
  -1.72673  -2.99138  -4.89785    76.10749    76.83084    -0.72335
  -1.31539  -3.07686  -4.89785    75.75232    76.14129    -0.38897
  -0.89625  -3.04819  -4.89785    75.87908    76.12428    -0.24521
  -0.50038  -2.90750  -4.89785    76.48149    76.71391    -0.23243
  -0.01012  -1.53776  -5.13780    77.02052    77.83201    -0.81150
  -1.81012  -2.57699  -5.13780    76.59883    77.49226    -0.89343
  -1.41850  -2.71953  -5.13780    75.83452    76.35754    -0.52302
  -1.00174  -2.71953  -5.13780    75.62682    75.99754    -0.37072
  -0.61012  -2.57699  -5.13780    75.87719    76.30442    -0.42722
  -0.29086  -2.30911  -5.13780    76.32461    76.90888    -0.58427
  -0.08249  -1.94819  -5.13780    76.66660    77.41213    -0.74553
  -1.21012  -2.35861  -5.31461    76.33590    76.96083    -0.62493
  -0.79969  -2.24864  -5.31461    76.16271    76.81296    -0.65025
  -0.49924  -1.94819  -5.31461    76.56871    77.39185    -0.82314
   2.53440  -3.60626  -1.56813    82.07008    80.32283     1.74726
   1.54703  -3.80904  -1.95358    81.56306    80.10234     1.46072
   1.95706  -3.72189  -1.95358    77.87958    76.93410     0.94547
   2.34002  -3.55139  -1.95358    74.37494    73.80658     0.56836
   2.67915  -3.30499  -1.95358    71.87306    71.40805     0.46501
   3.12499  -1.81486  -2.30503    65.40594    64.47501     0.93094
   1.64784  -0.05446  -2.30503    58.97774    59.89439    -0.91665
   1.64784  -3.57526  -2.30503    73.87042    73.43206     0.43836
   2.04545  -3.45623  -2.30503    70.05579    70.19830    -0.14252
   2.40489  -3.24870  -2.30503    67.24266    67.63194    -0.38928
   2.70678  -2.96388  -2.30503    65.64691    65.92311    -0.27620
   2.93485  -2.61712  -2.30503    65.18569    65.07751     0.10817
   3.07681  -2.22710  -2.30503    65.36453    64.77234     0.59219
   2.84651  -1.81486  -2.61051    60.75861    60.71330     0.04531
   2.78538  -1.38971  -2.61051    59.77969    59.73179     0.04790
   2.60695  -0.99899  -2.61051    58.25171    58.56603    -0.31432
   2.32567  -0.67438  -2.61051    57.22447    57.90325    -0.67878
   1.96433  -0.44216  -2.61051    58.04086    58.68261    -0.64175
   1.12267  -3.30858  -2.61051    77.87142    76.42871     1.44271
   1.55220  -3.30858  -2.61051    71.27378    71.10029     0.17349
   1.96433  -3.18757  -2.61051    66.58127    67.19897    -0.61770
   2.32567  -2.95535  -2.61051    63.51086    64.40690    -0.89604
   2.60695  -2.63073  -2.61051    61.87557    62.59831    -0.72274
   2.78538  -2.24002  -2.61051    61.21355    61.51999    -0.30643
   2.51664  -1.81486  -2.85961    58.98276    59.58649    -0.60374
   2.43701  -1.38888  -2.85961    58.32136    58.79612    -0.47476
   2.20888  -1.02043  -2.85961    58.25233    58.71204    -0.45970
   1.86305  -0.75928  -2.85961    60.07399    60.20146    -0.12746
   1.44624  -2.98904  -2.85961    71.59695    71.15118     0.44577
   1.86305  -2.87045  -2.85961    65.44861    66.12013    -0.67152
   2.20888  -2.60929  -2.85961    61.80529    62.84505    -1.03976
   2.43701  -2.24084  -2.85961    59.93280    60.82661    -0.89381
   2.14662  -1.81486  -3.04387    60.25158    60.97399    -0.72241
   2.03821  -1.41027  -3.04387    60.31245    60.74092    -0.42847
   1.74202  -1.11409  -3.04387    62.93544    62.68092     0.25451
   1.74202  -2.51563  -3.04387    66.26312    66.58165    -0.31853
   2.03821  -2.21945  -3.04387    61.99731    62.81260    -0.81529
   1.74903  -1.81486  -3.15699    65.11917    65.11161     0.00756
   1.19069  -4.27840   3.08952    51.40934    48.38745     3.02189
   0.77909  -4.27840   3.05138    51.40934    47.58026     3.82908
   0.98489  -4.63485   3.05138    46.30079    43.48051     2.82028
   1.39649  -4.63485   3.05138    47.87458    45.96961     1.90497
   0.48992  -4.68299   2.93826    46.35036    42.74866     3.60170
   0.78610  -4.97917   2.93826    41.96344    39.52797     2.43548
   1.19069  -5.08758   2.93826    41.29138    39.87897     1.41241
   1.59528  -4.97917   2.93826    44.88764    44.09707     0.79057
   0.18811  -4.89917   2.75401    44.39504    40.96100     3.43404
   0.48006  -5.21942   2.75401    39.53812    37.27629     2.26183
   0.86798  -5.41259   2.75401    37.40019    36.15029     1.24990
   1.29949  -5.45257   2.75401    37.98001    37.49498     0.48504
   1.71631  -5.33398   2.75401    41.50034    41.54230    -0.04196
  -0.07883  -5.09427   2.50490    42.81686    39.83589     2.98097
   0.20245  -5.41888   2.50490    38.02268    36.13741     1.88528
   0.56380  -5.65110   2.50490    35.40095    34.40353     0.99742
   0.97592  -5.77211   2.50490    34.77344    34.42208     0.35136
   1.40545  -5.77211   2.50490    36.01591    36.14782    -0.13191
   1.81758  -5.65110   2.50490    39.21558    39.74554    -0.52996
   2.17893  -5.41888   2.50490    44.96043    45.76683    -0.80640
  -0.48907  -4.88978   2.19943    48.18959    44.81322     3.37637
  -0.30280  -5.26068   2.19943    41.71307    39.41104     2.30203
  -0.03601  -5.57862   2.19943    37.25461    35.92102     1.33359
   0.29691  -5.82647   2.19943    34.58456    33.97902     0.60553
   0.67801  -5.99086   2.19943    33.51214    33.37897     0.13317
   1.08675  -6.06293   2.19943    33.85288    34.01438    -0.16150
   1.50109  -6.03880   2.19943    35.46872    35.86319    -0.39447
   1.89870  -5.91976   2.19943    38.35777    39.00980    -0.65203
   2.25815  -5.71224   2.19943    42.78046    43.72295    -0.94249
   2.56004  -5.42742   2.19943    49.51175    50.65407    -1.14231
  -0.64112  -5.09397   1.84798    46.06924    43.72535     2.34388
  -0.43153  -5.45700   1.84798    40.34510    39.02213     1.32296
  -0.15103  -5.76852   1.84798    36.45265    35.94761     0.50504
   0.18811  -6.01492   1.84798    34.20680    34.21874    -0.01194
   0.57106  -6.18542   1.84798    33.41425    33.66410    -0.24984
   0.98109  -6.27258   1.84798    33.86983    34.18006    -0.31024
   1.40029  -6.27258   1.84798    35.38903    35.71366    -0.32463
   1.81032  -6.18542   1.84798    37.85702    38.26450    -0.40748
   2.19327  -6.01492   1.84798    41.29013    41.90921    -0.61909
   2.53241  -5.76852   1.84798    45.93056    46.86388    -0.93333
   2.81290  -5.45700   1.84798    52.40520    53.62374    -1.21854
  -0.79980  -5.10288   1.46253    47.67629    45.93227     1.74401
  -0.60070  -5.47537   1.46253    41.84296    41.11265     0.73031
  -0.33277  -5.80185   1.46253    37.81623    37.85435    -0.03811
  -0.00628  -6.06979   1.46253    35.43734    35.90076    -0.46341
   0.36620  -6.26889   1.46253    34.51993    35.08599    -0.56607
   0.77037  -6.39149   1.46253    34.85188    35.29841    -0.44653
   1.19069  -6.43289   1.46253    36.21671    36.46175    -0.24504
   1.61101  -6.39149   1.46253    38.42743    38.52682    -0.09939
   2.01518  -6.26889   1.46253    41.36166    41.47319    -0.11153
   2.38766  -6.06979   1.46253    45.00373    45.32366    -0.31993
   2.71414  -5.80185   1.46253    49.49230    50.17847    -0.68617
   2.98208  -5.47537   1.46253    55.18821    56.27835    -1.09015
  -0.94941  -4.90678   1.05620    53.42867    51.69084     1.73783
  -0.79181  -5.30045   1.05620    46.60074    45.98614     0.61459
  -0.56256  -5.65717   1.05620    41.67228    41.94304    -0.27076
  -0.26994  -5.96405   1.05620    38.51591    39.30032    -0.78441
   0.07547  -6.21002   1.05620    36.96407    37.87712    -0.91305
   0.46118  -6.38617   1.05620    36.81033    37.54473    -0.73440
   0.87326  -6.48614   1.05620    37.82565    38.20741    -0.38176
   1.29682  -6.50631   1.05620    39.78159    39.78915    -0.00756
   1.71654  -6.44597   1.05620    42.47361    42.22501     0.24859
   2.11725  -6.30728   1.05620    45.75046    45.45721     0.29325
   2.48447  -6.09526   1.05620    49.53497    49.43862     0.09635
   2.80494  -5.81758   1.05620    53.84847    54.14575    -0.29728
   3.06706  -5.48426   1.05620    58.82086    59.59809    -0.77723
   3.26136  -5.10737   1.05620    64.67113    65.85965    -1.18852
  -0.94941  -4.90678   0.64284    56.25372    54.99462     1.25910
  -0.79181  -5.30045   0.64284    49.37872    49.31221     0.06652
  -0.56256  -5.65717   0.64284    44.51301    45.27787    -0.76485
  -0.26994  -5.96405   0.64284    41.51917    42.68296    -1.16379
   0.07547  -6.21002   0.64284    40.21520    41.36570    -1.15050
   0.46118  -6.38617   0.64284    40.37773    41.20252    -0.82479
   0.87326  -6.48614   0.64284    41.76327    42.09517    -0.33190
   1.29682  -6.50631   0.64284    44.12270    43.95737     0.16533
   1.71654  -6.44597   0.64284    47.22699    46.70193     0.52506
   2.11725  -6.30728   0.64284    50.87910    50.22944     0.64965
   2.48447  -6.09526   0.64284    54.93155    54.42187     0.50969
   2.80494  -5.81758   0.64284    59.29149    59.14446     0.14703
  -0.92240  -4.69872   0.23652    64.20112    62.71234     1.48878
  -0.79980  -5.10288   0.23652    56.13072    56.01376     0.11697
  -0.60070  -5.47537   0.23652    50.34634    51.17184    -0.82550
  -0.33277  -5.80185   0.23652    46.68733    47.98971    -1.30237
  -0.00628  -6.06979   0.23652    44.95855    46.28902    -1.33047
   0.36620  -6.26889   0.23652    44.92654    45.92693    -1.00039
   0.77037  -6.39149   0.23652    46.32965    46.78878    -0.45912
   1.19069  -6.43289   0.23652    48.89742    48.77239     0.12504
   1.61101  -6.39149   0.23652    52.36567    51.76843     0.59724
  -0.64112  -5.09397  -0.14893    60.49631    60.85326    -0.35695
  -0.43153  -5.45700  -0.14893    54.90143    56.01210    -1.11066
  -0.15103  -5.76852  -0.14893    51.70804    53.09899    -1.39095
   0.18811  -6.01492  -0.14893    50.65570    51.89935    -1.24365
   0.57106  -6.18542  -0.14893    51.46394    52.25004    -0.78610
   0.98109  -6.27258  -0.14893    53.83467    54.01856    -0.18389
  -0.30280  -5.26068  -0.50038    62.62357    63.63082    -1.00726
  -0.03601  -5.57862  -0.50038    58.92000    60.20441    -1.28441
   0.29691  -5.82647  -0.50038    57.84822    58.98503    -1.13681
   0.67801  -5.99086  -0.50038    59.04990    59.73081    -0.68091
   0.20245  -5.41888  -0.80586    66.76889    67.81549    -1.04660
   2.75022  -2.51534   4.44961    27.31298    28.81672    -1.50374
   3.16182  -2.51534   4.41147    26.12322    27.10202    -0.97880
   2.95602  -2.15888   4.41147    25.19325    26.57225    -1.37900
   2.54442  -2.15888   4.41147    27.08394    28.87789    -1.79396
   2.33862  -2.51534   4.41147    29.38815    31.31469    -1.92654
   2.54442  -2.87179   4.41147    30.41413    31.88872    -1.47459
   2.95602  -2.87179   4.41147    29.06499    30.01066    -0.94568
   3.55940  -2.51534   4.29835    25.62749    26.08597    -0.45848
   3.45099  -2.11075   4.29835    23.84599    24.67743    -0.83144
   3.15481  -1.81457   4.29835    24.04428    25.15290    -1.10862
   2.75022  -1.70616   4.29835    25.89543    27.26511    -1.36967
   2.34563  -1.81457   4.29835    28.48454    30.23581    -1.75127
   2.04945  -2.11075   4.29835    30.85464    32.97215    -2.11751
   1.94104  -2.51534   4.29835    32.55833    34.73021    -2.17188
   2.04945  -2.91993   4.29835    33.72362    35.56530    -1.84168
   2.34563  -3.21611   4.29835    34.47223    35.76176    -1.28953
   2.75022  -3.32452   4.29835    34.21433    34.90392    -0.68959
   3.15481  -3.21611   4.29835    32.19249    32.44286    -0.25037
   3.45099  -2.91993   4.29835    28.84724    29.02716    -0.17992
   3.92943  -2.51534   4.11410    25.66890    25.72084    -0.05194
   3.84980  -2.08936   4.11410    23.50149    23.95229    -0.45080
   3.62166  -1.72091   4.11410    23.00073    23.67046    -0.66973
   3.27584  -1.45975   4.11410    24.12586    24.84398    -0.71813
   2.85902  -1.34116   4.11410    26.50475    27.28820    -0.78346
   2.42751  -1.38115   4.11410    29.53624    30.60772    -1.07147
   2.03959  -1.57431   4.11410    32.52695    34.12064    -1.59369
   1.74764  -1.89456   4.11410    34.91086    37.01237    -2.10151
   1.59109  -2.29866   4.11410    36.49846    38.79127    -2.29281
   1.59109  -2.73202   4.11410    37.46985    39.54956    -2.07971
   1.74764  -3.13611   4.11410    38.22223    39.84351    -1.62128
   2.03959  -3.45637   4.11410    39.09761    40.20874    -1.11113
   2.42751  -3.64953   4.11410    39.81485    40.39851    -0.58366
   2.85902  -3.68952   4.11410    39.37622    39.41748    -0.04126
   3.27584  -3.57092   4.11410    37.07828    36.69087     0.38741
   3.62166  -3.30976   4.11410    33.32075    32.78229     0.53847
   3.84980  -2.94132   4.11410    29.17480    28.82161     0.35319
   4.25930  -2.51534   3.86499    26.14393    25.98980     0.15413
   4.19817  -2.09018   3.86499    23.80206    24.05201    -0.24995
   4.01974  -1.69947   3.86499    22.89280    23.33092    -0.43812
   3.73846  -1.37485   3.86499    23.43748    23.81158    -0.37410
   3.37711  -1.14263   3.86499    25.28738    25.44984    -0.16247
   2.96498  -1.02162   3.86499    28.14694    28.15923    -0.01229
   2.53545  -1.02162   3.86499    31.62083    31.76631    -0.14548
   2.12332  -1.14263   3.86499    35.23905    35.89651    -0.65746
   1.76198  -1.37485   3.86499    38.45315    39.87369    -1.42054
   1.48070  -1.69947   3.86499    40.83079    42.94327    -2.11248
   1.30227  -2.09018   3.86499    42.31297    44.71839    -2.40543
   1.24114  -2.51534   3.86499    43.05907    45.26031    -2.20124
   1.30227  -2.94049   3.86499    43.30192    44.95036    -1.64844
   1.48070  -3.33121   3.86499    43.48139    44.52317    -1.04178
   1.76198  -3.65582   3.86499    44.14529    44.75588    -0.61059
   3.73846  -3.65582   3.86499    38.95202    37.88097     1.07105
   4.01974  -3.33121   3.86499    34.19237    33.22049     0.97188
   4.19817  -2.94049   3.86499    29.72889    29.10524     0.62365
   4.53778  -2.51534   3.55951    27.01679    26.90546     0.11134
   4.48959  -2.10310   3.55951    24.65171    24.92237    -0.27066
   4.34764  -1.71308   3.55951    23.52972    23.95759    -0.42786
   4.11957  -1.36632   3.55951    23.67656    23.98593    -0.30937
   3.81768  -1.08150   3.55951    25.03512    24.99414     0.04098
   3.45823  -0.87397   3.55951    27.45982    26.97107     0.48874
   3.06063  -0.75494   3.55951    30.73165    29.89746     0.83419
   2.64628  -0.73080   3.55951    34.60338    33.74306     0.86033
   2.23754  -0.80288   3.55951    38.82778    38.39505     0.43273
   0.97475  -2.72286   3.55951    50.77242    52.66139    -1.88896
   1.07046  -3.12672   3.55951    50.13926    50.96234    -0.82307
   1.25674  -3.49762   3.55951    49.37998    49.33714     0.04284
   4.11957  -3.66436   3.55951    40.13237    38.83717     1.29520
   4.34764  -3.31759   3.55951    34.98930    33.96360     1.02570
   4.48959  -2.92758   3.55951    30.52206    29.92916     0.59290
   4.75538  -2.51534   3.20806    28.33205    28.51239    -0.18034
   4.71157  -2.09844   3.20806    25.95505    26.48467    -0.52962
   4.58203  -1.69976   3.20806    24.80169    25.42955    -0.62787
   4.37243  -1.33673   3.20806    24.88640    25.30723    -0.42083
   4.09194  -1.02521   3.20806    26.17656    26.11494     0.06161
   3.75280  -0.77881   3.20806    28.58055    27.87225     0.70830
   3.36985  -0.60831   3.20806    31.93961    30.59534     1.34427
   2.95982  -0.52116   3.20806    36.05983    34.31282     1.74702
   4.37243  -3.69395   3.20806    42.04063    40.90100     1.13962
   4.58203  -3.33091   3.20806    36.49784    35.71931     0.77853
   4.71157  -2.93224   3.20806    31.87748    31.57549     0.30200
   4.90471  -2.51534   2.82261    30.22211    30.89288    -0.67076
   4.86331  -2.09502   2.82261    27.92919    28.89393    -0.96473
   4.74071  -1.69085   2.82261    26.86054    27.84667    -0.98612
   4.54161  -1.31837   2.82261    27.01240    27.69418    -0.68178
   4.27367  -0.99188   2.82261    28.35904    28.44234    -0.08331
   3.94719  -0.72395   2.82261    30.84899    30.14770     0.70129
   3.57471  -0.52485   2.82261    34.38376    32.86440     1.51935
   3.17054  -0.40225   2.82261    38.81021    36.61906     2.19115
   4.54161  -3.71231   2.82261    44.19361    43.51528     0.67833
   4.74071  -3.33983   2.82261    38.40358    38.13474     0.26884
   4.86331  -2.93566   2.82261    33.72487    33.94053    -0.21566
   4.98066  -2.51534   2.41629    32.90472    34.17481    -1.27010
   4.94036  -2.09322   2.41629    30.81574    32.31077    -1.49503
   4.82089  -1.68637   2.41629    29.96232    31.39559    -1.43326
   4.62659  -1.30947   2.41629    30.30494    31.34624    -1.04130
   4.36447  -0.97616   2.41629    31.80469    32.17207    -0.36738
   4.04400  -0.69847   2.41629    34.43709    33.98122     0.45587
   3.67678  -0.48645   2.41629    38.18960    36.89988     1.28972
   3.27607  -0.34777   2.41629    43.03397    40.95569     2.07829
   4.82089  -3.34431   2.41629    40.88475    41.28114    -0.39639
   4.94036  -2.93745   2.41629    36.25750    37.11969    -0.86219
   4.98066  -2.51534   2.00293    36.67981    38.53926    -1.85944
   4.94036  -2.09322   2.00293    34.95667    36.97416    -2.01749
   4.82089  -1.68637   2.00293    34.49231    36.38219    -1.88987
   4.62659  -1.30947   2.00293    35.17756    36.63447    -1.45692
   4.36447  -0.97616   2.00293    36.90132    37.72636    -0.82504
   4.04400  -0.69847   2.00293    39.61154    39.82982    -0.21828
   4.82089  -3.34431   2.00293    44.18985    45.26637    -1.07653
   4.94036  -2.93745   2.00293    39.74269    41.24992    -1.50724
   4.90471  -2.51534   1.59661    41.91324    44.22150    -2.30826
   4.86331  -2.09502   1.59661    40.78812    43.20722    -2.41911
   4.74071  -1.69085   1.59661    40.98014    43.24568    -2.26555
   4.54161  -1.31837   1.59661    42.24833    44.12637    -1.87804
   4.74071  -3.33983   1.59661    48.62508    50.23810    -1.61301
   4.86331  -2.93566   1.59661    44.50423    46.50965    -2.00542
   4.75538  -2.51534   1.21116    49.03171    51.50283    -2.47112
   4.71157  -2.09844   1.21116    48.84346    51.39371    -2.55025
   4.58203  -1.69976   1.21116    50.15181    52.50904    -2.35723
   4.58203  -3.33091   1.21116    54.55505    56.39403    -1.83898
   4.71157  -2.93224   1.21116    50.91926    53.12029    -2.20103
   3.32162  -0.28746   2.24481    45.14052    43.79773     1.34279
   3.72572  -0.28746   2.13654    42.74846    42.74038     0.00808
   3.61574   0.12296   2.13654    45.15119    45.60294    -0.45175
   4.10487  -0.28746   1.95974    42.67880    43.40978    -0.73098
   4.03250   0.12296   1.95974    44.13588    44.47098    -0.33510
   4.39035  -0.70368   1.71978    43.34083    44.76504    -1.42421
   1.98561   0.48388  -2.19719    57.64428    59.33528    -1.69100
   1.77724   0.12296  -2.19719    58.17954    59.59817    -1.41862
   2.49444   0.42341  -2.37399    55.88349    56.82702    -0.94353
   2.19399   0.12296  -2.37399    57.05567    58.55126    -1.49558
   2.69649   0.07346  -2.48226    56.24305    57.37571    -1.13266
   2.48811  -0.28746  -2.48226    57.05442    58.35900    -1.30458
   2.69649  -0.64838  -2.48226    58.24480    59.14986    -0.90505
   4.58960   0.04572   1.80827    42.31422    42.11581     0.19841
   4.38122   0.40664   1.80827    42.97938    41.90838     1.07100
   4.38122  -0.31520   1.80827    43.27808    44.12997    -0.85190
   4.99369   0.04572   1.69999    40.77870    40.49019     0.28852
   4.88372   0.45614   1.69999    39.52055    38.05498     1.46557
   4.58327  -0.66516   1.69999    43.42052    44.79273    -1.37221
   4.88372  -0.36471   1.69999    42.54765    43.25811    -0.71045
   5.37284   0.04572   1.52319    39.62848    39.45944     0.16904
   5.30047   0.45614   1.52319    37.06134    35.82883     1.23251
   4.77284  -0.99351   1.52319    45.27042    47.17480    -1.90438
   5.09210  -0.72563   1.52319    44.37747    45.83392    -1.45645
   5.30047  -0.36471   1.52319    42.32238    43.04950    -0.72712
   5.71553   0.04572   1.28324    38.89429    38.86609     0.02820
   4.88258  -1.32401   1.28324    49.07564    51.47632    -2.40069
   5.22581  -1.08173   1.28324    47.74469    49.85904    -2.11435
   5.49095  -0.75584   1.28324    45.45491    46.99643    -1.54152
   5.65833  -0.37049   1.28324    42.43345    43.22517    -0.79172
   6.01135   0.04572   0.98742    38.65898    38.64993     0.00905
   4.90104  -1.64243   0.98742    54.99431    57.66982    -2.67552
   5.27072  -1.42899   0.98742    52.73841    55.31839    -2.57998
   5.58122  -1.13605   0.98742    50.01188    52.17209    -2.16021
   5.81579  -0.77940   0.98742    46.75573    48.26851    -1.51278
   5.96179  -0.37827   0.98742    42.96997    43.71304    -0.74308
   6.25131   0.04572   0.64473    38.98215    38.78746     0.19468
   6.08286  -0.77393   0.64473    48.24670    49.42856    -1.18186
   6.20876  -0.37267   0.64473    43.87797    44.33124    -0.45327
   6.42811   0.04572   0.26558    39.85125    39.25323     0.59801
   6.38735  -0.38109   0.26558    45.48063    45.41423     0.06640
   6.53638   0.04572  -0.13851    41.15709    39.99731     1.15978
   3.64555  -1.71555  -2.09796    71.37983    71.61810    -0.23826
   2.75787   0.66033  -2.39378    53.95201    53.72203     0.22998
   3.28320  -1.21461  -2.39378    64.16536    64.56863    -0.40328
   3.65623  -1.40790  -2.39378    66.08993    67.13599    -1.04606
   5.37284   0.04572  -2.63373    46.75385    46.50614     0.24771
   5.30047   0.45614  -2.63373    40.88601    40.41382     0.47218
   3.25359   0.81706  -2.63373    48.92754    47.79375     1.13379
   3.04521   0.45614  -2.63373    52.93733    52.82498     0.11235
   2.97284   0.04572  -2.63373    55.56032    56.33288    -0.77256
   3.04521  -0.36471  -2.63373    57.56709    58.70680    -1.13971
   3.25359  -0.72563  -2.63373    59.64415    60.79495    -1.15080
   3.57284  -0.99351  -2.63373    61.43569    62.77899    -1.34330
   3.96447  -1.13605  -2.63373    62.17929    63.91845    -1.73916
   4.99369   0.04572  -2.81053    47.32677    47.61019    -0.28342
   4.88372   0.45614  -2.81053    42.28912    42.17145     0.11767
   3.76242   0.75659  -2.81053    45.22022    44.40827     0.81194
   3.46197   0.45614  -2.81053    50.12169    49.90631     0.21538
   3.35200   0.04572  -2.81053    53.85977    54.42407    -0.56431
   3.46197  -0.36471  -2.81053    56.40620    57.49380    -1.08760
   3.76242  -0.66516  -2.81053    57.93795    59.37696    -1.43901
   4.17284  -0.77513  -2.81053    57.95364    59.64119    -1.68755
   4.58327  -0.66516  -2.81053    56.12633    57.63904    -1.51271
   4.88372  -0.36471  -2.81053    52.41273    53.33685    -0.92412
   4.58960   0.04572  -2.91881    48.38538    48.96413    -0.57875
   4.38122   0.40664  -2.91881    45.12609    45.20937    -0.08328
   3.96447   0.40664  -2.91881    47.38010    47.39621    -0.01611
   3.75609   0.04572  -2.91881    51.85237    52.44429    -0.59193
   3.96447  -0.31520  -2.91881    54.15846    55.30666    -1.14820
   4.38122  -0.31520  -2.91881    52.82751    53.98916    -1.16164
   4.17284   0.04572  -2.95527    49.93721    50.58802    -0.65081
   4.82980   1.29751   1.81880    36.59886    34.89229     1.70658
   4.62142   0.93659   1.81880    39.08882    37.30294     1.78588
   5.23389   1.29751   1.71052    34.02859    32.18173     1.84685
   5.12392   1.70794   1.71052    34.58142    32.79751     1.78391
   4.82347   0.58664   1.71052    39.27017    37.46664     1.80353
   5.12392   0.88709   1.71052    35.80318    33.98709     1.81609
   5.61304   1.29751   1.53372    31.74633    30.23000     1.51633
   5.54068   1.70794   1.53372    32.01742    30.35727     1.66014
   5.33230   2.06886   1.53372    34.10389    32.26704     1.83685
   5.01304   2.33675   1.53372    37.42153    35.66349     1.75804
   5.33230   0.52617   1.53372    36.39555    35.09470     1.30085
   5.54068   0.88709   1.53372    33.32891    31.90936     1.41955
   5.95573   1.29751   1.29377    29.80607    28.86348     0.94259
   5.89853   1.71373   1.29377    29.83431    28.77853     1.05578
   5.73115   2.09907   1.29377    31.73253    30.35915     1.37338
   5.46601   2.42497   1.29377    35.24031    33.39183     1.84848
   5.12278   2.66725   1.29377    39.57138    37.31207     2.25930
   5.73115   0.49596   1.29377    34.70943    33.88897     0.82046
   5.89853   0.88130   1.29377    31.53486    30.61299     0.92188
   6.25155   1.29751   0.99795    28.23165    27.94526     0.28640
   6.20199   1.72150   0.99795    27.98002    27.73513     0.24489
   6.05599   2.12263   0.99795    29.74270    29.24790     0.49480
   5.82142   2.47928   0.99795    33.55419    32.48077     1.07341
   5.51092   2.77222   0.99795    38.98403    37.10405     1.87998
   6.05599   0.47239   0.99795    33.85539    33.33955     0.51584
   6.20199   0.87353   0.99795    30.28549    29.82974     0.45575
   6.49151   1.29751   0.65526    27.02809    27.37235    -0.34426
   6.44896   1.71591   0.65526    26.43698    27.04242    -0.60544
   6.32306   2.11717   0.65526    27.89342    28.42616    -0.53273
   6.11897   2.48487   0.65526    31.66350    31.71865    -0.05515
   5.84503   2.80397   0.65526    37.94801    37.16378     0.78423
   6.32306   0.47786   0.65526    33.36405    32.94942     0.41463
   6.44896   0.87912   0.65526    29.41451    29.33551     0.07900
   6.66831   1.29751   0.27611    26.18911    27.06942    -0.88031
   6.62755   1.72433   0.27611    25.24659    26.63377    -1.38718
   6.50676   2.13571   0.27611    26.53047    28.02589    -1.49541
   6.31029   2.51680   0.27611    30.47312    31.59051    -1.11739
   6.04525   2.85382   0.27611    37.79364    38.05602    -0.26238
   6.50676   0.45932   0.27611    33.71734    33.20510     0.51224
   6.62755   0.87070   0.27611    29.07565    29.23300    -0.15735
   6.77658   1.29751  -0.12798    25.69965    26.98246    -1.28281
   6.73860   1.71954  -0.12798    24.39694    26.41164    -2.01470
   6.62587   2.12800  -0.12798    25.33381    27.64638    -2.31257
   6.44202   2.50977  -0.12798    28.97713    31.06017    -2.08303
   6.19296   2.85258  -0.12798    36.23993    37.54525    -1.30532
   6.62587   0.46703  -0.12798    34.14216    33.42614     0.71603
   6.73860   0.87549  -0.12798    28.98529    29.27535    -0.29006
   6.81304   1.29751  -0.54474    25.53775    27.07400    -1.53625
   6.77658   1.71427  -0.54474    23.90560    26.35403    -2.44843
   6.66831   2.11836  -0.54474    24.49483    27.39274    -2.89790
   6.49151   2.49752  -0.54474    27.72776    30.51990    -2.79214
   6.25155   2.84021  -0.54474    34.44902    36.54714    -2.09812
   6.66831   0.47667  -0.54474    34.79603    33.82898     0.96705
   6.77658   0.88076  -0.54474    29.18170    29.50417    -0.32246
   6.77658   1.29751  -0.96150    25.67643    27.32011    -1.64367
   6.73860   1.71954  -0.96150    23.74935    26.44197    -2.69262
   6.62587   2.12800  -0.96150    24.12335    27.35273    -3.22938
   6.44202   2.50977  -0.96150    27.16489    30.32524    -3.16036
   6.19296   2.85258  -0.96150    33.57050    36.02966    -2.45916
   6.62587   0.46703  -0.96150    35.92994    34.66475     1.26519
   6.73860   0.87549  -0.96150    29.73203    29.98036    -0.24833
   6.66831   1.29751  -1.36559    26.08996    27.70913    -1.61917
   6.62755   1.72433  -1.36559    23.93572    26.66439    -2.72866
   6.50676   2.13571  -1.36559    24.13402    27.41751    -3.28349
   6.31029   2.51680  -1.36559    26.94212    30.13219    -3.19007
   6.04525   2.85382  -1.36559    32.74031    35.18548    -2.44517
   6.50676   0.45932  -1.36559    37.08142    35.61284     1.46858
   6.62755   0.87070  -1.36559    30.46119    30.59818    -0.13699
   6.49151   1.29751  -1.74474    26.75512    28.24141    -1.48628
   6.44896   1.71591  -1.74474    24.49985    27.04178    -2.54193
   6.32306   2.11717  -1.74474    24.48103    27.52821    -3.04718
   6.11897   2.48487  -1.74474    26.79026    29.70413    -2.91387
   5.84503   2.80397  -1.74474    31.39807    33.56012    -2.16206
   5.51247   3.06139  -1.74474    37.81435    38.74102    -0.92667
   6.32306   0.47786  -1.74474    37.65998    36.24940     1.41059
   6.44896   0.87912  -1.74474    31.15020    31.22570    -0.07550
   6.25155   1.29751  -2.08743    27.66313    28.92952    -1.26639
   6.20199   1.72150  -2.08743    25.37397    27.58039    -2.20642
   6.05599   2.12263  -2.08743    25.35954    27.92476    -2.56522
   5.82142   2.47928  -2.08743    27.52759    29.78407    -2.25648
   5.51092   2.77222  -2.08743    31.40246    32.75655    -1.35409
   5.14124   2.98566  -2.08743    35.83205    35.90864    -0.07660
   4.73230   3.10809  -2.08743    39.12208    37.85250     1.26958
   6.05599   0.47239  -2.08743    38.63764    37.37829     1.25936
   6.20199   0.87353  -2.08743    32.14104    32.12786     0.01318
   5.95573   1.29751  -2.38325    28.82026    29.79812    -0.97786
   5.89853   1.71373  -2.38325    26.64280    28.34436    -1.70156
   5.73115   2.09907  -2.38325    26.66100    28.51318    -1.85218
   5.46601   2.42497  -2.38325    28.57804    29.94261    -1.36457
   5.12278   2.66725  -2.38325    31.60138    31.98774    -0.38636
   4.72691   2.80794  -2.38325    34.60715    33.84239     0.76476
   4.30777   2.83661  -2.38325    36.91889    35.24697     1.67193
   3.89643   2.75113  -2.38325    38.83029    36.91831     1.91197
   3.52340   2.55785  -2.38325    40.74105    39.40631     1.33475
   2.88472   1.08745  -2.38325    50.43859    49.33816     1.10042
   5.73115   0.49596  -2.38325    39.08380    38.19715     0.88665
   5.89853   0.88130  -2.38325    33.10238    33.06628     0.03610
   5.61304   1.29751  -2.62320    30.25035    30.88276    -0.63241
   5.54068   1.70794  -2.62320    28.29252    29.37588    -1.08336
   5.33230   2.06886  -2.62320    28.55984    29.51381    -0.95397
   5.01304   2.33675  -2.62320    30.48943    30.74519    -0.25576
   4.62142   2.47928  -2.62320    33.09799    32.40798     0.69001
   4.20467   2.47928  -2.62320    35.67329    34.26123     1.41206
   3.81304   2.33675  -2.62320    38.13250    36.54964     1.58286
   3.49379   2.06886  -2.62320    40.60237    39.24652     1.35586
   3.28541   1.70794  -2.62320    43.21030    41.97212     1.23818
   3.21304   1.29751  -2.62320    45.87094    44.49118     1.37976
   3.28541   0.88709  -2.62320    48.11115    46.77825     1.33290
   5.33230   0.52617  -2.62320    39.70253    39.21393     0.48860
   5.54068   0.88709  -2.62320    34.31724    34.24737     0.06987
   5.23389   1.29751  -2.80000    31.99232    32.22759    -0.23527
   5.12392   1.70794  -2.80000    30.41413    30.78007    -0.36593
   4.82347   2.00839  -2.80000    31.41124    31.29180     0.11945
   4.41304   2.11836  -2.80000    33.89242    32.99874     0.89368
   4.00262   2.00839  -2.80000    36.82414    35.44926     1.37488
   3.70217   1.70794  -2.80000    39.81422    38.34906     1.46516
   3.59219   1.29751  -2.80000    42.57150    41.17049     1.40101
   3.70217   0.88709  -2.80000    44.51490    43.46328     1.05162
   5.12392   0.88709  -2.80000    35.98830    35.83094     0.15735
   4.82980   1.29751  -2.90828    34.08632    33.88177     0.20455
   4.62142   1.65844  -2.90828    33.50524    33.04666     0.45858
   4.20467   1.65844  -2.90828    36.24871    35.21420     1.03451
   3.99629   1.29751  -2.90828    39.41387    38.31278     1.10109
   4.20467   0.93659  -2.90828    40.46244    39.78957     0.67287
   4.62142   0.93659  -2.90828    37.96746    37.59131     0.37615
   4.41304   1.29751  -2.94474    36.56184    35.89508     0.66677
   3.24447   1.86454   2.32118    44.23565    46.57672    -2.34106
   3.66122   1.86454   2.28472    42.11342    44.99239    -2.87897
   3.45285   1.50362   2.28472    43.40295    45.88701    -2.48406
   4.06532   1.86454   2.17645    40.41914    42.61319    -2.19405
   3.95534   2.27497   2.17645    41.59447    44.32185    -2.72738
   3.65489   1.15367   2.17645    43.43182    45.22886    -1.79705
   3.95534   1.45412   2.17645    41.10501    42.91566    -1.81065
   4.44447   1.86454   1.99964    38.82778    39.53023    -0.70245
   4.37210   2.27497   1.99964    40.11103    41.54368    -1.43265
   4.16372   1.09320   1.99964    41.29766    41.38914    -0.09148
   4.37210   1.45412   1.99964    39.19550    39.37704    -0.18154
   4.78716   1.86454   1.75969    36.88250    35.72266     1.15984
   4.72995   2.28076   1.75969    38.70290    38.32136     0.38155
   4.88742   2.68966   1.46387    40.71533    39.26872     1.44661
   1.82949   2.47915  -1.91732    51.93520    55.82020    -3.88501
   1.71615   2.07461  -1.91732    53.59684    57.55627    -3.95943
   3.45285   3.04631  -2.15728    42.75097    41.95743     0.79354
   2.32521   2.63589  -2.15728    48.47009    52.05443    -3.58434
   2.11684   2.27497  -2.15728    50.23151    54.19112    -3.95962
   2.04447   1.86454  -2.15728    51.90759    55.69074    -3.78315
   2.11684   1.45412  -2.15728    53.37470    56.29676    -2.92205
   3.24447   2.68539  -2.33408    42.94989    42.96693    -0.01704
   2.83404   2.57542  -2.33408    45.35576    47.16680    -1.81104
   2.53359   2.27497  -2.33408    47.49055    50.23278    -2.74223
   2.42362   1.86454  -2.33408    49.35111    51.92507    -2.57396
   2.53359   1.45412  -2.33408    50.60237    51.84170    -1.23933
   3.03609   2.22546  -2.44236    44.10513    44.53886    -0.43373
   2.82771   1.86454  -2.44236    46.45516    47.21032    -0.75516
   1.65353   3.43308   3.04075    36.53674    35.60493     0.93181
   2.07028   3.43308   3.00429    35.59610    34.53932     1.05678
   1.86191   3.79400   3.00429    33.40672    32.71371     0.69302
   1.44515   3.79400   3.00429    34.51302    33.96107     0.55195
   1.23677   3.43308   3.00429    38.74118    37.96119     0.78000
   1.86191   3.07216   3.00429    38.75310    37.45622     1.29689
   2.47438   3.43308   2.89602    35.86217    34.73902     1.12315
   2.36440   3.84351   2.89602    33.42116    32.49360     0.92755
   2.06395   4.14396   2.89602    31.48278    30.98328     0.49950
   1.65353   4.25393   2.89602    30.87284    30.76897     0.10387
   1.24310   4.14396   2.89602    32.68571    32.55750     0.12822
   0.94265   3.84351   2.89602    37.03059    36.56067     0.46993
   2.06395   2.72221   2.89602    41.15709    39.48480     1.67230
   2.36440   3.02266   2.89602    38.46947    37.15686     1.31261
   2.85353   3.43308   2.71922    37.22888    36.14371     1.08517
   2.78116   3.84351   2.71922    35.06335    33.85101     1.21233
   2.57278   4.20443   2.71922    32.95680    31.95081     1.00599
   2.25353   4.47231   2.71922    30.93622    30.48451     0.45171
   1.86191   4.61485   2.71922    29.38313    29.56023    -0.17710
   1.44515   4.61485   2.71922    29.16852    29.68334    -0.51481
   1.05353   4.47231   2.71922    31.06109    31.41786    -0.35677
   0.73428   4.20443   2.71922    35.21521    35.04327     0.17194
   2.57278   2.66174   2.71922    41.49093    40.21623     1.27470
   2.78116   3.02266   2.71922    39.35426    38.39967     0.95459
   3.13901   3.84930   2.47926    37.49934    36.03700     1.46234
   2.97163   4.23464   2.47926    35.67956    34.08590     1.59366
   2.70650   4.56054   2.47926    33.87108    32.63980     1.23128
   2.36327   4.80281   2.47926    31.63966    31.16374     0.47591
   1.96740   4.94351   2.47926    29.32289    29.70779    -0.38490
   1.54825   4.97218   2.47926    27.89154    28.89254    -1.00100
   1.13691   4.88670   2.47926    28.22412    29.34554    -1.12141
   0.76389   4.69342   2.47926    30.76365    31.45878    -0.69513
   0.45685   4.40666   2.47926    35.51641    35.41893     0.09748
   2.70650   2.30563   2.47926    44.85250    43.91557     0.93692
   2.75141   4.90779   2.18344    36.59698    35.11342     1.48356
   2.38172   5.12123   2.18344    33.68534    33.20154     0.48380
   1.97278   5.24366   2.18344    30.25474    30.85920    -0.60446
   1.54663   5.26848   2.18344    27.71270    29.14086    -1.42816
   1.12624   5.19435   2.18344    27.00111    28.73553    -1.73443
   0.73428   5.02528   2.18344    28.53788    29.97232    -1.43444
   0.39187   4.77037   2.18344    32.40585    33.01744    -0.61160
   0.11748   4.44336   2.18344    38.50963    37.99919     0.51044
   2.37539   5.38216   1.84075    37.75787    37.13585     0.62203
   1.96826   5.48758   1.84075    32.54264    33.19554    -0.65289
   1.54826   5.50888   1.84075    28.58996    30.25526    -1.66530
   1.13256   5.44519   1.84075    26.69551    28.87148    -2.17597
   0.73819   5.29913   1.84075    27.09837    29.18161    -2.08323
   0.38129   5.07668   1.84075    29.80482    31.22126    -1.41644
   0.07648   4.78694   1.84075    34.74018    35.05755    -0.31737
   1.76084   5.68579   1.46160    33.05406    34.15240    -1.09834
   1.33257   5.66539   1.46160    28.45065    30.55132    -2.10067
   0.91590   5.56431   1.46160    26.61142    29.11858    -2.50715
   0.52590   5.38620   1.46160    27.35690    29.63152    -2.27462
   0.17665   5.13750   1.46160    30.50512    31.97998    -1.47486
  -0.11923   4.82719   1.46160    35.92115    36.19118    -0.27003
   1.54749   5.79424   1.05751    32.87899    34.27754    -1.39855
   1.12759   5.73736   1.05751    28.38853    30.69042    -2.30189
   0.72460   5.60642   1.05751    26.93271    29.51900    -2.58629
   0.35146   5.40563   1.05751    28.06222    30.32370    -2.26147
   0.02018   5.14144   1.05751    31.49156    32.92458    -1.43301
  -0.25862   4.82234   1.05751    37.04063    37.32424    -0.28361
   1.65353   5.83308   0.64075    37.45039    37.99926    -0.54886
   1.23677   5.79662   0.64075    30.93183    32.67679    -1.74497
   0.83268   5.68835   0.64075    28.04277    30.39254    -2.34977
   0.45353   5.51154   0.64075    27.95429    30.30845    -2.35416
   0.11084   5.27159   0.64075    30.22086    32.05683    -1.83597
  -0.18498   4.97577   0.64075    34.55820    35.51695    -0.95875
  -0.42493   4.63308   0.64075    40.77306    40.72976     0.04330
   1.54749   5.79424   0.22400    37.19186    37.45421    -0.26235
   1.12759   5.73736   0.22400    31.26817    32.69372    -1.42555
   0.72460   5.60642   0.22400    28.93760    30.92622    -1.98862
   0.35146   5.40563   0.22400    29.36933    31.33507    -1.96574
   0.02018   5.14144   0.22400    32.10841    33.57818    -1.46978
  -0.25862   4.82234   0.22400    36.83355    37.54769    -0.71414
  -0.47595   4.45858   0.22400    43.27431    43.27084     0.00347
   1.33257   5.66539  -0.18009    34.62158    34.87104    -0.24946
   0.91590   5.56431  -0.18009    30.98767    32.15936    -1.17169
   0.52590   5.38620  -0.18009    30.36205    31.86636    -1.50432
   0.17665   5.13750  -0.18009    32.21571    33.53485    -1.31914
  -0.11923   4.82719  -0.18009    36.17028    36.97769    -0.80742
  -0.35103   4.46650  -0.18009    41.87685    42.13803    -0.26119
   1.54826   5.50888  -0.55925    37.62484    36.57257     1.05227
   1.13256   5.44519  -0.55925    33.46445    33.56160    -0.09715
   0.73819   5.29913  -0.55925    32.04252    32.78398    -0.74146
   0.38129   5.07668  -0.55925    33.04026    33.91656    -0.87630
   0.07648   4.78694  -0.55925    36.14329    36.77933    -0.63604
  -0.16377   4.44176  -0.55925    41.00084    41.26357    -0.26272
  -0.32961   4.05530  -0.55925    47.17805    47.22716    -0.04911
   1.54663   5.26848  -0.90194    37.20065    35.69206     1.50858
   1.12624   5.19435  -0.90194    34.57577    34.12116     0.45461
   0.73428   5.02528  -0.90194    34.16287    34.30328    -0.14041
   0.39187   4.77037  -0.90194    36.00838    36.27980    -0.27143
   0.11748   4.44336  -0.90194    39.84874    39.95902    -0.11028
  -0.07410   4.06189  -0.90194    45.21771    45.13245     0.08526
   1.54825   4.97218  -1.19775    37.45102    35.72379     1.72723
   1.13691   4.88670  -1.19775    36.26817    35.41404     0.85412
   0.76389   4.69342  -1.19775    36.87371    36.52288     0.35083
   0.45685   4.40666  -1.19775    39.51239    39.29166     0.22073
   0.23855   4.04769  -1.19775    43.85162    43.56857     0.28305
   0.12521   3.64315  -1.19775    49.15784    48.82608     0.33176
   1.44515   4.61485  -1.43771    38.65270    37.17002     1.48268
   1.05353   4.47231  -1.43771    38.95265    38.07751     0.87515
   0.73428   4.20443  -1.43771    41.15709    40.58520     0.57189
   0.52590   3.84351  -1.43771    45.07840    44.58840     0.49000
   0.45353   3.43308  -1.43771    49.73640    49.28697     0.44943
   1.65353   4.25393  -1.61451    41.31146    39.89128     1.42018
   1.24310   4.14396  -1.61451    41.71244    40.75778     0.95466
   0.94265   3.84351  -1.61451    44.30154    43.68013     0.62141
   0.83268   3.43308  -1.61451    48.36090    47.95194     0.40897
   0.94265   3.02266  -1.61451    51.94398    51.83887     0.10511
   1.24310   2.72221  -1.61451    53.71795    54.40609    -0.68814
   1.44515   3.79400  -1.72278    44.73201    44.13092     0.60109
   1.23677   3.43308  -1.72278    47.75410    47.60519     0.14891
   3.29403   3.19602   2.53426    40.43106    40.21304     0.21802
   3.08565   2.83510   2.53426    41.72499    41.68196     0.04303
   3.69812   3.19602   2.42599    40.93558    41.43631    -0.50073
   3.58815   3.60644   2.42599    39.69186    39.33556     0.35630
   3.28770   3.90689   2.42599    38.18333    36.85466     1.32866
   2.87728   2.37517   2.42599    44.58769    44.49013     0.09756
   3.28770   2.48514   2.42599    43.17140    44.57794    -1.40655
   3.58815   2.78560   2.42599    41.99231    43.26703    -1.27472
   4.07728   3.19602   2.24918    40.86844    41.79290    -0.92446
   4.00491   3.60644   2.24918    39.78536    40.23010    -0.44474
   3.79653   2.42468   2.24918    42.28536    44.89213    -2.60677
   4.00491   2.78560   2.24918    41.63965    43.28868    -1.64903
   4.41997   3.19602   2.00923    40.68019    41.61113    -0.93094
   4.36276   2.77981   2.00923    41.26314    42.52090    -1.25776
   4.66623   2.77203   1.71342    41.15082    41.21890    -0.06808
   1.68059   4.16959  -1.66778    42.05757    40.84152     1.21605
   1.46230   2.58141  -1.66778    53.92942    55.87007    -1.94065
   1.95802   3.96736  -1.90774    43.72361    43.53465     0.18896
   1.74965   3.60644  -1.90774    46.50975    46.81609    -0.30634
   1.67728   3.19602  -1.90774    49.34986    50.63685    -1.28700
   1.74965   2.78560  -1.90774    51.33216    54.07706    -2.74491
   2.16640   3.60644  -2.08454    45.57539    46.51217    -0.93678
   2.05643   3.19602  -2.08454    48.18018    50.11288    -1.93270
   2.16640   2.78560  -2.08454    49.20427    52.60798    -3.40370
   3.29403   3.19602  -2.19281    42.95805    43.08277    -0.12473
   2.66890   3.55694  -2.19281    43.73616    45.00083    -1.26468
   2.46052   3.19602  -2.19281    46.45704    48.45832    -2.00129
   2.87728   3.19602  -2.22928    44.56949    45.96650    -1.39701
   3.69715   4.22147   2.34822    38.47072    38.08825     0.38248
   4.11391   4.22147   2.31176    38.20905    38.77920    -0.57014
   3.90553   4.58239   2.31176    38.93320    39.19126    -0.25806
   3.48878   4.58239   2.31176    38.91124    38.16323     0.74801
   3.28040   4.22147   2.31176    38.00135    36.33695     1.66440
   3.90553   3.86055   2.31176    38.95767    39.08769    -0.13002
   4.51800   4.22147   2.20348    38.12057    39.25299    -1.13242
   4.40803   4.63190   2.20348    38.97775    40.03586    -1.05811
   4.10758   4.93235   2.20348    40.54464    41.26184    -0.71719
   3.69715   5.04232   2.20348    41.62647    41.69726    -0.07079
   3.28673   4.93235   2.20348    40.57665    39.65968     0.91697
   4.40803   3.81105   2.20348    38.43747    39.38456    -0.94709
   4.89715   4.22147   2.02668    38.71483    40.06499    -1.35016
   4.82478   4.63190   2.02668    39.52369    40.84695    -1.32327
   4.61641   4.99282   2.02668    41.01904    42.17003    -1.15099
   4.29715   5.26070   2.02668    43.07351    43.98058    -0.90707
   4.61641   3.45013   2.02668    39.36367    40.28743    -0.92376
   4.82478   3.81105   2.02668    38.60627    39.77089    -1.16462
   5.23984   4.22147   1.78673    40.26854    41.59510    -1.32656
   5.18264   4.63769   1.78673    41.01716    42.30555    -1.28839
   5.01526   5.02303   1.78673    42.22386    43.33061    -1.10675
   4.75012   5.34893   1.78673    44.09886    45.02376    -0.92491
   4.40689   5.59120   1.78673    46.64153    47.42181    -0.78028
   4.75012   3.09402   1.78673    40.59924    40.96652    -0.36728
   5.01526   3.41992   1.78673    39.81422    40.46611    -0.65188
   5.18264   3.80526   1.78673    39.82866    40.92598    -1.09732
   5.53566   4.22147   1.49091    42.92792    44.09366    -1.16573
   5.48610   4.64546   1.49091    43.55167    44.63668    -1.08501
   5.34010   5.04659   1.49091    44.35488    45.18608    -0.83119
   5.10553   5.40324   1.49091    45.73352    46.32348    -0.58996
   4.79503   5.69618   1.49091    47.97561    48.44511    -0.46950
   5.10553   3.03970   1.49091    40.90044    40.30124     0.59920
   5.34010   3.39635   1.49091    41.35915    41.62733    -0.26818
   5.48610   3.79749   1.49091    42.18684    43.09748    -0.91065
   5.73307   4.63987   1.14822    47.11028    47.91647    -0.80619
   5.60717   5.04113   1.14822    47.33492    47.81377    -0.47885
   5.40308   5.40883   1.14822    47.94047    48.08144    -0.14097
   5.12914   5.72793   1.14822    49.35864    49.29892     0.05972
   5.40308   3.03412   1.14822    41.98854    40.78544     1.20310
   5.59440   5.44076   0.76907    50.79062    50.44198     0.34864
   5.32936   5.77778   0.76907    51.37546    50.74007     0.63539
   5.00533   6.05856   0.76907    53.13186    52.44096     0.69090
   5.47707   5.77654   0.36498    53.28999    52.18637     1.10362
   5.17080   6.06936   0.36498    53.99970    52.77085     1.22885
   5.53566   5.76416  -0.05178    54.84433    53.43746     1.40687
   5.23984   6.05998  -0.05178    54.57325    52.99856     1.57468
   5.17080   6.06936  -0.46854    54.36805    52.69498     1.67307
   4.81716   6.30280  -0.46854    54.70628    53.17938     1.52690
   5.32936   5.77778  -0.87263    54.28083    52.86131     1.41951
   5.00533   6.05856  -0.87263    52.96996    51.48406     1.48590
   4.63402   6.27293  -0.87263    52.79614    51.53640     1.25974
   5.12914   5.72793  -1.25178    52.08831    51.04340     1.04491
   4.79658   5.98535  -1.25178    50.54903    49.51673     1.03230
   4.41901   6.17055  -1.25178    49.89265    49.14011     0.75254
   4.01189   6.27597  -1.25178    49.75460    49.44932     0.30528
   2.12010   5.57533  -1.25178    42.37948    41.76444     0.61505
   1.87986   5.23015  -1.25178    39.85313    38.42184     1.43128
   4.79503   5.69618  -1.59447    48.54539    48.07194     0.47345
   4.42535   5.90962  -1.59447    47.05443    46.74976     0.30467
   4.01641   6.03205  -1.59447    46.13199    46.19988    -0.06789
   3.59025   6.05687  -1.59447    45.36454    45.83951    -0.47497
   3.16986   5.98274  -1.59447    44.34986    45.07103    -0.72117
   2.77790   5.81367  -1.59447    42.92541    43.59111    -0.66569
   2.43549   5.55876  -1.59447    41.28950    41.56335    -0.27385
   2.16110   5.23175  -1.59447    39.91776    39.55154     0.36623
   1.96952   4.85028  -1.59447    39.41073    38.34310     1.06763
   4.75012   5.34893  -1.89029    46.67227    46.85828    -0.18601
   4.40689   5.59120  -1.89029    44.69374    44.95432    -0.26059
   4.01102   5.73190  -1.89029    43.23478    43.76540    -0.53062
   3.59188   5.76057  -1.89029    42.06259    42.92180    -0.85921
   3.18054   5.67509  -1.89029    40.93433    41.98330    -1.04898
   2.80751   5.48180  -1.89029    39.83179    40.79509    -0.96330
   2.50047   5.19505  -1.89029    39.04678    39.64879    -0.60201
   2.28218   4.83608  -1.89029    39.06058    39.17830    -0.11771
   2.16883   4.43154  -1.89029    40.31874    40.09955     0.21919
   4.61641   4.99282  -2.13024    44.51552    45.27776    -0.76224
   4.29715   5.26070  -2.13024    42.48177    43.31597    -0.83420
   3.90553   5.40324  -2.13024    40.79439    41.84271    -1.04832
   3.48878   5.40324  -2.13024    39.47286    40.75606    -1.28320
   3.09715   5.26070  -2.13024    38.49520    39.84382    -1.34862
   2.77790   4.99282  -2.13024    38.07853    39.24758    -1.16905
   2.56952   4.63190  -2.13024    38.60752    39.48658    -0.87906
   2.49715   4.22147  -2.13024    40.26038    41.01388    -0.75350
   2.56952   3.81105  -2.13024    42.51691    43.51597    -0.99906
   3.90553   3.03970  -2.13024    40.96570    38.53405     2.43165
   4.29715   3.18224  -2.13024    40.67454    38.70022     1.97432
   4.51800   4.22147  -2.30704    43.14065    43.96206    -0.82141
   4.40803   4.63190  -2.30704    42.27657    43.36885    -1.09228
   4.10758   4.93235  -2.30704    40.47436    41.73104    -1.25668
   3.69715   5.04232  -2.30704    38.81523    40.27347    -1.45824
   3.28673   4.93235  -2.30704    37.81058    39.36699    -1.55641
   2.98628   4.63190  -2.30704    37.84071    39.27726    -1.43656
   2.87631   4.22147  -2.30704    39.08066    40.34249    -1.26183
   2.98628   3.81105  -2.30704    40.73666    41.86968    -1.13302
   3.28673   3.51060  -2.30704    41.41814    42.01319    -0.59505
   3.69715   3.40062  -2.30704    41.00398    40.65067     0.35332
   4.10758   3.51060  -2.30704    41.00649    40.54239     0.46410
   4.40803   3.81105  -2.30704    42.28598    42.51327    -0.22729
   4.11391   4.22147  -2.41532    40.39279    41.44053    -1.04774
   3.90553   4.58239  -2.41532    39.20993    40.61999    -1.41006
   3.48878   4.58239  -2.41532    38.01139    39.57066    -1.55927
   3.28040   4.22147  -2.41532    38.51465    39.90088    -1.38623
   3.48878   3.86055  -2.41532    39.62597    40.53943    -0.91346
   3.90553   3.86055  -2.41532    40.08468    40.69548    -0.61080
   3.69715   4.22147  -2.45178    38.88865    40.15676    -1.26811
  -0.12389   2.66975   3.15307    53.50711    54.29035    -0.78324
   0.08973   3.03975   3.10493    50.75297    51.18122    -0.42825
  -0.33751   3.03975   3.10493    53.54664    53.69774    -0.15110
  -0.55113   2.66975   3.10493    56.51037    56.83725    -0.32688
  -0.33751   2.29975   3.10493    56.15896    57.16989    -1.01093
  -0.12389   3.50281   2.96293    49.92340    49.68403     0.23937
  -0.54042   3.39120   2.96293    53.59872    53.16760     0.43113
  -0.84533   3.08628   2.96293    57.37759    56.90505     0.47253
  -0.95694   2.66975   2.96293    60.09470    59.86284     0.23186
  -0.84533   2.25322   2.96293    60.67327    61.01151    -0.33824
  -0.54042   1.94830   2.96293    58.93946    60.07529    -1.13583
   0.08399   3.84866   2.73418    45.92052    45.32525     0.59527
  -0.33176   3.84866   2.73418    49.59835    48.87556     0.72279
  -0.72244   3.70647   2.73418    53.59747    52.70450     0.89296
  -1.04092   3.43923   2.73418    57.62733    56.63100     0.99633
  -1.24879   3.07918   2.73418    61.36164    60.39658     0.96506
  -1.32099   2.66975   2.73418    64.16912    63.41374     0.75538
  -1.24879   2.26032   2.73418    65.32437    64.99759     0.32678
  -1.04092   1.90027   2.73418    64.54061    64.87322    -0.33261
  -0.72244   1.63303   2.73418    62.01676    63.18920    -1.17244
  -0.33176   1.49084   2.73418    58.22849    60.24430    -2.01581
   0.08975   4.15559   2.43017    42.75285    41.89842     0.85443
  -0.33752   4.15559   2.43017    47.46921    46.50407     0.96514
  -0.74747   4.03521   2.43017    51.99230    50.85607     1.13623
  -1.10691   3.80422   2.43017    56.40369    55.12653     1.27716
  -1.38671   3.48131   2.43017    60.80379    59.46136     1.34243
  -1.56420   3.09266   2.43017    65.04387    63.73076     1.31311
  -1.62500   2.66975   2.43017    68.50270    67.34150     1.16120
  -1.56420   2.24684   2.43017    70.34444    69.51395     0.83049
  -1.38671   1.85819   2.43017    70.15995    69.86774     0.29221
  -1.10691   1.53528   2.43017    68.01387    68.47624    -0.46237
  -0.74747   1.30429   2.43017    64.03421    65.48805    -1.45384
  -0.33240   4.38700   2.06612    45.10350    44.08120     1.02230
  -0.73730   4.28720   2.06612    50.12358    48.92267     1.20090
  -1.10656   4.09340   2.06612    54.66800    53.32872     1.33928
  -1.41871   3.81686   2.06612    59.09382    57.67012     1.42371
  -1.65560   3.47366   2.06612    63.64327    62.18502     1.45825
  -1.80348   3.08373   2.06612    68.29311    66.83351     1.45961
  -1.85375   2.66975   2.06612    72.48676    71.08692     1.39984
  -1.80348   2.25577   2.06612    75.31495    74.12764     1.18730
  -1.65560   1.86584   2.06612    76.19911    75.36940     0.82970
  -1.41871   1.52264   2.06612    74.93154    74.59908     0.33246
  -1.10656   1.24610   2.06612    71.47961    71.93189    -0.45228
  -0.54042   4.49468   1.66031    45.97511    44.94869     1.02642
  -0.93606   4.35624   1.66031    51.22862    50.04175     1.18687
  -1.29097   4.13323   1.66031    55.82952    54.55766     1.27186
  -1.58737   3.83684   1.66031    60.25158    58.95209     1.29949
  -1.81038   3.48192   1.66031    64.87444    63.56644     1.30800
  -1.94882   3.08628   1.66031    69.93405    68.57551     1.35854
  -1.99575   2.66975   1.66031    75.12732    73.72385     1.40347
  -0.43451   4.56446   1.23307    42.97624    42.21509     0.76115
  -0.83455   4.45339   1.23307    49.15282    48.21197     0.94085
  -1.20137   4.25891   1.23307    54.08881    53.09393     0.99488
  -1.51780   3.99013   1.23307    58.45753    57.48692     0.97061
  -1.76905   3.65961   1.23307    62.72020    61.81979     0.90042
  -1.94338   3.28281   1.23307    67.38574    66.51659     0.86914
  -2.03263   2.87734   1.23307    72.91723    71.98568     0.93155
  -0.54042   4.49468   0.80583    44.53749    43.94217     0.59532
  -0.93606   4.35624   0.80583    50.84835    50.20019     0.64816
  -1.29097   4.13323   0.80583    55.86090    55.27046     0.59043
  -1.58737   3.83684   0.80583    60.30115    59.85269     0.44847
  -1.81038   3.48192   0.80583    64.71882    64.48334     0.23548
  -1.94882   3.08628   0.80583    69.81106    69.80832     0.00274
  -0.73730   4.28720   0.40001    49.28962    48.96140     0.32822
  -1.10656   4.09340   0.40001    55.13047    54.94948     0.18100
  -1.41871   3.81686   0.40001    60.18695    60.21528    -0.02833
  -1.65560   3.47366   0.40001    65.16435    65.52307    -0.35872
  -0.74747   4.03521   0.03597    52.54200    52.60340    -0.06140
  -1.10691   3.80422   0.03597    58.83278    59.21451    -0.38173
  -1.38671   3.48131   0.03597    64.84244    65.57719    -0.73475
  -1.04092   3.43923  -0.26805    63.42427    64.45316    -1.02889
   4.70000  -2.28121   0.93276    55.91988    58.19335    -2.27346
   4.63919  -1.85829   0.93276    57.44975    59.83949    -2.38974
   4.63919  -2.70412   0.93276    56.21732    58.31332    -2.09600
   4.92874  -2.28121   0.56871    62.28095    64.20411    -1.92316
   3.81230  -3.89865   0.56871    75.37770    75.83033    -0.45263
   4.18155  -3.70485   0.56871    69.22873    69.83186    -0.60313
   4.49370  -3.42832   0.56871    64.85499    65.65130    -0.79631
   4.73060  -3.08511   0.56871    62.28659    63.33515    -1.04856
   4.87847  -2.69519   0.56871    61.45452    62.85576    -1.40125
   3.61541  -4.10614   0.16290    80.46178    80.26909     0.19269
   4.01105  -3.96770   0.16290    73.82524    73.71063     0.11461
   4.36597  -3.74469   0.16290    69.27830    69.29925    -0.02095
   4.66236  -3.44829   0.16290    66.40431    66.62730    -0.22299
   4.88537  -3.09338   0.16290    65.09344    65.60756    -0.51412
   5.02381  -2.69773   0.16290    65.40908    66.34787    -0.93879
   3.71253  -4.13122  -0.26434    79.46906    78.77334     0.69571
   4.09822  -3.97755  -0.26434    73.56984    73.03661     0.53323
   4.44186  -3.74456  -0.26434    69.88511    69.51529     0.36982
   4.72738  -3.44314  -0.26434    67.85135    67.69421     0.15714
   4.94142  -3.08739  -0.26434    67.36440    67.49759    -0.13319
   5.07399  -2.69395  -0.26434    68.66021    69.17392    -0.51371
   3.61541  -4.10614  -0.69158    80.44672    79.36010     1.08661
   4.01105  -3.96770  -0.69158    74.54750    73.71425     0.83325
   4.36597  -3.74469  -0.69158    70.99642    70.35780     0.63863
   4.66236  -3.44829  -0.69158    69.20175    68.78009     0.42166
   4.88537  -3.09338  -0.69158    69.06934    68.91916     0.15019
   5.02381  -2.69773  -0.69158    70.98262    71.12612    -0.14350
   3.40739  -3.99845  -1.09740    81.20851    79.85260     1.35591
   3.81230  -3.89865  -1.09740    75.58917    74.57239     1.01678
   4.18155  -3.70485  -1.09740    72.04813    71.26149     0.78664
   4.49370  -3.42832  -1.09740    70.24592    69.68573     0.56019
   4.73060  -3.08511  -1.09740    70.13548    69.84179     0.29369
   4.87847  -2.69519  -1.09740    72.11151    72.09087     0.02064
   2.98525  -3.76704  -1.46144    81.80716    80.21796     1.58920
   3.41251  -3.76704  -1.46144    77.21002    76.03717     1.17286
   3.82247  -3.64667  -1.46144    73.44936    72.56304     0.88632
   4.18190  -3.41567  -1.46144    71.18342    70.54458     0.63884
   4.46170  -3.09277  -1.46144    70.59231    70.23860     0.35371
   4.63919  -2.70412  -1.46144    71.99228    71.98521     0.00707
   2.99101  -3.46012  -1.76546    75.63247    74.58614     1.04633
   3.40675  -3.46012  -1.76546    73.74115    72.86380     0.87736
   3.79743  -3.31793  -1.76546    71.70928    71.05999     0.64928
   4.11591  -3.05069  -1.76546    70.74668    70.37846     0.36822
   4.32379  -2.69064  -1.76546    71.38046    71.39811    -0.01765
   4.03194  -2.28121  -1.99420    71.80026    72.16490    -0.36463
   3.19888  -3.11426  -1.99420    71.20539    70.57541     0.62997
   3.61541  -3.00266  -1.99420    70.64565    70.16789     0.47776
   3.92033  -2.69773  -1.99420    70.52642    70.38587     0.14055
   3.62612  -2.28121  -2.13620    70.01123    69.82819     0.18304
   3.41250  -2.65121  -2.13620    69.33290    68.89273     0.44017
   3.19888  -2.28121  -2.18434    67.79111    66.98039     0.81071
   1.37760  -1.11668   3.73784    46.73251    48.62686    -1.89434
   1.80484  -1.11668   3.68971    41.19851    42.06824    -0.86973
   1.59121  -0.74668   3.68971    46.08995    47.34097    -1.25102
   1.16397  -0.74668   3.68971    50.07902    52.21266    -2.13363
   0.95035  -1.11668   3.68971    51.73816    54.51319    -2.77503
   1.16397  -1.48668   3.68971    48.58492    51.16932    -2.58439
   2.09904  -0.70015   3.54770    41.70303    41.59625     0.10678
   1.79412  -0.39523   3.54770    46.18909    46.91982    -0.73073
   1.37760  -0.28362   3.54770    49.38625    50.96579    -1.57954
   0.96107  -0.39523   3.54770    52.32488    54.69052    -2.36564
   0.65615  -0.70015   3.54770    54.98489    58.01384    -3.02895
   0.54454  -1.11668   3.54770    56.49970    60.07134    -3.57164
   0.65615  -1.53320   3.54770    55.97322    59.73971    -3.76649
   2.29463  -0.34719   3.31896    43.59685    43.02945     0.56740
   1.97615  -0.07996   3.31896    46.71369    47.05409    -0.34040
   1.58547   0.06224   3.31896    48.78886    49.95156    -1.16270
   1.16972   0.06224   3.31896    50.86969    52.86656    -1.99688
   0.77905  -0.07996   3.31896    53.57990    56.28788    -2.70798
   0.46056  -0.34719   3.31896    56.69737    59.92843    -3.23106
   0.25269  -0.70724   3.31896    59.47598    63.18412    -3.70814
   0.18049  -1.11668   3.31896    61.35725    65.61870    -4.26144
   0.25269  -1.52611   3.31896    62.13725    66.89934    -4.76209
   2.64041  -0.30511   3.01494    43.23101    41.58426     1.64676
   2.36062   0.01779   3.01494    46.42002    45.89815     0.52187
   2.00118   0.24879   3.01494    47.85513    48.10390    -0.24877
   1.59123   0.36916   3.01494    48.49644    49.64994    -1.15350
   1.16396   0.36916   3.01494    49.60965    51.87353    -2.26389
   0.75401   0.24879   3.01494    52.21193    55.39069    -3.17877
   0.39457   0.01779   3.01494    56.19222    59.82768    -3.63546
   0.11478  -0.30511   3.01494    60.50447    64.33524    -3.83077
  -0.06272  -0.69376   3.01494    64.11390    68.24785    -4.13395
  -0.12352  -1.11668   3.01494    66.68041    71.42726    -4.74685
  -0.06272  -1.53959   3.01494    68.48199    74.05620    -5.57420
   2.67241   0.03043   2.65090    47.67252    46.51126     1.16126
   2.36027   0.30697   2.65090    48.77004    48.10523     0.66480
   0.08278   0.03043   2.65090    59.02229    63.58813    -4.56584
  -0.15412  -0.31277   2.65090    65.12545    69.29976    -4.17431
  -0.30200  -0.70269   2.65090    69.76462    73.95152    -4.18689
  -0.35227  -1.11668   2.65090    72.94923    77.75820    -4.80897
  -0.09539  -3.03019   3.63747    57.35813    58.14667    -0.78853
   0.33185  -3.03019   3.58933    56.45326    57.51604    -1.06278
   0.11823  -2.66019   3.58933    58.36027    60.35496    -1.99470
  -0.30901  -2.66019   3.58933    59.44335    60.91027    -1.46692
  -0.52263  -3.03019   3.58933    58.36591    58.75983    -0.39392
  -0.30901  -3.40019   3.58933    56.58755    56.36889     0.21866
   0.11823  -3.40019   3.58933    55.82952    55.77284     0.05668
   0.73766  -3.03019   3.44733    55.66762    56.69622    -1.02860
   0.62605  -2.61366   3.44733    57.22887    59.74214    -2.51327
   0.32114  -2.30874   3.44733    60.01062    63.43219    -3.42157
  -0.09539  -2.19713   3.44733    61.81031    64.93227    -3.12196
  -0.51192  -2.30874   3.44733    62.08391    64.11359    -2.02968
  -0.81684  -2.61366   3.44733    61.10750    61.98657    -0.87907
  -0.92845  -3.03019   3.44733    59.45778    59.44428     0.01350
  -0.81684  -3.44672   3.44733    57.61980    56.99629     0.62352
  -0.51192  -3.75164   3.44733    55.90106    54.86896     1.03209
  -0.09539  -3.86325   3.44733    54.77530    53.49874     1.27656
   0.32114  -3.75164   3.44733    54.76526    53.58500     1.18026
   0.62605  -3.44672   3.44733    55.39528    54.99017     0.40511
   0.11248  -1.85128   3.21859    65.06646    70.08689    -5.02043
  -0.30327  -1.85128   3.21859    65.66573    69.50642    -3.84069
  -0.69394  -1.99347   3.21859    65.31056    67.77076    -2.46020
  -1.01242  -2.26071   3.21859    64.11139    65.37016    -1.25876
  -1.22030  -2.62076   3.21859    62.42716    62.74594    -0.31879
  -1.29249  -3.03019   3.21859    60.63122    60.25408     0.37715
  -1.22030  -3.43962   3.21859    58.84972    57.96513     0.88459
  -1.01242  -3.79967   3.21859    57.05379    55.77228     1.28151
  -0.69394  -4.06691   3.21859    55.28170    53.62495     1.65675
  -0.30327  -4.20910   3.21859    53.77819    51.70505     2.07314
   0.11248  -4.20910   3.21859    53.05781    50.56078     2.49703
   0.50316  -4.06691   3.21859    53.72297    50.99935     2.72362
  -0.30902  -1.54435   2.91457    70.31369    75.28337    -4.96968
  -0.71898  -1.66473   2.91457    69.66234    72.84562    -3.18328
  -1.07842  -1.89572   2.91457    68.18204    69.95352    -1.77148
  -1.35821  -2.21862   2.91457    66.09934    66.80150    -0.70216
  -1.53570  -2.60728   2.91457    63.92439    63.82774     0.09665
  -1.59651  -3.03019   2.91457    61.94711    61.26438     0.68273
  -1.53570  -3.45310   2.91457    60.11227    58.99901     1.11326
  -1.35821  -3.84176   2.91457    58.23916    56.77822     1.46094
  -1.07842  -4.16466   2.91457    56.21356    54.40018     1.81338
  -0.71898  -4.39565   2.91457    54.05492    51.78793     2.26699
  -0.30902  -4.51603   2.91457    51.97849    49.07309     2.90540
   0.11824  -4.51603   2.91457    50.54213    46.80577     3.73636
  -0.70881  -1.41274   2.55053    75.39527    78.94595    -3.55068
  -1.07807  -1.60654   2.55053    73.55792    75.58252    -2.02460
  -1.39021  -1.88308   2.55053    70.91171    71.84756    -0.93585
  -1.62711  -2.22628   2.55053    68.10172    68.21469    -0.11297
  -1.77499  -2.61621   2.55053    65.63875    65.13054     0.50821
  -1.82525  -3.03019   2.55053    63.61440    62.65313     0.96127
  -1.77499  -3.44417   2.55053    61.80467    60.51396     1.29070
  -1.62711  -3.83410   2.55053    59.93971    58.38325     1.55645
  -1.39021  -4.17730   2.55053    57.84006    56.00703     1.83303
  -1.07807  -4.45384   2.55053    55.40532    53.19922     2.20610
  -0.70881  -4.64764   2.55053    52.59345    49.81706     2.77640
  -0.30391  -4.74744   2.55053    49.47410    45.82137     3.65273
  -1.55887  -1.86310   2.14471    74.73073    74.82375    -0.09301
  -1.78188  -2.21802   2.14471    71.16648    70.64993     0.51655
  -1.92032  -2.61366   2.14471    68.33892    67.35016     0.98877
  -1.96726  -3.03019   2.14471    66.12193    64.81376     1.30817
  -1.92032  -3.44672   2.14471    64.15218    62.63577     1.51641
  -1.78188  -3.84236   2.14471    62.09834    60.41795     1.68039
  -1.55887  -4.19728   2.14471    59.74141    57.86728     1.87413
  -1.26248  -4.49367   2.14471    56.90946    54.73078     2.17869
  -0.90756  -4.71668   2.14471    53.39165    50.70542     2.68623
  -2.00414  -2.82260   1.71747    71.70175    69.79501     1.90674
  -2.00414  -3.23778   1.71747    69.05052    67.13452     1.91600
  -1.91489  -3.64325   1.71747    66.54487    64.64556     1.89932
  -1.74056  -4.02005   1.71747    63.89176    61.96796     1.92380
  -1.48930  -4.35057   1.71747    60.83642    58.78038     2.05604
  -1.17287  -4.61935   1.71747    57.05316    54.69509     2.35807
  -0.80606  -4.81383   1.71747    51.98100    49.10530     2.87570
  -1.92032  -3.44672   1.29023    73.18267    70.53416     2.64851
  -1.78188  -3.84236   1.29023    69.50546    67.15867     2.34679
  -1.55887  -4.19728   1.29023    65.76362    63.51945     2.24417
  -1.26248  -4.49367   1.29023    61.39427    59.03748     2.35679
  -1.62711  -3.83410   0.88441    75.03382    71.87827     3.15555
  -1.65076  -4.02991  -0.17630    80.65631    77.12857     3.52773
  -1.41386  -4.37311  -0.17630    75.30616    72.93410     2.37206
  -1.10172  -4.64965  -0.17630    70.55403    69.12758     1.42645
  -0.73246  -4.84345  -0.17630    65.84081    65.48379     0.35701
  -1.80553  -4.03817  -0.58212    81.86489    78.70145     3.16344
  -1.58253  -4.39309  -0.58212    76.95337    74.83687     2.11650
  -1.28613  -4.68949  -0.58212    73.00571    71.69835     1.30736
  -0.93122  -4.91249  -0.58212    69.79851    69.24641     0.55209
  -0.53558  -5.05093  -0.58212    67.44347    67.73378    -0.29032
  -1.93854  -3.83906  -1.00936    86.62078    83.19946     3.42132
  -1.76421  -4.21587  -1.00936    81.13572    78.82527     2.31045
  -1.51296  -4.54639  -1.00936    76.92953    75.38579     1.54373
  -1.19653  -4.81517  -1.00936    73.78257    72.83432     0.94824
  -0.82971  -5.00964  -1.00936    71.67602    71.25827     0.41775
  -0.42967  -5.12071  -1.00936    70.89979    70.99354    -0.09375
  -0.01510  -5.14319  -1.00936    72.27215    72.80665    -0.53450
  -1.94398  -3.64253  -1.43660    92.36187    88.83612     3.52574
  -1.80553  -4.03817  -1.43660    85.60610    83.31900     2.28710
  -1.58253  -4.39309  -1.43660    80.58351    79.03441     1.54911
  -1.28613  -4.68949  -1.43660    76.98726    75.93832     1.04894
  -0.93122  -4.91249  -1.43660    74.66485    74.00551     0.65934
  -0.53558  -5.05093  -1.43660    73.69409    73.36316     0.33093
  -0.11905  -5.09787  -1.43660    74.43141    74.34906     0.08236
   0.29748  -5.05093  -1.43660    77.48362    77.48267     0.00094
  -1.65076  -4.02991  -1.84241    87.46604    85.86698     1.59906
  -1.41386  -4.37311  -1.84241    82.16233    81.04001     1.12232
  -1.10172  -4.64965  -1.84241    78.63447    77.80799     0.82648
  -0.73246  -4.84345  -1.84241    76.60573    75.99983     0.60591
  -0.32756  -4.94325  -1.84241    76.04913    75.60676     0.44237
   0.08947  -4.94325  -1.84241    77.07887    76.70829     0.37059
   0.49437  -4.84345  -1.84241    79.70814    79.24775     0.46039
   0.86363  -4.64965  -1.84241    83.36150    82.58187     0.77963
   1.17577  -4.37311  -1.84241    86.36413    85.05926     1.30488
   1.41267  -4.02991  -1.84241    86.28695    84.49014     1.79681
  -1.38187  -4.03757  -2.20646    87.96491    87.19067     0.77424
  -1.10207  -4.36047  -2.20646    82.75470    82.09705     0.65764
  -0.74263  -4.59147  -2.20646    79.68178    79.08513     0.59665
  -0.33268  -4.71184  -2.20646    78.34142    77.78863     0.55279
   0.09458  -4.71184  -2.20646    78.52654    77.96157     0.56497
   0.50454  -4.59147  -2.20646    79.86062    79.17083     0.68979
   0.86398  -4.36047  -2.20646    81.40806    80.46056     0.94750
   1.14377  -4.03757  -2.20646    81.60259    80.36672     1.23587
  -1.03608  -3.99549  -2.51048    87.89212    87.72009     0.17203
  -0.71760  -4.26272  -2.51048    83.47131    83.08143     0.38989
  -0.32692  -4.40492  -2.51048    81.18843    80.65312     0.53531
   0.08883  -4.40492  -2.51048    80.53269    79.86326     0.66943
   0.47950  -4.26272  -2.51048    80.86087    79.99364     0.86723
   0.79799  -3.99549  -2.51048    81.16459    80.01697     1.14762
   1.00586  -3.63544  -2.51048    80.38585    78.94227     1.44358
  -0.53558  -3.94745  -2.73922    86.90379    86.71655     0.18724
  -0.11905  -4.05906  -2.73922    84.18730    83.58332     0.60399
   0.29748  -3.94745  -2.73922    83.63572    82.62371     1.01202
   0.60240  -3.64253  -2.73922    84.28268    82.65656     1.62612
  -0.70167  -0.69042   2.49381    72.45789    75.13035    -2.67246
  -0.48804  -0.32041   2.44567    69.30403    72.48522    -3.18119
  -0.91529  -0.32041   2.44567    70.88787    72.63444    -1.74657
  -1.12890  -0.69042   2.44567    72.39201    73.81123    -1.41922
  -0.91529  -1.06042   2.44567    74.73575    76.99904    -2.26329
  -0.48804  -1.06042   2.44567    76.28884    80.40516    -4.11632
  -0.28514   0.03103   2.30367    63.89427    68.14828    -4.25401
  -0.70167   0.14264   2.30367    67.62105    69.98375    -2.36270
  -1.11819   0.03103   2.30367    71.57499    72.59619    -1.02120
  -1.42311  -0.27389   2.30367    72.66121    73.25774    -0.59654
  -1.53472  -0.69042   2.30367    72.13222    72.81281    -0.68059
  -1.42311  -1.10694   2.30367    73.28244    74.19733    -0.91489
  -1.11819  -1.41186   2.30367    77.03181    78.63769    -1.60588
  -0.90954   0.48850   2.07493    69.78659    71.23828    -1.45170
  -1.30022   0.34630   2.07493    74.63159    74.88226    -0.25068
  -1.61870   0.07907   2.07493    75.80503    75.75919     0.04584
  -1.82657  -0.28098   2.07493    73.78884    73.98973    -0.20089
  -1.89877  -0.69042   2.07493    71.17275    71.61440    -0.44165
  -1.82657  -1.09985   2.07493    71.08867    71.50507    -0.41640
  -2.14197  -0.26750   1.77091    74.32034    74.73382    -0.41348
  -2.30228  -1.87311   1.84782    63.57424    62.96788     0.60636
  -2.08866  -2.24311   1.84782    69.11076    67.94064     1.17012
  -2.59649  -2.28964   1.70581    58.86604    57.61178     1.25425
  -2.29157  -2.59455   1.70581    66.58252    64.88559     1.69694
  -2.79207  -2.64259   1.47707    57.74091    55.95526     1.78565
  -2.47359  -2.90983   1.47707    65.17376    63.00554     2.16823
  -2.08291  -3.05202   1.47707    72.09582    69.65934     2.43648
  -2.85806  -3.00757   1.17305    60.62746    58.28376     2.34370
  -2.49863  -3.23857   1.17305    67.10461    64.42242     2.68219
  -2.08867  -3.35894   1.17305    73.04273    70.09505     2.94769
  -3.16986  -3.02022   0.80901    58.05843    55.60274     2.45569
  -2.85771  -3.29675   0.80901    64.54123    61.72223     2.81901
  -2.48846  -3.49055   0.80901    69.63096    66.51263     3.11834
  -2.08355  -3.59035   0.80901    74.44333    71.00486     3.43848
  -3.33852  -3.04019   0.40320    59.75836    57.13111     2.62725
  -3.04213  -3.33659   0.40320    65.72095    62.72709     2.99387
  -2.68721  -3.55960   0.40320    70.28232    66.99544     3.28687
  -2.29157  -3.69804   0.40320    74.40380    70.80547     3.59833
  -1.87504  -3.74497   0.40320    78.88485    74.78147     4.10338
  -3.26895  -3.19349  -0.02405    67.16171    64.14597     3.01575
  -2.95252  -3.46227  -0.02405    71.32022    67.99498     3.32524
  -2.58570  -3.65674  -0.02405    74.93656    71.35346     3.58310
  -2.18566  -3.76781  -0.02405    78.65518    74.75116     3.90402
  -1.77109  -3.79029  -0.02405    83.20525    78.71266     4.49259
  -3.33852  -3.04019  -0.45129    72.21379    69.06902     3.14478
  -3.04213  -3.33659  -0.45129    75.42037    71.94692     3.47345
  -2.68721  -3.55960  -0.45129    78.46316    74.74662     3.71654
  -2.29157  -3.69804  -0.45129    81.81657    77.83824     3.97833
  -3.40676  -2.67701  -0.85710    79.43831    76.12525     3.31306
  -3.16986  -3.02022  -0.85710    80.88033    77.22505     3.65528
  -2.85771  -3.29675  -0.85710    82.90342    79.00336     3.90005
  -2.48846  -3.49055  -0.85710    85.48813    81.35740     4.13073
  -2.08355  -3.59035  -0.85710    89.04485    84.57999     4.46487
  -3.13786  -2.68467  -1.22115    90.31368    85.96783     4.34584
  -2.85806  -3.00757  -1.22115    90.73599    86.25925     4.47674
  -2.49863  -3.23857  -1.22115    92.52628    87.82243     4.70385
  -2.08867  -3.35894  -1.22115    95.64751    90.49476     5.15275
  -6.00721   1.39476   3.49963    66.34344    66.49215    -0.14870
  -6.43446   1.39476   3.49963    65.70024    65.02364     0.67660
  -5.80431   1.74621   3.35763    72.81620    73.38996    -0.57376
  -6.22084   1.85782   3.35763    72.46793    72.24081     0.22713
  -6.63736   1.74621   3.35763    70.20325    69.21551     0.98774
  -6.94228   1.44129   3.35763    66.50597    65.00875     1.49722
  -7.05389   1.02476   3.35763    61.47711    59.78911     1.68800
  -5.30380   1.79424   3.12889    79.19797    80.93357    -1.73559
  -5.62228   2.06148   3.12889    79.75395    81.06066    -1.30671
  -6.01296   2.20368   3.12889    78.47759    78.95376    -0.47617
  -6.42871   2.20368   3.12889    76.52290    76.12786     0.39504
  -6.81939   2.06148   3.12889    74.01914    72.89736     1.12178
  -7.13787   1.79424   3.12889    70.90230    69.25594     1.64636
  -7.34574   1.43420   3.12889    67.11528    65.15084     1.96444
  -7.41794   1.02476   3.12889    62.55015    60.44893     2.10122
  -6.00720   2.51060   2.82487    83.46065    84.46993    -1.00929
  -6.43447   2.51060   2.82487    81.02465    81.01570     0.00896
  -6.84442   2.39023   2.82487    78.42300    77.56922     0.85378
  -7.20386   2.15923   2.82487    75.43982    73.94852     1.49130
  -7.48365   1.83633   2.82487    72.05190    70.13424     1.91765
  -7.66115   1.44768   2.82487    68.19208    66.03448     2.15760
  -7.72195   1.02476   2.82487    63.71104    61.45905     2.25199
  -6.42935   2.74201   2.46083    85.64626    86.23731    -0.59105
  -6.83425   2.64221   2.46083    82.90530    82.55688     0.34842
  -7.20351   2.44841   2.46083    79.82988    78.71934     1.11053
  -7.51565   2.17187   2.46083    76.54235    74.89439     1.64796
  -7.75255   1.82867   2.46083    73.04399    71.06800     1.97599
  -7.90043   1.43874   2.46083    69.23250    67.09922     2.13328
  -7.95070   1.02476   2.46083    64.93970    62.77716     2.16255
  -7.90043   0.61078   2.46083    59.92716    57.83804     2.08912
  -7.03301   2.71125   2.05501    85.87217    85.68953     0.18263
  -7.38792   2.48824   2.05501    82.01361    81.01871     0.99490
  -7.68432   2.19185   2.05501    78.26863    76.74531     1.52332
  -7.90732   1.83693   2.05501    74.52366    72.71254     1.81111
  -8.04576   1.44129   2.05501    70.59607    68.68530     1.91077
  -8.09270   1.02476   2.05501    66.27065    64.40605     1.86460
  -8.04576   0.60823   2.05501    61.28509    59.58893     1.69616
  -7.29832   2.61393   1.62777    87.03933    86.77309     0.26624
  -7.61475   2.34515   1.62777    82.41020    81.42689     0.98331
  -7.86600   2.01463   1.62777    78.25985    76.88218     1.37767
  -8.04033   1.63782   1.62777    74.22998    72.70529     1.52469
  -8.12958   1.23235   1.62777    70.03194    68.55236     1.47958
  -8.12958   0.81717   1.62777    65.39088    64.11715     1.27374
  -7.38792   2.48824   1.20053    88.67399    88.60660     0.06740
  -7.68432   2.19185   1.20053    83.24541    82.53294     0.71247
  -7.90732   1.83693   1.20053    78.62318    77.62776     0.99542
  -8.04576   1.44129   1.20053    74.20927    73.20331     1.00597
  -8.09270   1.02476   1.20053    69.61026    68.81251     0.79774
  -8.04576   0.60823   1.20053    64.47472    64.09315     0.38157
  -7.51565   2.17187   0.79472    86.94834    86.86349     0.08486
  -7.75255   1.82867   0.79472    81.56055    81.15938     0.40117
  -7.90043   1.43874   0.79472    76.74253    76.35280     0.38973
  -7.95070   1.02476   0.79472    71.92639    71.81607     0.11032
  -7.90043   0.61078   0.79472    66.70300    67.12621    -0.42321
  -7.48365   1.83633   0.43067    85.80753    86.09777    -0.29024
  -7.66115   1.44768   0.43067    80.21956    80.51320    -0.29364
  -7.72195   1.02476   0.43067    74.98488    75.61650    -0.63163
  -7.13787   1.79424   0.12666    90.82321    91.84964    -1.02642
  -7.34574   1.43420   0.12666    84.54812    85.61232    -1.06420
  -7.41794   1.02476   0.12666    79.12832    80.55655    -1.42823
  -6.94228   1.44129  -0.10209    90.97005    92.96067    -1.99061
  -7.05389   1.02476  -0.10209    84.83552    87.21304    -2.37752
  -6.91865   1.77648  -0.39756    88.03833    89.02988    -0.99156
  -6.96559   1.35995  -0.39756    86.00833    87.83750    -1.82916
  -6.91865   0.94343  -0.39756    84.02101    86.61848    -2.59746
  -6.73889   2.34982  -0.82480    83.99842    83.03773     0.96069
  -6.91322   1.97301  -0.82480    82.43153    82.32858     0.10295
  -7.00247   1.56754  -0.82480    81.09682    81.74865    -0.65183
  -7.00247   1.15237  -0.82480    79.95726    81.30694    -1.34968
  -6.91322   0.74690  -0.82480    79.10197    81.05216    -1.95020
  -6.73889   0.37009  -0.82480    78.90116    81.23115    -2.32999
  -5.90589   3.04644  -1.25204    77.69509    74.32508     3.37001
  -6.26081   2.82344  -1.25204    79.09946    76.55019     2.54926
  -6.55720   2.52704  -1.25204    79.15593    77.39383     1.76210
  -6.78021   2.17213  -1.25204    78.59870    77.55426     1.04444
  -6.91865   1.77648  -1.25204    77.90656    77.52946     0.37710
  -6.96559   1.35995  -1.25204    77.30039    77.56657    -0.26618
  -6.91865   0.94343  -1.25204    76.92576    77.81252    -0.88676
  -6.78021   0.54779  -1.25204    76.98789    78.44385    -1.45597
  -6.55720   0.19287  -1.25204    77.76223    79.70524    -1.94301
  -6.26081  -0.10352  -1.25204    79.46341    81.85163    -2.38822
  -5.90589  -0.32653  -1.25204    82.09456    85.06174    -2.96718
  -4.88521   3.07720  -1.65786    72.18179    69.46025     2.72154
  -5.30223   3.07720  -1.65786    72.97935    70.08449     2.89486
  -5.70714   2.97740  -1.65786    74.44710    71.68639     2.76071
  -6.07640   2.78360  -1.65786    75.54210    73.13608     2.40603
  -6.38854   2.50706  -1.65786    75.98513    74.04521     1.93991
  -6.62544   2.16386  -1.65786    75.96944    74.54387     1.42556
  -6.77332   1.77394  -1.65786    75.78495    74.90354     0.88140
  -6.82358   1.35995  -1.65786    75.66259    75.35519     0.30740
  -6.77332   0.94597  -1.65786    75.79185    76.08766    -0.29581
  -6.62544   0.55605  -1.65786    76.37606    77.29763    -0.92157
  -6.38854   0.21285  -1.65786    77.63359    79.21122    -1.57763
  -6.07640  -0.06369  -1.65786    79.75834    82.07029    -2.31195
  -5.70714  -0.25749  -1.65786    82.93417    86.14003    -3.20587
  -4.47014   2.72542  -2.02190    77.81808    76.37322     1.44486
  -4.88009   2.84579  -2.02190    74.96856    73.09515     1.87341
  -5.30735   2.84579  -2.02190    74.15970    72.02052     2.13918
  -5.71731   2.72542  -2.02190    74.32662    72.15869     2.16792
  -6.07675   2.49442  -2.02190    74.65167    72.66500     1.98667
  -6.35654   2.17152  -2.02190    74.84180    73.18755     1.65425
  -6.53403   1.78287  -2.02190    74.96354    73.75383     1.20971
  -6.59484   1.35995  -2.02190    75.21141    74.54202     0.66939
  -6.53403   0.93704  -2.02190    75.81068    75.77050     0.04018
  -6.35654   0.54839  -2.02190    77.00734    77.68579    -0.67845
  -6.07675   0.22549  -2.02190    79.06306    80.56639    -1.50333
  -5.71731  -0.00551  -2.02190    82.25144    84.71980    -2.46836
  -5.30735  -0.12588  -2.02190    86.92136    90.47737    -3.55601
  -4.49517   2.39667  -2.32591    81.48085    80.43933     1.04153
  -4.88585   2.53887  -2.32591    77.60159    76.21028     1.39131
  -5.30160   2.53887  -2.32591    75.75797    74.08520     1.67277
  -5.69227   2.39667  -2.32591    75.13422    73.37757     1.75665
  -6.01076   2.12944  -2.32591    75.05327    73.42958     1.62369
  -6.21863   1.76939  -2.32591    75.24780    73.95005     1.29776
  -6.29082   1.35995  -2.32591    75.77052    74.96794     0.80258
  -6.21863   0.95052  -2.32591    76.83226    76.67981     0.15246
  -6.01076   0.59047  -2.32591    78.71354    79.35864    -0.64511
  -5.69227   0.32324  -2.32591    81.70550    83.29637    -1.59087
  -5.30160   0.18104  -2.32591    86.04410    88.69684    -2.65273
  -4.67719   2.08140  -2.55466    82.98186    82.15918     0.82268
  -5.09372   2.19301  -2.55466    78.80829    77.63726     1.17103
  -5.51025   2.08140  -2.55466    76.99165    75.65230     1.33936
  -5.81517   1.77648  -2.55466    76.63460    75.44467     1.18993
  -5.92678   1.35995  -2.55466    77.30227    76.59073     0.71154
  -5.81517   0.94343  -2.55466    79.13271    79.18886    -0.05614
  -5.51025   0.63851  -2.55466    82.47922    83.52019    -1.04097
  -5.09372   0.52690  -2.55466    87.46353    89.49644    -2.03291
  -4.88010   1.72996  -2.69666    83.74805    83.25617     0.49188
  -5.30734   1.72996  -2.69666    79.88761    79.09377     0.79384
  -5.52096   1.35995  -2.69666    79.89012    79.46246     0.42766
  -5.30734   0.98995  -2.69666    83.23474    83.72818    -0.49344
  -5.09372   1.35995  -2.74480    83.75871    83.72446     0.03426
  -4.31696   2.62257   3.60626    71.76450    72.46009    -0.69559
  -3.88972   2.62257   3.55812    71.68606    72.13143    -0.44537
  -4.10334   2.99257   3.55812    70.40908    70.89508    -0.48600
  -4.53058   2.99257   3.55812    70.85963    71.51413    -0.65450
  -4.74420   2.62257   3.55812    72.45099    73.38943    -0.93844
  -4.53058   2.25257   3.55812    73.13184    74.04779    -0.91595
  -4.10334   2.25257   3.55812    72.89778    73.47516    -0.57738
  -3.48390   2.62257   3.41612    72.03056    72.22617    -0.19561
  -3.59551   3.03910   3.41612    70.18003    70.43883    -0.25879
  -3.90043   3.34402   3.41612    68.94823    69.23967    -0.29144
  -4.31696   3.45563   3.41612    68.91372    69.23104    -0.31732
  -4.73348   3.34402   3.41612    70.10724    70.56720    -0.45995
  -5.03841   3.03910   3.41612    72.07951    72.86385    -0.78435
  -5.15001   2.62257   3.41612    74.05491    75.20073    -1.14583
  -5.03841   2.20604   3.41612    74.97107    76.29994    -1.32887
  -4.73348   1.90112   3.41612    74.64477    75.80206    -1.15730
  -4.31696   1.78951   3.41612    74.47659    75.12045    -0.64386
  -3.90043   1.90112   3.41612    74.43706    74.69720    -0.26014
  -3.59551   2.20604   3.41612    73.64953    73.81057    -0.16103
  -3.11986   2.62257   3.18737    72.70576    72.64064     0.06512
  -3.19205   3.03200   3.18737    70.46555    70.51754    -0.05199
  -3.39992   3.39205   3.18737    68.50019    68.62760    -0.12741
  -3.71841   3.65929   3.18737    67.26651    67.38743    -0.12092
  -4.10908   3.80149   3.18737    67.02743    67.07295    -0.04552
  -4.52483   3.80149   3.18737    67.82436    67.81674     0.00762
  -4.91551   3.65929   3.18737    69.50672    69.59675    -0.09003
  -5.23399   3.39205   3.18737    71.79838    72.20735    -0.40897
  -5.44186   3.03200   3.18737    74.41259    75.28354    -0.87095
  -5.51406   2.62257   3.18737    77.01361    78.29772    -1.28411
  -5.44186   2.21314   3.18737    78.73236    80.27564    -1.54328
  -5.23399   1.85309   3.18737    78.27491    79.96460    -1.68969
  -4.91551   1.58585   3.18737    76.45827    77.93331    -1.47505
  -4.52483   1.44366   3.18737    75.89916    76.57062    -0.67146
  -4.10908   1.44366   3.18737    76.46517    76.38757     0.07760
  -3.71841   1.58585   3.18737    76.69547    76.36814     0.32733
  -3.39992   1.85309   3.18737    76.11125    75.81743     0.29382
  -3.19205   2.21314   3.18737    74.71567    74.52932     0.18635
  -2.81584   2.62257   2.88336    73.68091    73.31249     0.36842
  -2.87665   3.04548   2.88336    70.79248    70.61424     0.17824
  -3.05414   3.43414   2.88336    68.09733    68.07767     0.01966
  -3.33393   3.75704   2.88336    66.06232    66.09699    -0.03467
  -3.69337   3.98804   2.88336    64.99806    64.93832     0.05974
  -4.10333   4.10841   2.88336    65.03634    64.76564     0.27070
  -4.53059   4.10841   2.88336    66.16837    65.68317     0.48520
  -4.94054   3.98804   2.88336    68.25484    67.71372     0.54111
  -5.29998   3.75704   2.88336    71.03910    70.73662     0.30247
  -5.57978   3.43414   2.88336    74.24316    74.48197    -0.23881
  -5.75727   3.04548   2.88336    77.78482    78.67799    -0.89317
  -5.81807   2.62257   2.88336    81.81532    83.16132    -1.34601
  -3.69337   1.25711   2.88336    80.23587    78.89009     1.34579
  -3.33393   1.48810   2.88336    79.66861    78.64024     1.02836
  -3.05414   1.81101   2.88336    78.35209    77.59165     0.76044
  -2.87665   2.19966   2.88336    76.30453    75.74896     0.55557
  -2.58710   2.62257   2.51931    74.92087    74.16695     0.75392
  -2.63736   3.03655   2.51931    71.32963    70.85077     0.47887
  -2.78524   3.42648   2.51931    67.85637    67.65807     0.19829
  -3.02214   3.76968   2.51931    64.99116    64.97345     0.01771
  -3.33428   4.04622   2.51931    63.07412    63.04810     0.02602
  -3.70354   4.24002   2.51931    62.27342    62.02312     0.25029
  -4.10845   4.33982   2.51931    62.65369    62.01277     0.64092
  -4.52547   4.33982   2.51931    64.20614    63.13593     1.07021
  -4.93037   4.24002   2.51931    66.82913    65.47923     1.34991
  -3.33428   1.19892   2.51931    84.78720    82.65972     2.12748
  -3.02214   1.47546   2.51931    83.13936    81.59388     1.54549
  -2.78524   1.81866   2.51931    81.00144    79.77138     1.23006
  -2.63736   2.20859   2.51931    78.21906    77.22862     0.99044
  -2.44510   2.62257   2.11350    76.22923    75.00259     1.22664
  -2.49203   3.03910   2.11350    71.55554    70.73494     0.82060
  -2.63047   3.43474   2.11350    67.00233    66.64291     0.35942
  -2.85348   3.78966   2.11350    63.16448    63.15798     0.00650
  -3.14987   4.08605   2.11350    60.44674    60.54168    -0.09494
  -3.50479   4.30906   2.11350    59.04049    58.91549     0.12500
  -3.90043   4.44750   2.11350    59.04174    58.39078     0.65096
  -2.49203   2.20604   2.11350    80.61238    79.06725     1.54513
  -2.39696   2.62257   1.68626    77.05377    75.33420     1.71957
  -2.44185   3.03531   1.68626    71.00019    69.88593     1.11426
  -2.57441   3.42876   1.68626    65.19886    64.78148     0.41738
  -6.26455   3.42456   2.37557    77.93040    78.29988    -0.36947
  -6.37616   3.00803   2.37557    83.31067    84.14490    -0.83423
  -6.14165   4.04475   2.14682    71.95589    71.42956     0.52632
  -6.46013   3.77751   2.14682    74.35297    74.42612    -0.07315
  -6.66800   3.41746   2.14682    77.99190    78.46192    -0.47002
  -6.74020   3.00803   2.14682    83.66772    84.24951    -0.58178
  -5.75673   4.49387   1.84281    67.15105    65.78301     1.36804
  -6.16669   4.37349   1.84281    68.97396    68.29978     0.67418
  -6.52612   4.14250   1.84281    71.22672    71.07676     0.14996
  -6.80592   3.81959   1.84281    74.05114    74.28764    -0.23650
  -6.98341   3.43094   1.84281    77.85448    78.32703    -0.47255
  -7.04421   3.00803   1.84281    83.52904    83.97703    -0.44799
  -5.75161   4.72528   1.47876    64.37683    63.22874     1.14808
  -6.15652   4.62548   1.47876    66.58880    65.94308     0.64572
  -6.52577   4.43168   1.47876    68.84469    68.59697     0.24773
  -6.83792   4.15514   1.47876    71.27629    71.34589    -0.06959
  -7.07481   3.81193   1.47876    74.09946    74.41348    -0.31402
  -7.22269   3.42201   1.47876    77.68505    78.14834    -0.46329
  -7.27296   3.00803   1.47876    82.72834    83.16125    -0.43291
  -5.54310   4.87989   1.07295    60.90168    59.94829     0.95339
  -5.95963   4.83296   1.07295    63.68029    63.05539     0.62490
  -6.35527   4.69452   1.07295    66.19033    65.85187     0.33846
  -6.71019   4.47151   1.07295    68.59871    68.50638     0.09233
  -7.00658   4.17512   1.07295    71.07235    71.19285    -0.12050
  -7.22959   3.82020   1.07295    73.81771    74.11834    -0.30063
  -7.36803   3.42456   1.07295    77.13912    77.56954    -0.43043
  -7.41496   3.00803   1.07295    81.54172    82.00161    -0.45989
  -7.36803   2.59150   1.07295    87.95550    88.22755    -0.27206
  -5.43915   4.92521   0.64571    58.43808    57.95496     0.48312
  -5.85372   4.90274   0.64571    61.76388    61.37205     0.39183
  -6.25376   4.79166   0.64571    64.59269    64.33192     0.26077
  -6.62058   4.59719   0.64571    67.14665    67.02633     0.12033
  -6.93701   4.32841   0.64571    69.60335    69.62417    -0.02081
  -7.18826   3.99789   0.64571    72.13535    72.29524    -0.15989
  -7.36259   3.62109   0.64571    74.94597    75.23742    -0.29145
  -7.45184   3.21562   0.64571    78.31256    78.71428    -0.40172
  -7.45184   2.80044   0.64571    82.64990    83.11427    -0.46437
  -7.36259   2.39497   0.64571    88.60371    89.04409    -0.44037
  -5.54310   4.87989   0.21847    58.57111    58.45726     0.11385
  -5.95963   4.83296   0.21847    62.09269    61.91172     0.18098
  -6.35527   4.69452   0.21847    65.07148    64.90786     0.16362
  -6.71019   4.47151   0.21847    67.75095    67.64574     0.10521
  -7.00658   4.17512   0.21847    70.32311    70.30071     0.02240
  -7.22959   3.82020   0.21847    72.96931    73.04667    -0.07736
  -7.36803   3.42456   0.21847    75.88974    76.07955    -0.18981
  -7.41496   3.00803   0.21847    79.33163    79.64374    -0.31211
  -7.36803   2.59150   0.21847    83.60184    84.05859    -0.45675
  -7.22959   2.19586   0.21847    89.04485    89.72280    -0.67794
  -5.33459   4.72528  -0.18735    56.50535    56.66593    -0.16058
  -5.75161   4.72528  -0.18735    60.62997    60.52737     0.10260
  -6.15652   4.62548  -0.18735    64.02228    63.81405     0.20824
  -6.52577   4.43168  -0.18735    66.97974    66.74752     0.23221
  -6.83792   4.15514  -0.18735    69.72886    69.51869     0.21017
  -7.07481   3.81193  -0.18735    72.46354    72.30656     0.15698
  -7.22269   3.42201  -0.18735    75.37581    75.29735     0.07846
  -7.27296   3.00803  -0.18735    78.67338    78.70236    -0.02898
  -7.22269   2.59405  -0.18735    82.57711    82.77112    -0.19401
  -7.07481   2.20412  -0.18735    87.29034    87.79491    -0.50457
  -6.83792   1.86092  -0.18735    92.97871    94.12283    -1.14412
  -5.32947   4.49387  -0.55140    57.51940    57.47790     0.04151
  -5.75673   4.49387  -0.55140    61.80655    61.49040     0.31615
  -6.16669   4.37349  -0.55140    65.40532    64.96184     0.44348
  -6.52612   4.14250  -0.55140    68.61126    68.11787     0.49339
  -6.80592   3.81959  -0.55140    71.67978    71.17856     0.50122
  -6.98341   3.43094  -0.55140    74.85122    74.36630     0.48492
  -7.04421   3.00803  -0.55140    78.37092    77.92318     0.44774
  -6.98341   2.58512  -0.55140    82.50495    82.13474     0.37021
  -6.80592   2.19646  -0.55140    87.59593    87.38282     0.21312
  -5.75097   4.18694  -0.85541    63.93632    63.09356     0.84275
  -6.14165   4.04475  -0.85541    67.56646    66.64286     0.92360
  -6.46013   3.77751  -0.85541    71.00082    70.01702     0.98380
  -6.66800   3.41746  -0.85541    74.50044    73.44888     1.05156
  -6.74020   3.00803  -0.85541    78.36966    77.21376     1.15590
  -6.66800   2.59860  -0.85541    83.01009    81.65016     1.35993
  -5.95963   3.72948  -1.08415    69.46467    67.77588     1.68880
  -6.26455   3.42456  -1.08415    73.70664    71.91168     1.79495
  -6.37616   3.00803  -1.08415    78.52779    76.40485     2.12294
  -2.33389   1.05326   2.29916    77.97559    77.21325     0.76233
  -1.90665   1.05326   2.25102    75.93116    75.48085     0.45031
  -2.12027   1.42326   2.25102    77.78294    76.98480     0.79814
  -2.54751   1.42326   2.25102    81.64965    80.36675     1.28290
  -2.76113   1.05326   2.25102    82.14664    80.82363     1.32301
  -2.54751   0.68326   2.25102    77.46668    76.80690     0.65978
  -2.12027   0.68326   2.25102    75.84205    75.45563     0.38642
  -1.50083   1.05326   2.10902    74.92338    74.77355     0.14983
  -1.61244   1.46979   2.10902    75.86527    75.39785     0.46742
  -1.91736   1.77471   2.10902    77.53507    76.66005     0.87502
  -2.33389   1.88632   2.10902    80.65003    79.31044     1.33959
  -2.75042   0.33181   2.10902    75.40531    75.05667     0.34864
  -2.33389   0.22020   2.10902    74.21304    74.20705     0.00599
  -1.91736   0.33181   2.10902    75.78181    75.59349     0.18832
  -1.61244   0.63673   2.10902    75.66321    75.47848     0.18473
  -1.13679   1.05326   1.88027    73.77817    74.02970    -0.25153
  -2.12602   2.23217   1.88027    78.80013    77.45879     1.34134
  -2.12602  -0.12565   1.88027    74.65732    74.90252    -0.24520
  -1.20898   0.64383   1.88027    75.61552    75.67714    -0.06162
  -2.12026   2.53910   1.57625    77.19559    75.80290     1.39269
  -2.12538   2.77051   1.21221    74.23688    73.25255     0.98434
  -2.09790   3.29448   0.67417    65.63938    65.77736    -0.13798
  -1.71343   3.39223   0.37015    66.26500    66.75176    -0.48675
  -2.07286   3.62323   0.37015    61.51978    61.81830    -0.29853
  -2.48282   3.74360   0.37015    56.16963    56.84582    -0.67619
  -1.71378   3.68141   0.00611    62.54513    62.77916    -0.23403
  -2.08303   3.87521   0.00611    59.32977    59.42471    -0.09494
  -2.48794   3.97501   0.00611    55.45364    55.91758    -0.46394
  -1.23297   3.42485  -0.39971    64.96104    65.63253    -0.67149
  -1.52936   3.72125  -0.39971    62.41774    62.40258     0.01516
  -1.88428   3.94426  -0.39971    60.23840    59.91860     0.31980
  -2.27992   4.08270  -0.39971    57.88587    57.62508     0.26079
  -2.69645   4.12963  -0.39971    54.79538    54.99805    -0.20266
  -3.11298   4.08270  -0.39971    50.27355    51.43938    -1.16583
  -0.95390   3.06395  -0.82695    67.55391    68.24039    -0.68648
  -1.16795   3.41970  -0.82695    64.87444    64.91612    -0.04168
  -1.45347   3.72112  -0.82695    62.86955    62.39566     0.47389
  -1.79710   3.95411  -0.82695    61.25246    60.48652     0.76593
  -2.18279   4.10778  -0.82695    59.67239    58.85973     0.81265
  -2.59250   4.17495  -0.82695    57.85575    57.25184     0.60391
  -3.00707   4.15247  -0.82695    55.60173    55.46052     0.14121
  -3.40712   4.04140  -0.82695    52.83630    53.33208    -0.49578
  -0.87152   2.67429  -1.25419    71.41372    71.49877    -0.08505
  -1.00996   3.06994  -1.25419    68.18957    67.93878     0.25080
  -1.23297   3.42485  -1.25419    65.72723    65.05135     0.67588
  -1.52936   3.72125  -1.25419    63.92377    62.89918     1.02459
  -1.88428   3.94426  -1.25419    62.52818    61.30461     1.22357
  -2.27992   4.08270  -1.25419    61.30140    60.05914     1.24226
  -2.69645   4.12963  -1.25419    60.12043    59.03676     1.08367
  -3.11298   4.08270  -1.25419    59.01350    58.21580     0.79771
  -3.50862   3.94426  -1.25419    58.25547    57.72033     0.53514
  -3.86354   3.72125  -1.25419    58.59119    57.94571     0.64548
  -1.01686   2.67175  -1.66000    73.25420    72.43598     0.81823
  -1.16473   3.06167  -1.66000    69.82737    68.81704     1.01034
  -1.40163   3.40488  -1.66000    67.35248    66.07524     1.27723
  -1.71378   3.68141  -1.66000    65.59169    64.10213     1.48956
  -2.08303   3.87521  -1.66000    64.32223    62.73746     1.58478
  -2.48794   3.97501  -1.66000    63.40419    61.86165     1.54254
  -2.90496   3.97501  -1.66000    62.84696    61.46022     1.38674
  -3.30987   3.87521  -1.66000    62.86202    61.65841     1.20361
  -3.67912   3.68141  -1.66000    63.92188    62.77275     1.14914
  -3.99127   3.40488  -1.66000    66.77078    65.37451     1.39627
  -4.22816   3.06167  -1.66000    72.16736    70.27631     1.89105
  -1.25614   2.68068  -2.02405    75.45864    73.74420     1.71444
  -1.43363   3.06933  -2.02405    71.65029    69.97317     1.67712
  -1.71343   3.39223  -2.02405    69.09507    67.32510     1.76997
  -2.07286   3.62323  -2.02405    67.44535    65.62090     1.82445
  -2.48282   3.74360  -2.02405    66.51287    64.73688     1.77599
  -2.91008   3.74360  -2.02405    66.30391    64.67458     1.62933
  -3.32004   3.62323  -2.02405    67.06194    65.60815     1.45379
  -3.67947   3.39223  -2.02405    69.24881    67.90272     1.34609
  -3.95927   3.06933  -2.02405    73.37720    72.05671     1.32049
  -1.57154   2.66720  -2.32806    77.85071    75.38954     2.46117
  -1.77942   3.02725  -2.32806    73.83151    71.67318     2.15833
  -2.09790   3.29448  -2.32806    71.40180    69.34755     2.05425
  -2.48858   3.43668  -2.32806    70.21643    68.27549     1.94094
  -2.90432   3.43668  -2.32806    70.21957    68.45595     1.76361
  -3.29500   3.29448  -2.32806    71.62519    70.07173     1.55346
  -3.61348   3.02725  -2.32806    74.80792    73.44336     1.36456
  -3.82136   2.66720  -2.32806    80.04386    78.82377     1.22009
  -1.86339   2.25777  -2.55681    86.55741    82.59956     3.95784
  -1.97500   2.67429  -2.55681    79.55440    76.80389     2.75051
  -2.27992   2.97921  -2.55681    75.81507    73.51869     2.29638
  -2.69645   3.09082  -2.55681    74.69497    72.67932     2.01565
  -3.11298   2.97921  -2.55681    76.14640    74.39746     1.74893
  -3.41790   2.67429  -2.55681    80.54084    78.97252     1.56832
  -2.48283   2.62777  -2.69881    81.53858    78.94952     2.58907
  -2.91007   2.62777  -2.69881    81.82159    79.66138     2.16021
  -3.71075   2.46934  -2.55485    82.93166    81.59797     1.33369
  -4.07756   2.27486  -2.55485    84.16220    83.14637     1.01583
  -4.39399   2.00609  -2.55485    86.20286    85.46631     0.73656
  -1.83300   2.14918  -2.98209    85.50382    81.89893     3.60489
  -2.18791   2.37219  -2.98209    83.21278    80.26409     2.94869
  -2.58355   2.51063  -2.98209    81.75884    79.33345     2.42539
  -3.00008   2.55756  -2.98209    80.88284    78.91553     1.96731
  -3.41661   2.51063  -2.98209    80.58289    79.01580     1.56709
  -3.81225   2.37219  -2.98209    80.93429    79.71878     1.21551
  -4.16717   2.14918  -2.98209    81.87618    81.00737     0.86881
  -4.46356   1.85279  -2.98209    83.13560    82.66817     0.46742
  -4.68657   1.49787  -2.98209    84.30339    84.36250    -0.05911
  -4.82501   1.10223  -2.98209    85.01561    85.81267    -0.79705
  -4.87194   0.68570  -2.98209    85.23838    86.97106    -1.73268
  -4.82501   0.26917  -2.98209    85.35321    88.06223    -2.70901
  -1.70526   1.83281  -3.38790    87.38886    83.26915     4.11971
  -2.01741   2.10935  -3.38790    83.89865    80.68796     3.21069
  -2.38667   2.30315  -3.38790    81.68291    79.07277     2.61014
  -2.79157   2.40295  -3.38790    80.33188    78.18215     2.14974
  -3.20859   2.40295  -3.38790    79.64602    77.88939     1.75662
  -3.61350   2.30315  -3.38790    79.54059    78.14915     1.39145
  -3.98275   2.10935  -3.38790    79.92212    78.90760     1.01452
  -4.29490   1.83281  -3.38790    80.61113    80.02955     0.58158
  -4.53180   1.48961  -3.38790    81.36037    81.31335     0.04702
  -4.67968   1.09968  -3.38790    81.97282    82.58982    -0.61700
  -4.72994   0.68570  -3.38790    82.44596    83.83048    -1.38452
  -4.67968   0.27172  -3.38790    83.02390    85.18586    -2.16196
  -4.53180  -0.11820  -3.38790    84.11577    86.93260    -2.81683
  -4.29490  -0.46141  -3.38790    86.16584    89.36476    -3.19892
  -1.73726   1.49727  -3.75195    89.97984    85.26692     4.71292
  -2.01706   1.82017  -3.75195    85.23901    81.75136     3.48765
  -2.37650   2.05117  -3.75195    82.23135    79.49155     2.73981
  -2.78645   2.17154  -3.75195    80.41722    78.20278     2.21444
  -3.21371   2.17154  -3.75195    79.47282    77.68952     1.78331
  -3.62367   2.05117  -3.75195    79.19295    77.82246     1.37049
  -3.98310   1.82017  -3.75195    79.39564    78.47287     0.92277
  -4.26290   1.49727  -3.75195    79.87568    79.47771     0.39797
  -4.44039   1.10862  -3.75195    80.46743    80.68965    -0.22223
  -4.50120   0.68570  -3.75195    81.16773    82.07414    -0.90641
  -4.44039   0.26279  -3.75195    82.19810    83.76369    -1.56560
  -4.26290  -0.12586  -3.75195    83.95387    86.02173    -2.06786
  -3.98310  -0.44877  -3.75195    86.87555    89.15211    -2.27656
  -3.62367  -0.67976  -3.75195    91.34781    93.43488    -2.08707
  -1.87517   1.09514  -4.05597    93.50331    88.49738     5.00592
  -2.08305   1.45518  -4.05597    87.58087    83.83491     3.74597
  -2.40153   1.72242  -4.05597    83.67525    80.78642     2.88883
  -2.79221   1.86462  -4.05597    81.29197    79.00400     2.28797
  -3.20796   1.86462  -4.05597    80.02189    78.22149     1.80040
  -3.59863   1.72242  -4.05597    79.56444    78.23364     1.33080
  -3.91711   1.45518  -4.05597    79.67676    78.85834     0.81842
  -4.12499   1.09514  -4.05597    80.18693    79.94338     0.24355
  -4.19718   0.68570  -4.05597    81.08176    81.44100    -0.35924
  -4.12499   0.27627  -4.05597    82.57837    83.47236    -0.89399
  -3.91711  -0.08378  -4.05597    85.08088    86.30559    -1.22472
  -3.59863  -0.35102  -4.05597    89.05427    90.28055    -1.22629
  -2.27863   1.10223  -4.28471    89.43516    85.93340     3.50176
  -2.58355   1.40715  -4.28471    84.64476    81.95646     2.68830
  -3.00008   1.51876  -4.28471    81.93580    79.90738     2.02842
  -3.41661   1.40715  -4.28471    80.84142    79.40580     1.43562
  -3.72153   1.10223  -4.28471    80.93053    80.10222     0.82831
  -3.83314   0.68570  -4.28471    82.03432    81.80130     0.23301
  -3.72153   0.26917  -4.28471    84.41634    84.59920    -0.18285
  -3.41661  -0.03575  -4.28471    88.64136    88.80941    -0.16805
  -2.57284   0.68570  -4.42671    91.15893    88.41898     2.73996
  -2.78646   1.05570  -4.42671    85.82510    83.53124     2.29386
  -3.21370   1.05570  -4.42671    83.21341    81.66998     1.54342
  -3.42732   0.68570  -4.42671    83.99654    83.10807     0.88847
  -3.21370   0.31570  -4.42671    88.00758    87.16710     0.84048
  -3.00008   0.68570  -4.47485    87.02239    85.34398     1.67841
  -4.23287  -2.30864  -1.02439    68.90180    68.28088     0.62092
  -3.83723  -2.44708  -1.02439    74.99805    73.19804     1.80001
  -3.42070  -2.49401  -1.02439    83.77189    80.29190     3.47999
  -5.32944  -0.82974  -1.45163    80.84142    83.94805    -3.10663
  -5.24019  -1.23521  -1.45163    75.54022    77.65223    -2.11201
  -5.06586  -1.61201  -1.45163    72.34620    73.67993    -1.33373
  -4.81461  -1.94253  -1.45163    71.48776    72.10969    -0.62193
  -4.49818  -2.21131  -1.45163    72.98312    72.86342     0.11970
  -4.13136  -2.40578  -1.45163    76.78457    75.81094     0.97364
  -3.73132  -2.51686  -1.45163    82.88773    80.82034     2.06739
  -3.31675  -2.53933  -1.45163    91.32773    87.67976     3.64797
  -5.29256  -0.62215  -1.87887    83.09355    86.43403    -3.34047
  -5.24563  -1.03868  -1.87887    78.99780    81.49280    -2.49500
  -5.10719  -1.43432  -1.87887    76.41371    78.12668    -1.71297
  -4.88418  -1.78924  -1.87887    75.60109    76.60314    -1.00205
  -4.58778  -2.08563  -1.87887    76.73123    77.04889    -0.31766
  -4.23287  -2.30864  -1.87887    79.94408    79.54223     0.40185
  -3.83723  -2.44708  -1.87887    85.46240    84.19475     1.26765
  -5.10029  -0.20817  -2.28469    86.63710    90.24960    -3.61250
  -5.15056  -0.62215  -2.28469    82.77917    85.96690    -3.18773
  -5.10029  -1.03613  -2.28469    80.04762    82.57884    -2.53122
  -4.95241  -1.42605  -2.28469    78.69283    80.53356    -1.84074
  -4.71552  -1.76926  -2.28469    78.95889    80.14348    -1.18458
  -4.40337  -2.04580  -2.28469    81.08741    81.65074    -0.56334
  -4.03412  -2.23960  -2.28469    85.40844    85.33724     0.07120
  -4.92182  -0.62215  -2.64873    83.32573    86.63716    -3.31142
  -4.86101  -1.04506  -2.64873    81.50470    84.19239    -2.68769
  -4.68352  -1.43371  -2.64873    81.27252    83.30125    -2.02873
  -4.40372  -1.75662  -2.64873    82.94421    84.36896    -1.42476
  -4.04429  -1.98761  -2.64873    86.94897    87.84357    -0.89460
  -4.61780  -0.62215  -2.95275    84.99177    88.56007    -3.56830
  -4.54561  -1.03158  -2.95275    83.90367    86.84467    -2.94100
  -4.33773  -1.39163  -2.95275    84.80854    87.13464    -2.32611
  -4.01925  -1.65887  -2.95275    88.06719    89.90055    -1.83336
  -4.14215  -1.03868  -3.18149    87.75595    90.79293    -3.03699
  -3.83723  -1.34360  -3.18149    90.90542    93.33591    -2.43049
   0.57608  -3.66556  -2.78081    84.06180    82.52538     1.53642
   0.93099  -3.44255  -2.78081    80.73098    79.06795     1.66303
   1.22738  -3.14616  -2.78081    75.79499    74.60713     1.18786
   1.68390  -1.97907  -3.20805    67.20564    66.91143     0.29421
   1.63902  -1.56633  -3.20805    66.99417    66.38135     0.61282
   1.50645  -1.17288  -3.20805    68.56985    67.24231     1.32754
   1.29240  -0.81713  -3.20805    71.85800    69.50195     2.35605
  -0.54672  -3.87378  -3.20805    83.93693    84.36085    -0.42393
  -0.13215  -3.89625  -3.20805    82.54260    82.34281     0.19979
   0.27756  -3.82908  -3.20805    81.38296    80.63985     0.74311
   0.66325  -3.67541  -3.20805    79.94597    78.79702     1.14894
   1.00689  -3.44242  -3.20805    77.89275    76.56866     1.32409
   1.29240  -3.14100  -3.20805    75.13359    73.94103     1.19256
   1.50645  -2.78526  -3.20805    71.95714    71.15184     0.80531
   1.63902  -2.39181  -3.20805    69.04424    68.63877     0.40547
   1.63577  -1.97907  -3.63529    70.36766    69.37199     0.99567
   1.58883  -1.56254  -3.63529    70.33754    69.19173     1.14581
   1.45039  -1.16690  -3.63529    71.45011    69.95595     1.49416
   1.22738  -0.81198  -3.63529    73.82587    71.77908     2.04678
  -0.65262  -3.80400  -3.63529    81.27629    81.94111    -0.66483
  -0.23610  -3.85093  -3.63529    79.68492    79.81472    -0.12980
   0.18043  -3.80400  -3.63529    78.58803    78.19783     0.39021
   0.57608  -3.66556  -3.63529    77.53884    76.71745     0.82139
   0.93099  -3.44255  -3.63529    76.26060    75.15962     1.10098
   1.22738  -3.14616  -3.63529    74.66861    73.47528     1.19333
   1.45039  -2.79124  -3.63529    72.91158    71.78143     1.13015
   1.58883  -2.39560  -3.63529    71.33779    70.31875     1.01904
   1.49376  -1.97907  -4.04111    71.65907    70.57825     1.08082
   1.44350  -1.56509  -4.04111    71.84105    70.70755     1.13350
   1.29562  -1.17516  -4.04111    72.90782    71.62117     1.28665
   1.05872  -0.83196  -4.04111    75.05578    73.47512     1.58066
  -0.44461  -3.69632  -4.04111    78.30628    78.65755    -0.35127
  -0.02758  -3.69632  -4.04111    76.98789    76.93183     0.05606
   0.37732  -3.59652  -4.04111    76.01211    75.54339     0.46872
   0.74658  -3.40272  -4.04111    75.08841    74.28679     0.80162
   1.05872  -3.12618  -4.04111    74.08377    73.07721     1.00657
   1.29562  -2.78298  -4.04111    73.03960    71.95451     1.08509
   1.44350  -2.39305  -4.04111    72.14351    71.05831     1.08520
   1.26502  -1.97907  -4.40515    72.29411    71.44181     0.85231
   1.20422  -1.55616  -4.40515    72.74655    71.91333     0.83322
   1.02672  -1.16750  -4.40515    74.10573    73.25434     0.85139
   0.74693  -0.84460  -4.40515    76.66346    75.70462     0.95885
  -0.44973  -3.46491  -4.40515    77.10209    77.34961    -0.24752
  -0.02246  -3.46491  -4.40515    75.63309    75.61057     0.02252
   0.38749  -3.34453  -4.40515    74.62217    74.26414     0.35803
   0.74693  -3.11354  -4.40515    73.79261    73.15538     0.63722
   1.02672  -2.79063  -4.40515    73.05089    72.24719     0.80370
   1.20422  -2.40198  -4.40515    72.48174    71.62108     0.86066
   0.96100  -1.97907  -4.70917    72.87644    72.42658     0.44986
   0.88881  -1.56964  -4.70917    73.63322    73.27841     0.35481
   0.68094  -1.20959  -4.70917    75.42288    75.19656     0.22632
  -0.44397  -3.15798  -4.70917    76.58628    76.77280    -0.18652
  -0.02822  -3.15798  -4.70917    74.96166    75.01101    -0.04936
   0.36245  -3.01579  -4.70917    73.92501    73.73382     0.19120
   0.68094  -2.74855  -4.70917    73.22785    72.84079     0.38705
   0.88881  -2.38850  -4.70917    72.82938    72.35665     0.47273
   0.59696  -1.97907  -4.93791    73.77817    73.81193    -0.03375
   0.48535  -1.56254  -4.93791    75.15305    75.39541    -0.24236
  -0.23610  -2.81213  -4.93791    75.70965    75.96618    -0.25653
   0.18043  -2.70052  -4.93791    74.23751    74.34951    -0.11200
   0.48535  -2.39560  -4.93791    73.59431    73.58760     0.00672
   0.19114  -1.97907  -5.07991    75.32373    75.82624    -0.50251
  -0.02248  -2.34907  -5.07991    75.44107    75.89224    -0.45116
  -3.39696  -0.77577  -3.94477    92.10898    93.80463    -1.69564
  -0.02473   0.18373  -4.37201    81.86175    79.45081     2.41094
  -0.32113   0.48012  -4.37201    83.17889    80.28278     2.89612
  -0.67604   0.70313  -4.37201    85.09719    81.62196     3.47523
  -1.07169   0.84157  -4.37201    87.37631    83.35805     4.01826
  -1.48821   0.88850  -4.37201    89.73700    85.44130     4.29569
  -1.90474   0.84157  -4.37201    91.90881    87.76165     4.14715
  -2.30038   0.70313  -4.37201    93.53845    89.97014     3.56831
  -3.17470  -0.17119  -4.37201    90.69207    90.60248     0.08959
  -3.31314  -0.56683  -4.37201    88.21654    89.13455    -0.91801
  -3.36008  -0.98336  -4.37201    86.09619    87.77635    -1.68017
  -3.31314  -1.39989  -4.37201    84.58703    86.88212    -2.29510
   0.19138  -0.56938  -4.77783    78.54976    78.10111     0.44864
   0.04350  -0.17945  -4.77783    78.53783    77.47965     1.05818
  -0.19340   0.16375  -4.77783    79.22935    77.61211     1.61724
  -0.50554   0.44029  -4.77783    80.46429    78.32089     2.14340
  -0.87480   0.63409  -4.77783    82.06695    79.45274     2.61421
  -1.27970   0.73389  -4.77783    83.81582    80.88706     2.92876
  -1.69672   0.73389  -4.77783    85.45738    82.48728     2.97011
  -2.10163   0.63409  -4.77783    86.70487    84.02635     2.67852
  -2.47089   0.44029  -4.77783    87.23888    85.16520     2.07368
  -2.78303   0.16375  -4.77783    86.83978    85.59726     1.24252
  -3.01993  -0.17945  -4.77783    85.62304    85.28866     0.33439
  -3.16781  -0.56938  -4.77783    84.00281    84.51055    -0.50774
  -3.21807  -0.98336  -4.77783    82.40706    83.62880    -1.22174
  -3.16781  -1.39734  -4.77783    81.13259    82.92492    -1.79233
  -3.01993  -1.78727  -4.77783    80.35698    82.53491    -2.17793
  -2.78303  -2.13047  -4.77783    80.14614    82.42414    -2.27800
   0.01290  -0.98336  -5.14187    76.73249    77.14696    -0.41447
  -0.04790  -0.56045  -5.14187    76.46768    76.30930     0.15838
  -0.22539  -0.17180  -5.14187    76.81344    76.05318     0.76026
  -0.50519   0.15111  -5.14187    77.69446    76.37638     1.31808
  -0.86463   0.38210  -5.14187    78.94195    77.16013     1.78182
  -1.27458   0.50248  -5.14187    80.32624    78.25050     2.07574
  -1.70184   0.50248  -5.14187    81.57059    79.45888     2.11171
  -2.11180   0.38210  -5.14187    82.38258    80.53559     1.84699
  -2.47124   0.15111  -5.14187    82.52126    81.20724     1.31403
  -2.75103  -0.17180  -5.14187    81.93643    81.32077     0.61566
  -2.92853  -0.56045  -5.14187    80.84079    80.95940    -0.11861
  -2.98933  -0.98336  -5.14187    79.59017    80.37335    -0.78318
  -2.92853  -1.40627  -5.14187    78.50646    79.81134    -1.30488
  -2.75103  -1.79492  -5.14187    77.79675    79.40483    -1.60808
  -2.47124  -2.11783  -5.14187    77.52880    79.13952    -1.61072
  -2.11180  -2.34882  -5.14187    77.63861    78.92863    -1.29002
  -0.29111  -0.98336  -5.44588    75.13611    75.49794    -0.36183
  -0.36331  -0.57393  -5.44588    75.23337    75.08838     0.14499
  -0.57118  -0.21388  -5.44588    75.79248    75.10909     0.68339
  -0.88966   0.05336  -5.44588    76.72057    75.57505     1.14552
  -1.28034   0.19555  -5.44588    77.79235    76.35596     1.43639
  -1.69609   0.19555  -5.44588    78.71291    77.23890     1.47401
  -2.08676   0.05336  -5.44588    79.19484    77.96580     1.22903
  -2.40525  -0.21388  -5.44588    79.07184    78.31956     0.75229
  -2.61312  -0.57393  -5.44588    78.40857    78.24999     0.15857
  -2.68531  -0.98336  -5.44588    77.47609    77.89775    -0.42166
  -2.61312  -1.39279  -5.44588    76.59506    77.46914    -0.87408
  -2.40525  -1.75284  -5.44588    75.98952    77.09839    -1.10887
  -2.08676  -2.02008  -5.44588    75.72910    76.81691    -1.08780
  -1.69609  -2.16227  -5.44588    75.73600    76.63383    -0.89783
  -1.28034  -2.16227  -5.44588    75.84582    76.59002    -0.74420
  -0.88966  -2.02008  -5.44588    75.88472    76.63801    -0.75329
  -0.57118  -1.75284  -5.44588    75.72722    76.53834    -0.81112
  -0.36331  -1.39279  -5.44588    75.39589    76.10310    -0.70721
  -0.65516  -0.98336  -5.67463    74.29963    74.51210    -0.21246
  -0.76677  -0.56683  -5.67463    74.67865    74.39692     0.28173
  -1.07169  -0.26191  -5.67463    75.47120    74.73223     0.73896
  -1.48821  -0.15030  -5.67463    76.34594    75.39298     0.95296
  -1.90474  -0.26191  -5.67463    76.82724    76.01435     0.81290
  -2.20966  -0.56683  -5.67463    76.63523    76.26155     0.37368
  -2.32127  -0.98336  -5.67463    75.93304    76.09783    -0.16479
  -2.20966  -1.39989  -5.67463    75.17062    75.74740    -0.57678
  -1.90474  -1.70481  -5.67463    74.68555    75.41954    -0.73399
  -1.48821  -1.81642  -5.67463    74.49793    75.20278    -0.70485
  -1.07169  -1.70481  -5.67463    74.41572    75.06908    -0.65335
  -0.76677  -1.39989  -5.67463    74.30465    74.84408    -0.53942
  -1.06097  -0.98336  -5.81663    74.03483    74.10679    -0.07197
  -1.27459  -0.61336  -5.81663    74.65669    74.28946     0.36723
  -1.70183  -0.61336  -5.81663    75.20388    74.79896     0.40491
  -1.91545  -0.98336  -5.81663    74.87067    74.89454    -0.02387
  -1.70183  -1.35336  -5.81663    74.22873    74.59622    -0.36749
  -1.27459  -1.35336  -5.81663    73.94133    74.31237    -0.37104
  -1.48821  -0.98336  -5.86477    74.23939    74.23769     0.00170
  -3.07672  -2.70245  -1.33930    92.67374    88.21888     4.45486
  -2.86884  -3.06250  -1.33930    90.60547    86.50749     4.09798
  -2.55036  -3.32974  -1.33930    90.80878    86.78521     4.02357
  -2.15969  -3.47194  -1.33930    93.05840    88.85834     4.20007
  -3.39212  -2.71594  -1.64331    88.79636    86.07798     2.71838
  -3.21463  -3.10459  -1.64331    86.12568    83.55437     2.57130
  -2.93483  -3.42749  -1.64331    85.34819    82.82779     2.52040
  -2.57540  -3.65849  -1.64331    85.98951    83.50352     2.48599
  -2.16544  -3.77886  -1.64331    88.06594    85.58058     2.48536
  -3.63141  -2.70700  -2.00736    86.45324    85.05572     1.39752
  -3.48353  -3.09693  -2.00736    83.56230    82.12471     1.43760
  -3.24663  -3.44013  -2.00736    82.18743    80.70834     1.47909
  -2.93448  -3.71667  -2.00736    81.90568    80.43527     1.47041
  -2.56523  -3.91047  -2.00736    82.56644    81.16078     1.40566
  -2.16032  -4.01027  -2.00736    84.22495    82.91446     1.31049
  -1.74330  -4.01027  -2.00736    87.14099    85.87615     1.26484
  -3.82367  -2.29302  -2.41317    88.73549    88.59232     0.14318
  -3.77674  -2.70955  -2.41317    84.36112    84.01908     0.34204
  -3.63830  -3.10519  -2.41317    81.62895    81.09594     0.53301
  -3.41529  -3.46011  -2.41317    80.08841    79.42991     0.65850
  -3.11890  -3.75650  -2.41317    79.45463    78.75606     0.69856
  -2.76398  -3.97951  -2.41317    79.58640    78.93309     0.65332
  -2.36834  -4.11795  -2.41317    80.46115    79.92373     0.53742
  -1.95181  -4.16488  -2.41317    82.16170    81.77410     0.38760
  -1.53528  -4.11795  -2.41317    84.85497    84.57882     0.27615
  -3.86056  -2.08543  -2.84041    88.21529    89.25905    -1.04376
  -3.86056  -2.50061  -2.84041    84.08690    84.74145    -0.65455
  -3.77131  -2.90608  -2.84041    81.14200    81.47774    -0.33574
  -3.59698  -3.28289  -2.84041    79.20237    79.30885    -0.10648
  -3.34572  -3.61340  -2.84041    78.08289    78.05776     0.02513
  -3.02929  -3.88219  -2.84041    77.64803    77.59082     0.05721
  -2.66248  -4.07666  -2.84041    77.83000    77.83265    -0.00265
  -2.26243  -4.18773  -2.84041    78.62882    78.76266    -0.13384
  -1.84786  -4.21021  -2.84041    80.09908    80.40163    -0.30256
  -1.43816  -4.14304  -2.84041    82.33050    82.78500    -0.45450
  -1.05247  -3.98936  -2.84041    85.41659    85.92127    -0.50468
  -3.63830  -1.48085  -3.26766    92.47984    94.69877    -2.21893
  -3.77674  -1.87649  -3.26766    87.67123    89.61377    -1.94253
  -3.82367  -2.29302  -3.26766    83.76436    85.28247    -1.51811
  -3.77674  -2.70955  -3.26766    80.77177    81.89639    -1.12463
  -3.63830  -3.10519  -3.26766    78.64326    79.45686    -0.81360
  -3.41529  -3.46011  -3.26766    77.27403    77.87880    -0.60477
  -3.11890  -3.75650  -3.26766    76.56118    77.06515    -0.50397
  -2.76398  -3.97951  -3.26766    76.43756    76.94316    -0.50560
  -2.36834  -4.11795  -3.26766    76.88372    77.47586    -0.59214
  -1.95181  -4.16488  -3.26766    77.92915    78.66039    -0.73124
  -1.53528  -4.11795  -3.26766    79.64225    80.52102    -0.87877
  -1.13964  -3.97951  -3.26766    82.14664    83.11574    -0.96910
  -3.63141  -1.87904  -3.67347    85.63120    88.02936    -2.39816
  -3.68167  -2.29302  -3.67347    82.12154    84.14470    -2.02316
  -3.63141  -2.70700  -3.67347    79.46341    81.09732    -1.63391
  -3.48353  -3.09693  -3.67347    77.57649    78.88930    -1.31281
  -3.24663  -3.44013  -3.67347    76.37983    77.47143    -1.09160
  -2.93448  -3.71667  -3.67347    75.80252    76.78027    -0.97775
  -2.56523  -3.91047  -3.67347    75.80503    76.76548    -0.96045
  -2.16032  -4.01027  -3.67347    76.39175    77.40272    -1.01096
  -1.74330  -4.01027  -3.67347    77.61728    78.70042    -1.08315
  -1.33839  -3.91047  -3.67347    79.60586    80.71982    -1.11397
  -3.39212  -1.87011  -4.03751    84.75332    87.52761    -2.77430
  -3.45293  -2.29302  -4.03751    81.14514    83.55318    -2.40805
  -3.39212  -2.71594  -4.03751    78.56607    80.56992    -2.00385
  -3.21463  -3.10459  -4.03751    76.84921    78.51595    -1.66675
  -2.93483  -3.42749  -4.03751    75.89602    77.33171    -1.43569
  -2.57540  -3.65849  -4.03751    75.65443    76.95959    -1.30516
  -2.16544  -3.77886  -4.03751    76.12631    77.36308    -1.23676
  -1.73818  -3.77886  -4.03751    77.38761    78.54728    -1.15967
  -3.14891  -2.29302  -4.34153    80.96065    83.59070    -2.63005
  -3.07672  -2.70245  -4.34153    78.38974    80.60404    -2.21430
  -2.86884  -3.06250  -4.34153    76.87744    78.73268    -1.85524
  -2.55036  -3.32974  -4.34153    76.30202    77.88029    -1.57827
  -2.15969  -3.47194  -4.34153    76.65029    77.98806    -1.33777
  -2.67326  -2.70955  -4.57027    78.89049    80.98526    -2.09476
  -2.36834  -3.01447  -4.57027    77.92225    79.53939    -1.61715
   3.52715  -4.40296   0.45841    77.14978    77.73152    -0.58173
   2.46746  -6.08944   0.45841    57.58278    56.93437     0.64841
   2.82237  -5.86644   0.45841    60.93619    60.65057     0.28562
   3.11877  -5.57004   0.45841    64.43832    64.53073    -0.09241
   3.34178  -5.21513   0.45841    68.24542    68.65383    -0.40841
   3.48022  -4.81948   0.45841    72.46856    73.06667    -0.59810
   3.57529  -4.40296   0.03117    78.86602    78.74681     0.11921
   1.75923  -6.32014   0.03117    56.96719    56.26666     0.70053
   2.16894  -6.25297   0.03117    59.61026    58.85778     0.75249
   2.55463  -6.09930   0.03117    62.24267    61.60540     0.63727
   2.89827  -5.86631   0.03117    64.94912    64.51110     0.43802
   3.18379  -5.56489   0.03117    67.83189    67.60778     0.22411
   3.39783  -5.20914   0.03117    71.00521    70.95015     0.05506
   3.53040  -4.81570   0.03117    74.60711    74.61693    -0.00982
   3.52715  -4.40296  -0.39607    80.63058    79.95371     0.67687
   1.23876  -6.22789  -0.39607    59.52053    59.39038     0.13015
   1.65529  -6.27482  -0.39607    61.35725    60.86634     0.49091
   2.07181  -6.22789  -0.39607    63.37093    62.71650     0.65443
   2.46746  -6.08944  -0.39607    65.51638    64.84411     0.67228
   2.82237  -5.86644  -0.39607    67.81683    67.21178     0.60505
   3.11877  -5.57004  -0.39607    70.33754    69.82658     0.51096
   3.34178  -5.21513  -0.39607    73.18204    72.73605     0.44599
   3.48022  -4.81948  -0.39607    76.51223    76.04242     0.46981
   3.38515  -4.40296  -0.80189    81.72056    80.66031     1.06025
   0.36047  -5.55006  -0.80189    66.01463    66.99240    -0.97778
   0.67261  -5.82660  -0.80189    64.58328    65.14775    -0.56447
   1.04187  -6.02040  -0.80189    64.56006    64.65452    -0.09446
   1.44677  -6.12020  -0.80189    65.36955    65.07626     0.29329
   1.86380  -6.12020  -0.80189    66.67665    66.12769     0.54896
   2.26870  -6.02040  -0.80189    68.31508    67.63344     0.68163
   2.63796  -5.82660  -0.80189    70.22459    69.49826     0.72633
   2.95011  -5.55006  -0.80189    72.41836    71.68750     0.73087
   3.18700  -5.20686  -0.80189    74.96354    74.21797     0.74557
   3.33488  -4.81694  -0.80189    77.99002    77.16151     0.82851
   3.15640  -4.40296  -1.16593    82.09519    80.80500     1.29018
   3.09560  -3.98004  -1.16593    85.75106    84.00932     1.74174
   0.39247  -5.21452  -1.16593    75.02629    75.46873    -0.44244
   0.67226  -5.53742  -1.16593    71.47208    71.77081    -0.29873
   1.03170  -5.76842  -1.16593    70.04449    70.02418     0.02031
   1.44165  -5.88879  -1.16593    69.96731    69.61951     0.34780
   1.86892  -5.88879  -1.16593    70.74668    70.14623     0.60045
   2.27887  -5.76842  -1.16593    72.10523    71.34236     0.76287
   2.63831  -5.53742  -1.16593    73.91748    73.05649     0.86099
   2.91811  -5.21452  -1.16593    76.15895    75.21762     0.94133
   3.09560  -4.82587  -1.16593    78.86853    77.80701     1.06152
   2.85239  -4.40296  -1.46995    82.08013    80.67774     1.40239
   2.78019  -3.99352  -1.46995    84.26888    82.55960     1.70928
   0.73825  -5.17244  -1.46995    78.24792    78.13370     0.11422
   1.05674  -5.43967  -1.46995    75.35762    75.10317     0.25445
   1.44741  -5.58187  -1.46995    74.32536    73.83028     0.49508
   1.86316  -5.58187  -1.46995    74.55064    73.82754     0.72310
   2.25384  -5.43967  -1.46995    75.63749    74.73724     0.90025
   2.57232  -5.17244  -1.46995    77.35937    76.31755     1.04182
   2.78019  -4.81239  -1.46995    79.57573    78.38382     1.19192
   2.48834  -4.40296  -1.69869    82.11025    80.68635     1.42389
   2.37673  -3.98643  -1.69869    83.21341    81.60088     1.61253
   0.93384  -4.81948  -1.69869    83.25106    82.60407     0.64699
   1.23876  -5.12440  -1.69869    79.43706    78.80982     0.62723
   1.65529  -5.23601  -1.69869    78.07473    77.26678     0.80795
   2.07181  -5.12440  -1.69869    78.52277    77.50575     1.01702
   2.37673  -4.81948  -1.69869    80.11100    78.89708     1.21392
   2.08253  -4.40296  -1.84069    82.61351    81.21516     1.39834
   1.86891  -4.03296  -1.84069    83.72169    82.14473     1.57696
   1.44167  -4.03296  -1.84069    86.17400    84.38782     1.78618
   1.22805  -4.40296  -1.84069    86.10748    84.81583     1.29165
   1.44167  -4.77296  -1.84069    82.38572    81.37519     1.01053
   1.86891  -4.77296  -1.84069    81.31017    80.14997     1.16020
   1.65529  -4.40296  -1.88883    83.91120    82.54902     1.36217
   2.53088  -3.83429   4.02459    42.48490    42.69209    -0.20718
   2.95812  -3.83429   4.02459    41.74570    41.47852     0.26717
   2.02305  -3.88082   3.88259    45.11166    45.41326    -0.30160
   2.32797  -4.18574   3.88259    46.62396    46.51091     0.11305
   2.74450  -4.29735   3.88259    46.86241    46.50646     0.35595
   3.16103  -4.18574   3.88259    45.62810    45.01836     0.60974
   3.46595  -3.88082   3.88259    42.36881    41.46931     0.89950
   1.61960  -3.87372   3.65385    48.18457    47.99987     0.18471
   1.82747  -4.23377   3.65385    48.82777    48.38737     0.44039
   2.14595  -4.50101   3.65385    49.20741    48.78924     0.41818
   2.53663  -4.64320   3.65385    49.61843    49.19291     0.42552
   2.95238  -4.64320   3.65385    49.63286    49.10120     0.53167
   3.34305  -4.50101   3.65385    48.74808    48.04046     0.70762
   3.66153  -4.23377   3.65385    46.60890    45.67250     0.93639
   3.86941  -3.87372   3.65385    42.95365    41.72321     1.23045
   1.30419  -3.88720   3.34983    52.27782    50.76139     1.51643
   1.48168  -4.27585   3.34983    50.76301    49.33381     1.42920
   1.76148  -4.59876   3.34983    49.87571    48.98744     0.88827
   2.12092  -4.82975   3.34983    50.18821    49.69900     0.48921
   2.53087  -4.95013   3.34983    51.08492    50.70600     0.37892
   2.95813  -4.95013   3.34983    51.73690    51.28665     0.45026
   3.36809  -4.82975   3.34983    51.60199    51.01012     0.59187
   3.72752  -4.59876   3.34983    50.40784    49.65025     0.75759
   4.00732  -4.27585   3.34983    47.99255    47.03814     0.95441
   4.18481  -3.88720   3.34983    44.17228    42.96033     1.21194
   1.76183  -4.88794   2.98579    47.98565    47.31437     0.67129
   2.13108  -5.08174   2.98579    49.46406    49.33130     0.13276
   2.53599  -5.18154   2.98579    51.48904    51.41334     0.07570
   2.95301  -5.18154   2.98579    53.04714    52.84118     0.20596
   3.35792  -5.08174   2.98579    53.70477    53.33511     0.36966
   3.72717  -4.88794   2.98579    53.33642    52.82325     0.51317
   4.03932  -4.61140   2.98579    51.90821    51.27488     0.63333
   4.27622  -4.26819   2.98579    49.36303    48.61142     0.75162
   4.42410  -3.87827   2.98579    45.55154    44.66074     0.89080
   2.32797  -5.28922   2.57997    48.97837    49.62601    -0.64764
   2.74450  -5.33615   2.57997    52.57588    52.93372    -0.35784
   3.16103  -5.28922   2.57997    54.79852    54.86318    -0.06466
   3.55667  -5.15078   2.57997    55.67264    55.52004     0.15260
   3.91159  -4.92777   2.57997    55.34320    55.05802     0.28518
   4.20798  -4.63138   2.57997    53.91122    53.56243     0.34880
   4.43099  -4.27646   2.57997    51.37483    51.01305     0.36178
   4.56943  -3.88082   2.57997    47.60099    47.26827     0.33272
   2.84845  -5.38147   2.15273    53.67842    54.55502    -0.87660
   3.25816  -5.31430   2.15273    56.68482    57.11110    -0.42628
   3.64385  -5.16063   2.15273    57.87206    58.02311    -0.15104
   3.98748  -4.92764   2.15273    57.67942    57.70020    -0.02078
   4.27300  -4.62622   2.15273    56.34533    56.35385    -0.00852
   4.48705  -4.27048   2.15273    53.93130    54.03284    -0.10154
   4.61961  -3.87703   2.15273    50.33630    50.64394    -0.30764
   3.16103  -5.28922   1.72549    58.30818    59.29920    -0.99101
   3.55667  -5.15078   1.72549    60.38649    60.95461    -0.56812
   3.91159  -4.92777   1.72549    60.63938    61.00907    -0.36969
   4.20798  -4.63138   1.72549    59.58893    59.94560    -0.35667
   4.43099  -4.27646   1.72549    57.43594    57.94821    -0.51227
   4.56943  -3.88082   1.72549    54.15281    55.00644    -0.85363
   3.35792  -5.08174   1.31967    63.58930    64.69111    -1.10180
   3.72717  -4.88794   1.31967    64.40130    65.14209    -0.74079
   4.03932  -4.61140   1.31967    63.69284    64.33561    -0.64277
   4.27622  -4.26819   1.31967    61.90569    62.68626    -0.78057
   4.42410  -3.87827   1.31967    59.15407    60.31483    -1.16077
   3.36809  -4.82975   0.95563    69.68744    70.96072    -1.27328
   3.72752  -4.59876   0.95563    69.26450    70.14588    -0.88138
   4.00732  -4.27585   0.95563    67.80428    68.63933    -0.83505
   4.18481  -3.88720   0.95563    65.68958    66.78682    -1.09725
   3.66153  -4.23377   0.65162    75.38460    76.10417    -0.71957
   3.86941  -3.87372   0.65162    73.75747    74.39499    -0.63753
   5.07139  -1.89395   0.64297    60.60801    63.15131    -2.54330
   5.46207  -1.75176   0.64297    56.87872    59.14867    -2.26995
   5.78055  -1.48452   0.64297    53.74556    55.67216    -1.92660
   5.98843  -1.12447   0.64297    50.90859    52.49078    -1.58219
   6.36464  -0.71504   0.33895    47.97561    48.43975    -0.46414
   5.07715  -2.20088   0.33895    65.08089    66.96437    -1.88348
   5.48711  -2.08050   0.33895    60.31119    61.98317    -1.67197
   5.84654  -1.84951   0.33895    56.65846    58.02116    -1.36270
   6.12634  -1.52660   0.33895    53.60249    54.67832    -1.07583
   6.30383  -1.13795   0.33895    50.80756    51.61006    -0.80249
   6.59338  -0.71504  -0.02509    48.19147    47.99178     0.19970
   6.54311  -0.30106  -0.02509    45.08091    44.45889     0.62202
   5.47694  -2.33249  -0.02509    63.47321    64.48494    -1.01173
   5.84619  -2.13869  -0.02509    59.47096    60.22786    -0.75690
   6.15834  -1.86215  -0.02509    56.26564    56.76716    -0.50152
   6.39523  -1.51895  -0.02509    53.49142    53.77048    -0.27906
   6.54311  -1.12902  -0.02509    50.88349    50.95050    -0.06701
   6.73538  -0.71504  -0.43091    48.61002    47.86074     0.74928
   6.68845  -0.29851  -0.43091    45.56723    44.47169     1.09554
   5.28005  -2.53997  -0.43091    67.84507    68.32381    -0.47874
   5.67569  -2.40153  -0.43091    63.08353    63.39099    -0.30746
   6.03061  -2.17852  -0.43091    59.43142    59.49378    -0.06236
   6.32700  -1.88213  -0.43091    56.42503    56.26163     0.16340
   6.55001  -1.52721  -0.43091    53.77003    53.41782     0.35221
   6.68845  -1.13157  -0.43091    51.24054    50.71168     0.52887
   6.78352  -0.71504  -0.85815    49.14466    48.00996     1.13470
   6.73863  -0.30230  -0.85815    46.21670    44.79939     1.41732
   6.60606   0.09115  -0.85815    42.42215    40.55658     1.86558
   5.37717  -2.56506  -0.85815    67.02554    67.07110    -0.04555
   5.76286  -2.41138  -0.85815    62.85637    62.68110     0.17527
   6.10650  -2.17839  -0.85815    59.51551    59.09644     0.41907
   6.39202  -1.87697  -0.85815    56.68733    56.05677     0.63056
   6.60606  -1.52123  -0.85815    54.14340    53.34332     0.80008
   6.73863  -1.12778  -0.85815    51.69549    50.74341     0.95208
   6.73538  -0.71504  -1.28539    49.75397    48.42298     1.33100
   6.68845  -0.29851  -1.28539    46.85739    45.28744     1.56995
   6.55001   0.09713  -1.28539    43.16261    41.21437     1.94824
   4.86352  -2.58690  -1.28539    72.23325    72.28028    -0.04703
   5.28005  -2.53997  -1.28539    67.33491    67.23575     0.09916
   5.67569  -2.40153  -1.28539    63.38536    63.02027     0.36509
   6.03061  -2.17852  -1.28539    60.11478    59.48228     0.63250
   6.32700  -1.88213  -1.28539    57.30103    56.44410     0.85693
   6.55001  -1.52721  -1.28539    54.75334    53.72382     1.02952
   6.68845  -1.13157  -1.28539    52.29978    51.12767     1.17211
   6.59338  -0.71504  -1.69120    50.42478    49.09913     1.32565
   6.54311  -0.30106  -1.69120    47.58342    46.05630     1.52712
   6.39523   0.08887  -1.69120    44.06309    42.21763     1.84546
   4.65501  -2.43229  -1.69120    71.65531    71.96412    -0.30881
   5.07203  -2.43229  -1.69120    67.61540    67.66300    -0.04760
   5.47694  -2.33249  -1.69120    63.97899    63.69985     0.27914
   5.84619  -2.13869  -1.69120    60.80002    60.20898     0.59104
   6.15834  -1.86215  -1.69120    57.99443    57.14662     0.84781
   6.39523  -1.51895  -1.69120    55.43042    54.39178     1.03864
   6.54311  -1.12902  -1.69120    52.96368    51.78008     1.18361
   6.36464  -0.71504  -2.05525    51.16838    50.05037     1.11801
   6.30383  -0.29213  -2.05525    48.27054    46.97755     1.29299
   6.12634   0.09652  -2.05525    44.81485    43.24709     1.56775
   3.88050  -1.84951  -2.05525    72.34055    73.10899    -0.76844
   4.23993  -2.08050  -2.05525    70.99768    71.86083    -0.86315
   4.64989  -2.20088  -2.05525    68.39477    68.98575    -0.59098
   5.07715  -2.20088  -2.05525    65.24279    65.43213    -0.18934
   5.48711  -2.08050  -2.05525    62.08955    61.87529     0.21426
   5.84654  -1.84951  -2.05525    59.14967    58.59567     0.55400
   6.12634  -1.52660  -2.05525    56.42565    55.61984     0.80582
   6.30383  -1.13795  -2.05525    53.81584    52.83737     0.97847
   6.06062  -0.71504  -2.35926    52.01866    51.29864     0.72002
   5.98843  -0.30561  -2.35926    49.22122    48.36970     0.85152
   5.78055   0.05444  -2.35926    46.20666    45.17659     1.03007
   4.26497  -1.75176  -2.35926    66.90318    68.21172    -1.30854
   4.65565  -1.89395  -2.35926    65.29676    66.19536    -0.89861
   5.07139  -1.89395  -2.35926    62.84633    63.26392    -0.41758
   5.46207  -1.75176  -2.35926    60.10223    60.08133     0.02090
   5.78055  -1.48452  -2.35926    57.36315    57.00721     0.35594
   5.98843  -1.12447  -2.35926    54.69122    54.11437     0.57685
   5.69658  -0.71504  -2.58801    53.03020    52.87182     0.15838
   5.58497  -0.29851  -2.58801    50.22335    49.99688     0.22647
   4.44699  -1.43649  -2.58801    62.97372    64.50161    -1.52789
   4.86352  -1.54810  -2.58801    61.47522    62.42106    -0.94583
   5.28005  -1.43649  -2.58801    58.90620    59.31044    -0.40424
   5.58497  -1.13157  -2.58801    55.98075    56.01142    -0.03067
   5.29076  -0.71504  -2.73001    54.27957    54.79694    -0.51737
   4.64990  -1.08504  -2.73001    59.38436    60.89268    -1.50832
   5.07714  -1.08504  -2.73001    57.50058    58.36194    -0.86136
   4.86352  -0.71504  -2.77815    55.86466    57.08754    -1.22288
   5.83444   4.06502   1.16541    45.85526    46.67509    -0.81983
   5.76224   4.47445   1.16541    46.75009    47.64068    -0.89059
   5.55437   3.29554   1.16541    43.30569    43.05601     0.24967
   5.76224   3.65559   1.16541    44.64354    45.13121    -0.48768
   6.13846   4.06502   0.86139    47.40646    47.92397    -0.51751
   6.07765   4.48793   0.86139    48.54602    49.05877    -0.51275
   5.90016   4.87658   0.86139    49.48603    49.82311    -0.33708
   5.62036   2.93055   0.86139    41.20729    39.82250     1.38480
   5.90016   3.25345   0.86139    43.62572    43.43295     0.19277
   6.07765   3.64211   0.86139    45.80255    46.12704    -0.32449
   6.36720   4.06502   0.49735    48.47511    48.80984    -0.33473
   6.31693   4.47900   0.49735    49.74895    50.01351    -0.26456
   6.16905   4.86893   0.49735    50.73038    50.81163    -0.08125
   5.93216   5.21213   0.49735    51.73565    51.48891     0.24674
   5.93216   2.91791   0.49735    39.92655    39.55463     0.37191
   6.16905   3.26111   0.49735    43.86480    43.99076    -0.12596
   6.31693   3.65104   0.49735    46.61956    46.92028    -0.30072
   6.50920   4.06502   0.09153    49.15094    49.38984    -0.23890
   6.46227   4.48155   0.09153    50.55342    50.66155    -0.10813
   6.32383   4.87719   0.09153    51.56999    51.47901     0.09098
   6.10082   5.23211   0.09153    52.49368    52.09160     0.40208
   5.80443   5.52850   0.09153    53.66963    52.79794     0.87169
   6.10082   2.89793   0.09153    38.37723    39.02474    -0.64751
   6.32383   3.25285   0.09153    43.68533    44.15887    -0.47354
   6.46227   3.64849   0.09153    47.02431    47.36921    -0.34490
   6.55734   4.06502  -0.33571    49.49795    49.70213    -0.20418
   6.51245   4.47776  -0.33571    50.98201    51.00848    -0.02647
   6.37988   4.87121  -0.33571    51.99857    51.82010     0.17847
   6.16584   5.22695  -0.33571    52.82500    52.36064     0.46437
   5.88032   5.52837  -0.33571    53.73615    52.85794     0.87821
   5.53668   5.76136  -0.33571    55.08780    53.63137     1.45643
   6.37988   3.25883  -0.33571    43.43370    44.23376    -0.80007
   6.51245   3.65228  -0.33571    47.17993    47.60375    -0.42382
   6.50920   4.06502  -0.76295    49.56133    49.77069    -0.20936
   6.46227   4.48155  -0.76295    51.11379    51.11333     0.00046
   6.32383   4.87719  -0.76295    52.10839    51.89899     0.20939
   6.10082   5.23211  -0.76295    52.82563    52.34748     0.47815
   5.80443   5.52850  -0.76295    53.50899    52.65556     0.85343
   5.44951   5.75151  -0.76295    54.42139    53.05938     1.36201
   6.32383   3.25285  -0.76295    42.87082    43.93480    -1.06397
   6.46227   3.64849  -0.76295    47.04564    47.55464    -0.50900
   6.36720   4.06502  -1.16877    49.37307    49.60767    -0.23460
   6.31693   4.47900  -1.16877    50.92553    50.94800    -0.02247
   6.16905   4.86893  -1.16877    51.83668    51.66539     0.17129
   5.93216   5.21213  -1.16877    52.37383    51.96803     0.40580
   5.62001   5.48867  -1.16877    52.73025    52.01445     0.71580
   5.25076   5.68247  -1.16877    53.04589    51.94425     1.10163
   6.16905   3.26111  -1.16877    42.42403    43.57804    -1.15401
   6.31693   3.65104  -1.16877    46.77079    47.32685    -0.55605
   6.13846   4.06502  -1.53281    48.94888    49.21388    -0.26500
   6.07765   4.48793  -1.53281    50.45929    50.54105    -0.08176
   5.90016   4.87658  -1.53281    51.18783    51.11001     0.07783
   5.62036   5.19949  -1.53281    51.37922    51.12059     0.25863
   5.26093   5.43048  -1.53281    51.13512    50.67476     0.46036
   5.90016   3.25345  -1.53281    41.74632    42.79008    -1.04375
   6.07765   3.64211  -1.53281    46.24933    46.79930    -0.54997
   5.83444   4.06502  -1.83683    48.28246    48.57680    -0.29433
   5.76224   4.47445  -1.83683    49.58078    49.77469    -0.19391
   5.55437   4.83450  -1.83683    49.94411    50.06363    -0.11952
   5.23589   5.10174  -1.83683    49.49920    49.57742    -0.07822
   5.55437   3.29554  -1.83683    41.91324    42.46856    -0.55532
   5.76224   3.65559  -1.83683    45.78498    46.22126    -0.43628
   5.47040   4.06502  -2.06557    47.33492    47.66597    -0.33104
   5.35879   4.48155  -2.06557    48.24607    48.61701    -0.37094
   5.05387   4.78647  -2.06557    47.64993    48.13585    -0.48591
   4.63734   3.23196  -2.06557    41.23177    39.81937     1.41240
   5.05387   3.34357  -2.06557    42.15860    41.89228     0.26632
   5.35879   3.64849  -2.06557    44.99431    45.22688    -0.23257
   5.06458   4.06502  -2.20757    46.01778    46.42531    -0.40752
   4.85096   4.43502  -2.20757    45.83204    46.54131    -0.70927
   4.85096   3.69502  -2.20757    44.12898    44.13747    -0.00849
   4.63734   4.06502  -2.25571    44.17730    44.76245    -0.58516
   3.62508   5.50842   2.07870    45.25034    45.39770    -0.14736
   3.19784   5.50842   2.07870    44.51678    44.12951     0.38727
   2.98422   5.13841   2.07870    41.36543    40.15481     1.21062
   4.13291   5.55494   1.93670    45.98578    46.67199    -0.68621
   3.82799   5.85986   1.93670    47.49745    47.81253    -0.31508
   3.41146   5.97147   1.93670    47.62860    47.62530     0.00330
   2.99493   5.85986   1.93670    46.12007    45.81272     0.30735
   2.69001   5.55494   1.93670    42.64617    41.97768     0.66849
   4.32849   5.90790   1.70796    48.47323    48.95651    -0.48328
   4.01001   6.17513   1.70796    49.46093    49.70973    -0.24881
   3.61934   6.31733   1.70796    49.74268    49.79828    -0.05560
   3.20359   6.31733   1.70796    49.20867    49.09085     0.11782
   2.81291   6.17513   1.70796    47.58781    47.32548     0.26233
   2.49443   5.90790   1.70796    44.41951    44.06921     0.35030
   2.28655   5.54785   1.70796    39.08819    38.72308     0.36511
   4.67428   5.94998   1.40394    49.84182    50.09624    -0.25441
   4.39448   6.27288   1.40394    50.72034    50.84912    -0.12878
   4.03505   6.50388   1.40394    51.21544    51.24850    -0.03305
   3.62509   6.62425   1.40394    51.28635    51.22048     0.06587
   3.19783   6.62425   1.40394    50.79940    50.63397     0.16544
   2.78787   6.50388   1.40394    49.52117    49.27684     0.24433
   2.42844   6.27288   1.40394    47.05066    46.79449     0.25617
   2.14864   5.94998   1.40394    42.66939    42.57801     0.09139
   4.70628   6.28552   1.03990    52.02305    51.80039     0.22266
   4.39413   6.56206   1.03990    52.29790    52.12296     0.17494
   4.02488   6.75586   1.03990    52.45226    52.29109     0.16117
   3.61997   6.85566   1.03990    52.37696    52.19338     0.18358
   3.20295   6.85566   1.03990    51.93645    51.70994     0.22651
   2.79804   6.75586   1.03990    50.95063    50.68223     0.26841
   2.42879   6.56206   1.03990    49.14152    48.86716     0.27437
   2.11664   6.28552   1.03990    46.02657    45.85743     0.16913
   1.87975   5.94232   1.03990    40.69713    40.92617    -0.22904
   4.87494   6.30550   0.63408    53.52468    52.80077     0.72391
   4.57855   6.60189   0.63408    53.30693    52.80718     0.49975
   4.22363   6.82490   0.63408    53.23853    52.88293     0.35560
   3.82799   6.96334   0.63408    53.13688    52.85302     0.28386
   3.41146   7.01028   0.63408    52.85136    52.58558     0.26578
   2.99493   6.96334   0.63408    52.22887    51.95098     0.27790
   2.59929   6.82490   0.63408    51.08053    50.78344     0.29708
   2.24437   6.60189   0.63408    49.11893    48.83162     0.28732
   1.94798   6.30550   0.63408    45.84647    45.67326     0.17321
   1.72497   5.95058   0.63408    40.30996    40.54314    -0.23318
   4.93996   6.30035   0.20684    54.85249    53.61870     1.23379
   4.65444   6.60177   0.20684    54.05367    53.22615     0.82752
   4.31080   6.83476   0.20684    53.67716    53.12807     0.54909
   3.92511   6.98843   0.20684    53.43745    53.05620     0.38125
   3.51541   7.05560   0.20684    53.14001    52.84320     0.29682
   3.10084   7.03312   0.20684    52.62608    52.35651     0.26957
   2.70080   6.92205   0.20684    51.73314    51.45542     0.27772
   2.33398   6.72758   0.20684    50.25284    49.95040     0.30244
   2.01755   6.45880   0.20684    47.86015    47.54781     0.31234
   1.76629   6.12828   0.20684    43.98842    43.75225     0.23617
   4.57855   6.60189  -0.22040    54.15219    53.17144     0.98075
   4.22363   6.82490  -0.22040    53.54978    52.94372     0.60605
   3.82799   6.96334  -0.22040    53.16574    52.78955     0.37619
   3.41146   7.01028  -0.22040    52.75598    52.50240     0.25358
   2.99493   6.96334  -0.22040    52.13788    51.92830     0.20958
   2.59929   6.82490  -0.22040    51.13763    50.91081     0.22682
   2.24437   6.60189  -0.22040    49.54125    49.24624     0.29501
   1.94798   6.30550  -0.22040    47.04188    46.62956     0.41232
   1.72497   5.95058  -0.22040    43.14818    42.57358     0.57460
   4.39413   6.56206  -0.62622    53.39416    52.49789     0.89627
   4.02488   6.75586  -0.62622    52.71519    52.23026     0.48493
   3.61997   6.85566  -0.62622    52.22762    51.98994     0.23768
   3.20295   6.85566  -0.62622    51.66725    51.55215     0.11510
   2.79804   6.75586  -0.62622    50.83643    50.74321     0.09322
   2.42879   6.56206  -0.62622    49.54941    49.38148     0.16793
   2.11664   6.28552  -0.62622    47.59722    47.23518     0.36204
   1.87975   5.94232  -0.62622    44.73076    43.99088     0.73988
   1.73187   5.55240  -0.62622    40.73854    39.26356     1.47498
   4.03505   6.50388  -0.99026    51.56120    51.10615     0.45505
   3.62509   6.62425  -0.99026    50.92491    50.81816     0.10675
   3.19783   6.62425  -0.99026    50.24531    50.31194    -0.06663
   2.78787   6.50388  -0.99026    49.25699    49.34586    -0.08887
   2.42844   6.27288  -0.99026    47.75034    47.69890     0.05144
   2.14864   5.94998  -0.99026    45.56848    45.14061     0.42788
   3.61934   6.31733  -1.29428    48.91750    49.04667    -0.12917
   3.20359   6.31733  -1.29428    48.12245    48.46675    -0.34430
   2.81291   6.17513  -1.29428    46.92014    47.28588    -0.36574
   2.49443   5.90790  -1.29428    45.11354    45.27574    -0.16220
   0.84616   2.41153   3.54675    45.61304    46.04199    -0.42896
   1.26854   2.41153   3.51351    43.74745    43.76101    -0.01356
   1.05735   2.77732   3.51351    43.47135    43.49823    -0.02689
   0.63498   2.77732   3.51351    45.72787    46.09497    -0.36710
   0.42379   2.41153   3.51351    48.01891    48.77363    -0.75472
   0.63498   2.04575   3.51351    47.47737    48.34690    -0.86953
   1.05735   2.04575   3.51351    45.42604    45.88573    -0.45969
   1.68051   2.41153   3.41460    42.41964    42.01061     0.40904
   1.56873   2.82871   3.41460    41.15082    40.68703     0.46379
   1.26334   3.13410   3.41460    40.91738    40.60975     0.30764
   0.84616   3.24588   3.41460    42.58844    42.53993     0.04851
   0.42899   3.13410   3.41460    45.77933    46.01943    -0.24010
   0.12360   2.82871   3.41460    49.08317    49.63755    -0.55438
   0.01182   2.41153   3.41460    51.01903    51.91991    -0.90087
   0.12360   1.99436   3.41460    50.89855    52.11453    -1.21598
   0.42899   1.68897   3.41460    49.18796    50.53253    -1.34457
   0.84616   1.57719   3.41460    46.99356    48.08819    -1.09463
   1.26334   1.68897   3.41460    45.17755    45.66865    -0.49110
   1.56873   1.99436   3.41460    43.78761    43.69615     0.09147
   2.07194   2.41153   3.25247    41.68295    40.93193     0.75101
   1.99802   2.83077   3.25247    39.95729    39.13105     0.82625
   0.63331   3.61868   3.25247    41.90508    41.78074     0.12434
   0.23328   3.47308   3.25247    45.76552    45.79532    -0.02980
  -0.09283   1.62362   3.25247    53.21281    54.80560    -1.59280
   0.23328   1.34998   3.25247    50.86404    52.73746    -1.87342
   1.78516   1.62362   3.25247    43.99532    43.83939     0.15593
   1.99802   1.99229   3.25247    43.02456    42.47210     0.55246
   2.43318   2.41153   3.03109    41.62961    40.74876     0.88085
   0.43541   3.94448   3.03109    41.19161    40.96933     0.22227
  -0.27603   1.28934   3.03109    55.47749    57.43530    -1.95782
   2.37911   2.00078   3.03109    42.98440    42.21765     0.76675
  -0.64650   1.22117   2.75594    60.27919    61.97688    -1.69769
   2.70749   1.98670   2.75594    43.67529    43.21733     0.45796
  -0.89300   4.30076   0.01240    50.36328    50.45856    -0.09528
  -0.99672   3.95790  -0.37903    55.67013    55.93669    -0.26656
  -0.58428   4.06235  -0.74027    50.88663    51.00083    -0.11420
  -0.87085   3.76181  -0.74027    57.39076    57.60883    -0.21807
  -0.64650   3.60189  -1.06244    57.56458    57.66918    -0.10460
  -0.27603   3.53372  -1.33760    55.11039    55.09602     0.01437
  -0.52824   3.20504  -1.33760    61.31019    61.46188    -0.15170
  -0.09283   3.19944  -1.55897    57.32801    57.46161    -0.13360
  -0.30569   2.83077  -1.55897    63.02705    63.52621    -0.49916
   0.12360   2.82871  -1.72110    59.01915    59.62839    -0.60924
   0.63498   2.77732  -1.82001    55.75485    56.42103    -0.66619
   0.84616   2.41153  -1.85325    56.82538    58.25342    -1.42804
   1.06526   1.12625   3.34414    46.31397    47.63775    -1.32379
   1.48763   1.12625   3.31090    44.95478    45.67812    -0.72334
   0.64288   1.12625   3.31090    48.29627    50.12345    -1.82718
   0.85407   0.76047   3.31090    48.03146    50.02767    -1.99621
   1.27644   0.76047   3.31090    46.43570    47.82787    -1.39216
   1.89960   1.12625   3.21199    44.18985    44.33828    -0.14844
   0.23091   1.12625   3.21199    50.95063    53.09092    -2.14028
   0.34269   0.70908   3.21199    50.97636    53.53545    -2.55909
   0.64808   0.40369   3.21199    50.91110    53.62302    -2.71192
   1.78782   0.70908   3.21199    45.38337    45.98114    -0.59778
   2.29103   1.12625   3.04986    43.99093    43.75073     0.24019
   2.21711   1.54550   3.04986    43.80330    43.25916     0.54414
  -0.16052   1.12625   3.04986    54.34421    56.53991    -2.19570
  -0.08659   0.70702   3.04986    54.27079    56.94324    -2.67245
   0.12626   0.33834   3.04986    54.54375    57.75504    -3.21129
   2.21711   0.70702   3.04986    44.92717    44.89820     0.02897
   2.59820   1.53701   2.82848    44.07062    43.62846     0.44216
  -0.52176   1.12625   2.82848    58.54601    60.50416    -1.95815
  -0.46769   0.71550   2.82848    58.31069    60.74115    -2.43046
  -0.30914   0.33274   2.82848    58.54413    61.61163    -3.06750
  -0.79606   0.70142   2.55333    63.25986    65.16165    -1.90179
  -0.65486   0.29789   2.55333    63.56357    66.07064    -2.50706
  -1.10920   0.91862   2.23116    69.36678    70.24068    -0.87390
   2.72183   0.90494   2.85296    44.21181    44.05407     0.15774
   2.51064   0.53915   2.85296    45.59359    45.24847     0.34511
   3.13380   0.90494   2.75405    43.23101    43.51635    -0.28533
   3.02202   1.32211   2.75405    43.31322    43.71272    -0.39951
   2.71663   1.62751   2.75405    44.09698    43.82988     0.26709
   3.02202   0.48777   2.75405    43.97587    43.78121     0.19465
   3.52523   0.90494   2.59192    42.33995    43.02453    -0.68458
   3.45131   1.32418   2.59192    42.29038    43.48437    -1.19399
   3.23845   0.11703   2.59192    43.59057    43.04187     0.54871
   3.45131   0.48570   2.59192    42.78611    42.95548    -0.16938
   3.88648   0.90494   2.37055    41.66851    42.34343    -0.67492
   3.83240   0.49419   2.37055    42.22072    42.52377    -0.30304
   1.17726   2.02713  -1.99814    56.60700    59.20614    -2.59914
   1.36046   1.69285  -2.21952    56.80341    59.85630    -3.05288
   1.57689   1.32211  -2.38165    57.12533    59.84137    -2.71604
   2.08827   1.27073  -2.48056    54.29212    56.16678    -1.87466
   1.87708   0.90494  -2.48056    57.11027    58.92468    -1.81442
   2.29946   0.90494  -2.51380    54.74518    55.80192    -1.05673
   3.32219  -2.40337  -2.42535    65.55780    65.39158     0.16622
   3.53504  -2.03469  -2.42535    65.98890    66.06213    -0.07323
   1.07628  -1.57838   3.92128    46.75636    49.13200    -2.37564
   0.96450  -1.99556   3.92128    47.14918    49.56296    -2.41378
   0.57307  -1.99556   3.75915    53.13186    56.04129    -2.90943
   0.64700  -2.41480   3.75915    52.15671    54.51051    -2.35381
   0.89888  -4.18495   3.37950    50.16311    48.10474     2.05837
  -1.19966  -4.86348   1.39616    54.46406    52.57124     1.89282
  -1.63481  -4.35755   0.97378    64.95288    62.70662     2.24626
  -1.39700  -4.69565   0.97378    59.85750    57.93976     1.91774
  -1.69007  -4.18848   0.55141    70.94183    68.11677     2.82506
  -1.47143  -4.54528   0.55141    65.46430    63.29837     2.16593
  -1.81951  -3.99487   0.46631    74.15782    70.87433     3.28349
  -1.67880  -4.30334   0.05434    73.12243    70.45050     2.67192
  -1.75649  -1.39802   2.35756    68.32449    68.87898    -0.55449
  -2.07400  -1.81726   2.19543    64.92088    64.80884     0.11203
  -4.13845  -0.91135   3.28217    43.50335    41.99929     1.50406
  -3.72367  -0.91135   3.24780    46.29640    45.15391     1.14249
  -4.34583  -1.27056   3.24780    39.14593    37.85513     1.29080
  -3.93106  -1.27056   3.24780    41.95591    40.97398     0.98194
  -3.32020  -0.91135   3.14563    49.08568    48.35439     0.73128
  -3.42983  -0.50223   3.14563    52.68319    51.48649     1.19670
  -4.54757  -1.61997   3.14563    35.82828    34.75947     1.06881
  -4.13845  -1.72960   3.14563    37.94801    37.25367     0.69434
  -3.72933  -1.61997   3.14563    41.27067    40.72365     0.54703
  -3.42983  -1.32048   3.14563    45.19574    44.64217     0.55357
  -2.93906  -0.91135   2.97844    52.27656    51.95411     0.32246
  -3.01139  -0.50114   2.97844    55.58667    54.96162     0.62506
  -4.73814  -1.95005   2.97844    33.49269    32.65327     0.83943
  -4.34672  -2.09252   2.97844    35.36079    34.88807     0.47271
  -3.93017  -2.09252   2.97844    38.08230    37.76746     0.31484
  -3.53875  -1.95005   2.97844    41.53297    41.25556     0.27741
  -3.21966  -1.68231   2.97844    45.30117    45.04410     0.25706
  -3.01139  -1.32157   2.97844    48.93131    48.69092     0.24038
  -2.59063  -0.91135   2.75081    56.20163    56.25934    -0.05771
  -2.64803  -0.49376   2.75081    59.05680    58.94249     0.11431
  -2.81596  -0.10713   2.75081    62.40268    61.85655     0.54613
  -5.03104  -2.17587   2.75081    31.59573    30.81742     0.77831
  -4.65678  -2.36980   2.75081    33.16199    32.80263     0.35937
  -4.24407  -2.45556   2.75081    35.39844    35.23067     0.16777
  -3.82353  -2.42680   2.75081    38.42241    38.27321     0.14919
  -3.42635  -2.28564   2.75081    42.11216    41.91768     0.19449
  -3.08198  -2.04255   2.75081    46.12509    45.93064     0.19444
  -2.81596  -1.71558   2.75081    49.97862    49.87718     0.10144
  -2.64803  -1.32895   2.75081    53.31823    53.34495    -0.02672
  -2.28442  -0.91135   2.46892    61.16712    61.53790    -0.37078
  -2.33440  -0.48379   2.46892    63.47133    63.76165    -0.29032
  -2.48163  -0.07927   2.46892    66.32022    66.31334     0.00689
  -5.41075  -2.25992   2.46892    30.21584    29.26857     0.94726
  -5.06546  -2.51699   2.46892    31.46270    31.04784     0.41486
  -4.67019  -2.68749   2.46892    33.14003    33.02892     0.11111
  -4.24625  -2.76224   2.46892    35.54841    35.51030     0.03811
  -3.81650  -2.73721   2.46892    38.77820    38.65395     0.12426
  -3.40411  -2.61375   2.46892    42.76603    42.50129     0.26474
  -3.03130  -2.39851   2.46892    47.26025    46.91584     0.34441
  -2.71818  -2.10310   2.46892    51.77204    51.49950     0.27255
  -2.48163  -1.74344   2.46892    55.70276    55.66375     0.03902
  -2.33440  -1.33892   2.46892    58.75811    58.99194    -0.23383
  -5.42978  -2.57962   2.14048    30.89355    30.33509     0.55846
  -5.06753  -2.80542   2.14048    32.07703    31.92198     0.15505
  -4.66724  -2.95367   2.14048    33.84912    33.86056    -0.01144
  -4.24530  -3.01831   2.14048    36.39241    36.36195     0.03047
  -3.81899  -2.99669   2.14048    39.78285    39.56871     0.21413
  -3.40575  -2.88969   2.14048    44.01854    43.56346     0.45508
  -3.02251  -2.70171   2.14048    48.96708    48.31467     0.65241
  -2.68496  -2.44042   2.14048    54.24443    53.54741     0.69703
  -2.40691  -2.11654   2.14048    59.14842    58.63971     0.50871
  -5.84389  -2.46607   1.77444    31.21734    30.26084     0.95651
  -5.52918  -2.75298   1.77444    31.88439    31.46267     0.42172
  -5.16710  -2.97717   1.77444    32.92354    32.83611     0.08743
  -4.76999  -3.13101   1.77444    34.61656    34.63481    -0.01825
  -4.35138  -3.20926   1.77444    37.11028    37.03254     0.07775
  -3.92551  -3.20926   1.77444    40.49695    40.17142     0.32553
  -3.50690  -3.13101   1.77444    44.84057    44.17750     0.66307
  -3.10979  -2.97717   1.77444    50.14742    49.13323     1.01419
  -2.74772  -2.75298   1.77444    56.24870    54.96334     1.28536
  -6.00981  -2.48161   1.38079    33.10050    32.11276     0.98774
  -5.70870  -2.78272   1.38079    33.36468    32.88840     0.47628
  -5.35989  -3.02696   1.38079    34.07439    33.93028     0.14411
  -4.97396  -3.20692   1.38079    35.47123    35.44137     0.02986
  -4.56265  -3.31713   1.38079    37.69136    37.57125     0.12011
  -4.13845  -3.35424   1.38079    40.83832    40.45693     0.38139
  -3.71424  -3.31713   1.38079    45.02255    44.24657     0.77598
  -3.30293  -3.20692   1.38079    50.36893    49.10462     1.26432
  -6.21916  -2.31767   0.97027    36.06234    34.86951     1.19284
  -5.95156  -2.64909   0.97027    35.69713    35.00793     0.68920
  -5.63180  -2.93051   0.97027    35.81636    35.50800     0.30836
  -5.26909  -3.15384   0.97027    36.64718    36.52485     0.12233
  -4.87384  -3.31266   0.97027    38.32075    38.17944     0.14131
  -4.45744  -3.40241   0.97027    40.93872    40.58983     0.34889
  -4.03186  -3.42048   0.97027    44.61844    43.89555     0.72289
  -3.60935  -3.36638   0.97027    49.53183    48.28065     1.25119
  -6.21916  -2.31767   0.55407    39.67115    38.64586     1.02529
  -5.95156  -2.64909   0.55407    38.80519    38.21288     0.59231
  -5.63180  -2.93051   0.55407    38.70416    38.41069     0.29347
  -5.26909  -3.15384   0.55407    39.48478    39.30391     0.18087
  -4.87384  -3.31266   0.55407    41.23177    40.97002     0.26175
  -4.45744  -3.40241   0.55407    44.03924    43.51180     0.52744
  -4.03186  -3.42048   0.55407    48.04840    47.07638     0.97203
  -3.60935  -3.36638   0.55407    53.50146    51.88659     1.61487
  -6.25405  -2.13280   0.14355    44.47599    43.51441     0.96158
  -6.00981  -2.48161   0.14355    42.81811    42.23582     0.58229
  -5.70870  -2.78272   0.14355    42.17993    41.86459     0.31535
  -5.35989  -3.02696   0.14355    42.59534    42.37906     0.21629
  -4.97396  -3.20692   0.14355    44.11015    43.80963     0.30052
  -4.56265  -3.31713   0.14355    46.80280    46.23418     0.56861
  -4.13845  -3.35424   0.14355    50.81697    49.78901     1.02796
  -3.71424  -3.31713   0.14355    56.41938    54.70055     1.71883
  -6.10053  -2.12623  -0.25010    48.55606    47.99940     0.55666
  -5.84389  -2.46607  -0.25010    46.79025    46.48627     0.30397
  -5.52918  -2.75298  -0.25010    46.33028    46.14952     0.18076
  -5.16710  -2.97717  -0.25010    47.15546    46.93525     0.22020
  -4.76999  -3.13101  -0.25010    49.30468    48.86704     0.43764
  -4.35138  -3.20926  -0.25010    52.88650    52.03900     0.84750
  -3.92551  -3.20926  -0.25010    58.11805    56.62869     1.48936
  -5.98302  -1.93518  -0.61614    54.03861    53.88122     0.15739
  -5.73917  -2.28553  -0.61614    51.78522    51.75054     0.03468
  -5.42978  -2.57962  -0.61614    51.15834    51.14089     0.01745
  -5.06753  -2.80542  -0.61614    52.10651    51.95792     0.14859
  -4.66724  -2.95367  -0.61614    54.66612    54.20990     0.45622
  -4.24530  -3.01831  -0.61614    58.96958    57.99260     0.97698
  -3.81899  -2.99669  -0.61614    65.27605    63.48621     1.78984
  -5.68746  -1.93016  -0.94458    58.35462    58.74583    -0.39121
  -5.41075  -2.25992  -0.94458    56.85173    57.14911    -0.29738
  -5.06546  -2.51699  -0.94458    57.36064    57.45453    -0.09389
  -4.67019  -2.68749  -0.94458    59.89892    59.62250     0.27642
  -4.24625  -2.76224  -0.94458    64.59708    63.71815     0.87893
  -3.81650  -2.73721  -0.94458    71.69296    69.86153     1.83143
  -5.55812  -1.52801  -1.22646    66.46957    67.61816    -1.14858
  -5.33910  -1.88816  -1.22646    63.83027    64.64840    -0.81813
  -5.03104  -2.17587  -1.22646    63.68468    64.15525    -0.47057
  -3.94070   0.09040   3.40509    56.12445    54.76259     1.36186
  -4.05248   0.50758   3.40509    60.90984    59.86837     1.04147
  -4.05248  -0.32677   3.40509    50.32752    48.86611     1.46141
  -3.54928   0.09040   3.24296    59.09571    57.64754     1.44817
  -3.62320   0.50964   3.24296    64.18481    62.79968     1.38513
  -3.83605   0.87832   3.24296    68.50647    67.41515     1.09132
  -3.62320  -0.32884   3.24296    53.47887    52.02189     1.45698
  -3.18803   0.09040   3.02159    61.87683    60.66876     1.20807
  -3.24211   0.50115   3.02159    66.94899    65.61264     1.33635
  -3.40065   0.88391   3.02159    71.69484    70.32510     1.36975
  -2.86586   0.09040   2.74643    64.81734    64.06747     0.74986
  -2.91373   0.51524   2.74643    70.03634    69.00129     1.03504
  -3.05493   0.91877   2.74643    74.96040    73.63412     1.32628
  -6.51421  -1.79883   0.00290    48.11617    47.20091     0.91527
  -6.85846  -1.11246  -0.38853    56.81597    56.89591    -0.07994
  -6.61794  -1.45596  -0.38853    54.70502    54.31706     0.38797
  -6.32141  -1.75248  -0.38853    52.86579    52.28949     0.57630
  -6.94950  -0.11723  -0.74978    69.56194    71.09692    -1.53499
  -6.87091  -0.52500  -0.74978    65.66134    66.65415    -0.99281
  -6.71657  -0.91052  -0.74978    62.66624    63.14268    -0.47645
  -6.49206  -1.25987  -0.74978    60.36641    60.47487    -0.10845
  -6.20549  -1.56042  -0.74978    58.53534    58.51080     0.02454
  -6.63637  -0.33443  -1.07195    71.26939    72.75806    -1.48867
  -6.49517  -0.73796  -1.07195    68.06031    69.10597    -1.04566
  -6.26771  -1.09996  -1.07195    65.72095    66.47774    -0.75679
  -5.96541  -1.40226  -1.07195    64.15720    64.85558    -0.69838
  -6.14945  -0.70311  -1.34710    72.50810    74.20991    -1.70182
  -5.89724  -1.03179  -1.34710    70.86653    72.43392    -1.56739
  -5.56856  -1.28400  -1.34710    70.56721    72.17881    -1.61160
  -5.71405  -0.69751  -1.56848    77.48801    80.06737    -2.57936
  -5.83961   0.15607   4.12902    44.25009    44.74766    -0.49757
  -5.42483   0.15607   4.09465    45.28799    45.82552    -0.53753
  -5.63222   0.51527   4.09465    48.47072    49.02564    -0.55492
  -6.04700   0.51527   4.09465    47.82815    48.17300    -0.34485
  -6.25439   0.15607   4.09465    43.89241    44.18207    -0.28967
  -6.04700  -0.20314   4.09465    40.73666    41.17395    -0.43729
  -5.63222  -0.20314   4.09465    41.45767    41.94274    -0.48507
  -5.02137   0.15607   3.99248    47.10526    47.46508    -0.35983
  -5.13099   0.56519   3.99248    50.99770    51.55117    -0.55347
  -5.43049   0.86468   3.99248    53.48703    54.10790    -0.62087
  -5.83961   0.97431   3.99248    53.97209    54.37927    -0.40718
  -6.24873   0.86468   3.99248    52.23640    52.29894    -0.06254
  -6.54823   0.56519   3.99248    48.57928    48.46317     0.11611
  -6.65785   0.15607   3.99248    44.09760    44.07368     0.02393
  -6.54823  -0.25306   3.99248    40.18822    40.39515    -0.20694
  -6.24873  -0.55255   3.99248    37.86643    38.23866    -0.37222
  -5.83961  -0.66218   3.99248    37.58656    37.96271    -0.37614
  -5.43049  -0.55255   3.99248    39.36555    39.65361    -0.28805
  -5.13099  -0.25306   3.99248    42.83003    43.08259    -0.25255
  -4.64022   0.15607   3.82529    49.76966    49.70617     0.06349
  -4.71255   0.56628   3.82529    53.95578    54.19482    -0.23904
  -4.92083   0.92702   3.82529    57.29852    57.86645    -0.56793
  -5.23992   1.19477   3.82529    59.43456    60.15952    -0.72496
  -5.63134   1.33723   3.82529    60.21079    60.77261    -0.56182
  -6.04788   1.33723   3.82529    59.59960    59.74001    -0.14041
  -6.43930   1.19477   3.82529    57.48426    57.17620     0.30806
  -6.75839   0.92702   3.82529    53.91562    53.34342     0.57220
  -6.96667   0.56628   3.82529    49.40759    48.82962     0.57797
  -7.03900   0.15607   3.82529    44.73829    44.36400     0.37429
  -6.96667  -0.25415   3.82529    40.60551    40.52913     0.07638
  -6.75839  -0.61489   3.82529    37.47612    37.65928    -0.18316
  -6.43930  -0.88264   3.82529    35.59046    35.89671    -0.30625
  -6.04788  -1.02510   3.82529    35.02695    35.29196    -0.26501
  -5.63134  -1.02510   3.82529    35.77996    35.88730    -0.10733
  -5.23992  -0.88264   3.82529    37.82690    37.74563     0.08127
  -4.92083  -0.61489   3.82529    41.08681    40.87218     0.21463
  -4.71255  -0.25415   3.82529    45.26101    45.03883     0.22218
  -4.29179   0.15607   3.59765    53.30003    52.57310     0.72693
  -4.34919   0.57366   3.59765    58.01765    57.66810     0.34955
  -4.51713   0.96028   3.59765    62.02053    62.19529    -0.17476
  -4.78314   1.28726   3.59765    65.02379    65.71310    -0.68931
  -5.12751   1.53035   3.59765    66.74756    67.69730    -0.94974
  -5.52470   1.67151   3.59765    67.25145    68.03639    -0.78494
  -7.25928   0.77272   3.59765    53.26803    52.18119     1.08684
  -7.37301   0.36683   3.59765    48.13563    47.27687     0.85876
  -7.37301  -0.05470   3.59765    43.39291    42.87588     0.51703
  -7.25928  -0.46059   3.59765    39.39630    39.23601     0.16029
  -7.04027  -0.82074   3.59765    36.34535    36.46016    -0.11481
  -6.73220  -1.10845   3.59765    34.32100    34.56049    -0.23948
  -6.35794  -1.30238   3.59765    33.32138    33.51412    -0.19274
  -5.94524  -1.38814   3.59765    33.30256    33.30896    -0.00640
  -5.52470  -1.35938   3.59765    34.23817    33.98426     0.25391
  -5.12751  -1.21822   3.59765    36.17592    35.65317     0.52275
  -4.78314  -0.97514   3.59765    39.21244    38.46086     0.75158
  -4.51713  -0.64816   3.59765    43.33330    42.43536     0.89793
  -4.34919  -0.26153   3.59765    48.22034    47.31518     0.90516
  -4.18279   0.98815   3.31577    68.04525    67.52657     0.51868
  -7.58182   0.79018   3.31577    55.07149    53.61080     1.46069
  -7.68110   0.37130   3.31577    49.45340    48.32274     1.13066
  -7.68110  -0.05917   3.31577    44.38563    43.66273     0.72290
  -7.58182  -0.47805   3.31577    40.10037    39.78330     0.31707
  -7.38862  -0.86274   3.31577    36.71119    36.71898    -0.00779
  -7.11192  -1.19250   3.31577    34.25386    34.43930    -0.18544
  -6.76662  -1.44957   3.31577    32.70140    32.88573    -0.18433
  -6.37135  -1.62007   3.31577    31.98228    31.99791    -0.01563
  -5.94741  -1.69482   3.31577    32.00675    31.74013     0.26662
  -5.51766  -1.66979   3.31577    32.72588    32.13740     0.58847
  -5.10527  -1.54633   3.31577    34.21496    33.31967     0.89529
  -4.73246  -1.33109   3.31577    36.71370    35.53773     1.17597
  -4.41934  -1.03568   3.31577    40.50448    39.06838     1.43611
  -7.93845   0.36950   2.98733    50.78560    49.52324     1.26235
  -7.93845  -0.05737   2.98733    45.55280    44.73575     0.81704
  -7.85252  -0.47549   2.98733    41.12195    40.73278     0.38917
  -7.68418  -0.86776   2.98733    37.54452    37.50293     0.04159
  -7.44033  -1.21811   2.98733    34.82238    34.99142    -0.16903
  -7.13094  -1.51220   2.98733    32.91727    33.12331    -0.20604
  -6.76869  -1.73800   2.98733    31.74947    31.81640    -0.06693
  -6.36840  -1.88625   2.98733    31.20103    30.99101     0.21002
  -5.94646  -1.95089   2.98733    31.13890    30.58541     0.55349
  -5.52015  -1.92927   2.98733    31.46458    30.58810     0.87648
  -5.10691  -1.82227   2.98733    32.22261    31.09693     1.12568
  -8.10806   0.58011   2.62129    55.14428    53.67742     1.46686
  -8.14736   0.15607   2.62129    49.34484    48.34350     1.00134
  -8.10806  -0.26798   2.62129    44.36743    43.82136     0.54607
  -7.99152  -0.67759   2.62129    40.24344    40.09331     0.15013
  -7.80170  -1.05881   2.62129    36.96345    37.09874    -0.13529
  -7.54506  -1.39866   2.62129    34.49294    34.75683    -0.26389
  -7.23034  -1.68556   2.62129    32.76353    32.97659    -0.21307
  -6.86826  -1.90975   2.62129    31.66852    31.65954     0.00898
  -6.47116  -2.06359   2.62129    31.05231    30.69998     0.35233
  -6.05254  -2.14184   2.62129    30.71534    29.98899     0.72634
  -5.62668  -2.14184   2.62129    30.44927    29.43334     1.01593
  -8.28250   0.15607   2.22764    50.61429    49.80144     0.81285
  -8.24538  -0.26814   2.22764    45.53836    45.17176     0.36660
  -8.13517  -0.67945   2.22764    41.34660    41.35554    -0.00894
  -7.95521  -1.06538   2.22764    38.00637    38.27497    -0.26860
  -7.71097  -1.41419   2.22764    35.46935    35.83832    -0.36897
  -7.40987  -1.71530   2.22764    33.65835    33.94524    -0.28688
  -7.06105  -1.95954   2.22764    32.45542    32.48450    -0.02908
  -6.67513  -2.13950   2.22764    31.68233    31.32687     0.35546
  -6.26381  -2.24971   2.22764    31.08557    30.31545     0.77011
  -5.83961  -2.28682   2.22764    30.32251    29.25931     1.06320
  -8.34195   0.36905   1.81712    54.81170    54.08897     0.72273
  -8.34195  -0.05692   1.81712    49.21934    48.93760     0.28173
  -8.26997  -0.47675   1.81712    44.56196    44.65928    -0.09732
  -8.12806  -0.87838   1.81712    40.80067    41.17414    -0.37348
  -7.92032  -1.25025   1.81712    37.88400    38.38650    -0.50249
  -7.65272  -1.58167   1.81712    35.73918    36.19174    -0.45257
  -7.33297  -1.86309   1.81712    34.25825    34.47393    -0.21568
  -6.97025  -2.08642   1.81712    33.27432    33.09560     0.17872
  -6.57500  -2.24525   1.81712    32.52884    31.87953     0.64931
  -6.15860  -2.33499   1.81712    31.62773    30.58085     1.04688
  -8.34195   0.36905   1.40092    56.17904    55.88306     0.29599
  -8.34195  -0.05692   1.40092    50.57978    50.67670    -0.09693
  -8.26997  -0.47675   1.40092    45.95503    46.37074    -0.41571
  -8.12806  -0.87838   1.40092    42.25837    42.87820    -0.61983
  -7.92032  -1.25025   1.40092    39.43081    40.09700    -0.66619
  -7.65272  -1.58167   1.40092    37.38890    37.91433    -0.52543
  -7.33297  -1.86309   1.40092    36.00524    36.20061    -0.19537
  -6.97025  -2.08642   1.40092    35.07841    34.79306     0.28535
  -6.57500  -2.24525   1.40092    34.28022    33.46490     0.81532
  -6.15860  -2.33499   1.40092    33.07665    31.87111     1.20554
  -8.24538   0.58027   0.99039    60.86403    60.86139     0.00264
  -8.28250   0.15607   0.99039    54.80103    55.14754    -0.34651
  -8.24538  -0.26814   0.99039    49.76401    50.39451    -0.63049
  -8.13517  -0.67945   0.99039    45.72097    46.52897    -0.80800
  -7.95521  -1.06538   0.99039    42.61982    43.45305    -0.83323
  -7.71097  -1.41419   0.99039    40.38086    41.05291    -0.67204
  -7.40987  -1.71530   0.99039    38.88174    39.19457    -0.31283
  -7.06105  -1.95954   0.99039    37.91914    37.70610     0.21305
  -6.67513  -2.13950   0.99039    37.15107    36.34019     0.81089
  -6.26381  -2.24971   0.99039    35.99332    34.70143     1.29188
  -8.10806   0.58011   0.59674    62.67439    63.18262    -0.50822
  -8.14736   0.15607   0.59674    56.68419    57.45141    -0.76722
  -8.10806  -0.26798   0.59674    51.76263    52.71512    -0.95248
  -7.99152  -0.67759   0.59674    47.89404    48.90921    -1.01518
  -7.80170  -1.05881   0.59674    45.02883    45.93665    -0.90782
  -7.54506  -1.39866   0.59674    43.07539    43.67502    -0.59963
  -7.23034  -1.68556   0.59674    41.87371    41.96750    -0.09379
  -6.86826  -1.90975   0.59674    41.14266    40.59264     0.55002
  -6.47116  -2.06359   0.59674    40.38526    39.19879     1.18647
  -7.85252   0.78762   0.23071    68.37532    69.26901    -0.89369
  -7.93845   0.36950   0.23071    61.91009    62.96782    -1.05773
  -7.93845  -0.05737   0.23071    56.55429    57.72509    -1.17079
  -7.85252  -0.47549   0.23071    52.35437    53.52369    -1.16932
  -7.68418  -0.86776   0.23071    49.29213    50.29015    -0.99802
  -7.44033  -1.21811   0.23071    47.28912    47.90869    -0.61957
  -7.13094  -1.51220   0.23071    46.17780    46.21555    -0.03775
  -6.76869  -1.73800   0.23071    45.64128    44.96454     0.67674
  -7.58182   0.79018  -0.09773    71.55114    72.93037    -1.37923
  -7.68110   0.37130  -0.09773    65.02881    66.43214    -1.40333
  -7.68110  -0.05917  -0.09773    59.73702    61.10940    -1.37238
  -7.58182  -0.47805  -0.09773    55.77681    56.98436    -1.20755
  -7.38862  -0.86274  -0.09773    53.15131    53.99630    -0.84499
  -7.11192  -1.19250  -0.09773    51.75134    52.01588    -0.26454
  -7.25928   0.77272  -0.37962    75.56909    77.43836    -1.86928
  -7.37301   0.36683  -0.37962    69.04550    70.75445    -1.70896
  -7.37301  -0.05470  -0.37962    63.92565    65.42499    -1.49935
  -7.25928  -0.46059  -0.37962    60.37771    61.52567    -1.14796
  -7.04027  -0.82074  -0.37962    58.42866    59.02482    -0.59616
  -4.42639   3.26408  -1.87556    68.88486    67.31367     1.57119
  -4.42639   2.94191  -2.15072    73.75872    72.42275     1.33597
  -5.76395   3.71447   2.92654    68.82712    68.76050     0.06662
  -6.01615   3.38578   2.92654    71.43756    71.72669    -0.28913
  -6.17470   3.00302   2.92654    74.73764    75.25184    -0.51421
  -5.06659   4.45359   2.65138    62.36189    61.44329     0.91860
  -5.47012   4.31239   2.65138    64.28898    63.48010     0.80888
  -5.83211   4.08494   2.65138    66.73940    66.23066     0.50874
  -6.13442   3.78263   2.65138    69.58578    69.48008     0.10570
  -6.36187   3.42064   2.65138    72.87958    73.13160    -0.25202
  -6.50308   3.01711   2.65138    77.03244    77.39065    -0.35822
  -4.12678   4.71505   2.32921    56.94021    56.29212     0.64809
  -4.53782   4.77415   2.32921    57.62231    56.68229     0.94003
  -4.95262   4.75439   2.32921    59.08316    57.96905     1.11410
  -5.35618   4.65648   2.32921    61.20539    60.09367     1.11172
  -5.73393   4.48397   2.32921    63.84219    62.92289     0.91930
  -2.79887   4.13864   1.96796    57.65620    57.74059    -0.08439
  -3.09539   4.43516   1.96796    55.15558    55.27444    -0.11887
  -3.43890   4.67569   1.96796    53.71356    53.66851     0.04505
  -3.81895   4.85291   1.96796    53.26803    52.92525     0.34277
  -4.22400   4.96144   1.96796    53.74556    53.05936     0.68620
  -4.64175   4.99799   1.96796    55.06396    54.08454     0.97942
  -5.05950   4.96144   1.96796    57.13411    55.99006     1.14405
  -5.46456   4.85291   1.96796    59.84621    58.71387     1.13234
  -2.21303   3.42605   1.57654    64.83114    64.14394     0.68721
  -2.38340   3.81444   1.57654    59.52367    59.36390     0.15977
  -2.61536   4.16948   1.57654    55.36391    55.57979    -0.21588
  -2.90259   4.48150   1.57654    52.46105    52.82709    -0.36604
  -3.23727   4.74199   1.57654    50.74230    51.03577    -0.29347
  -3.61026   4.94384   1.57654    50.10287    50.15103    -0.04816
  -4.01138   5.08155   1.57654    50.44863    50.15744     0.29119
  -4.42970   5.15135   1.57654    51.69674    51.06316     0.63358
  -4.85381   5.15135   1.57654    53.76690    52.87472     0.89218
  -5.27212   5.08155   1.57654    56.57437    55.56904     1.00533
  -2.26565   3.80296   1.16456    58.58366    58.57656     0.00710
  -2.48430   4.15975   1.16456    53.93570    54.33996    -0.40426
  -2.75607   4.47796   1.16456    50.63249    51.27343    -0.64094
  -3.07427   4.74973   1.16456    48.58116    49.24891    -0.66775
  -3.43107   4.96837   1.16456    47.65621    48.16292    -0.50671
  -3.81768   5.12851   1.16456    47.75285    47.96779    -0.21494
  -4.22458   5.22620   1.16456    48.78510    48.65628     0.12882
  -4.64175   5.25903   1.16456    50.68018    50.23710     0.44307
  -5.05893   5.22620   1.16456    53.36780    52.70982     0.65798
  -5.46583   5.12851   1.16456    56.77016    56.03669     0.73347
  -2.22211   3.79032   0.74219    58.07036    58.35887    -0.28852
  -2.43334   4.14563   0.74219    53.11115    53.74267    -0.63152
  -2.69634   4.46454   0.74219    49.50234    50.39958    -0.89724
  -3.00495   4.73956   0.74219    47.18558    48.17718    -0.99161
  -3.35191   4.96426   0.74219    46.04351    46.94478    -0.90127
  -3.72911   5.13335   0.74219    45.96884    46.63175    -0.66292
  -4.12770   5.24288   0.74219    46.87119    47.21492    -0.34372
  -4.53834   5.29029   0.74219    48.67591    48.69525    -0.01934
  -4.95140   5.27446   0.74219    51.31647    51.07419     0.24228
  -5.35720   5.19576   0.74219    54.72259    54.32750     0.39509
  -2.48430   4.15975   0.31982    52.64303    53.41103    -0.76800
  -2.75607   4.47796   0.31982    48.79388    49.86461    -1.07073
  -3.07427   4.74973   0.31982    46.36542    47.56847    -1.20304
  -3.43107   4.96837   0.31982    45.23026    46.37124    -1.14098
  -3.81768   5.12851   0.31982    45.26540    46.18725    -0.92185
  -4.22458   5.22620   0.31982    46.36730    46.98121    -0.61390
  -4.64175   5.25903   0.31982    48.44750    48.74229    -0.29479
  -5.05893   5.22620   0.31982    51.42629    51.45665    -0.03036
  -2.90259   4.48150  -0.09216    48.84408    49.90947    -1.06538
  -3.23727   4.74199  -0.09216    46.37358    47.61860    -1.24502
  -3.61026   4.94384  -0.09216    45.38023    46.57635    -1.19612
  -4.01138   5.08155  -0.09216    45.69461    46.67369    -0.97908
  -4.42970   5.15135  -0.09216    47.18118    47.85572    -0.67454
  -4.85381   5.15135  -0.09216    49.72323    50.08654    -0.36332
  -5.27212   5.08155  -0.09216    53.20528    53.31205    -0.10678
  -3.09539   4.43516  -0.48358    49.93909    50.78405    -0.84496
  -3.43890   4.67569  -0.48358    47.43846    48.52177    -1.08330
  -3.81895   4.85291  -0.48358    46.59697    47.64659    -1.04962
  -4.22400   4.96144  -0.48358    47.17428    48.01267    -0.83839
  -4.64175   4.99799  -0.48358    48.98967    49.53058    -0.54091
  -5.05950   4.96144  -0.48358    51.88249    52.11875    -0.23627
  -5.46456   4.85291  -0.48358    55.68206    55.65595     0.02611
  -3.37471   4.37159  -0.84483    51.42189    51.94591    -0.52402
  -3.73434   4.57922  -0.84483    49.25322    49.98681    -0.73359
  -4.12678   4.71505  -0.84483    48.89115    49.54853    -0.65738
  -4.53782   4.77415  -0.84483    50.03008    50.44564    -0.41556
  -4.95262   4.75439  -0.84483    52.42842    52.53328    -0.10486
  -5.35618   4.65648  -0.84483    55.84709    55.64244     0.20465
  -3.81339   4.31239  -1.16700    52.89466    53.06115    -0.16649
  -4.21692   4.45359  -1.16700    51.99167    52.15322    -0.16155
  -4.64175   4.50146  -1.16700    52.99129    52.92194     0.06935
  -5.06659   4.45359  -1.16700    55.50008    55.09714     0.40293
  -5.47012   4.31239  -1.16700    59.12583    58.37084     0.75498
  -4.23100   4.12522  -1.44216    56.10437    55.66326     0.44111
  -4.64175   4.17929  -1.44216    56.44636    55.82422     0.62214
  -5.05251   4.12522  -1.44216    58.56044    57.61123     0.94921
  -5.43526   3.96667  -1.44216    61.93017    60.60536     1.32480
  -5.76395   3.71447  -1.44216    66.02216    64.33444     1.68771
  -6.01615   3.38578  -1.44216    70.37080    68.36496     2.00584
  -4.42890   3.79943  -1.66353    60.82638    59.73957     1.08681
  -4.85461   3.79943  -1.66353    61.59884    60.24480     1.35404
  -5.25464   3.65383  -1.66353    64.48225    62.73531     1.74694
  -5.58075   3.38019  -1.66353    68.68280    66.52572     2.15708
  -4.64175   3.42662  -1.82566    66.33215    64.69759     1.63456
  -5.05893   3.31484  -1.82566    68.32198    66.30816     2.01382
  -4.16358   2.77017  -2.37484    76.51788    75.41159     1.10629
  -5.32633  -0.17937  -2.42251    82.36313    85.23095    -2.86781
  -5.19922   0.24329  -2.81394    82.10774    84.33594    -2.22821
  -5.16267  -0.17446  -2.81394    80.94057    83.64310    -2.70253
  -4.96795   0.03565  -3.17519    80.78118    83.19014    -2.40896
  -4.88936  -0.37211  -3.17519    80.39212    83.11260    -2.72048
  -4.73502  -0.75764  -3.17519    80.74227    83.51532    -2.77305
  -4.51362  -0.58508  -3.49736    81.54047    84.14354    -2.60308
  -4.28616  -0.94707  -3.49736    83.05653    85.61641    -2.55988
  -3.98386  -1.24938  -3.49736    85.83953    88.25856    -2.41903
  -3.91569  -0.87890  -3.77251    85.75043    88.01998    -2.26955
  -0.26016   2.68903  -1.70328    63.88549    64.62591    -0.74042
  -0.66429   2.76942  -1.70328    67.63172    67.68075    -0.04903
   1.09568   1.89129  -2.11444    57.53948    60.43656    -2.89708
   0.77709   2.16064  -2.11444    58.45063    60.84827    -2.39764
   0.42544   2.38512  -2.11444    59.88260    61.75619    -1.87358
   0.04701   2.56073  -2.11444    62.03245    63.31995    -1.28749
  -0.35146   2.68434  -2.11444    64.96731    65.52682    -0.55950
  -0.76284   2.75373  -2.11444    68.64828    68.31021     0.33808
   1.85439   0.46726  -2.51856    58.58429    60.00360    -1.41932
   1.71532   0.85857  -2.51856    58.27994    60.23110    -1.95116
   1.52427   1.22728  -2.51856    57.97247    60.50960    -2.53714
   1.28479   1.56655  -2.51856    58.04463    60.87734    -2.83271
   1.00134   1.87005  -2.51856    58.60625    61.33962    -2.73337
   0.67920   2.13213  -2.51856    59.65482    62.00611    -2.35129
   0.32438   2.34790  -2.51856    61.25748    63.04815    -1.79067
  -0.05652   2.51335  -2.51856    63.50271    64.58436    -1.08166
  -0.45639   2.62539  -2.51856    66.41121    66.64381    -0.23260
  -0.86781   2.68194  -2.51856    69.94033    69.21784     0.72248
  -1.28308   2.68194  -2.51856    74.02479    72.31835     1.70643
   1.80515   0.06053  -2.90874    60.75108    61.23147    -0.48039
   1.71689   0.46627  -2.90874    60.26036    61.23352    -0.97316
   1.57179   0.85531  -2.90874    59.76714    61.30392    -1.53678
   1.37279   1.21975  -2.90874    59.51739    61.54543    -2.02804
   1.12395   1.55215  -2.90874    59.69435    61.96527    -2.27092
   0.83034   1.84576  -2.90874    60.37771    62.57023    -2.19252
   0.49794   2.09460  -2.90874    61.60324    63.42942    -1.82619
   0.13351   2.29359  -2.90874    63.41423    64.64410    -1.22987
  -0.25554   2.43870  -2.90874    65.83579    66.29057    -0.45479
  -0.66128   2.52696  -2.90874    68.84909    68.40701     0.44208
  -1.07544   2.55658  -2.90874    72.39703    71.02187     1.37516
  -1.48961   2.52696  -2.90874    76.41058    74.18774     2.22284
   1.65254  -0.35364  -3.27828    64.57136    63.99908     0.57228
   1.62057   0.06279  -3.27828    63.39226    63.31134     0.08092
   1.52540   0.46945  -3.27828    62.45602    62.93256    -0.47654
   1.36928   0.85682  -3.27828    61.82349    62.83818    -1.01469
   1.15585   1.21582  -3.27828    61.61579    63.02747    -1.41168
   0.89012   1.53803  -3.27828    61.93142    63.48473    -1.55330
   0.57833   1.81591  -3.27828    62.82186    64.21642    -1.39456
   0.22777   2.04293  -3.27828    64.31533    65.26976    -0.95443
  -0.15334   2.21378  -3.27828    66.42376    66.70914    -0.28538
  -0.55606   2.32444  -3.27828    69.12958    68.59131     0.53828
  -0.97096   2.37234  -3.27828    72.38573    70.96882     1.41691
  -1.38830   2.35635  -3.27828    76.14263    73.91690     2.22573
   1.62057  -0.77006  -3.27828    66.15707    65.20543     0.95164
   1.42362  -0.35364  -3.62088    67.98250    66.88824     1.09426
   1.38954   0.05770  -3.62088    66.20978    65.61319     0.59659
   1.28821   0.45781  -3.62088    64.99994    64.92523     0.07472
   1.12242   0.83579  -3.62088    64.31031    64.68897    -0.37866
   0.89667   1.18132  -3.62088    64.18230    64.83943    -0.65713
   0.61713   1.48498  -3.62088    64.66234    65.34219    -0.67984
   0.29141   1.73850  -3.62088    65.77617    66.19644    -0.42027
  -0.07158   1.93494  -3.62088    67.52818    67.43294     0.09524
  -0.46196   2.06896  -3.62088    69.89766    69.09916     0.79850
  -0.86907   2.13689  -3.62088    72.84256    71.25202     1.59054
  -1.28181   2.13689  -3.62088    76.31645    73.96964     2.34681
  -1.68893   2.06896  -3.62088    80.32561    77.37706     2.94855
   1.15194  -0.35364  -3.93067    71.16648    69.76520     1.40128
   1.11169   0.06790  -3.93067    69.01726    68.01356     1.00370
   0.99239   0.47420  -3.93067    67.69823    67.10888     0.58935
   0.79835   0.85058  -3.93067    67.11653    66.83635     0.28018
   0.53659   1.18344  -3.93067    67.27404    67.08749     0.18654
   0.21657   1.46074  -3.93067    68.18455    67.81575     0.36880
  -0.15016   1.67247  -3.93067    69.84181    69.02140     0.82041
  -0.55032   1.81096  -3.93067    72.20877    70.73809     1.47068
  -0.96946   1.87123  -3.93067    75.22521    73.02350     2.20171
  -1.39243   1.85108  -3.93067    78.83214    75.96141     2.87072
   0.79732   0.05859  -4.20235    71.95589    70.64500     1.31089
   0.66492   0.45154  -4.20235    70.72660    69.62494     1.10165
   0.45114   0.80685  -4.20235    70.36829    69.37576     0.99253
   0.16598   1.10788  -4.20235    70.86402    69.77278     1.09124
  -0.17723   1.34058  -4.20235    72.19748    70.76444     1.43303
  -0.56243   1.49407  -4.20235    74.32285    72.34935     1.97350
  -0.97163   1.56115  -4.20235    77.15982    74.55833     2.60149
  -1.38568   1.53870  -4.20235    80.61113    77.43687     3.17426
  -1.78522   1.42777  -4.20235    84.57448    81.00712     3.56735
   0.28855   0.43386  -4.43126    74.11515    72.57757     1.53757
   0.03825   0.76006  -4.43126    74.20990    72.53405     1.67585
  -0.28794   1.01035  -4.43126    75.32499    73.32930     1.99568
  -0.66780   1.16770  -4.43126    77.39451    74.91218     2.48233
  -1.07544   1.22136  -4.43126    80.29674    77.27218     3.02456
  -1.48308   1.16770  -4.43126    83.85472    80.39033     3.46439
  -0.69606  -4.18838  -3.05934    80.22834    80.50078    -0.27244
  -3.87688  -1.53776  -3.48172    85.98637    88.23823    -2.25186
  -0.79294  -4.17169  -3.48172    77.10146    77.64540    -0.54393
  -3.74295  -1.11511  -3.89369    85.75796    87.92907    -2.17112
  -3.77797  -1.53776  -3.89369    83.08163    85.30666    -2.22503
  -0.99807  -4.09685  -3.89369    74.66045    75.34716    -0.68671
  -0.57975  -4.02704  -3.89369    75.27918    75.72127    -0.44209
   0.87330  -0.33490  -4.28512    72.91409    71.63533     1.27876
  -3.61584  -1.53776  -4.28512    80.85648    82.97652    -2.12004
  -3.57929  -1.95551  -4.28512    78.87920    81.08187    -2.20267
  -1.62787  -3.90693  -4.28512    72.99379    73.89215    -0.89837
  -1.21012  -3.94348  -4.28512    72.89150    73.59600    -0.70450
  -0.79237  -3.90693  -4.28512    73.22032    73.72783    -0.50751
   0.81776  -0.72592  -4.64636    72.46731    71.82544     0.64187
   0.62747  -0.35682  -4.64636    73.11176    72.23530     0.87646
   0.37077  -0.03039  -4.64636    74.53809    73.35235     1.18574
  -3.38457  -1.74540  -4.64636    78.16509    80.18896    -2.02386
  -3.30598  -2.15317  -4.64636    76.39112    78.46410    -2.07297
  -3.15164  -2.53869  -4.64636    75.08465    77.05229    -1.96764
  -2.30229  -3.42946  -4.64636    72.58402    73.80424    -1.22021
  -1.92455  -3.60197  -4.64636    72.02554    72.98598    -0.96044
  -1.52098  -3.69988  -4.64636    71.70551    72.43655    -0.73104
  -1.10618  -3.71963  -4.64636    71.71116    72.25167    -0.54051
  -0.69514  -3.66054  -4.64636    72.08264    72.45992    -0.37727
   0.51000  -0.70940  -4.96853    72.56896    72.31098     0.25798
  -2.93024  -2.36613  -4.96853    74.28206    76.05149    -1.76943
  -2.70278  -2.72812  -4.96853    73.04524    74.60989    -1.56465
  -2.40048  -3.03043  -4.96853    72.11841    73.39543    -1.27702
  -2.03848  -3.25788  -4.96853    71.43003    72.40359    -0.97356
  -1.63495  -3.39908  -4.96853    70.99580    71.69946    -0.70366
  -1.21012  -3.44695  -4.96853    70.86967    71.36859    -0.49892
  -0.78528  -3.39908  -4.96853    71.08428    71.44518    -0.36090
  -0.38175  -3.25788  -4.96853    71.60009    71.85945    -0.25936
   0.37690  -1.53776  -5.24369    71.72559    72.08014    -0.35455
   0.32283  -1.12701  -5.24369    72.06758    72.31745    -0.24987
  -2.58452  -2.33127  -5.24369    73.41296    74.84993    -1.43696
  -2.33231  -2.65996  -5.24369    72.14100    73.36214    -1.22114
  -2.00363  -2.91216  -5.24369    71.25433    72.19544    -0.94111
  -1.62087  -3.07071  -5.24369    70.70212    71.38088    -0.67876
  -1.21012  -3.12478  -5.24369    70.47747    70.96719    -0.48972
  -0.79937  -3.07071  -5.24369    70.56972    70.95722    -0.38750
  -0.41661  -2.91216  -5.24369    70.90355    71.25340    -0.34985
   0.01566  -1.53776  -5.46506    71.64590    72.18687    -0.54098
  -1.82300  -2.59932  -5.46506    71.38925    72.24207    -0.85282
  -1.42297  -2.74491  -5.46506    70.70777    71.34049    -0.63272
  -0.99726  -2.74491  -5.46506    70.47559    70.98206    -0.50647
  -0.59723  -2.59932  -5.46506    70.58854    71.07140    -0.48285
  -0.27112  -2.32568  -5.46506    70.87343    71.39241    -0.51898
  -0.05827  -1.95700  -5.46506    71.19346    71.75213    -0.55866
  -1.21012  -2.37211  -5.62720    71.12757    71.77412    -0.64655
  -0.79294  -2.26033  -5.62720    70.96568    71.57048    -0.60481
  -0.48755  -1.95494  -5.62720    71.29073    71.92095    -0.63023
   2.36609  -3.88067  -1.96740    76.97220    75.97028     1.00192
   2.72816  -3.65648  -1.96740    73.99278    73.20274     0.79005
   1.65689  -3.90019  -2.33344    75.81382    75.00984     0.80397
   2.07013  -3.79320  -2.33344    72.67188    72.16714     0.50474
   2.45337  -3.60521  -2.33344    69.91523    69.64013     0.27509
   2.79092  -3.34393  -2.33344    67.89151    67.72404     0.16746
   3.06896  -3.02004  -2.33344    66.81847    66.64234     0.17612
   3.19146  -1.81486  -2.66188    62.39390    62.44178    -0.04788
   3.14148  -1.38729  -2.66188    61.45263    61.69694    -0.24431
   1.22963  -3.66575  -2.66188    76.50282    75.51426     0.98856
   1.65938  -3.64072  -2.66188    71.99856    71.54078     0.45778
   2.07178  -3.51726  -2.66188    68.47007    68.41189     0.05818
   2.44458  -3.30202  -2.66188    65.81194    65.98139    -0.16945
   2.75770  -3.00661  -2.66188    64.07311    64.28948    -0.21636
   2.99425  -2.64695  -2.66188    63.17201    63.30994    -0.13793
   3.14148  -2.24243  -2.66188    62.78609    62.82556    -0.03947
   2.88525  -1.81486  -2.94376    60.12608    60.38834    -0.26226
   2.82785  -1.39727  -2.94376    59.35110    59.65662    -0.30551
   2.65992  -1.01064  -2.94376    58.56044    58.97272    -0.41227
   2.39390  -0.68366  -2.94376    58.38474    58.83807    -0.45334
   2.04953  -0.44058  -2.94376    59.65356    59.94666    -0.29310
   1.65235  -3.33030  -2.94376    70.18694    69.85199     0.33494
   2.04953  -3.18915  -2.94376    66.20162    66.35711    -0.15548
   2.39390  -2.94606  -2.94376    63.47259    63.85992    -0.38734
   2.65992  -2.61908  -2.94376    61.78459    62.19213    -0.40755
   2.82785  -2.23246  -2.94376    60.81634    61.13934    -0.32300
   2.53682  -1.81486  -3.17140    60.04701    60.40478    -0.35777
   2.46449  -1.40465  -3.17140    59.59081    59.88543    -0.29462
   2.25622  -1.04391  -3.17140    59.93531    60.11617    -0.18086
   1.93713  -0.77616  -3.17140    61.87118    61.70533     0.16585
   1.93713  -2.85356  -3.17140    66.09871    66.16821    -0.06950
   2.25622  -2.58581  -3.17140    62.90469    63.27617    -0.37148
   2.46449  -2.22508  -3.17140    61.05479    61.47051    -0.41572
   2.15568  -1.81486  -3.33859    62.34056    62.48150    -0.14094
   2.04605  -1.40574  -3.33859    62.58027    62.51262     0.06765
   1.74656  -1.10624  -3.33859    65.45050    64.78364     0.66685
   2.04605  -2.22398  -3.33859    64.08755    64.18411    -0.09656
   0.98330  -4.63760   3.33515    46.18909    44.29290     1.89620
   0.48207  -4.68752   3.23298    46.29138    43.88764     2.40373
   0.78157  -4.98702   3.23298    43.06158    41.27213     1.78945
   1.19069  -5.09664   3.23298    42.60476    41.41969     1.18506
   1.59981  -4.98702   3.23298    45.32376    44.52225     0.80151
   0.27190  -5.04935   3.06580    43.24293    41.06069     2.18225
   0.59099  -5.31710   3.06580    40.41663    38.87004     1.54659
   0.98242  -5.45956   3.06580    39.45278    38.47428     0.97850
   1.39896  -5.45956   3.06580    40.43420    39.89480     0.53940
   1.79038  -5.31710   3.06580    43.57175    43.30741     0.26434
  -0.22899  -4.89505   2.83816    46.71808    44.07896     2.63912
  -0.00997  -5.25520   2.83816    42.11467    40.08894     2.02573
   0.29809  -5.54292   2.83816    39.05682    37.65424     1.40258
   0.67236  -5.73684   2.83816    37.48365    36.61832     0.86533
   1.08506  -5.82260   2.83816    37.34435    36.90405     0.44030
   1.50560  -5.79384   2.83816    38.63952    38.52782     0.11170
   1.90279  -5.65268   2.83816    41.51728    41.64349    -0.12621
  -0.35833  -5.29720   2.55627    42.99632    41.01227     1.98405
  -0.08162  -5.62696   2.55627    39.31033    37.95302     1.35731
   0.26368  -5.88403   2.55627    36.98980    36.16485     0.82496
   0.65895  -6.05453   2.55627    35.92994    35.50841     0.42153
   1.08289  -6.12928   2.55627    36.03913    35.91361     0.12552
   1.51264  -6.10425   2.55627    37.26904    37.37631    -0.10727
   1.92503  -5.98079   2.55627    39.66990    39.97988    -0.30998
   2.29783  -5.76555   2.55627    43.48892    43.95602    -0.46710
  -0.65389  -5.30222   2.22783    44.40822    42.57998     1.82824
  -0.41003  -5.65257   2.22783    40.34572    39.13077     1.21496
  -0.10065  -5.94666   2.22783    37.54703    36.85025     0.69678
   0.26161  -6.17246   2.22783    35.90107    35.57973     0.32134
   0.66190  -6.32071   2.22783    35.30055    35.22059     0.07996
   1.08384  -6.38535   2.22783    35.64379    35.71673    -0.07294
   1.51015  -6.36373   2.22783    36.85740    37.05081    -0.19342
   1.92338  -6.25673   2.22783    38.92818    39.25317    -0.32499
   2.30662  -6.06875   2.22783    41.94838    42.42827    -0.47989
   2.64417  -5.80746   2.22783    46.19160    46.81272    -0.62111
  -0.96122  -5.11205   1.86180    48.55418    46.68905     1.86512
  -0.77140  -5.49327   1.86180    43.63199    42.38848     1.24351
  -0.51476  -5.83312   1.86180    39.98177    39.30360     0.67816
  -0.20004  -6.12002   1.86180    37.49307    37.24007     0.25299
   0.16204  -6.34421   1.86180    36.06360    36.07116    -0.00757
   0.55914  -6.49805   1.86180    35.58481    35.71171    -0.12690
   0.97776  -6.57630   1.86180    35.94563    36.10503    -0.15941
   1.40362  -6.57630   1.86180    37.05130    37.21787    -0.16657
   1.82223  -6.49805   1.86180    38.83782    39.04177    -0.20395
   2.21934  -6.34421   1.86180    41.29891    41.60205    -0.30314
   2.58142  -6.12002   1.86180    44.51678    44.97777    -0.46099
   2.89614  -5.83312   1.86180    48.70478    49.33997    -0.63519
  -1.10488  -5.11391   1.46815    50.34320    48.78395     1.55925
  -0.92491  -5.49984   1.46815    45.31497    44.39898     0.91600
  -0.68067  -5.84865   1.46815    41.53234    41.17658     0.35576
  -0.37957  -6.14976   1.46815    38.90371    38.94474    -0.04103
  -0.03076  -6.39400   1.46815    37.33305    37.58482    -0.25177
   0.35517  -6.57396   1.46815    36.71119    37.01182    -0.30063
   0.76648  -6.68417   1.46815    36.92203    37.16314    -0.24111
   1.19069  -6.72129   1.46815    37.85263    37.99228    -0.13965
   1.61489  -6.68417   1.46815    39.40509    39.46630    -0.06121
   2.02621  -6.57396   1.46815    41.51164    41.56664    -0.05500
   2.41213  -6.39400   1.46815    44.15094    44.29440    -0.14345
   2.76095  -6.14976   1.46815    47.36253    47.68122    -0.31869
   3.06205  -5.84865   1.46815    51.26815    51.80670    -0.53855
   3.30629  -5.49984   1.46815    56.08366    56.81918    -0.73552
  -1.23967  -4.91121   1.05762    55.58354    53.94433     1.63921
  -1.09776  -5.31284   1.05762    49.77970    48.86062     0.91908
  -0.89003  -5.68471   1.05762    45.28924    45.00610     0.28315
  -0.62243  -6.01613   1.05762    42.02996    42.20901    -0.17905
  -0.30267  -6.29755   1.05762    39.90898    40.34292    -0.43394
   0.06005  -6.52088   1.05762    38.82025    39.31283    -0.49259
   0.45530  -6.67971   1.05762    38.64517    39.04536    -0.40019
   0.87170  -6.76945   1.05762    39.26013    39.48176    -0.22163
   1.29728  -6.78753   1.05762    40.54339    40.57308    -0.02969
   1.71979  -6.73342   1.05762    42.38764    42.27700     0.11063
   2.12708  -6.60869   1.05762    44.71068    44.55666     0.15402
   2.50743  -6.41692   1.05762    47.46231    47.38201     0.08029
   2.84990  -6.16363   1.05762    50.63500    50.73421    -0.09921
   3.14464  -5.85610   1.05762    54.26514    54.61133    -0.34619
   3.38317  -5.50319   1.05762    58.42804    59.02813    -0.60010
  -1.23967  -4.91121   0.64142    58.34458    56.91153     1.43304
  -1.09776  -5.31284   0.64142    52.35688    51.74127     0.61561
  -0.89003  -5.68471   0.64142    47.77732    47.80629    -0.02897
  -0.62243  -6.01613   0.64142    44.50862    44.96258    -0.45396
  -0.30267  -6.29755   0.64142    42.44725    43.09255    -0.64529
   0.06005  -6.52088   0.64142    41.47336    42.10198    -0.62862
   0.45530  -6.67971   0.64142    41.45642    41.91453    -0.45812
   0.87170  -6.76945   0.64142    42.26151    42.46592    -0.20441
   1.29728  -6.78753   0.64142    43.75435    43.69844     0.05591
   1.71979  -6.73342   0.64142    45.81259    45.55603     0.25655
   2.12708  -6.60869   0.64142    48.32827    47.98044     0.34783
   2.50743  -6.41692   0.64142    51.22046    50.90937     0.31109
   2.84990  -6.16363   0.64142    54.43143    54.27744     0.15399
   3.14464  -5.85610   0.64142    57.93544    58.01947    -0.08403
  -1.10488  -5.11391   0.23090    58.31697    57.61279     0.70417
  -0.92491  -5.49984   0.23090    52.90344    52.93258    -0.02914
  -0.68067  -5.84865   0.23090    48.99531    49.50906    -0.51375
  -0.37957  -6.14976   0.23090    46.46708    47.20930    -0.74222
  -0.03076  -6.39400   0.23090    45.18131    45.92073    -0.73942
   0.35517  -6.57396   0.23090    44.99306    45.55048    -0.55742
   0.76648  -6.68417   0.23090    45.74921    46.01991    -0.27071
   1.19069  -6.72129   0.23090    47.29916    47.25737     0.04179
   1.61489  -6.68417   0.23090    49.49607    49.19033     0.30574
   2.02621  -6.57396   0.23090    52.20503    51.73799     0.46703
  -0.96122  -5.11205  -0.16275    61.89001    61.53787     0.35214
  -0.77140  -5.49327  -0.16275    56.36228    56.65972    -0.29744
  -0.51476  -5.83312  -0.16275    52.55706    53.23647    -0.67941
  -0.20004  -6.12002  -0.16275    50.30053    51.10151    -0.80098
   0.16204  -6.34421  -0.16275    49.41826    50.11804    -0.69978
   0.55914  -6.49805  -0.16275    49.73264    50.17467    -0.44203
   0.97776  -6.57630  -0.16275    51.06547    51.17501    -0.10954
   1.40362  -6.57630  -0.16275    53.23979    53.02507     0.21472
  -0.65389  -5.30222  -0.52879    62.70389    62.97782    -0.27393
  -0.41003  -5.65257  -0.52879    58.20527    58.85495    -0.64968
  -0.10065  -5.94666  -0.52879    55.61805    56.38048    -0.76243
   0.26161  -6.17246  -0.52879    54.69687    55.34486    -0.64800
   0.66190  -6.32071  -0.52879    55.21268    55.58809    -0.37541
  -0.08162  -5.62696  -0.85723    62.62733    63.26678    -0.63944
   0.26368  -5.88403  -0.85723    60.90419    61.50173    -0.59754
   2.75022  -2.51534   4.72961    29.70065    30.79639    -1.09574
   3.16500  -2.51534   4.69524    28.53850    29.31716    -0.77865
   2.95761  -2.15613   4.69524    28.12247    29.15003    -1.02756
   2.54283  -2.15613   4.69524    29.76968    31.07174    -1.30206
   2.33544  -2.51534   4.69524    31.49533    32.86268    -1.36735
   2.54283  -2.87455   4.69524    31.91137    32.98227    -1.07091
   2.95761  -2.87455   4.69524    30.62121    31.37978    -0.75857
   3.56846  -2.51534   4.59307    27.90597    28.36783    -0.46186
   3.45884  -2.10622   4.59307    26.81913    27.50029    -0.68116
   3.15934  -1.80672   4.59307    27.18497    28.05861    -0.87364
   2.75022  -1.69709   4.59307    28.76629    29.84762    -1.08133
   2.34110  -1.80672   4.59307    30.88916    32.24040    -1.35124
   2.04160  -2.10622   4.59307    32.79490    34.36582    -1.57092
   1.93198  -2.51534   4.59307    34.04051    35.60295    -1.56244
   2.04160  -2.92446   4.59307    34.63539    35.94602    -1.31063
   2.34110  -3.22396   4.59307    34.72261    35.67036    -0.94775
   2.75022  -3.33358   4.59307    34.10263    34.69334    -0.59071
   3.15934  -3.22396   4.59307    32.44977    32.79458    -0.34481
   3.45884  -2.92446   4.59307    30.07528    30.38215    -0.30687
   3.94961  -2.51534   4.42588    27.71584    27.91403    -0.19819
   3.87727  -2.10512   4.42588    26.37234    26.78879    -0.41645
   3.66900  -1.74439   4.42588    26.09436    26.65909    -0.56473
   3.34991  -1.47664   4.42588    26.88251    27.53015    -0.64765
   2.95849  -1.33417   4.42588    28.54917    29.29197    -0.74280
   2.54195  -1.33417   4.42588    30.75989    31.70138    -0.94149
   2.15053  -1.47664   4.42588    33.09297    34.35281    -1.25984
   1.83143  -1.74439   4.42588    35.13488    36.72301    -1.58813
   1.62316  -2.10512   4.42588    36.61079    38.37039    -1.75960
   1.55083  -2.51534   4.42588    37.46545    39.14689    -1.68143
   1.62316  -2.92555   4.42588    37.83820    39.24124    -1.40304
   1.83143  -3.28629   4.42588    37.98503    39.03823    -1.05320
   2.15053  -3.55404   4.42588    38.05845    38.77775    -0.71930
   2.54195  -3.69650   4.42588    37.85765    38.26404    -0.40639
   2.95849  -3.69650   4.42588    36.94023    37.06139    -0.12116
   3.34991  -3.55404   4.42588    35.08719    35.00905     0.07815
   3.66900  -3.28629   4.42588    32.55959    32.43163     0.12796
   3.87727  -2.92555   4.42588    29.91526    29.89877     0.01649
   4.29803  -2.51534   4.19824    27.91037    27.94061    -0.03024
   4.24064  -2.09774   4.19824    26.40497    26.66119    -0.25621
   4.07270  -1.71112   4.19824    25.82641    26.21328    -0.38687
   3.80669  -1.38414   4.19824    26.20605    26.61179    -0.40574
   3.46231  -1.14106   4.19824    27.47111    27.83319    -0.36208
   3.06513  -0.99990   4.19824    29.46032    29.81099    -0.35068
   2.64459  -0.97113   4.19824    31.94212    32.41936    -0.47724
   2.23189  -1.05689   4.19824    34.63539    35.43133    -0.79594
   1.85762  -1.25082   4.19824    37.21194    38.46902    -1.25708
   1.54956  -1.53853   4.19824    39.35112    41.05734    -1.70622
   1.33054  -1.89869   4.19824    40.86154    42.81990    -1.95837
   1.21682  -2.30458   4.19824    41.71558    43.62360    -1.90802
   1.21682  -2.72610   4.19824    41.98603    43.57414    -1.58811
   1.33054  -3.13199   4.19824    41.86430    43.00472    -1.14043
   1.54956  -3.49215   4.19824    41.67416    42.41132    -0.73716
   1.85762  -3.77986   4.19824    41.69989    42.15243    -0.45254
   2.23189  -3.97378   4.19824    41.88751    42.11684    -0.22932
   3.46231  -3.88962   4.19824    38.83217    38.40743     0.42474
   3.80669  -3.64654   4.19824    36.08556    35.59245     0.49311
   4.07270  -3.31956   4.19824    33.05344    32.63425     0.41918
   4.24064  -2.93293   4.19824    30.20768    29.98433     0.22335
   4.60424  -2.51534   3.91636    28.46007    28.45079     0.00928
   4.55427  -2.08777   3.91636    26.84360    27.06236    -0.21876
   4.40704  -1.68325   3.91636    26.10440    26.43424    -0.32984
   4.17048  -1.32359   3.91636    26.27257    26.57332    -0.30075
   3.85737  -1.02818   3.91636    27.31674    27.47734    -0.16059
   3.48456  -0.81294   3.91636    29.14091    29.12833     0.01258
   3.07217  -0.68948   3.91636    31.59448    31.48611     0.10836
   2.64242  -0.66445   3.91636    34.49482    34.48657     0.00825
   2.21848  -0.73920   3.91636    37.64241    38.00226    -0.35984
   0.90873  -2.30010   3.91636    47.50812    49.72795    -2.21984
   0.90873  -2.73058   3.91636    47.46294    49.11221    -1.64928
   1.00801  -3.14945   3.91636    46.83354    47.75823    -0.92468
   1.20120  -3.53414   3.91636    45.97448    46.28845    -0.31397
   1.47791  -3.86391   3.91636    45.42290    45.41753     0.00537
   4.17048  -3.70708   3.91636    37.30042    36.59949     0.70093
   4.40704  -3.34742   3.91636    33.89179    33.34974     0.54205
   4.55427  -2.94291   3.91636    30.86217    30.57295     0.28922
   4.85988  -2.51534   3.58792    29.37811    29.46739    -0.08928
   4.81669  -2.09067   3.58792    27.73592    28.04078    -0.30486
   4.68891  -1.68338   3.58792    26.90510    27.29835    -0.39325
   4.48175  -1.31016   3.58792    26.90886    27.23719    -0.32832
   4.20370  -0.98627   3.58792    27.73843    27.86439    -0.12596
   3.86615  -0.72499   3.58792    29.34548    29.18803     0.15745
   3.48292  -0.53700   3.58792    31.63275    31.19958     0.43318
   3.06968  -0.43001   3.58792    34.46659    33.87677     0.58982
   2.64337  -0.40839   3.58792    37.71834    37.21493     0.50341
   1.14950  -3.88951   3.58792    49.53685    48.62837     0.90848
   4.48175  -3.72052   3.58792    38.40170    37.70571     0.69599
   4.68891  -3.34729   3.58792    34.83431    34.35754     0.47676
   4.81669  -2.94001   3.58792    31.77583    31.58099     0.19483
   5.05797  -2.51534   3.22188    30.71973    31.03630    -0.31657
   5.01867  -2.09129   3.22188    29.09511    29.60721    -0.51210
   4.90213  -1.68168   3.22188    28.24797    28.81853    -0.57056
   4.71231  -1.30046   3.22188    28.19086    28.65650    -0.46564
   4.45567  -0.96062   3.22188    28.92568    29.13343    -0.20775
   4.14095  -0.67371   3.22188    30.43233    30.28112     0.15121
   3.77887  -0.44953   3.22188    32.65497    32.11975     0.53522
   3.38176  -0.29569   3.22188    35.48754    34.62992     0.85763
   2.96315  -0.21743   3.22188    38.79954    37.78687     1.01267
   4.71231  -3.73021   3.22188    39.82615    39.31686     0.50928
   4.90213  -3.34899   3.22188    36.15835    35.90382     0.25453
   5.01867  -2.93939   3.22188    33.09234    33.13133    -0.03899
   5.19311  -2.51534   2.82823    32.58845    33.23192    -0.64347
   5.15599  -2.09114   2.82823    31.03662    31.85075    -0.81413
   5.04578  -1.67982   2.82823    30.24282    31.08282    -0.84000
   4.86582  -1.29389   2.82823    30.20517    30.89868    -0.69351
   4.62158  -0.94508   2.82823    30.92555    31.31179    -0.38624
   4.32048  -0.64398   2.82823    32.40836    32.38289     0.02546
   3.97166  -0.39973   2.82823    34.63915    34.18105     0.45810
   3.58574  -0.21977   2.82823    37.55331    36.70766     0.84564
   3.17442  -0.10956   2.82823    41.02281    39.87098     1.15183
   4.86582  -3.73678   2.82823    41.64028    41.45655     0.18373
   5.04578  -3.35086   2.82823    37.92918    38.01660    -0.08742
   5.15599  -2.93954   2.82823    34.89329    35.27434    -0.38105
   5.26161  -2.51534   2.41771    35.13928    36.16436    -1.02509
   5.22549  -2.09091   2.41771    33.73679    34.91072    -1.17393
   5.11815  -1.67869   2.41771    33.08167    34.25609    -1.17442
   4.94270  -1.29054   2.41771    33.14317    34.14413    -1.00096
   4.70417  -0.93763   2.41771    33.91312    34.57885    -0.66572
   4.40943  -0.63011   2.41771    35.41224    35.65469    -0.24244
   4.06696  -0.37681   2.41771    37.67818    37.52276     0.15542
   4.94270  -3.74013   2.41771    43.95516    44.17421    -0.21905
   5.11815  -3.35198   2.41771    40.26226    40.75604    -0.49377
   5.22549  -2.93976   2.41771    37.31297    38.09231    -0.77934
   5.26161  -2.51534   2.00151    38.57803    39.98641    -1.40838
   5.22549  -2.09091   2.00151    37.44035    38.99176    -1.55141
   5.11815  -1.67869   2.00151    37.04753    38.60438    -1.55684
   4.94270  -1.29054   2.00151    37.32113    38.71979    -1.39866
   4.70417  -0.93763   2.00151    38.20968    39.30821    -1.09853
   4.94270  -3.74013   2.00151    46.92140    47.54621    -0.62481
   5.11815  -3.35198   2.00151    43.31447    44.21073    -0.89626
   5.22549  -2.93976   2.00151    40.52645    41.69924    -1.17280
   5.19311  -2.51534   1.59099    43.16073    44.89520    -1.73447
   5.15599  -2.09114   1.59099    42.46482    44.37598    -1.91115
   5.04578  -1.67982   1.59099    42.54012    44.52559    -1.98547
   4.86582  -3.73678   1.59099    50.72850    51.67899    -0.95049
   5.04578  -3.35086   1.59099    47.27908    48.49571    -1.21663
   5.15599  -2.93954   1.59099    44.74770    46.23851    -1.49081
   5.05797  -2.51534   1.19734    49.17980    51.12031    -1.94051
   5.01867  -2.09129   1.19734    49.20302    51.41256    -2.20954
   4.71231  -3.73021   1.19734    55.61052    56.71880    -1.10828
   4.90213  -3.34899   1.19734    52.38010    53.75156    -1.37146
   5.01867  -2.93939   1.19734    50.21833    51.87496    -1.65663
   4.48175  -3.72052   0.83130    61.88373    62.88182    -0.99808
   3.62743   0.12971   2.44913    42.23390    42.17331     0.06059
   4.13064  -0.28746   2.28699    39.26264    39.36909    -0.10645
   4.05672   0.13178   2.28699    41.18596    41.30680    -0.12084
   2.29198   0.77409  -2.52444    55.31998    56.34235    -1.02237
   1.96587   0.50045  -2.52444    57.86642    59.22971    -1.36329
   2.48769   0.43510  -2.68658    55.44925    56.17237    -0.72313
   2.18230   0.12971  -2.68658    57.61667    58.57229    -0.95562
   2.48249  -0.28746  -2.78548    57.38449    58.18745    -0.80297
   2.69368  -0.65325  -2.78548    57.95991    58.65798    -0.69807
   4.59522   0.04572   2.11149    39.96545    39.95853     0.00692
   4.38403   0.41150   2.11149    40.88977    40.55795     0.33182
   5.00719   0.04572   2.01258    38.90622    38.83468     0.07153
   4.89541   0.46289   2.01258    38.47826    37.78234     0.69591
   4.59002  -0.67685   2.01258    39.27331    40.12422    -0.85091
   4.89541  -0.37145   2.01258    39.57514    40.10195    -0.52681
   5.39862   0.04572   1.85045    38.14693    38.10978     0.03715
   4.78573  -1.01583   1.85045    40.00624    41.38707    -1.38082
   5.11184  -0.74219   1.85045    40.52519    41.58246    -1.05727
   5.32470  -0.37352   1.85045    39.64668    40.20461    -0.55794
   5.75986   0.04572   1.62908    37.61292    37.65236    -0.03944
   4.96635  -1.32868   1.62908    42.59848    44.45112    -1.85264
   5.29504  -1.07647   1.62908    42.70390    44.21240    -1.50849
   5.54724  -0.74779   1.62908    41.57941    42.65537    -1.07597
   5.70579  -0.36503   1.62908    39.76088    40.33608    -0.57519
   6.08203   0.04572   1.35392    37.32176    37.41559    -0.09383
   5.00121  -1.67440   1.35392    46.76013    48.99323    -2.23310
   5.36320  -1.44695   1.35392    46.27004    48.18290    -1.91286
   5.66551  -1.14464   1.35392    44.76904    46.30100    -1.53196
   5.89296  -0.78265   1.35392    42.64931    43.72710    -1.07779
   6.03416  -0.37912   1.35392    40.11731    40.69862    -0.58131
   6.35719   0.04572   1.03175    37.31611    37.38855    -0.07244
   5.08025  -1.94123   1.03175    52.47548    54.75914    -2.28366
   5.43989  -1.73360   1.03175    50.73226    52.78148    -2.04922
   5.75373  -1.46165   1.03175    48.61944    50.36067    -1.74123
   6.01043  -1.13523   1.03175    46.19348    47.55112    -1.35763
   6.20072  -0.76612   1.03175    43.48453    44.40297    -0.91844
   6.31772  -0.36767   1.03175    40.51703    40.98640    -0.46936
   6.57856   0.04572   0.67050    37.62170    37.56774     0.05397
   6.43348  -0.77708   0.67050    44.71005    45.36551    -0.65545
   6.54201  -0.37203   0.67050    41.29138    41.54795    -0.25657
   6.74070   0.04572   0.27908    38.22788    37.94205     0.28583
   6.70567  -0.37694   0.27908    42.34936    42.27283     0.07653
   6.83960   0.04572  -0.13290    39.07753    38.48605     0.59148
   6.87284   0.04572  -0.55527    40.07087    39.15950     0.91137
   3.74801  -1.81560  -2.46446    65.70966    66.32076    -0.61110
   5.75986   0.04572  -2.73962    44.30154    43.99610     0.30545
   2.79844   0.83923  -2.73962    51.85488    51.83039     0.02449
   2.63990   0.45647  -2.73962    54.60211    55.10799    -0.50588
   3.05065  -1.07647  -2.73962    59.86943    60.39841    -0.52898
   3.37933  -1.32868  -2.73962    61.33466    61.96603    -0.63137
   3.76209  -1.48722  -2.73962    62.00484    62.93764    -0.93280
   4.17284  -1.54130  -2.73962    61.65657    62.82492    -1.16835
   5.39862   0.04572  -2.96099    44.97988    45.02537    -0.04549
   5.32470   0.46496  -2.96099    40.88350    40.82244     0.06106
   3.23385   0.83363  -2.96099    48.75310    48.37328     0.37981
   3.02099   0.46496  -2.96099    52.28535    52.43003    -0.14468
   2.94707   0.04572  -2.96099    54.78534    55.34325    -0.55790
   3.02099  -0.37352  -2.96099    56.45577    57.20952    -0.75375
   3.23385  -0.74219  -2.96099    57.73150    58.55185    -0.82034
   3.55996  -1.01583  -2.96099    58.60562    59.55596    -0.95034
   3.95999  -1.16143  -2.96099    58.65018    59.79569    -1.14551
   4.38570  -1.16143  -2.96099    57.66185    58.87524    -1.21339
   5.32470  -0.37352  -2.96099    49.13086    49.45257    -0.32171
   5.00719   0.04572  -3.12312    45.93746    46.24195    -0.30449
   4.89541   0.46289  -3.12312    42.42152    42.49856    -0.07704
   3.75567   0.76828  -3.12312    45.65696    45.33950     0.31746
   3.45028   0.46289  -3.12312    49.66863    49.70395    -0.03531
   3.33850   0.04572  -3.12312    52.84383    53.30206    -0.45823
   3.45028  -0.37145  -3.12312    54.81044    55.56619    -0.75575
   3.75567  -0.67685  -3.12312    55.63374    56.59682    -0.96308
   4.17284  -0.78863  -3.12312    55.11290    56.19960    -1.08669
   4.59002  -0.67685  -3.12312    53.12997    54.10699    -0.97702
   4.89541  -0.37145  -3.12312    49.87822    50.52898    -0.65076
   4.59522   0.04572  -3.22203    47.23703    47.68359    -0.44656
   4.38403   0.41150  -3.22203    45.04765    45.20218    -0.15453
   3.96166   0.41150  -3.22203    47.13349    47.25581    -0.12232
   3.75047   0.04572  -3.22203    50.79627    51.26045    -0.46419
   3.96166  -0.32007  -3.22203    52.39579    53.17545    -0.77966
   4.38403  -0.32007  -3.22203    50.87031    51.64642    -0.77610
   4.17284   0.04572  -3.25527    48.87922    49.36361    -0.48438
   4.83542   1.29751   2.12202    36.89505    36.21034     0.68471
   4.62423   0.93173   2.12202    38.57238    37.90377     0.66861
   5.24739   1.29751   2.02311    35.00373    34.03071     0.97302
   5.13561   1.71469   2.02311    35.44613    34.62599     0.82014
   4.83022   0.57495   2.02311    38.49896    37.68138     0.81759
   5.13561   0.88034   2.02311    36.18722    35.24132     0.94590
   5.63882   1.29751   1.86098    33.34083    32.40838     0.93245
   5.56490   1.71675   1.86098    33.58682    32.62027     0.96654
   5.35204   2.08543   1.86098    35.07841    34.16667     0.91174
   5.35204   0.50960   1.86098    36.47524    35.76222     0.71302
   5.56490   0.87828   1.86098    34.40384    33.54799     0.85584
   6.00006   1.29751   1.63961    31.91890    31.22837     0.69052
   5.94599   1.70827   1.63961    31.99545    31.23996     0.75550
   5.78744   2.09103   1.63961    33.26867    32.41025     0.85842
   5.53524   2.41971   1.63961    35.51265    34.56921     0.94344
   5.20655   2.67191   1.63961    38.18772    37.33159     0.85613
   5.78744   0.50400   1.63961    35.03637    34.53809     0.49827
   5.94599   0.88676   1.63961    33.00198    32.37274     0.62924
   6.32223   1.29751   1.36445    30.74106    30.39570     0.34536
   6.27437   1.72235   1.36445    30.68082    30.31480     0.36602
   6.13316   2.12588   1.36445    31.94588    31.46044     0.48544
   5.90571   2.48787   1.36445    34.46721    33.77086     0.69635
   5.60340   2.79018   1.36445    37.82941    36.93407     0.89534
   6.13316   0.46915   1.36445    34.34548    34.06324     0.28223
   6.27437   0.87268   1.36445    32.02746    31.67231     0.35515
   6.59739   1.29751   1.04228    29.80733    29.83668    -0.02935
   6.55792   1.71090   1.04228    29.55507    29.65843    -0.10336
   6.44092   2.10935   1.04228    30.61493    30.66523    -0.05029
   6.25063   2.47846   1.04228    33.07540    32.92386     0.15154
   5.99393   2.80489   1.04228    36.89317    36.44232     0.45085
   6.44092   0.48568   1.04228    33.70291    33.55252     0.15039
   6.55792   0.88412   1.04228    31.24119    31.14646     0.09473
   6.81876   1.29751   0.68103    29.11330    29.49593    -0.38263
   6.78221   1.71526   0.68103    28.66714    29.24298    -0.57584
   6.67368   2.12032   0.68103    29.62347    30.23332    -0.60985
   6.49646   2.50037   0.68103    32.17680    32.62510    -0.44829
   6.25593   2.84388   0.68103    36.55870    36.67788    -0.11918
   6.67368   0.47471   0.68103    33.60941    33.51275     0.09666
   6.78221   0.87977   0.68103    30.80507    30.92121    -0.11614
   6.98090   1.29751   0.28961    28.65020    29.33265    -0.68245
   6.94587   1.72017   0.28961    27.99257    28.99737    -1.00480
   6.84176   2.13130   0.28961    28.82653    29.96299    -1.13646
   6.67140   2.51968   0.28961    31.41815    32.44926    -1.03111
   6.43944   2.87472   0.28961    36.20918    36.90531    -0.69613
   6.84176   0.46373   0.28961    33.82904    33.69504     0.13400
   6.94587   0.87486   0.28961    30.63188    30.89086    -0.25899
   7.07980   1.29751  -0.12237    28.40861    29.31747    -0.90886
   7.04697   1.71469  -0.12237    27.53323    28.88143    -1.34819
   6.94928   2.12159  -0.12237    28.14757    29.72464    -1.57707
   6.78914   2.50820  -0.12237    30.52269    32.06982    -1.54713
   6.57050   2.86500  -0.12237    35.15873    36.40514    -1.24641
   6.94928   0.47344  -0.12237    34.09949    33.87807     0.22142
   7.04697   0.88034  -0.12237    30.62058    30.96652    -0.34594
   7.11304   1.29751  -0.54474    28.37472    29.43015    -1.05543
   7.08140   1.70967  -0.54474    27.29478    28.88444    -1.58966
   6.98721   2.11216  -0.54474    27.68886    29.58767    -1.89882
   6.83269   2.49556  -0.54474    29.80482    31.73690    -1.93208
   6.62145   2.85088  -0.54474    34.10389    35.77461    -1.67072
   6.98721   0.48287  -0.54474    34.54126    34.20312     0.33814
   7.08140   0.88536  -0.54474    30.80256    31.17860    -0.37604
   7.07980   1.29751  -0.96711    28.53537    29.65828    -1.12291
   7.04697   1.71469  -0.96711    27.26090    28.99542    -1.73452
   6.94928   2.12159  -0.96711    27.51002    29.60570    -2.09568
   6.78914   2.50820  -0.96711    29.50424    31.65921    -2.15497
   6.57050   2.86500  -0.96711    33.65020    35.54295    -1.89275
   6.94928   0.47344  -0.96711    35.32125    34.83064     0.49061
   7.04697   0.88034  -0.96711    31.22550    31.56966    -0.34416
   6.98090   1.29751  -1.37909    28.87673    29.99665    -1.11991
   6.94587   1.72017  -1.37909    27.43597    29.20905    -1.77308
   6.84176   2.13130  -1.37909    27.55833    29.71238    -2.15405
   6.67140   2.51968  -1.37909    29.41765    31.62746    -2.20981
   6.43944   2.87472  -1.37909    33.29816    35.22615    -1.92798
   6.84176   0.46373  -1.37909    36.19161    35.57748     0.61413
   6.94587   0.87486  -1.37909    31.79340    32.07825    -0.28485
   6.81876   1.29751  -1.77051    29.39066    30.44721    -1.05655
   6.78221   1.71526  -1.77051    27.84385    29.53938    -1.69553
   6.67368   2.12032  -1.77051    27.80871    29.86978    -2.06107
   6.49646   2.50037  -1.77051    29.38062    31.48069    -2.10007
   6.25593   2.84388  -1.77051    32.65434    34.46410    -1.80976
   6.67368   0.47471  -1.77051    36.82853    36.20159     0.62695
   6.78221   0.87977  -1.77051    32.38765    32.62704    -0.23939
   6.59739   1.29751  -2.13176    30.07402    31.01930    -0.94528
   6.55792   1.71090  -2.13176    28.47262    30.00026    -1.52764
   6.44092   2.10935  -2.13176    28.33519    30.17288    -1.83769
   6.25063   2.47846  -2.13176    29.67053    31.49529    -1.82476
   5.99393   2.80489  -2.13176    32.38263    33.87941    -1.49678
   5.68009   3.07683  -2.13176    36.11254    37.04202    -0.92947
   6.44092   0.48568  -2.13176    37.48240    36.92137     0.56103
   6.55792   0.88412  -2.13176    33.09360    33.29168    -0.19808
   6.32223   1.29751  -2.45393    30.93496    31.72966    -0.79469
   6.27437   1.72235  -2.45393    29.30030    30.59518    -1.29488
   6.13316   2.12588  -2.45393    29.20178    30.70514    -1.50336
   5.90571   2.48787  -2.45393    30.53649    31.90494    -1.36845
   5.60340   2.79018  -2.45393    32.95617    33.88540    -0.92923
   5.24141   3.01763  -2.45393    35.75675    36.06583    -0.30909
   4.83788   3.15884  -2.45393    38.00762    37.68542     0.32220
   4.41304   3.20670  -2.45393    39.21934    38.42545     0.79389
   6.13316   0.46915  -2.45393    38.54979    38.08751     0.46228
   6.27437   0.87268  -2.45393    34.06561    34.20526    -0.13966
   6.00006   1.29751  -2.72908    31.99043    32.60212    -0.61168
   5.94599   1.70827  -2.72908    30.43233    31.40590    -0.97357
   5.78744   2.09103  -2.72908    30.32942    31.39127    -1.06185
   5.53524   2.41971  -2.72908    31.47776    32.31265    -0.83489
   5.20655   2.67191  -2.72908    33.39355    33.75786    -0.36432
   4.82380   2.83046  -2.72908    35.43170    35.23567     0.19603
   4.41304   2.88454  -2.72908    37.16927    36.51524     0.65404
   4.00229   2.83046  -2.72908    38.72800    37.89435     0.83365
   3.61953   2.67191  -2.72908    40.44236    39.79712     0.64524
   3.29085   2.41971  -2.72908    42.39015    42.18416     0.20599
   2.82602   1.29751  -2.72908    49.16098    49.11387     0.04710
   5.78744   0.50400  -2.72908    39.08757    38.83545     0.25212
   5.94599   0.88676  -2.72908    34.96295    35.08871    -0.12577
   5.63882   1.29751  -2.95046    33.26679    33.66672    -0.39993
   5.56490   1.71675  -2.95046    31.80783    32.42016    -0.61233
   5.35204   2.08543  -2.95046    31.96157    32.48909    -0.52752
   5.02593   2.35907  -2.95046    33.31385    33.46658    -0.15272
   4.62590   2.50467  -2.95046    35.21081    34.87846     0.33235
   4.20019   2.50467  -2.95046    37.23202    36.54956     0.68246
   3.80016   2.35907  -2.95046    39.37308    38.62843     0.74465
   3.47405   2.08543  -2.95046    41.69926    41.09665     0.60261
   3.26119   1.71675  -2.95046    44.14404    43.64108     0.50296
   3.18727   1.29751  -2.95046    46.46582    45.94222     0.52360
   5.35204   0.50960  -2.95046    40.32125    40.24807     0.07318
   5.56490   0.87828  -2.95046    36.28574    36.36088    -0.07514
   5.24739   1.29751  -3.11259    34.79477    34.95805    -0.16328
   5.13561   1.71469  -3.11259    33.57929    33.78077    -0.20149
   4.83022   2.02008  -3.11259    34.29402    34.22767     0.06635
   4.41304   2.13186  -3.11259    36.20479    35.74098     0.46381
   3.99587   2.02008  -3.11259    38.64957    37.95737     0.69220
   3.69048   1.71469  -3.11259    41.29515    40.58612     0.70903
   3.57870   1.29751  -3.11259    43.71670    43.07506     0.64164
   3.69048   0.88034  -3.11259    45.30870    44.87771     0.43099
   5.13561   0.88034  -3.11259    37.85577    37.86094    -0.00517
   4.83542   1.29751  -3.21150    36.60137    36.51282     0.08856
   4.62423   1.66330  -3.21150    36.13576    35.88952     0.24624
   4.20186   1.66330  -3.21150    38.38727    37.84987     0.53739
   3.99067   1.29751  -3.21150    41.09246    40.54830     0.54416
   4.20186   0.93173  -3.21150    41.90195    41.60497     0.29698
   4.62423   0.93173  -3.21150    39.72449    39.58222     0.14227
   4.41304   1.29751  -3.24474    38.70353    38.36644     0.33709
   3.24447   1.86454   2.62118    42.65057    43.85482    -1.20426
   3.66684   1.86454   2.58794    41.02532    42.67619    -1.65087
   3.45566   1.49876   2.58794    42.12973    43.51774    -1.38801
   4.07881   1.86454   2.48903    39.63601    41.06792    -1.43191
   3.96703   2.28172   2.48903    40.27419    41.94349    -1.66931
   3.96703   1.44737   2.48903    40.21457    41.43408    -1.21951
   4.47024   1.86454   2.32690    38.35213    39.08295    -0.73082
   4.39632   2.28378   2.32690    39.08568    40.20595    -1.12026
   4.18347   1.07663   2.32690    40.08593    40.50628    -0.42034
   4.39632   1.44530   2.32690    38.66839    39.12768    -0.45929
   4.83149   1.86454   2.10553    36.96533    36.73259     0.23274
   4.77741   2.27529   2.10553    37.94236    38.14377    -0.20141
   4.36666   0.74235   2.10553    40.51327    40.05157     0.46170
   4.96459   2.69291   1.83037    38.85162    38.60699     0.24463
   1.38315   2.28938  -1.98801    54.60650    57.12327    -2.51676
   1.71152   2.27529  -2.26316    52.57777    55.46140    -2.88364
   1.65745   1.86454  -2.26316    54.38876    57.43776    -3.04900
   3.45732   3.07170  -2.48454    41.69110    41.49585     0.19525
   2.30547   2.65246  -2.48454    47.95302    50.19230    -2.23928
   2.09262   2.28378  -2.48454    50.17378    52.71962    -2.54584
   2.01869   1.86454  -2.48454    52.10274    54.63799    -2.53525
   2.09262   1.44530  -2.48454    53.43996    55.51824    -2.07828
   3.24447   2.69889  -2.64667    42.61794    42.72528    -0.10735
   2.82729   2.58711  -2.64667    45.09534    46.20336    -1.10802
   2.52190   2.28172  -2.64667    47.52882    49.20209    -1.67326
   2.41012   1.86454  -2.64667    49.56007    51.19236    -1.63229
   2.52190   1.44737  -2.64667    50.59295    51.51303    -0.92007
   3.03328   2.23033  -2.74558    44.33857    44.64162    -0.30306
   2.82210   1.86454  -2.74558    46.73942    47.26084    -0.52142
   1.65353   3.43308   3.34075    37.51691    36.98727     0.52964
   2.07590   3.43308   3.30751    36.57753    35.94380     0.63373
   1.86471   3.79887   3.30751    35.14430    34.70307     0.44122
   1.44234   3.79887   3.30751    36.19789    35.86903     0.32886
   1.86471   3.06730   3.30751    38.95202    38.23686     0.71517
   2.48787   3.43308   3.20861    36.42818    35.75821     0.66998
   2.37609   3.85026   3.20861    34.74583    34.17840     0.56743
   2.07070   4.15565   3.20861    33.57364    33.22954     0.34410
   1.65353   4.26743   3.20861    33.43371    33.30841     0.12530
   1.23636   4.15565   3.20861    35.00562    34.90309     0.10252
   0.93096   3.85026   3.20861    38.27055    38.05577     0.21478
   2.37609   3.01591   3.20861    38.39103    37.63133     0.75970
   2.87930   3.43308   3.04647    36.98290    36.37284     0.61006
   2.80538   3.85232   3.04647    35.48566    34.81615     0.66951
   2.59253   4.22100   3.04647    34.13024    33.56064     0.56960
   2.26641   4.49464   3.04647    32.93044    32.63583     0.29461
   1.86638   4.64024   3.04647    32.13790    32.16603    -0.02813
   1.44067   4.64024   3.04647    32.31046    32.52497    -0.21450
   1.04064   4.49464   3.04647    33.94826    34.10566    -0.15740
   0.71453   4.22100   3.04647    37.12597    37.05551     0.07046
   2.59253   2.64517   3.04647    40.31247    39.60030     0.71217
   2.80538   3.01384   3.04647    38.59434    38.03716     0.55719
   3.18647   3.84383   2.82510    36.82414    36.13827     0.68587
   3.02793   4.22659   2.82510    35.70153    34.92365     0.77788
   2.77572   4.55528   2.82510    34.62284    33.97133     0.65151
   2.44704   4.80748   2.82510    33.38225    33.05380     0.32845
   2.06428   4.96603   2.82510    32.10652    32.19204    -0.08551
   1.65353   5.02010   2.82510    31.29139    31.72296    -0.43157
   1.24278   4.96603   2.82510    31.48466    32.05600    -0.57134
   0.86002   4.80748   2.82510    33.03712    33.48659    -0.44947
   0.53134   4.55528   2.82510    36.02909    36.15165    -0.12257
   0.27913   4.22659   2.82510    40.26979    40.02019     0.24961
   2.77572   2.31089   2.82510    42.28222    41.87260     0.40962
   3.02793   2.63957   2.82510    40.79314    40.74083     0.05231
   2.84389   4.92575   2.54994    36.15521    35.44470     0.71051
   2.48189   5.15320   2.54994    34.61907    34.32671     0.29236
   2.07836   5.29440   2.54994    32.72211    32.95151    -0.22940
   1.65353   5.34227   2.54994    31.20981    31.89013    -0.68032
   1.22869   5.29440   2.54994    30.72475    31.63722    -0.91248
   0.82516   5.15320   2.54994    31.64279    32.49098    -0.84818
   0.46317   4.92575   2.54994    34.09824    34.60205    -0.50381
   0.16086   4.62344   2.54994    38.05406    38.03190     0.02216
   2.56094   5.42003   2.22777    37.73152    37.33058     0.40094
   2.16851   5.55586   2.22777    34.93722    35.11174    -0.17452
   1.75746   5.61495   2.22777    32.39581    33.12969    -0.73389
   1.34266   5.59520   2.22777    30.81134    31.93396    -1.12262
   0.93910   5.49729   2.22777    30.54465    31.78723    -1.24257
   0.56135   5.32478   2.22777    31.73316    32.79798    -1.06482
   0.22309   5.08390   2.22777    34.39568    35.01785    -0.62217
  -0.06348   4.78336   2.22777    38.49206    38.48732     0.00474
   2.07128   5.80225   1.86653    36.96470    37.24723    -0.28253
   1.65353   5.83880   1.86653    33.34209    34.25343    -0.91134
   1.23578   5.80225   1.86653    31.12698    32.47096    -1.34398
   0.83072   5.69372   1.86653    30.47814    31.96864    -1.49050
   0.45067   5.51650   1.86653    31.40183    32.72755    -1.32572
   0.10716   5.27597   1.86653    33.85225    34.73160    -0.87935
  -0.18936   4.97945   1.86653    37.77544    37.99803    -0.22259
   1.86558   5.99217   1.47510    37.86204    38.34896    -0.48692
   1.44148   5.99217   1.47510    33.55419    34.69273    -1.13855
   1.02316   5.92236   1.47510    31.23115    32.76917    -1.53803
   0.62203   5.78465   1.47510    30.72851    32.35341    -1.62490
   0.24905   5.58280   1.47510    31.89505    33.29301    -1.39795
  -0.08563   5.32231   1.47510    34.61531    35.51621    -0.90090
  -0.37287   5.01029   1.47510    38.81021    39.02356    -0.21335
   1.65353   6.09984   1.06313    37.91663    38.55007    -0.63344
   1.23636   6.06701   1.06313    33.57301    34.82795    -1.25493
   0.82945   5.96932   1.06313    31.47399    33.07218    -1.59818
   0.44285   5.80918   1.06313    31.24244    32.87530    -1.63286
   0.08605   5.59054   1.06313    32.64430    34.01945    -1.37515
  -0.23216   5.31877   1.06313    35.52331    36.40794    -0.88463
  -0.50393   5.00056   1.06313    39.78034    40.02976    -0.24942
   1.34388   6.11527   0.64075    36.06925    36.93082    -0.86157
   0.93808   6.03657   0.64075    32.88526    34.23520    -1.34994
   0.54904   5.89684   0.64075    31.79340    33.34118    -1.54779
   0.18590   5.69937   0.64075    32.42279    33.88191    -1.45913
  -0.14285   5.44878   0.64075    34.55130    35.67869    -1.12739
  -0.42949   5.15094   0.64075    38.02519    38.66317    -0.63797
  -0.66731   4.81283   0.64075    42.74155    42.84264    -0.10109
   1.23636   6.06701   0.21838    36.17153    36.85941    -0.68788
   0.82945   5.96932   0.21838    33.37786    34.53125    -1.15340
   0.44285   5.80918   0.21838    32.66438    33.99682    -1.33244
   0.08605   5.59054   0.21838    33.65961    34.89712    -1.23751
  -0.23216   5.31877   0.21838    36.13262    37.06358    -0.93096
  -0.50393   5.00056   0.21838    39.91713    40.43498    -0.51784
  -0.72257   4.64377   0.21838    44.88136    45.01928    -0.13792
   1.44148   5.99217  -0.19359    39.08631    39.08340     0.00291
   1.02316   5.92236  -0.19359    35.28674    35.88484    -0.59810
   0.62203   5.78465  -0.19359    33.79703    34.74479    -0.94776
   0.24905   5.58280  -0.19359    34.16726    35.18911    -1.02184
  -0.08563   5.32231  -0.19359    36.12572    36.98900    -0.86328
  -0.37287   5.01029  -0.19359    39.47725    40.04456    -0.56731
  -0.60483   4.65525  -0.19359    44.05493    44.32905    -0.27412
   1.23578   5.80225  -0.58502    37.26340    37.21364     0.04976
   0.83072   5.69372  -0.58502    35.27419    35.69109    -0.41690
   0.45067   5.51650  -0.58502    35.10916    35.75457    -0.64542
   0.10716   5.27597  -0.58502    36.54678    37.18648    -0.63969
  -0.18936   4.97945  -0.58502    39.40446    39.87548    -0.47102
  -0.42989   4.63594  -0.58502    43.51151    43.76726    -0.25575
  -0.60711   4.25589  -0.58502    48.67089    48.81351    -0.14262
   1.34266   5.59520  -0.94627    38.08669    37.58686     0.49983
   0.93910   5.49729  -0.94627    36.52796    36.49136     0.03660
   0.56135   5.32478  -0.94627    36.53862    36.77571    -0.23709
   0.22309   5.08390  -0.94627    38.05782    38.35921    -0.30138
  -0.06348   4.78336  -0.94627    40.95817    41.17202    -0.21385
  -0.28800   4.43401  -0.94627    45.06020    45.14146    -0.08126
  -0.44234   4.04848  -0.94627    50.10036    50.13061    -0.03025
   1.22869   5.29440  -1.26843    38.05155    37.47011     0.58144
   0.82516   5.15320  -1.26843    37.85514    37.63664     0.21850
   0.46317   4.92575  -1.26843    39.13149    39.09318     0.03832
   0.16086   4.62344  -1.26843    41.87685    41.85193     0.02491
  -0.06659   4.26145  -1.26843    45.89353    45.80948     0.08405
  -0.20779   3.85792  -1.26843    50.78685    50.69379     0.09306
   1.24278   4.96603  -1.54359    39.16914    38.47785     0.69129
   0.86002   4.80748  -1.54359    39.81360    39.40394     0.40965
   0.53134   4.55528  -1.54359    41.76201    41.50262     0.25940
   0.27913   4.22659  -1.54359    44.98867    44.77225     0.21642
   0.12058   3.84383  -1.54359    49.13148    48.94482     0.18666
   0.06651   3.43308  -1.54359    53.50083    53.43412     0.06672
   1.44067   4.64024  -1.76496    40.64065    39.89475     0.74590
   1.04064   4.49464  -1.76496    41.64341    41.12362     0.51979
   0.71453   4.22100  -1.76496    43.95579    43.60804     0.34774
   0.50168   3.85232  -1.76496    47.48051    47.25010     0.23041
   0.42775   3.43308  -1.76496    51.43821    51.38257     0.05564
   0.50168   3.01384  -1.76496    54.64604    54.92714    -0.28110
   1.23636   4.15565  -1.92710    43.60250    43.19522     0.40728
   0.93096   3.85026  -1.92710    46.26941    46.06034     0.20907
   0.81918   3.43308  -1.92710    49.79664    49.86340    -0.06675
   0.93096   3.01591  -1.92710    52.53823    53.09694    -0.55871
   1.23636   2.71052  -1.92710    53.34835    54.75534    -1.40699
   1.23116   3.43308  -2.02600    48.57363    48.90783    -0.33420
   3.29965   3.19602   2.83748    38.87296    38.73082     0.14214
   3.71162   3.19602   2.73858    39.14404    39.47919    -0.33514
   3.59984   3.61319   2.73858    38.25361    38.10503     0.14857
   3.29445   3.91858   2.73858    37.15421    36.46265     0.69156
   3.29445   2.47346   2.73858    41.20039    41.88985    -0.68946
   3.59984   2.77885   2.73858    40.06585    40.78110    -0.71525
   4.10305   3.19602   2.57644    39.13714    39.79583    -0.65869
   4.02913   3.61526   2.57644    38.53285    38.88641    -0.35356
   3.81627   2.40811   2.57644    40.50950    41.99659    -1.48709
   4.02913   2.77678   2.57644    39.74520    40.78916    -1.04397
   4.46430   3.19602   2.35507    39.04615    39.81263    -0.76647
   4.41022   2.78527   2.35507    39.38814    40.34184    -0.95369
   4.73860   2.77118   2.07991    39.14091    39.61314    -0.47224
   1.75508   4.31821  -2.01362    42.24519    41.92221     0.32298
   1.50288   3.98953  -2.01362    44.36994    44.17214     0.19780
   1.34433   2.78527  -2.01362    52.43469    53.98310    -1.54841
   1.93828   3.98393  -2.23499    43.82213    44.13114    -0.30902
   1.72543   3.61526  -2.23499    46.41751    47.02275    -0.60525
   1.65150   3.19602  -2.23499    48.96268    50.21892    -1.25624
   1.72543   2.77678  -2.23499    50.68520    52.88337    -2.19817
   2.15471   3.61319  -2.39713    45.09597    46.03518    -0.93921
   2.04293   3.19602  -2.39713    47.44286    48.97031    -1.52745
   2.15471   2.77885  -2.39713    48.48452    50.81532    -2.33080
   2.66609   3.56181  -2.49603    43.35651    44.41407    -1.05755
   2.45490   3.19602  -2.49603    45.66010    47.12616    -1.46606
   2.87728   3.19602  -2.52928    43.82338    44.86348    -1.04010
   3.69715   4.22147   2.64822    37.66500    37.45207     0.21293
   4.11953   4.22147   2.61498    37.69889    38.04104    -0.34215
   3.90834   4.58726   2.61498    38.02268    38.15694    -0.13426
   3.48597   4.58726   2.61498    37.72085    37.28812     0.43273
   3.90834   3.85569   2.61498    38.10928    38.22868    -0.11940
   4.53150   4.22147   2.51607    37.67128    38.37701    -0.70574
   4.41972   4.63865   2.51607    38.17580    38.81910    -0.64331
   4.11433   4.94404   2.51607    39.03862    39.45207    -0.41345
   3.69715   5.05582   2.51607    39.45089    39.46535    -0.01445
   3.27998   4.94404   2.51607    38.45441    37.93241     0.52199
   4.41972   3.80430   2.51607    37.88526    38.51534    -0.63008
   4.92293   4.22147   2.35394    37.92165    38.80385    -0.88220
   4.84900   4.64071   2.35394    38.45755    39.32282    -0.86528
   4.63615   5.00939   2.35394    39.40571    40.15695    -0.75123
   4.31004   5.28302   2.35394    40.60049    41.16972    -0.56923
   3.91001   5.42863   2.35394    41.58819    41.89219    -0.30400
   3.48430   5.42863   2.35394    41.61580    41.54817     0.06763
   3.08427   5.28302   2.35394    39.97675    39.47244     0.50431
   4.63615   3.43356   2.35394    38.38601    39.10460    -0.71859
   4.84900   3.80223   2.35394    37.86204    38.65883    -0.79679
   5.28417   4.22147   2.13257    38.64643    39.55768    -0.91125
   5.23010   4.63223   2.13257    39.18107    40.09026    -0.90919
   5.07155   5.01498   2.13257    39.99244    40.81379    -0.82135
   4.81935   5.34367   2.13257    41.13325    41.83600    -0.70275
   4.49066   5.59587   2.13257    42.54891    43.12413    -0.57522
   4.81935   3.09928   2.13257    38.88488    39.42180    -0.53692
   5.07155   3.42796   2.13257    38.37283    38.97579    -0.60295
   5.23010   3.81072   2.13257    38.35275    39.14512    -0.79236
   5.60634   4.22147   1.85741    39.94914    40.79259    -0.84346
   5.55847   4.64631   1.85741    40.49946    41.33385    -0.83439
   5.41727   5.04984   1.85741    41.18721    41.91245    -0.72524
   5.18982   5.41183   1.85741    42.17052    42.76397    -0.59344
   4.88751   5.71414   1.85741    43.55041    44.03988    -0.48946
   5.18982   3.03111   1.85741    38.78197    38.79969    -0.01772
   5.41727   3.39311   1.85741    38.96269    39.33975    -0.37706
   5.55847   3.79664   1.85741    39.42517    40.11659    -0.69143
   5.88150   4.22147   1.53524    41.85928    42.58514    -0.72586
   5.84202   4.63486   1.53524    42.36442    43.06129    -0.69687
   5.72503   5.03331   1.53524    42.82125    43.38321    -0.56196
   5.53474   5.40242   1.53524    43.44688    43.84340    -0.39652
   5.27804   5.72884   1.53524    44.42516    44.69170    -0.26654
   4.96420   6.00079   1.53524    45.85526    46.05467    -0.19941
   5.53474   3.04053   1.53524    39.10514    38.75923     0.34591
   5.72503   3.40963   1.53524    40.16751    40.39060    -0.22309
   5.84202   3.80808   1.53524    41.13952    41.72013    -0.58060
   5.95779   5.04428   1.17400    44.98114    45.33047    -0.34933
   5.78057   5.42433   1.17400    45.24594    45.38479    -0.13885
   5.54004   5.76784   1.17400    45.82514    45.79088     0.03425
   5.24352   6.06436   1.17400    46.88939    46.76411     0.12528
   5.78057   3.01861   1.17400    39.67366    39.15618     0.51748
   5.95551   5.44364   0.78257    47.27531    47.15223     0.12308
   5.72355   5.79868   0.78257    47.39014    47.05247     0.33767
   5.43631   6.11070   0.78257    48.00385    47.54360     0.46025
   5.10164   6.37119   0.78257    49.22247    48.74897     0.47350
   5.85461   5.78896   0.37059    48.89993    48.32011     0.57983
   5.58284   6.10716   0.37059    48.96394    48.22853     0.73541
   5.26464   6.37893   0.37059    49.63161    48.85866     0.77295
   5.64256   6.09374  -0.05178    49.69812    48.78107     0.91706
   5.33396   6.36876  -0.05178    49.85249    48.88311     0.96938
   4.98700   6.59346  -0.05178    50.61680    49.71843     0.89837
   5.58284   6.10716  -0.47415    49.87446    48.88021     0.99425
   5.26464   6.37893  -0.47415    49.68181    48.65380     1.02801
   4.90784   6.59757  -0.47415    50.08467    49.15496     0.92971
   5.43631   6.11070  -0.88612    49.29526    48.36051     0.93476
   5.10164   6.37119  -0.88612    48.86103    47.93212     0.92891
   4.72865   6.57304  -0.88612    48.96896    48.17962     0.78934
   5.24352   6.06436  -1.27755    48.06221    47.33225     0.72996
   4.90001   6.30489  -1.27755    47.43470    46.74980     0.68489
   4.51996   6.48211  -1.27755    47.24645    46.72947     0.51697
   4.11490   6.59064  -1.27755    47.31735    47.04339     0.27396
   1.85427   5.76784  -1.27755    41.52293    41.06306     0.45988
   1.61374   5.42433  -1.27755    39.51553    38.68379     0.83174
   5.27804   5.72884  -1.63880    47.33116    46.95168     0.37947
   4.96420   6.00079  -1.63880    46.20917    45.80520     0.40398
   4.60456   6.20842  -1.63880    45.49444    45.18824     0.30620
   4.21213   6.34425  -1.63880    45.09158    44.98077     0.11081
   3.80109   6.40334  -1.63880    44.81610    44.93554    -0.11944
   3.38629   6.38359  -1.63880    44.45403    44.76177    -0.30774
   2.98272   6.28568  -1.63880    43.83907    44.22626    -0.38719
   2.60498   6.11317  -1.63880    42.92353    43.24247    -0.31893
   2.26671   5.87229  -1.63880    41.80594    41.90611    -0.10017
   1.98014   5.57175  -1.63880    40.69838    40.46687     0.23151
   1.75563   5.22240  -1.63880    39.88325    39.27488     0.60837
   5.18982   5.41183  -1.96097    46.15207    46.16388    -0.01181
   4.88751   5.71414  -1.96097    44.81296    44.78267     0.03029
   4.52552   5.94159  -1.96097    43.79389    43.83408    -0.04019
   4.12199   6.08279  -1.96097    43.07602    43.28544    -0.20943
   3.69715   6.13066  -1.96097    42.51816    42.92798    -0.40982
   3.27232   6.08279  -1.96097    41.95466    42.50907    -0.55441
   2.86879   5.94159  -1.96097    41.30017    41.87111    -0.57094
   2.50679   5.71414  -1.96097    40.61681    41.04679    -0.42998
   2.20449   5.41183  -1.96097    40.10852    40.27009    -0.16156
   1.97703   5.04984  -1.96097    40.06962    39.91688     0.15274
   1.83583   4.64631  -1.96097    40.80694    40.41957     0.38738
   5.07155   5.01498  -2.23612    44.84748    45.22076    -0.37328
   4.81935   5.34367  -2.23612    43.61003    43.95068    -0.34065
   4.49066   5.59587  -2.23612    42.45855    42.83763    -0.37908
   4.10790   5.75442  -2.23612    41.53987    42.04017    -0.50030
   3.69715   5.80849  -2.23612    40.82389    41.48113    -0.65725
   3.28640   5.75442  -2.23612    40.23403    41.00040    -0.76637
   2.90364   5.59587  -2.23612    39.75775    40.51837    -0.76062
   2.57496   5.34367  -2.23612    39.50863    40.13571    -0.62708
   2.32275   5.01498  -2.23612    39.70315    40.12365    -0.42050
   2.16421   4.63223  -2.23612    40.55719    40.81540    -0.25821
   2.11013   4.22147  -2.23612    42.12597    42.42276    -0.29679
   4.84900   4.64071  -2.45750    43.08104    43.67427    -0.59323
   4.63615   5.00939  -2.45750    42.16048    42.79203    -0.63155
   4.31004   5.28302  -2.45750    41.04477    41.73827    -0.69350
   3.91001   5.42863  -2.45750    40.08531    40.89564    -0.81033
   3.48430   5.42863  -2.45750    39.38940    40.31212    -0.92272
   3.08427   5.28302  -2.45750    39.00725    39.95363    -0.94638
   2.75816   5.00939  -2.45750    39.08380    39.94025    -0.85645
   2.54530   4.64071  -2.45750    39.80732    40.54346    -0.73614
   2.47138   4.22147  -2.45750    41.17341    41.90869    -0.73528
   2.54530   3.80223  -2.45750    42.71583    43.65182    -0.93599
   4.63615   3.43356  -2.45750    40.31686    40.02771     0.28915
   4.53150   4.22147  -2.61963    41.26251    41.85306    -0.59055
   4.41972   4.63865  -2.61963    40.92680    41.70262    -0.77582
   4.11433   4.94404  -2.61963    39.99746    40.89233    -0.89488
   3.69715   5.05582  -2.61963    39.14781    40.15581    -1.00800
   3.27998   4.94404  -2.61963    38.78197    39.83623    -1.05426
   2.97459   4.63865  -2.61963    39.14467    40.14371    -0.99904
   2.86281   4.22147  -2.61963    40.21457    41.15223    -0.93765
   2.97459   3.80430  -2.61963    41.29577    42.18243    -0.88666
   3.27998   3.49891  -2.61963    41.41688    41.96798    -0.55110
   3.69715   3.38713  -2.61963    40.60363    40.57423     0.02940
   4.11433   3.49891  -2.61963    40.10852    39.98127     0.12725
   4.41972   3.80430  -2.61963    40.67830    40.92292    -0.24462
   4.11953   4.22147  -2.71854    40.01879    40.73987    -0.72108
   3.90834   4.58726  -2.71854    39.44399    40.39344    -0.94945
   3.48597   4.58726  -2.71854    38.99093    40.03108    -1.04015
   3.27478   4.22147  -2.71854    39.58330    40.53785    -0.95455
   3.48597   3.85569  -2.71854    40.14618    40.82620    -0.68003
   3.90834   3.85569  -2.71854    39.98867    40.46551    -0.47684
   3.69715   4.22147  -2.75178    39.47913    40.33797    -0.85884
  -0.12389   2.66975   3.39307    51.26564    51.91550    -0.64986
  -0.33458   3.03469   3.35156    51.26439    51.49796    -0.23357
  -0.54528   2.66975   3.35156    53.90997    54.29605    -0.38608
  -0.33458   2.30481   3.35156    53.70289    54.55816    -0.85526
  -0.12389   3.49635   3.22865    48.12935    48.09007     0.03929
  -0.53719   3.38560   3.22865    51.29325    51.14384     0.14941
  -0.83974   3.08305   3.22865    54.62596    54.47382     0.15214
  -0.95048   2.66975   3.22865    57.06509    57.09980    -0.03472
  -0.83974   2.25645   3.22865    57.66122    58.10597    -0.44475
  -0.53719   1.95390   3.22865    56.29137    57.30082    -1.00946
   0.08450   3.85155   3.02904    44.85501    44.60445     0.25055
  -0.33227   3.85155   3.02904    47.87144    47.51801     0.35343
  -0.72390   3.70901   3.02904    51.31271    50.84606     0.46665
  -1.04316   3.44112   3.02904    54.89202    54.36721     0.52481
  -1.25155   3.08018   3.02904    58.24857    57.75889     0.48968
  -1.32392   2.66975   3.02904    60.76049    60.42935     0.33114
  -1.25155   2.25932   3.02904    61.79525    61.78079     0.01446
  -1.04316   1.89839   3.02904    61.17967    61.65819    -0.47853
  -0.72390   1.63049   3.02904    59.17226    60.28462    -1.11235
  -0.22812   4.19354   2.76042    45.12923    44.65275     0.47648
  -0.63537   4.10891   2.76042    48.78133    48.16868     0.61265
  -1.00468   3.91755   2.76042    52.52066    51.79553     0.72513
  -1.30867   3.63364   2.76042    56.36981    55.58124     0.78857
  -1.52479   3.27825   2.76042    60.22146    59.42952     0.79194
  -1.63701   2.87772   2.76042    63.64264    62.91409     0.72855
  -1.63701   2.46178   2.76042    65.92489    65.35827     0.56663
  -1.52479   2.06125   2.76042    66.58754    66.33010     0.25744
  -1.30867   1.70586   2.76042    65.67765    65.90333    -0.22568
  -1.00468   1.42195   2.76042    63.47698    64.36469    -0.88771
  -0.22831   4.46269   2.43310    43.03837    42.54528     0.49309
  -0.63898   4.39028   2.43310    47.15734    46.48204     0.67530
  -1.02187   4.22511   2.43310    51.09684    50.28506     0.81178
  -1.35636   3.97610   2.43310    55.06772    54.16870     0.89903
  -1.62440   3.65665   2.43310    59.24129    58.29820     0.94309
  -1.81155   3.28401   2.43310    63.61064    62.64903     0.96161
  -1.90772   2.87825   2.43310    67.73651    66.77329     0.96323
  -1.90772   2.46125   2.43310    70.75170    69.85453     0.89717
  -1.81155   2.05549   2.43310    72.01801    71.33583     0.68218
  -1.62440   1.68285   2.43310    71.54173    71.24068     0.30106
  -1.35636   1.36341   2.43310    69.62469    69.87716    -0.25247
  -1.02187   1.11439   2.43310    66.45514    67.50486    -1.04972
  -0.33248   4.65440   2.05966    42.11405    41.67681     0.43724
  -0.74055   4.56766   2.05966    46.69235    46.01569     0.67666
  -1.12168   4.39797   2.05966    50.81446    49.99450     0.81997
  -1.45919   4.15275   2.05966    54.82488    53.92807     0.89680
  -1.73834   3.84272   2.05966    59.02229    58.08969     0.93260
  -1.94694   3.48143   2.05966    63.65331    62.68258     0.97073
  -2.07586   3.08465   2.05966    68.68593    67.61684     1.06910
  -2.11947   2.66975   2.05966    73.40418    72.20664     1.19754
  -0.53719   4.74754   1.65446    42.99005    42.58047     0.40958
  -0.93460   4.62699   1.65446    47.70327    47.06095     0.64233
  -1.30086   4.43121   1.65446    51.82413    51.07630     0.74783
  -1.62189   4.16775   1.65446    55.74041    54.96393     0.77648
  -1.88535   3.84672   1.65446    59.78471    59.01484     0.76987
  -2.08112   3.48046   1.65446    64.35361    63.53069     0.82292
  -0.83035   4.71095   1.23307    45.86530    45.44575     0.41955
  -1.20389   4.54036   1.23307    50.28610    49.74100     0.54510
  -1.53839   4.30217   1.23307    54.15783    53.60350     0.55433
  -1.82176   4.00497   1.23307    57.80116    57.30897     0.49218
  -2.04377   3.65952   1.23307    61.58002    61.13648     0.44354
  -0.93460   4.62699   0.81167    47.33994    47.06443     0.27552
  -1.30086   4.43121   0.81167    51.82538    51.50261     0.32277
  -1.62189   4.16775   0.81167    55.69461    55.44402     0.25059
  -1.88535   3.84672   0.81167    59.28584    59.18245     0.10339
  -1.12168   4.39797   0.40647    51.08178    50.98519     0.09659
  -1.45919   4.15275   0.40647    55.53271    55.51004     0.02267
  -1.73834   3.84272   0.40647    59.67741    59.81812    -0.14072
  -1.02187   4.22511   0.03303    52.37508    52.48016    -0.10508
  -1.35636   3.97610   0.03303    57.51940    57.72107    -0.20166
   4.99485  -2.28121   0.93569    54.29526    56.37698    -2.08172
   4.94644  -2.69539   0.93569    54.35048    56.13170    -1.78122
   4.19667  -4.00943   0.56225    67.80303    68.33547    -0.53244
   4.53418  -3.76421   0.56225    63.45690    64.08805    -0.63115
   4.81334  -3.45418   0.56225    60.47686    61.26625    -0.78939
   5.02193  -3.09288   0.56225    58.83466    59.84330    -1.00864
   5.15085  -2.69611   0.56225    58.49204    59.81268    -1.32064
   4.00959  -4.23844   0.15705    71.50408    71.53929    -0.03521
   4.37585  -4.04267   0.15705    66.98915    67.09081    -0.10166
   4.69688  -3.77921   0.15705    63.86729    64.08953    -0.22224
   4.96035  -3.45818   0.15705    61.96970    62.36284    -0.39314
   5.15612  -3.09192   0.15705    61.27442    61.90037    -0.62595
   5.27667  -2.69450   0.15705    61.87181    62.82159    -0.94978
   4.09618  -4.24601  -0.26434    70.97697    70.65387     0.32310
   4.45180  -4.04069  -0.26434    67.10398    66.89828     0.20570
   4.76215  -3.77178  -0.26434    64.64477    64.57721     0.06756
   5.01599  -3.44899  -0.26434    63.38913    63.49254    -0.10341
   5.20416  -3.08400  -0.26434    63.35650    63.67170    -0.31520
   4.00959  -4.23844  -0.68574    71.92514    71.32490     0.60024
   4.37585  -4.04267  -0.68574    68.05529    67.61574     0.43955
   4.69688  -3.77921  -0.68574    65.72283    65.43547     0.28736
   4.96035  -3.45818  -0.68574    64.68117    64.56122     0.11995
   5.15612  -3.09192  -0.68574    64.97798    65.03956    -0.06158
   3.81555  -4.17912  -1.09094    73.18706    72.37939     0.80767
   4.19667  -4.00943  -1.09094    69.19045    68.58801     0.60245
   4.53418  -3.76421  -1.09094    66.77831    66.34686     0.43145
   4.81334  -3.45418  -1.09094    65.72095    65.46082     0.26013
   5.02193  -3.09288  -1.09094    66.06922    65.98183     0.08739
   3.51075  -4.04990  -1.46437    74.49228    73.53648     0.95580
   3.91023  -3.93030  -1.46437    70.45363    69.74327     0.71036
   4.27136  -3.72180  -1.46437    67.83127    67.31472     0.51655
   4.57468  -3.43564  -1.46437    66.54864    66.21806     0.33057
   4.80382  -3.08724  -1.46437    66.66033    66.52377     0.13657
   3.09465  -3.80500  -1.79169    74.90769    73.92686     0.98084
   3.50963  -3.77661  -1.79169    71.61013    70.84506     0.76507
   3.90156  -3.63732  -1.79169    68.90180    68.33660     0.56519
   4.24138  -3.39745  -1.79169    67.27216    66.90541     0.36674
   4.50388  -3.07479  -1.79169    66.92640    66.78297     0.14343
   4.66959  -2.69328  -1.79169    68.08980    68.21014    -0.12033
   2.99050  -3.46301  -2.06032    71.16522    70.57813     0.58710
   3.40726  -3.46301  -2.06032    69.65544    69.10107     0.55437
   3.79890  -3.32047  -2.06032    67.96053    67.56203     0.39850
   4.11816  -3.05257  -2.06032    67.09457    66.91637     0.17820
   4.32654  -2.69164  -2.06032    67.49053    67.61841    -0.12788
   4.02548  -2.28121  -2.25992    67.74718    68.14834    -0.40116
   3.19888  -3.10780  -2.25992    67.81370    67.50304     0.31066
   3.61218  -2.99706  -2.25992    67.20815    66.95614     0.25201
   3.91473  -2.69450  -2.25992    66.95777    66.95561     0.00216
   3.62028  -2.28121  -2.38284    66.53671    66.57568    -0.03897
   3.40958  -2.64615  -2.38284    66.24743    66.08360     0.16383
   1.37760  -1.11668   3.97784    44.32413    46.06730    -1.74317
   1.58829  -0.75174   3.93634    43.70917    44.97295    -1.26378
   1.16690  -0.75174   3.93634    47.26841    49.12395    -1.85554
   0.95620  -1.11668   3.93634    48.63512    50.93203    -2.29691
   1.16690  -1.48162   3.93634    45.84020    48.07365    -2.23345
   1.79089  -0.40082   3.81342    43.70353    44.55047    -0.84694
   1.37760  -0.29008   3.81342    46.76326    48.20068    -1.43742
   0.96430  -0.40082   3.81342    49.44900    51.45936    -2.01036
   0.66174  -0.70338   3.81342    51.66850    54.14660    -2.47810
   0.55100  -1.11668   3.81342    52.77104    55.59030    -2.81926
   0.66174  -1.52997   3.81342    52.04689    54.96705    -2.92016
   2.29687  -0.34531   3.61382    40.97637    40.91064     0.06573
   1.97761  -0.07742   3.61382    44.09698    44.60527    -0.50830
   1.58598   0.06513   3.61382    46.40119    47.50014    -1.09895
   1.16921   0.06513   3.61382    48.59308    50.29778    -1.70470
   0.77758  -0.07742   3.61382    51.03221    53.26331    -2.23110
   0.45832  -0.34531   3.61382    53.54413    56.17221    -2.62808
   0.24993  -0.70624   3.61382    55.64566    58.60704    -2.96138
   0.17756  -1.11668   3.61382    56.96155    60.24767    -3.28613
   0.24993  -1.52711   3.61382    57.28283    60.80909    -3.52626
   2.42009  -0.00043   3.34519    42.97248    42.72804     0.24444
   2.08028   0.23944   3.34519    45.05330    45.36653    -0.31323
   1.68834   0.37873   3.34519    46.49343    47.40517    -0.91174
   1.27336   0.40711   3.34519    47.99318    49.61296    -1.61978
   0.86612   0.32249   3.34519    50.10852    52.39172    -2.28320
   0.49680   0.13112   3.34519    52.90846    55.63707    -2.72860
   0.19281  -0.15278   3.34519    55.95502    58.92808    -2.97306
  -0.02331  -0.50818   3.34519    58.66147    61.83395    -3.17248
  -0.13553  -0.90870   3.34519    60.68770    64.14770    -3.46000
  -0.13553  -1.32465   3.34519    62.04249    65.88765    -3.84515
   2.75339   0.03775   3.01788    43.21281    42.42538     0.78744
   2.45008   0.32392   3.01788    45.18194    44.89891     0.28303
   0.14512   0.18967   3.01788    55.67578    59.10368    -3.42790
  -0.12292  -0.12977   3.01788    59.70941    63.06181    -3.35239
  -0.31007  -0.50242   3.01788    63.05780    66.40952    -3.35172
  -0.40624  -0.90818   3.01788    65.50572    69.09584    -3.59012
  -0.40624  -1.32518   3.01788    67.36314    71.42972    -4.06658
  -0.09539  -3.03019   3.87747    53.67654    54.41094    -0.73441
   0.32600  -3.03019   3.83597    52.73715    53.68811    -0.95096
   0.11531  -2.66525   3.83597    54.41323    56.01250    -1.59927
  -0.30609  -2.66525   3.83597    55.47247    56.71345    -1.24098
  -0.51679  -3.03019   3.83597    54.58329    55.04399    -0.46071
  -0.30609  -3.39513   3.83597    53.06660    53.05882     0.00778
   0.11531  -3.39513   3.83597    52.34935    52.47697    -0.12762
   0.73120  -3.03019   3.71305    51.62709    52.69773    -1.07064
   0.62046  -2.61689   3.71305    52.93105    54.98191    -2.05085
   0.31791  -2.31434   3.71305    55.50761    58.09993    -2.59232
  -0.09539  -2.20359   3.71305    57.33178    59.73431    -2.40253
  -0.50869  -2.31434   3.71305    57.72648    59.39784    -1.67136
  -0.81125  -2.61689   3.71305    56.93017    57.77633    -0.84616
  -0.92199  -3.03019   3.71305    55.50259    55.67242    -0.16984
  -0.81125  -3.44349   3.71305    53.92817    53.61702     0.31114
  -0.50869  -3.74604   3.71305    52.50623    51.87872     0.62751
  -0.09539  -3.85679   3.71305    51.58567    50.81109     0.77458
   0.31791  -3.74604   3.71305    51.45013    50.82590     0.62423
   0.62046  -3.44349   3.71305    51.63901    51.65543    -0.01641
   0.11299  -1.84839   3.51344    59.68306    63.35483    -3.67178
  -0.30378  -1.84839   3.51344    60.57726    63.52684    -2.94958
  -0.69541  -1.99093   3.51344    60.44548    62.46361    -2.01813
  -1.01467  -2.25882   3.51344    59.47535    60.62569    -1.15034
  -1.22305  -2.61976   3.51344    58.02016    58.45942    -0.43927
  -1.29543  -3.03019   3.51344    56.44448    56.33520     0.10928
  -1.22305  -3.44063   3.51344    54.90269    54.38009     0.52259
  -1.01467  -3.80156   3.51344    53.40545    52.55823     0.84723
  -0.69541  -4.06945   3.51344    51.99418    50.86774     1.12644
  -0.30378  -4.21199   3.51344    50.86027    49.47762     1.38266
   0.11299  -4.21199   3.51344    50.34822    48.77588     1.57235
   0.50462  -4.06945   3.51344    50.75736    49.19202     1.56534
  -0.19962  -1.50640   3.24482    64.22309    68.35580    -4.13271
  -0.60687  -1.59103   3.24482    64.15783    67.12407    -2.96625
  -0.97619  -1.78239   3.24482    63.32449    65.23661    -1.91211
  -1.28018  -2.06630   3.24482    61.80969    62.86182    -1.05213
  -1.49630  -2.42169   3.24482    59.99242    60.36663    -0.37421
  -1.60852  -2.82222   3.24482    58.23539    58.08537     0.15002
  -1.60852  -3.23816   3.24482    56.65344    56.10134     0.55210
  -1.49630  -3.63869   3.24482    55.16248    54.29486     0.86762
  -1.28018  -3.99408   3.24482    53.65269    52.51399     1.13870
  -0.97619  -4.27799   3.24482    52.09082    50.68091     1.40991
  -0.60687  -4.46935   3.24482    50.55593    48.83723     1.71870
  -0.19962  -4.55398   3.24482    49.27769    47.20174     2.07596
   0.21536  -4.52560   3.24482    48.68909    46.25198     2.43711
  -0.61048  -1.30967   2.91750    68.60875    72.12162    -3.51287
  -0.99338  -1.47483   2.91750    67.62293    69.89200    -2.26906
  -1.32787  -1.72385   2.91750    65.77994    67.10154    -1.32161
  -1.59591  -2.04329   2.91750    63.46192    64.05210    -0.59018
  -1.78306  -2.41593   2.91750    61.20790    61.22709    -0.01919
  -1.87922  -2.82169   2.91750    59.32224    58.90089     0.42135
  -1.87922  -3.23869   2.91750    57.76539    57.00644     0.75895
  -1.78306  -3.64445   2.91750    56.32651    55.30273     1.02378
  -1.59591  -4.01709   2.91750    54.82048    53.56774     1.25274
  -1.32787  -4.33653   2.91750    53.15005    51.66232     1.48774
  -0.99338  -4.58555   2.91750    51.29388    49.52184     1.77205
  -0.61048  -4.75072   2.91750    49.30656    47.16226     2.14430
  -0.19982  -4.82313   2.91750    47.37508    44.75007     2.62501
  -1.43070  -1.54719   2.54407    69.93907    71.04041    -1.10134
  -1.70985  -1.85722   2.54407    66.77266    67.20817    -0.43551
  -1.91845  -2.21852   2.54407    63.85035    63.74199     0.10835
  -2.04736  -2.61529   2.54407    61.58692    61.05190     0.53502
  -2.09097  -3.03019   2.54407    59.91900    59.06545     0.85355
  -2.04736  -3.44509   2.54407    58.52154    57.43219     1.08935
  -1.91845  -3.84186   2.54407    57.09458    55.81993     1.27465
  -1.70985  -4.20316   2.54407    55.46494    54.01609     1.44885
  -1.43070  -4.51320   2.54407    53.54288    51.89086     1.65202
  -1.09318  -4.75841   2.54407    51.26878    49.34440     1.92438
  -0.71206  -4.92810   2.54407    48.59747    46.29155     2.30593
  -2.05263  -2.21948   2.13887    66.16209    65.56303     0.59907
  -2.17318  -2.61689   2.13887    63.77065    62.81033     0.96032
  -2.21389  -3.03019   2.13887    62.10650    60.90707     1.19943
  -2.17318  -3.44349   2.13887    60.69648    59.34677     1.34971
  -2.05263  -3.84090   2.13887    59.19548    57.74153     1.45395
  -1.85686  -4.20716   2.13887    57.42590    55.87126     1.55464
  -1.59340  -4.52819   2.13887    55.28421    53.59513     1.68908
  -1.27237  -4.79166   2.13887    52.65620    50.76730     1.88890
  -0.90611  -4.98742   2.13887    49.36178    47.18583     2.17595
  -2.24561  -3.23551   1.71747    65.00496    63.21574     1.78922
  -2.16790  -3.63873   1.71747    63.20025    61.43932     1.76092
  -2.01528  -4.01996   1.71747    61.22610    59.49069     1.73541
  -1.79327  -4.36541   1.71747    58.93004    57.18328     1.74676
  -1.50989  -4.66261   1.71747    56.15645    54.34003     1.81643
  -1.17539  -4.90081   1.71747    52.64930    50.70568     1.94362
  -2.05263  -3.84090   1.29607    66.39302    64.17850     2.21452
  -1.85686  -4.20716   1.29607    63.50459    61.47068     2.03391
  -1.59340  -4.52819   1.29607    60.26162    58.31751     1.94411
  -1.91845  -3.84186   0.89087    71.71806    68.80794     2.91012
  -1.73350  -4.39898  -0.18276    72.89213    70.54875     2.34338
  -1.45435  -4.70901  -0.18276    68.76814    67.18878     1.57935
  -1.11684  -4.95423  -0.18276    64.91900    64.09970     0.81930
  -2.07628  -4.03672  -0.58796    79.09318    76.05631     3.03686
  -1.88051  -4.40298  -0.58796    74.48036    72.32282     2.15753
  -1.61705  -4.72401  -0.58796    70.74103    69.26734     1.47369
  -1.29602  -4.98747  -0.58796    67.63925    66.76777     0.87148
  -0.92976  -5.18324  -0.58796    65.10913    64.85446     0.25467
  -2.19155  -3.83455  -1.00936    83.81456    80.57804     3.23652
  -2.03893  -4.21577  -1.00936    78.53532    76.24478     2.29054
  -1.81692  -4.56123  -1.00936    74.39439    72.77998     1.61441
  -1.53354  -4.85842  -1.00936    71.15769    70.06829     1.08940
  -1.19905  -5.09662  -1.00936    68.71606    68.08009     0.63597
  -0.82551  -5.26721  -1.00936    67.11653    66.90913     0.20741
  -0.42645  -5.36402  -1.00936    66.63272    66.84016    -0.20744
  -2.07628  -4.03672  -1.43075    83.03708    80.80498     2.23210
  -1.88051  -4.40298  -1.43075    78.00131    76.44204     1.55927
  -1.61705  -4.72401  -1.43075    74.22182    73.13237     1.08946
  -1.29602  -4.98747  -1.43075    71.49655    70.77007     0.72648
  -0.92976  -5.18324  -1.43075    69.76588    69.34711     0.41877
  -0.53234  -5.30379  -1.43075    69.14339    68.99024     0.15315
  -0.11905  -5.34450  -1.43075    69.94472    69.99064    -0.04592
   0.29425  -5.30379  -1.43075    72.68505    72.80112    -0.11607
  -1.73350  -4.39898  -1.83596    79.55440    78.45533     1.09907
  -1.45435  -4.70901  -1.83596    75.64439    74.85049     0.79390
  -1.11684  -4.95423  -1.83596    73.02956    72.46234     0.56722
  -0.73571  -5.12391  -1.83596    71.58440    71.19920     0.38520
  -0.32764  -5.21065  -1.83596    71.35285    71.10099     0.25186
   0.08955  -5.21065  -1.83596    72.48550    72.28871     0.19680
   0.49762  -5.12391  -1.83596    75.10285    74.83478     0.26806
  -1.35152  -4.53235  -2.20939    78.49328    77.96341     0.52987
  -1.01703  -4.78136  -2.20939    75.43354    74.98538     0.44817
  -0.63414  -4.94653  -2.20939    73.74931    73.36656     0.38275
  -0.22347  -5.01894  -2.20939    73.32072    72.97241     0.34831
   0.19282  -4.99469  -2.20939    74.08189    73.70678     0.37511
   0.59230  -4.87510  -2.20939    75.82825    75.33365     0.49459
   0.95344  -4.66660  -2.20939    77.97935    77.26677     0.71258
   1.25675  -4.38043  -2.20939    79.47157    78.50477     0.96680
   1.48590  -4.03204  -2.20939    79.02541    77.95136     1.07405
  -0.99984  -4.47380  -2.53671    79.09820    78.88530     0.21290
  -0.63053  -4.66517  -2.53671    76.55553    76.25111     0.30442
  -0.22328  -4.74979  -2.53671    75.45613    75.08231     0.37383
   0.19170  -4.72141  -2.53671    75.52704    75.06047     0.46657
   0.58363  -4.58212  -2.53671    76.36602    75.75298     0.61304
   0.92345  -4.34225  -2.53671    77.28156    76.48001     0.80155
   1.18595  -4.01959  -2.53671    77.36000    76.41462     0.94537
  -0.71906  -4.26526  -2.80533    81.02340    81.03172    -0.00832
  -0.32743  -4.40781  -2.80533    78.61063    78.34656     0.26406
   0.08934  -4.40781  -2.80533    77.76035    77.28573     0.47462
   0.48097  -4.26526  -2.80533    77.91409    77.21524     0.69885
   0.80023  -3.99737  -2.80533    78.35962    77.40328     0.95634
  -0.70167  -0.69042   2.73381    68.49705    71.26069    -2.76364
  -0.49097  -0.32548   2.69231    66.13574    69.25797    -3.12223
  -0.91236  -0.32548   2.69231    67.25898    69.21646    -1.95748
  -1.12306  -0.69042   2.69231    68.45940    70.12546    -1.66605
  -0.91236  -1.05535   2.69231    70.36076    72.79396    -2.43320
  -0.70167   0.13618   2.56939    64.94347    67.32978    -2.38632
  -1.11496   0.02544   2.56939    67.83503    69.17420    -1.33917
  -1.41752  -0.27712   2.56939    68.68782    69.60781    -0.92000
  -1.52826  -0.69042   2.56939    68.31633    69.24534    -0.92901
  -1.41752  -1.10371   2.56939    69.25571    70.44431    -1.18859
  -1.30168   0.34884   2.36979    70.29989    71.04365    -0.74376
  -1.62094   0.08095   2.36979    71.21982    71.61559    -0.39577
  -1.82933  -0.27998   2.36979    69.71003    70.13835    -0.42832
  -1.90170  -0.69042   2.36979    67.63674    68.18204    -0.54530
  -1.82933  -1.10085   2.36979    67.46355    68.06085    -0.59731
  -2.08574  -2.23805   2.09445    66.04851    65.36180     0.68671
  -2.28834  -2.58896   1.97153    63.43996    62.28306     1.15689
  -2.47506  -2.91236   1.77193    61.63461    60.08995     1.54467
  -2.75583  -3.12091   1.50330    58.87922    57.10849     1.77073
  -2.38652  -3.31227   1.50330    64.56571    62.52488     2.04083
  -3.10751  -3.17945   1.17599    55.51702    53.69267     1.82435
  -2.77303  -3.42847   1.17599    61.13449    58.98337     2.15112
  -2.39013  -3.59363   1.17599    65.88285    63.48211     2.40074
  -3.21034  -3.35611   0.80255    57.66875    55.58461     2.08414
  -2.87283  -3.60133   0.80255    62.51563    60.13168     2.38395
  -2.49171  -3.77102   0.80255    66.57060    63.93695     2.63365
  -2.08363  -3.85775   0.80255    70.50257    67.61093     2.89164
  -3.37304  -3.37111   0.39735    59.26451    57.06860     2.19590
  -3.05201  -3.63457   0.39735    63.64578    61.15795     2.48783
  -2.68575  -3.83034   0.39735    67.26212    64.53558     2.72654
  -2.28834  -3.95090   0.39735    70.66761    67.69800     2.96961
  -1.87504  -3.99160   0.39735    74.32662    71.02126     3.30536
  -3.28954  -3.50553  -0.02405    64.95414    62.46794     2.48620
  -2.95504  -3.74372  -0.02405    68.24542    65.51965     2.72578
  -2.58151  -3.91431  -0.02405    71.28382    68.35333     2.93050
  -2.18244  -4.01112  -0.02405    74.46467    71.31275     3.15192
  -3.37304  -3.37111  -0.44544    68.94823    66.38094     2.56729
  -3.05201  -3.63457  -0.44544    71.66347    68.85346     2.81001
  -2.68575  -3.83034  -0.44544    74.35423    71.35444     2.99979
  -2.28834  -3.95090  -0.44544    77.35686    74.17998     3.17688
  -3.48950  -3.04608  -0.85064    74.12581    71.53053     2.59528
  -3.21034  -3.35611  -0.85064    75.87970    73.00994     2.86976
  -2.87283  -3.60133  -0.85064    77.94735    74.87935     3.06800
  -2.49171  -3.77102  -0.85064    80.46366    77.22952     3.23414
  -3.37555  -2.86001  -1.22408    82.75031    79.74679     3.00352
  -3.10751  -3.17945  -1.22408    83.32197    80.12069     3.20128
  -6.43153   1.38970   3.74627    60.55341    60.17999     0.37342
  -5.80754   1.74062   3.62335    66.73689    67.18551    -0.44862
  -6.22084   1.85136   3.62335    66.14578    66.05805     0.08773
  -6.63413   1.74062   3.62335    63.99969    63.38980     0.60989
  -6.93669   1.43806   3.62335    60.79940    59.83758     0.96181
  -5.62082   2.06402   3.42375    72.53884    73.42830    -0.88945
  -6.01245   2.20656   3.42375    71.29763    71.64560    -0.34797
  -6.42922   2.20656   3.42375    69.36992    69.13563     0.23429
  -6.82085   2.06402   3.42375    67.02178    66.28540     0.73638
  -7.14011   1.79613   3.42375    64.25886    63.14868     1.11017
  -7.34850   1.43520   3.42375    61.04350    59.70720     1.33629
  -7.42087   1.02476   3.42375    57.31546    55.90445     1.41102
  -5.91009   2.52017   3.15512    76.24680    77.04685    -0.80005
  -6.32507   2.54855   3.15512    73.82712    73.96237    -0.13525
  -6.73231   2.46393   3.15512    71.45451    71.01522     0.43929
  -7.10163   2.27256   3.15512    68.94510    68.03880     0.90629
  -7.40562   1.98865   3.15512    66.22233    64.96911     1.25322
  -7.62174   1.63326   3.15512    63.23413    61.75659     1.47754
  -7.73396   1.23274   3.15512    59.90457    58.31797     1.58660
  -7.73396   0.81679   3.15512    56.12696    54.54031     1.58665
  -6.73593   2.74529   2.82780    75.14740    74.97960     0.16780
  -7.11882   2.58012   2.82780    72.53194    71.84337     0.68857
  -7.45331   2.33111   2.82780    69.82173    68.72314     1.09859
  -7.72135   2.01167   2.82780    66.99480    65.60727     1.38752
  -7.90850   1.63902   2.82780    63.99530    62.43414     1.56116
  -8.00467   1.23326   2.82780    60.73413    59.09963     1.63451
  -8.00467   0.81626   2.82780    57.08956    55.47233     1.61723
  -6.83750   2.92267   2.45437    78.41610    78.47703    -0.06093
  -7.21862   2.75299   2.45437    75.41660    74.91447     0.50213
  -7.55614   2.50777   2.45437    72.43907    71.48787     0.95120
  -7.83529   2.19773   2.45437    69.48915    68.22107     1.26808
  -8.04389   1.83644   2.45437    66.49969    65.04014     1.45955
  -8.17281   1.43967   2.45437    63.37030    61.82751     1.54279
  -8.21642   1.02476   2.45437    59.97924    58.44556     1.53368
  -8.17281   0.60986   2.45437    56.17967    54.74185     1.43782
  -7.39781   2.78623   2.04917    77.45413    77.06309     0.39103
  -7.71884   2.52277   2.04917    74.02604    73.17629     0.84975
  -7.98230   2.20174   2.04917    70.82511    69.67435     1.15077
  -8.17807   1.83548   2.04917    67.70577    66.39263     1.31313
  -8.29862   1.43806   2.04917    64.52492    63.16477     1.36015
  -8.33933   1.02476   2.04917    61.13762    59.83001     1.30761
  -8.29862   0.61146   2.04917    57.38763    56.22584     1.16179
  -7.63534   2.65718   1.62777    77.95990    77.54921     0.41069
  -7.91871   2.35999   1.62777    74.20112    73.40278     0.79833
  -8.14072   2.01453   1.62777    70.81131    69.79787     1.01344
  -8.29334   1.63331   1.62777    67.55077    66.46313     1.08764
  -8.37105   1.23008   1.62777    64.23187    63.18877     1.04310
  -8.37105   0.81944   1.62777    60.68707    59.79498     0.89210
  -7.71884   2.52277   1.20638    79.05365    78.79481     0.25884
  -7.98230   2.20174   1.20638    74.86377    74.27257     0.59120
  -8.17807   1.83548   1.20638    71.19221    70.45918     0.73303
  -8.29862   1.43806   1.20638    67.69698    66.97650     0.72048
  -8.33933   1.02476   1.20638    64.14214    63.56667     0.57547
  -8.29862   0.61146   1.20638    60.32500    60.02404     0.30096
  -7.83529   2.19773   0.80118    77.87205    77.68276     0.18928
  -8.04389   1.83644   0.80118    73.68781    73.35031     0.33750
  -8.17281   1.43967   0.80118    69.90142    69.59700     0.30442
  -8.21642   1.02476   0.80118    66.18217    66.06728     0.11489
  -7.72135   2.01167   0.42774    79.15970    79.30628    -0.14659
  -7.90850   1.63902   0.42774    74.70124    74.80334    -0.10210
  -8.00467   1.23326   0.42774    70.70903    70.95371    -0.24468
  -8.00467   0.81626   0.42774    66.83227    67.38749    -0.55522
  -7.40562   1.98865   0.10042    83.66396    84.24526    -0.58130
  -7.62174   1.63326   0.10042    78.46693    79.04033    -0.57341
  -7.73396   1.23274   0.10042    74.11828    74.86528    -0.74699
  -7.14011   1.79613  -0.16820    86.38986    87.38809    -0.99823
  -7.34850   1.43520  -0.16820    80.86778    82.03433    -1.16656
  -7.42087   1.02476  -0.16820    76.48902    77.96194    -1.47292
  -7.17151   1.77325  -0.40340    82.69948    83.52440    -0.82492
  -7.21222   1.35995  -0.40340    80.79938    82.17083    -1.37145
  -7.17151   0.94666  -0.40340    78.77503    80.70108    -1.92604
  -7.01361   2.34972  -0.82480    79.32473    78.90285     0.42188
  -7.16623   1.96850  -0.82480    77.91472    78.03207    -0.11735
  -7.24394   1.56528  -0.82480    76.66033    77.28383    -0.62350
  -7.24394   1.15463  -0.82480    75.49818    76.60817    -1.10999
  -7.16623   0.75141  -0.82480    74.46216    76.00362    -1.54146
  -7.01361   0.37019  -0.82480    73.77378    75.60323    -1.82945
  -6.59173   2.85796  -1.24619    75.72032    74.14568     1.57464
  -6.85519   2.53693  -1.24619    75.30302    74.26381     1.03921
  -7.05096   2.17067  -1.24619    74.59519    74.05605     0.53914
  -7.17151   1.77325  -1.24619    73.85285    73.79022     0.06263
  -7.21222   1.35995  -1.24619    73.18455    73.58333    -0.39878
  -7.17151   0.94666  -1.24619    72.66811    73.50721    -0.83910
  -7.05096   0.54924  -1.24619    72.43656    73.66514    -1.22858
  -6.85519   0.18298  -1.24619    72.68694    74.21859    -1.53166
  -6.59173  -0.13805  -1.24619    73.61879    75.35961    -1.74082
  -5.71039   3.25786  -1.65139    70.45551    68.17082     2.28470
  -6.09151   3.08818  -1.65139    71.72747    69.70572     2.02176
  -6.42903   2.84296  -1.65139    72.32800    70.66781     1.66019
  -6.70818   2.53293  -1.65139    72.38197    71.12325     1.25872
  -6.91678   2.17163  -1.65139    72.14288    71.30000     0.84289
  -7.04570   1.77486  -1.65139    71.82474    71.40563     0.41911
  -7.08930   1.35995  -1.65139    71.57373    71.58644    -0.01271
  -7.04570   0.94505  -1.65139    71.51287    71.95944    -0.44657
  -6.91678   0.54828  -1.65139    71.78207    72.65310    -0.87103
  -6.70818   0.18698  -1.65139    72.54449    73.82549    -1.28100
  -6.42903  -0.12305  -1.65139    73.96015    75.65688    -1.69673
  -6.09151  -0.36827  -1.65139    76.15769    78.34214    -2.18445
  -5.71039  -0.53795  -1.65139    79.31030    82.13876    -2.82846
  -4.78186   3.12864  -2.02483    70.58478    68.90016     1.68462
  -5.19815   3.15289  -2.02483    69.86879    68.02064     1.84815
  -5.60881   3.08048  -2.02483    70.09093    68.22121     1.86972
  -5.99171   2.91531  -2.02483    70.53458    68.78720     1.74738
  -6.32619   2.66630  -2.02483    70.82511    69.30902     1.51610
  -6.59424   2.34686  -2.02483    70.90418    69.69148     1.21270
  -6.78139   1.97421  -2.02483    70.87594    70.01566     0.86028
  -6.87755   1.56846  -2.02483    70.88285    70.41389     0.46896
  -6.87755   1.15145  -2.02483    71.06545    71.02172     0.04373
  -6.78139   0.74570  -2.02483    71.57122    71.98181    -0.41058
  -6.59424   0.37305  -2.02483    72.56457    73.45911    -0.89454
  -6.32619   0.05361  -2.02483    74.22308    75.64807    -1.42499
  -5.99171  -0.19540  -2.02483    76.73876    78.78092    -2.04215
  -5.60881  -0.36057  -2.02483    80.37330    83.16494    -2.79164
  -4.39104   2.71607  -2.35215    76.59004    75.46588     1.12417
  -4.78297   2.85536  -2.35215    73.16259    71.84353     1.31906
  -5.19795   2.88375  -2.35215    71.44384    69.96676     1.47707
  -5.60520   2.79912  -2.35215    70.80064    69.27465     1.52599
  -5.97452   2.60775  -2.35215    70.64690    69.19914     1.44776
  -6.27851   2.32385  -2.35215    70.64816    69.39190     1.25625
  -6.49463   1.96845  -2.35215    70.72346    69.75112     0.97234
  -6.60685   1.56793  -2.35215    70.94246    70.33063     0.61183
  -6.60685   1.15198  -2.35215    71.44070    71.25728     0.18343
  -6.49463   0.75146  -2.35215    72.38824    72.69810    -0.30986
  -6.27851   0.39606  -2.35215    73.98337    74.85612    -0.87275
  -5.97452   0.11216  -2.35215    76.44258    77.97085    -1.52827
  -5.60520  -0.07921  -2.35215    80.00056    82.31561    -2.31505
  -4.49371   2.39921  -2.62077    79.03545    78.12592     0.90952
  -4.88534   2.54176  -2.62077    75.01876    73.94753     1.07123
  -5.30211   2.54176  -2.62077    72.82373    71.62393     1.19981
  -5.69374   2.39921  -2.62077    71.82348    70.61166     1.21183
  -6.01300   2.13132  -2.62077    71.49278    70.41272     1.08006
  -6.22138   1.77039  -2.62077    71.59256    70.78099     0.81157
  -6.29375   1.35995  -2.62077    72.13410    71.71378     0.42032
  -6.22138   0.94952  -2.62077    73.27617    73.36061    -0.08444
  -6.01300   0.58859  -2.62077    75.25345    75.95437    -0.70092
  -5.69374   0.32070  -2.62077    78.31695    79.75823    -1.44128
  -5.30211   0.17815  -2.62077    82.63986    84.96709    -2.32723
  -4.68043   2.07581  -2.82038    80.18442    79.53025     0.65417
  -5.09372   2.18655  -2.82038    75.92677    75.09122     0.83554
  -5.50702   2.07581  -2.82038    73.86979    72.98851     0.88128
  -5.80958   1.77325  -2.82038    73.32449    72.61482     0.70967
  -5.92032   1.35995  -2.82038    73.93505    73.62352     0.31153
  -5.80958   0.94666  -2.82038    75.79185    76.08186    -0.29001
  -5.50702   0.64410  -2.82038    79.16283    80.22069    -1.05785
  -4.88302   1.72489  -2.94330    80.68705    80.39604     0.29101
  -5.30442   1.72489  -2.94330    76.78018    76.33270     0.44748
  -5.51512   1.35995  -2.94330    76.66346    76.56112     0.10234
  -5.30442   0.99502  -2.94330    79.96165    80.58500    -0.62335
  -5.09372   1.35995  -2.98480    80.54963    80.70602    -0.15639
  -4.31696   2.62257   3.84626    66.53232    67.05324    -0.52092
  -3.89556   2.62257   3.80475    66.47334    66.82886    -0.35552
  -4.10626   2.98751   3.80475    65.45175    65.83536    -0.38361
  -4.52765   2.98751   3.80475    65.83390    66.33142    -0.49751
  -4.73835   2.62257   3.80475    67.12406    67.79730    -0.67323
  -4.52765   2.25763   3.80475    67.63423    68.29361    -0.65938
  -4.10626   2.25763   3.80475    67.43092    67.87438    -0.44346
  -3.49036   2.62257   3.68184    66.82160    67.00785    -0.18625
  -3.60110   3.03587   3.68184    65.34131    65.56420    -0.22289
  -3.90366   3.33842   3.68184    64.34231    64.59104    -0.24873
  -4.31696   3.44917   3.68184    64.30968    64.58941    -0.27973
  -4.73025   3.33842   3.68184    65.28546    65.66709    -0.38163
  -5.03281   3.03587   3.68184    66.89942    67.47960    -0.58019
  -5.14355   2.62257   3.68184    68.45689    69.24904    -0.79214
  -5.03281   2.20927   3.68184    69.09758    70.00410    -0.90652
  -4.73025   1.90672   3.68184    68.79198    69.60384    -0.81186
  -4.31696   1.79597   3.68184    68.63260    69.12595    -0.49335
  -3.90366   1.90672   3.68184    68.63699    68.87725    -0.24026
  -3.60110   2.20927   3.68184    68.07976    68.24895    -0.16919
  -3.11692   2.62257   3.48223    67.52128    67.53014    -0.00886
  -3.18929   3.03301   3.48223    65.74229    65.81576    -0.07347
  -3.39768   3.39394   3.48223    64.15908    64.27680    -0.11772
  -3.71694   3.66183   3.48223    63.14754    63.27015    -0.12261
  -4.10857   3.80437   3.48223    62.92728    63.02267    -0.09539
  -4.52534   3.80437   3.48223    63.53910    63.62822    -0.08911
  -4.91697   3.66183   3.48223    64.87883    65.04933    -0.17049
  -5.23623   3.39394   3.48223    66.74003    67.10655    -0.36652
  -5.44462   3.03301   3.48223    68.85724    69.48158    -0.62433
  -5.51699   2.62257   3.48223    70.83453    71.68325    -0.84873
  -5.44462   2.21214   3.48223    71.92263    72.93266    -1.01003
  -5.23623   1.85121   3.48223    71.37921    72.51086    -1.13165
  -4.91697   1.58331   3.48223    69.98362    71.01725    -1.03363
  -4.52534   1.44077   3.48223    69.50609    70.06081    -0.55472
  -4.10857   1.44077   3.48223    69.96794    70.03178    -0.06384
  -3.71694   1.58331   3.48223    70.33189    70.20178     0.13012
  -3.39768   1.85121   3.48223    70.06144    69.93827     0.12317
  -3.18929   2.21214   3.48223    69.07123    69.01185     0.05937
  -2.78961   2.62257   3.21361    68.57236    68.38027     0.19209
  -2.84624   3.03464   3.21361    66.39804    66.30013     0.09790
  -3.01196   3.41616   3.21361    64.31533    64.30390     0.01144
  -3.27446   3.73881   3.21361    62.67000    62.70050    -0.03050
  -3.61428   3.97868   3.21361    61.69548    61.69972    -0.00424
  -4.00621   4.11798   3.21361    61.50158    61.42066     0.08091
  -4.42119   4.14636   3.21361    62.09897    61.92508     0.17389
  -4.82844   4.06173   3.21361    63.42050    63.22071     0.19980
  -5.19775   3.87037   3.21361    65.33503    65.24065     0.09438
  -5.50174   3.58646   3.21361    67.68129    67.83557    -0.15428
  -5.71786   3.23107   3.21361    70.33189    70.80869    -0.47680
  -5.83008   2.83054   3.21361    73.19836    73.94085    -0.74249
  -4.00621   1.12717   3.21361    72.03119    71.34263     0.68856
  -3.61428   1.26646   3.21361    72.73588    72.00402     0.73187
  -3.27446   1.50633   3.21361    72.69133    72.12431     0.56702
  -3.01196   1.82898   3.21361    71.92451    71.51821     0.40630
  -2.84624   2.21050   3.21361    70.49818    70.21055     0.28763
  -2.52098   2.62257   2.88629    70.01814    69.57327     0.44487
  -2.56939   3.03675   2.88629    67.31985    67.00266     0.31719
  -2.71201   3.42860   2.88629    64.64289    64.47259     0.17030
  -2.94116   3.77700   2.88629    62.36503    62.30707     0.05796
  -3.24447   4.06316   2.88629    60.75296    60.71868     0.03428
  -3.60561   4.27166   2.88629    59.93280    59.81508     0.11773
  -4.00509   4.39126   2.88629    59.94536    59.65979     0.28557
  -4.42138   4.41551   2.88629    60.77994    60.30376     0.47618
  -4.83205   4.34310   2.88629    62.37946    61.77575     0.60372
  -5.21494   4.17793   2.88629    64.62846    64.04880     0.57966
  -3.24447   1.18198   2.88629    76.21605    74.97702     1.23903
  -2.94116   1.46814   2.88629    75.59795    74.71480     0.88315
  -2.71201   1.81654   2.88629    74.31532    73.63845     0.67687
  -2.56939   2.20839   2.88629    72.41146    71.86247     0.54899
  -2.32138   2.62257   2.51285    71.89000    71.11296     0.77703
  -2.36498   3.03747   2.51285    68.50145    67.89191     0.60954
  -2.49390   3.43425   2.51285    65.05265    64.68398     0.36867
  -2.70250   3.79554   2.51285    62.02555    61.87798     0.14757
  -2.98165   4.10558   2.51285    59.74894    59.71184     0.03710
  -3.31917   4.35079   2.51285    58.35525    58.27607     0.07918
  -3.70029   4.52048   2.51285    57.88085    57.61167     0.26918
  -4.10836   4.60722   2.51285    58.33391    57.77091     0.56300
  -2.70250   1.44960   2.51285    79.24566    78.08919     1.15648
  -2.49390   1.81090   2.51285    77.36753    76.38804     0.97949
  -2.36498   2.20767   2.51285    74.87569    74.00378     0.87191
  -2.19846   2.62257   2.10765    74.03922    72.87887     1.16034
  -2.23917   3.03587   2.10765    69.75270    68.81235     0.94036
  -2.35972   3.43328   2.10765    65.33190    64.76523     0.56667
  -2.55549   3.79954   2.10765    61.41686    61.21722     0.19965
  -2.81895   4.12057   2.10765    58.41172    58.43903    -0.02731
  -3.13998   4.38404   2.10765    56.44511    56.49745    -0.05235
  -6.46238   3.77939   2.44168    70.24592    70.26146    -0.01553
  -6.67076   3.41846   2.44168    73.44371    73.69240    -0.24869
  -6.74313   3.00803   2.44168    78.47508    78.71858    -0.24350
  -6.05458   4.44719   2.17306    65.05265    64.36918     0.68347
  -6.42389   4.25583   2.17306    66.50095    66.20907     0.29187
  -6.72788   3.97192   2.17306    68.55604    68.56038    -0.00434
  -6.94400   3.61653   2.17306    71.41497    71.60020    -0.18523
  -7.05622   3.21600   2.17306    75.54399    75.73216    -0.18818
  -6.05819   4.72855   1.84574    62.69698    61.99303     0.70395
  -6.44109   4.56339   1.84574    64.22246    63.85101     0.37145
  -6.77557   4.31437   1.84574    66.04349    65.93987     0.10362
  -7.04361   3.99493   1.84574    68.27931    68.37381    -0.09450
  -7.23076   3.62229   1.84574    71.16334    71.36655    -0.20321
  -7.32693   3.21653   1.84574    75.13862    75.30106    -0.16244
  -5.75169   4.99268   1.47230    59.64980    58.83236     0.81744
  -6.15977   4.90594   1.47230    61.28572    60.74672     0.53899
  -6.54089   4.73625   1.47230    62.98125    62.68525     0.29600
  -6.87840   4.49103   1.47230    64.80918    64.71751     0.09167
  -7.15756   4.18100   1.47230    66.87620    66.94864    -0.07245
  -7.36615   3.81970   1.47230    69.34921    69.53485    -0.18564
  -7.49507   3.42293   1.47230    72.50245    72.72147    -0.21902
  -7.53868   3.00803   1.47230    76.81971    76.92622    -0.10650
  -5.54310   5.12652   1.06710    57.11905    56.46779     0.65126
  -5.95640   5.08582   1.06710    59.08190    58.59120     0.49070
  -6.35381   4.96526   1.06710    60.92678    60.60158     0.32520
  -6.72007   4.76949   1.06710    62.74405    62.57410     0.16995
  -7.04110   4.50603   1.06710    64.62469    64.59423     0.03046
  -7.30456   4.18500   1.06710    66.67602    66.76552    -0.08950
  -7.50033   3.81874   1.06710    69.04299    69.22429    -0.18131
  -7.62089   3.42133   1.06710    71.93957    72.16640    -0.22682
  -7.66159   3.00803   1.06710    75.70965    75.89755    -0.18790
  -7.62089   2.59473   1.06710    80.94120    80.93531     0.00588
  -5.85050   5.14604   0.64571    57.67942    57.35816     0.32126
  -6.24957   5.04923   0.64571    59.71757    59.46432     0.25325
  -6.62310   4.87864   0.64571    61.62834    61.46163     0.16670
  -6.95760   4.64045   0.64571    63.50835    63.43420     0.07415
  -7.24097   4.34325   0.64571    65.45363    65.47116    -0.01753
  -7.46298   3.99780   0.64571    67.57273    67.67601    -0.10328
  -7.61560   3.61657   0.64571    70.00496    70.18003    -0.17507
  -7.69332   3.21335   0.64571    72.94170    73.16288    -0.22118
  -7.69332   2.80271   0.64571    76.65907    76.88521    -0.22614
  -7.61560   2.39949   0.64571    81.57059    81.73945    -0.16886
  -5.54310   5.12652   0.22431    55.49380    55.38020     0.11361
  -5.95640   5.08582   0.22431    57.92101    57.74368     0.17733
  -6.35381   4.96526   0.22431    60.07964    59.90472     0.17492
  -6.72007   4.76949   0.22431    62.09646    61.95706     0.13940
  -7.04110   4.50603   0.22431    64.07625    63.99104     0.08521
  -7.30456   4.18500   0.22431    66.12130    66.10073     0.02057
  -7.50033   3.81874   0.22431    68.34457    68.39272    -0.04815
  -7.62089   3.42133   0.22431    70.87783    70.99727    -0.11944
  -7.66159   3.00803   0.22431    73.89050    74.08209    -0.19159
  -7.62089   2.59473   0.22431    77.59218    77.86692    -0.27474
  -7.50033   2.19732   0.22431    82.21818    82.62881    -0.41064
  -5.75169   4.99268  -0.18089    56.96468    56.86762     0.09706
  -6.15977   4.90594  -0.18089    59.36930    59.18837     0.18093
  -6.54089   4.73625  -0.18089    61.56056    61.35787     0.20269
  -6.87840   4.49103  -0.18089    63.66084    63.47131     0.18953
  -7.15756   4.18100  -0.18089    65.77994    65.62528     0.15466
  -7.36615   3.81970  -0.18089    68.02893    67.92436     0.10457
  -7.49507   3.42293  -0.18089    70.52956    70.48925     0.04031
  -7.53868   3.00803  -0.18089    73.41987    73.46518    -0.04531
  -7.49507   2.59313  -0.18089    76.85172    77.02858    -0.17687
  -7.36615   2.19635  -0.18089    80.96692    81.38690    -0.41997
  -7.15756   1.83506  -0.18089    85.85459    86.77357    -0.91897
  -5.64753   4.80096  -0.55433    57.17678    57.02521     0.15157
  -6.05819   4.72855  -0.55433    59.72071    59.43960     0.28111
  -6.44109   4.56339  -0.55433    62.05441    61.71695     0.33746
  -6.77557   4.31437  -0.55433    64.30466    63.95227     0.35239
  -7.04361   3.99493  -0.55433    66.59131    66.24917     0.34213
  -7.23076   3.62229  -0.55433    69.03546    68.72316     0.31229
  -7.32693   3.21653  -0.55433    71.77140    71.50820     0.26320
  -7.32693   2.79953  -0.55433    74.94471    74.76529     0.17942
  -7.23076   2.39377  -0.55433    78.71228    78.69534     0.01694
  -5.64733   4.53182  -0.88165    58.80705    58.36920     0.43785
  -6.05458   4.44719  -0.88165    61.36039    60.81320     0.54719
  -6.42389   4.25583  -0.88165    63.81521    63.21263     0.60257
  -6.72788   3.97192  -0.88165    66.28885    65.65949     0.62936
  -6.94400   3.61653  -0.88165    68.91749    68.27571     0.64178
  -7.05622   3.21600  -0.88165    71.85800    71.21196     0.64604
  -7.05622   2.80006  -0.88165    75.29737    74.65801     0.63936
  -5.75148   4.18983  -1.15027    61.94146    61.00069     0.94077
  -6.14311   4.04729  -1.15027    64.53872    63.54971     0.98901
  -6.46238   3.77939  -1.15027    67.30792    66.27026     1.03766
  -6.67076   3.41846  -1.15027    70.38586    69.28079     1.10507
  -6.74313   3.00803  -1.15027    73.99592    72.77990     1.21602
  -5.95640   3.72388  -1.34987    66.87620    65.30381     1.57238
  -6.25895   3.42133  -1.34987    70.30177    68.64300     1.65877
  -2.33389   1.05326   2.53916    74.31972    73.73504     0.58468
  -1.91250   1.05326   2.49765    72.37820    72.16371     0.21449
  -2.12319   1.41820   2.49765    74.26763    73.70160     0.56603
  -2.54459   1.41820   2.49765    77.78859    76.80483     0.98376
  -2.75529   1.05326   2.49765    77.94547    76.82729     1.11817
  -2.54459   0.68832   2.49765    73.81645    73.19086     0.62559
  -2.12319   0.68832   2.49765    72.25270    72.02832     0.22438
  -1.50729   1.05326   2.37473    71.32712    71.49301    -0.16588
  -1.61804   1.46656   2.37473    72.30855    72.11235     0.19620
  -1.92059   1.76911   2.37473    74.13899    73.50585     0.63314
  -2.33389   1.87986   2.37473    77.36063    76.35631     1.00432
  -2.33389   0.22666   2.37473    70.92803    70.84714     0.08089
  -1.92059   0.33741   2.37473    71.87682    71.93708    -0.06026
  -1.61804   0.63996   2.37473    71.74944    71.93518    -0.18575
  -2.12551   2.23506   2.17513    76.07800    74.97876     1.09924
  -2.12551  -0.12854   2.17513    70.95877    71.22748    -0.26870
  -1.99377   3.61388   0.70040    61.77266    61.85548    -0.08282
  -1.98510   3.90686   0.37309    58.22974    58.47631    -0.24657
  -1.69866   3.98599  -0.00035    58.25924    58.38919    -0.12995
  -2.07978   4.15567  -0.00035    55.88035    56.05652    -0.17618
  -2.48785   4.24241  -0.00035    53.01891    53.57363    -0.55472
  -1.19845   3.75577  -0.40555    59.91523    60.23103    -0.31580
  -1.51948   4.01923  -0.40555    58.12369    58.08335     0.04035
  -1.88574   4.21500  -0.40555    56.57312    56.42453     0.14859
  -2.28315   4.33556  -0.40555    54.85186    54.82714     0.02472
  -2.69645   4.37626  -0.40555    52.61793    52.98131    -0.36338
  -1.13318   3.74834  -0.82695    59.95100    59.90942     0.04158
  -1.44353   4.01725  -0.82695    58.56358    58.23032     0.33326
  -1.79915   4.22257  -0.82695    57.42779    56.95838     0.46940
  -2.18721   4.35688  -0.82695    56.27568    55.83026     0.44542
  -2.59367   4.41532  -0.82695    54.94661    54.69119     0.25542
  -3.00385   4.39578  -0.82695    53.33517    53.43952    -0.10435
  -0.73921   3.06848  -1.24834    65.11415    65.28934    -0.17519
  -0.93498   3.43474  -1.24834    62.60600    62.41205     0.19395
  -1.19845   3.75577  -1.24834    60.81132    60.31660     0.49472
  -1.51948   4.01923  -1.24834    59.54375    58.84245     0.70130
  -1.88574   4.21500  -1.24834    58.54664    57.74827     0.79836
  -2.28315   4.33556  -1.24834    57.64867    56.87232     0.77635
  -2.69645   4.37626  -1.24834    56.78459    56.14426     0.64033
  -3.10975   4.33556  -1.24834    55.98640    55.56650     0.41989
  -3.50716   4.21500  -1.24834    55.42415    55.22583     0.19832
  -0.87340   3.06944  -1.65354    66.50471    66.10239     0.40233
  -1.08199   3.43074  -1.65354    64.04801    63.35851     0.68950
  -1.36115   3.74077  -1.65354    62.27530    61.37152     0.90378
  -1.69866   3.98599  -1.65354    61.01714    59.97874     1.03840
  -2.07978   4.15567  -1.65354    60.09972    59.01557     1.08415
  -2.48785   4.24241  -1.65354    59.43268    58.39256     1.04012
  -2.90504   4.24241  -1.65354    59.03547    58.10798     0.92749
  -3.31312   4.15567  -1.65354    59.05304    58.25072     0.80231
  -3.69424   3.98599  -1.65354    59.79475    59.02347     0.77128
  -4.03175   3.74077  -1.65354    61.76576    60.78136     0.98440
  -1.09151   3.06380  -2.02698    68.37218    67.39990     0.97228
  -1.32065   3.41220  -2.02698    65.81445    64.67664     1.13781
  -1.62397   3.69836  -2.02698    64.02040    62.76522     1.25518
  -1.98510   3.90686  -2.02698    62.81809    61.50906     1.30903
  -2.38458   4.02646  -2.02698    62.09395    60.80192     1.29202
  -2.80088   4.05070  -2.02698    61.84169    60.62515     1.21654
  -3.21154   3.97829  -2.02698    62.18117    61.05928     1.12190
  -3.59444   3.81313  -2.02698    63.36842    62.29156     1.07686
  -3.92892   3.56411  -2.02698    65.76551    64.61769     1.14782
  -4.19696   3.24467  -2.02698    69.72572    68.40590     1.31982
  -1.39145   3.05135  -2.35430    70.33817    68.81935     1.51882
  -1.65395   3.37401  -2.35430    67.69384    66.17291     1.52093
  -1.99377   3.61388  -2.35430    65.99957    64.47908     1.52048
  -2.38570   3.75317  -2.35430    65.09156    63.61176     1.47980
  -2.80068   3.78156  -2.35430    64.93657    63.54074     1.39583
  -3.20793   3.69693  -2.35430    65.64502    64.34983     1.29519
  -3.57724   3.50557  -2.35430    67.45225    66.23067     1.22158
  -3.88123   3.22166  -2.35430    70.62933    69.44069     1.18864
  -4.09735   2.86626  -2.35430    75.33314    74.19486     1.13828
  -1.56879   2.66820  -2.62292    76.29574    74.05621     2.23953
  -1.77717   3.02913  -2.62292    72.20187    70.29032     1.91155
  -2.09643   3.29702  -2.62292    69.74768    67.98627     1.76141
  -2.48807   3.43957  -2.62292    68.62820    66.98491     1.64329
  -2.90483   3.43957  -2.62292    68.77002    67.25596     1.51406
  -3.29647   3.29702  -2.62292    70.30177    68.91645     1.38532
  -3.61573   3.02913  -2.62292    73.45375    72.17795     1.27580
  -1.98060   2.67106  -2.82253    77.85824    75.39326     2.46498
  -2.28315   2.97362  -2.82253    74.13711    72.10708     2.03003
  -2.69645   3.08436  -2.82253    73.07536    71.29184     1.78352
  -3.10975   2.97362  -2.82253    74.57950    72.97877     1.60073
  -1.82311   2.44717  -2.97624    79.77215    77.05069     2.72145
  -2.18937   2.64294  -2.97624    78.24730    75.84779     2.39951
  -2.58678   2.76349  -2.97624    77.18743    75.11713     2.07030
  -3.00008   2.80420  -2.97624    76.49717    74.76065     1.73653
  -3.41338   2.76349  -2.97624    76.24617    74.81918     1.42699
  -3.81079   2.64294  -2.97624    76.55553    75.39107     1.16446
  -4.17706   2.44717  -2.97624    77.44032    76.50745     0.93287
  -4.49808   2.18371  -2.97624    78.74303    78.04740     0.69563
  -4.76155   1.86268  -2.97624    80.15744    79.74982     0.40762
  -4.95732   1.49642  -2.97624    81.31017    81.31826    -0.00809
  -5.07787   1.09900  -2.97624    81.92576    82.55759    -0.63183
  -5.11858   0.68570  -2.97624    82.04247    83.46491    -1.42243
  -2.00229   2.41393  -3.38144    78.27365    75.77829     2.49536
  -2.38341   2.58361  -3.38144    76.71304    74.57169     2.14135
  -2.79149   2.67035  -3.38144    75.71279    73.88904     1.82375
  -3.20868   2.67035  -3.38144    75.19446    73.66463     1.52984
  -3.61675   2.58361  -3.38144    75.14866    73.89180     1.25685
  -3.99787   2.41393  -3.38144    75.54901    74.55737     0.99164
  -4.33539   2.16871  -3.38144    76.28884    75.58085     0.70799
  -4.61454   1.85867  -3.38144    77.17488    76.80423     0.37065
  -4.82313   1.49738  -3.38144    77.98751    78.04438    -0.05688
  -4.95205   1.10061  -3.38144    78.57988    79.17717    -0.59730
  -4.99566   0.68570  -3.38144    78.98148    80.20242    -1.22093
  -4.95205   0.27080  -3.38144    79.40819    81.25670    -1.84851
  -4.82313  -0.12597  -3.38144    80.18693    82.57533    -2.38840
  -1.92760   2.12629  -3.75488    79.28394    76.56573     2.71821
  -2.28873   2.33480  -3.75488    77.10523    74.84003     2.26520
  -2.68821   2.45439  -3.75488    75.69710    73.78990     1.90720
  -3.10451   2.47864  -3.75488    74.89200    73.29682     1.59519
  -3.51517   2.40623  -3.75488    74.59456    73.29209     1.30247
  -3.89807   2.24106  -3.75488    74.72258    73.71558     1.00700
  -4.23255   1.99205  -3.75488    75.15870    74.47582     0.68288
  -4.50060   1.67261  -3.75488    75.75169    75.44648     0.30521
  -4.68775   1.29996  -3.75488    76.36351    76.50833    -0.14482
  -4.78391   0.89420  -3.75488    76.95212    77.61029    -0.65817
  -4.78391   0.47720  -3.75488    77.61540    78.80922    -1.19383
  -4.68775   0.07144  -3.75488    78.58364    80.26655    -1.68291
  -4.50060  -0.30120  -3.75488    80.15304    82.20954    -2.05649
  -4.23255  -0.62064  -3.75488    82.62229    84.88507    -2.26277
  -1.95758   1.80195  -4.08220    80.85711    77.91802     2.93909
  -2.29740   2.04181  -4.08220    78.00633    75.63255     2.37378
  -2.68933   2.18111  -4.08220    76.16899    74.21597     1.95302
  -3.10431   2.20949  -4.08220    75.10159    73.49978     1.60181
  -3.51156   2.12486  -4.08220    74.63661    73.36384     1.27277
  -3.88087   1.93350  -4.08220    74.63535    73.70227     0.93308
  -4.18486   1.64959  -4.08220    74.95726    74.40022     0.55704
  -4.40098   1.29420  -4.08220    75.48061    75.34982     0.13079
  -4.51321   0.89368  -4.08220    76.16271    76.50000    -0.33729
  -4.51321   0.47773  -4.08220    77.09582    77.90174    -0.80592
  -4.40098   0.07720  -4.08220    78.50018    79.71452    -1.21433
  -4.18486  -0.27819  -4.08220    80.67450    82.17542    -1.50092
  -3.88087  -0.56210  -4.08220    83.92626    85.56493    -1.63868
  -2.08080   1.45707  -4.35082    82.64677    79.66328     2.98349
  -2.40007   1.72496  -4.35082    79.09569    76.72791     2.36778
  -2.79170   1.86750  -4.35082    76.86364    74.96893     1.89471
  -3.20847   1.86750  -4.35082    75.63811    74.14471     1.49340
  -3.60010   1.72496  -4.35082    75.17501    74.06789     1.10712
  -3.91936   1.45707  -4.35082    75.27855    74.57885     0.69970
  -4.12774   1.09614  -4.35082    75.81821    75.55671     0.26149
  -4.20011   0.68570  -4.35082    76.79336    76.97468    -0.18132
  -4.12774   0.27527  -4.35082    78.38033    78.94677    -0.56644
  -3.91936  -0.08566  -4.35082    80.89790    81.71689    -0.81899
  -3.60010  -0.35356  -4.35082    84.72947    85.61250    -0.88303
  -2.28423   1.09900  -4.55043    84.38434    81.63985     2.74449
  -2.58678   1.40155  -4.55043    80.06268    77.89366     2.16902
  -3.00008   1.51230  -4.55043    77.56080    75.90794     1.65286
  -3.41338   1.40155  -4.55043    76.53984    75.36519     1.17465
  -3.71593   1.09900  -4.55043    76.66786    75.96906     0.69880
  -3.82668   0.68570  -4.55043    77.81494    77.56285     0.25210
  -3.71593   0.27240  -4.55043    80.18191    80.23534    -0.05343
  -3.41338  -0.03015  -4.55043    84.17977    84.23966    -0.05989
  -2.78938   1.05064  -4.67334    81.20161    79.36676     1.83485
  -3.21078   1.05064  -4.67334    78.84092    77.58943     1.25149
  -3.42148   0.68570  -4.67334    79.65857    78.91125     0.74731
  -3.21078   0.32076  -4.67334    83.40731    82.69777     0.70954
  -3.00008   0.68570  -4.71485    82.37254    81.02329     1.34925
  -3.83400  -2.69994  -1.03024    72.99881    71.21297     1.78584
  -5.49320  -1.23069  -1.45163    72.56896    74.42547    -1.85650
  -5.34058  -1.61192  -1.45163    69.10699    70.40078    -1.29379
  -5.11857  -1.95737  -1.45163    67.49618    68.29611    -0.79994
  -4.83520  -2.25457  -1.45163    67.76914    68.06182    -0.29268
  -4.50070  -2.49276  -1.45163    69.89577    69.61448     0.28129
  -4.12717  -2.66335  -1.45163    73.85975    72.88391     0.97584
  -3.72810  -2.76016  -1.45163    79.69873    77.82639     1.87234
  -5.53920  -0.62215  -1.87303    79.54122    82.39481    -2.85358
  -5.49849  -1.03545  -1.87303    75.44421    77.65852    -2.21431
  -5.37793  -1.43286  -1.87303    72.58465    74.22040    -1.63575
  -5.18216  -1.79912  -1.87303    71.14640    72.26370    -1.11730
  -4.91870  -2.12015  -1.87303    71.25245    71.87460    -0.62216
  -4.59767  -2.38361  -1.87303    72.98877    73.10033    -0.11156
  -4.23141  -2.57938  -1.87303    76.46517    76.00477     0.46040
  -5.41628  -0.62215  -2.27823    79.00031    81.68117    -2.68086
  -5.37267  -1.03705  -2.27823    76.07737    78.29053    -2.21316
  -5.24375  -1.43382  -2.27823    74.27140    75.98679    -1.71539
  -5.03516  -1.79512  -2.27823    73.75621    74.99124    -1.23502
  -4.75600  -2.10515  -2.27823    74.69120    75.46436    -0.77316
  -4.41849  -2.35037  -2.27823    77.25583    77.56943    -0.31360
  -4.03737  -2.52006  -2.27823    81.74692    81.56089     0.18602
  -5.20453  -0.41365  -2.65166    80.58038    83.41460    -2.83422
  -5.20453  -0.83065  -2.65166    78.00759    80.50577    -2.49818
  -5.10836  -1.23641  -2.65166    76.46831    78.53679    -2.06848
  -4.92121  -1.60905  -2.65166    76.16271    77.78889    -1.62618
  -4.65317  -1.92849  -2.65166    77.29725    78.50838    -1.21113
  -4.31869  -2.17751  -2.65166    80.13547    80.97316    -0.83768
  -4.93382  -0.83012  -2.97898    79.31908    81.95000    -2.63092
  -4.82160  -1.23065  -2.97898    78.50207    80.72932    -2.22725
  -4.60548  -1.58604  -2.97898    79.13899    80.97569    -1.83671
  -4.30149  -1.86995  -2.97898    81.51286    83.03559    -1.52273
  -4.54836  -1.03258  -3.24761    81.29888    83.88139    -2.58251
  -4.33998  -1.39351  -3.24761    82.21692    84.44633    -2.22941
  -4.02071  -1.66141  -3.24761    85.30239    87.32841    -2.02602
  -0.13332  -4.13662  -3.20805    78.82210    78.66827     0.15382
   0.27314  -4.07818  -3.20805    77.89652    77.37924     0.51728
   0.66120  -3.94388  -3.20805    76.83979    76.04360     0.79619
   1.01683  -3.73855  -3.20805    75.36075    74.42342     0.93734
   1.32717  -3.46964  -3.20805    73.29123    72.41762     0.87361
   1.58101  -3.14685  -3.20805    70.68769    70.10097     0.58672
   1.88240  -1.97907  -3.62945    66.43569    65.95647     0.47921
   1.84169  -1.56577  -3.62945    66.26375    65.67364     0.59011
   1.72114  -1.16836  -3.62945    66.93769    66.10309     0.83460
   1.52537  -0.80210  -3.62945    68.55228    67.35958     1.19270
  -0.23610  -4.09757  -3.62945    76.03407    76.14431    -0.11024
   0.17720  -4.05686  -3.62945    75.06959    74.81546     0.25413
   0.57462  -3.93631  -3.62945    74.18606    73.63366     0.55240
   0.94088  -3.74054  -3.62945    73.15820    72.40509     0.75311
   1.26191  -3.47707  -3.62945    71.86176    71.03649     0.82527
   1.52537  -3.15604  -3.62945    70.31934    69.55168     0.76766
   1.72114  -2.78978  -3.62945    68.71104    68.08071     0.63032
   1.84169  -2.39237  -3.62945    67.32110    66.81571     0.50539
   1.75948  -1.97907  -4.03465    67.46731    66.77368     0.69363
   1.71588  -1.56417  -4.03465    67.52065    66.76962     0.75103
   1.58696  -1.16739  -4.03465    68.25170    67.36361     0.88809
   1.37836  -0.80610  -4.03465    69.80039    68.68998     1.11042
   1.09921  -0.49606  -4.03465    72.31357    70.87723     1.43634
  -0.44469  -3.96372  -4.03465    74.54499    74.87902    -0.33403
  -0.02750  -3.96372  -4.03465    73.37343    73.37921    -0.00578
   0.38057  -3.87698  -4.03465    72.47860    72.18355     0.29505
   0.76169  -3.70729  -4.03465    71.64778    71.11208     0.53570
   1.09921  -3.46207  -4.03465    70.74981    70.06108     0.68873
   1.37836  -3.15204  -4.03465    69.76149    69.01359     0.74790
   1.58696  -2.79075  -4.03465    68.77002    68.03397     0.73605
   1.71588  -2.39397  -4.03465    67.94171    67.24104     0.70067
   1.55988  -1.97907  -4.40808    67.94924    67.29713     0.65211
   1.51147  -1.56489  -4.40808    68.22660    67.55352     0.67308
   1.36885  -1.17304  -4.40808    69.14151    68.40470     0.73681
   1.13970  -0.82464  -4.40808    70.86716    70.00471     0.86245
  -0.34052  -3.77201  -4.40808    72.81369    73.05395    -0.24026
   0.07577  -3.74776  -4.40808    71.66849    71.65054     0.01795
   0.47525  -3.62816  -4.40808    70.79750    70.53223     0.26527
   0.83639  -3.41966  -4.40808    70.03822    69.57562     0.46260
   1.13970  -3.13350  -4.40808    69.31470    68.72708     0.58762
   1.36885  -2.78510  -4.40808    68.64891    68.00629     0.64262
   1.51147  -2.39325  -4.40808    68.14439    67.49181     0.65259
   1.29125  -1.97907  -4.73540    68.35461    67.89400     0.46061
   1.23462  -1.56700  -4.73540    68.87670    68.43002     0.44668
   1.06890  -1.18548  -4.73540    70.10034    69.65686     0.44348
   0.80640  -0.86283  -4.73540    72.24015    71.77356     0.46659
  -0.34033  -3.50286  -4.73540    72.01738    72.24486    -0.22747
   0.07465  -3.47447  -4.73540    70.77491    70.81027    -0.03536
   0.46659  -3.33518  -4.73540    69.88197    69.71530     0.16667
   0.80640  -3.09531  -4.73540    69.19359    68.86503     0.32856
   1.06890  -2.77266  -4.73540    68.66209    68.23596     0.42613
   1.23462  -2.39114  -4.73540    68.34018    67.87715     0.46302
   0.96394  -1.97907  -5.00403    68.94823    68.76738     0.18085
   0.89157  -1.56863  -5.00403    69.78972    69.66636     0.12337
   0.68318  -1.20770  -5.00403    71.54738    71.51244     0.03494
  -0.02771  -3.16087  -5.00403    70.68016    70.83537    -0.15521
   0.36392  -3.01833  -5.00403    69.67426    69.66811     0.00615
   0.68318  -2.75044  -5.00403    69.04550    68.91269     0.13280
   0.89157  -2.38951  -5.00403    68.76751    68.57714     0.19038
   0.59050  -1.97907  -5.20363    69.92276    70.06198    -0.13922
   0.47976  -1.56577  -5.20363    71.32210    71.58801    -0.26591
   0.17720  -2.69492  -5.20363    70.21580    70.42254    -0.20674
   0.47976  -2.39237  -5.20363    69.64602    69.76740    -0.12138
  -3.56600  -0.57006  -4.36616    84.55000    85.68296    -1.13295
  -3.60671  -0.98336  -4.36616    82.66308    84.29376    -1.63068
   0.12624   0.18961  -4.77136    74.77905    73.48245     1.29660
  -0.15291   0.49965  -4.77136    75.55277    73.89629     1.65648
  -0.49042   0.74486  -4.77136    76.76261    74.72270     2.03991
  -0.87155   0.91455  -4.77136    78.28495    75.87664     2.40831
  -1.27962   1.00129  -4.77136    79.96291    77.29284     2.67007
  -1.69681   1.00129  -4.77136    81.61765    78.88664     2.73101
  -2.10488   0.91455  -4.77136    83.03833    80.49716     2.54118
  -2.48600   0.74486  -4.77136    83.95450    81.85171     2.10279
  -2.82352   0.49965  -4.77136    84.09004    82.63454     1.45549
  -3.10267   0.18961  -4.77136    83.36589    82.67907     0.68682
  -3.31127  -0.17168  -4.77136    82.03055    82.09812    -0.06757
  -3.44019  -0.56846  -4.77136    80.47872    81.18835    -0.70963
  -3.48379  -0.98336  -4.77136    79.02855    80.25012    -1.22157
  -3.44019  -1.39826  -4.77136    77.87456    79.49966    -1.62511
  -3.31127  -1.79504  -4.77136    77.13033    79.05495    -1.92462
   0.25935  -0.56918  -5.14480    72.78294    72.56631     0.21663
   0.11673  -0.17733  -5.14480    72.71517    72.09465     0.62052
  -0.11242   0.17107  -5.14480    73.12368    72.11497     1.00871
  -0.41573   0.45723  -5.14480    73.93819    72.56130     1.37689
  -0.77687   0.66573  -5.14480    75.05139    73.34727     1.70412
  -1.17635   0.78533  -5.14480    76.32273    74.38335     1.93938
  -1.59264   0.80958  -5.14480    77.58088    75.56301     2.01787
  -2.00330   0.73717  -5.14480    78.63071    76.73517     1.89553
  -2.38620   0.57200  -5.14480    79.26449    77.69690     1.56759
  -2.72069   0.32299  -5.14480    79.32097    78.24830     1.07267
  -2.98873   0.00354  -5.14480    78.78382    78.29934     0.48447
  -3.17588  -0.36910  -5.14480    77.82310    77.92902    -0.10592
  -3.27204  -0.77486  -5.14480    76.69609    77.33064    -0.63455
  -3.27204  -1.19186  -5.14480    75.64000    76.70942    -1.06943
  -3.17588  -1.59762  -5.14480    74.81859    76.21338    -1.39479
  -2.98873  -1.97026  -5.14480    74.32223    75.90344    -1.58121
   0.03914  -0.98336  -5.47212    71.50910    71.75249    -0.24339
  -0.01750  -0.57129  -5.47212    71.29763    71.17850     0.11913
  -0.18322  -0.18977  -5.47212    71.46957    70.96307     0.50650
  -0.44572   0.13288  -5.47212    72.02052    71.14411     0.87641
  -0.78553   0.37275  -5.47212    72.86452    71.67187     1.19265
  -1.17746   0.51204  -5.47212    73.86038    72.45135     1.40903
  -1.59244   0.54043  -5.47212    74.82800    73.35418     1.47382
  -1.99969   0.45580  -5.47212    75.56783    74.21552     1.35231
  -2.36901   0.26444  -5.47212    75.90355    74.85313     1.05041
  -2.67300  -0.01947  -5.47212    75.74793    75.13267     0.61525
  -2.88912  -0.37486  -5.47212    75.16309    75.04076     0.12233
  -3.00134  -0.77539  -5.47212    74.33603    74.68921    -0.35318
  -3.00134  -1.19133  -5.47212    73.48764    74.24363    -0.75600
  -2.88912  -1.59186  -5.47212    72.79675    73.84158    -1.04483
  -2.67300  -1.94725  -5.47212    72.36314    73.54740    -1.18426
  -2.36901  -2.23116  -5.47212    72.20062    73.35565    -1.15504
  -0.28818  -0.98336  -5.74074    70.32311    70.52765    -0.20454
  -0.36055  -0.57293  -5.74074    70.35574    70.21792     0.13782
  -0.56894  -0.21199  -5.74074    70.72722    70.22864     0.49858
  -0.88820   0.05590  -5.74074    71.39427    70.58679     0.80748
  -1.27983   0.19844  -5.74074    72.19936    71.20126     0.99810
  -1.69660   0.19844  -5.74074    72.91911    71.90499     1.01413
  -2.08823   0.05590  -5.74074    73.32951    72.49448     0.83503
  -2.40749  -0.21199  -5.74074    73.29625    72.80091     0.49534
  -2.61588  -0.57293  -5.74074    72.85323    72.77824     0.07499
  -2.68825  -0.98336  -5.74074    72.18807    72.52156    -0.33349
  -2.61588  -1.39379  -5.74074    71.53483    72.18623    -0.65140
  -2.40749  -1.75472  -5.74074    71.06357    71.88961    -0.82605
  -2.08823  -2.02262  -5.74074    70.83327    71.67696    -0.84368
  -1.69660  -2.16516  -5.74074    70.79876    71.55533    -0.75657
  -1.27983  -2.16516  -5.74074    70.85461    71.51837    -0.66376
  -0.88820  -2.02262  -5.74074    70.87594    71.49881    -0.62286
  -0.56894  -1.75472  -5.74074    70.76425    71.34953    -0.58528
  -0.36055  -1.39379  -5.74074    70.52705    70.98540    -0.45836
  -0.66162  -0.98336  -5.94035    69.65355    69.78564    -0.13209
  -0.77236  -0.57006  -5.94035    69.89201    69.68619     0.20582
  -1.07492  -0.26751  -5.94035    70.45363    69.94501     0.50862
  -1.48821  -0.15676  -5.94035    71.11314    70.47187     0.64127
  -1.90151  -0.26751  -5.94035    71.50973    70.98047     0.52926
  -2.20407  -0.57006  -5.94035    71.41435    71.20178     0.21257
  -2.31481  -0.98336  -5.94035    70.92614    71.09500    -0.16886
  -2.20407  -1.39666  -5.94035    70.37017    70.83023    -0.46006
  -1.90151  -1.69921  -5.94035    70.00119    70.58134    -0.58014
  -1.48821  -1.80996  -5.94035    69.84808    70.41378    -0.56570
  -1.07492  -1.69921  -5.94035    69.77968    70.28164    -0.50195
  -0.77236  -1.39666  -5.94035    69.68618    70.06545    -0.37926
  -1.06682  -0.98336  -6.06326    69.41573    69.48452    -0.06879
  -1.27752  -0.61842  -6.06326    69.84620    69.61762     0.22858
  -1.69891  -0.61842  -6.06326    70.26977    70.03318     0.23659
  -1.90961  -0.98336  -6.06326    70.06018    70.13327    -0.07309
  -1.69891  -1.34830  -6.06326    69.59833    69.91109    -0.31276
  -1.27752  -1.34830  -6.06326    69.37682    69.67477    -0.29795
  -1.48821  -0.98336  -6.10477    69.55817    69.60155    -0.04338
  -3.35271  -2.90152  -1.31306    83.58427    80.65108     2.93319
  -3.13659  -3.25691  -1.31306    82.40141    79.52779     2.87362
  -2.83260  -3.54082  -1.31306    82.63233    79.76376     2.86858
  -2.46329  -3.73219  -1.31306    84.10635    81.20314     2.90322
  -3.63948  -2.90728  -1.64038    81.09807    79.31405     1.78402
  -3.45233  -3.27993  -1.64038    79.26072    77.44700     1.81373
  -3.18428  -3.59937  -1.64038    78.68969    76.84727     1.84242
  -2.84980  -3.84838  -1.64038    79.08628    77.23821     1.84807
  -2.46690  -4.01355  -1.64038    80.41471    78.58019     1.83452
  -2.05624  -4.08596  -1.64038    82.85886    81.03405     1.82482
  -3.90378  -2.70793  -2.01382    81.16647    80.33867     0.82780
  -3.77486  -3.10470  -2.01382    78.27930    77.33488     0.94442
  -3.56627  -3.46599  -2.01382    76.73186    75.69079     1.04107
  -3.28711  -3.77603  -2.01382    76.13510    75.04218     1.09292
  -2.94960  -4.02125  -2.01382    76.30704    75.20986     1.09718
  -2.56848  -4.19093  -2.01382    77.20814    76.14834     1.05980
  -2.16041  -4.27767  -2.01382    78.92312    77.92385     0.99927
  -1.74322  -4.27767  -2.01382    81.67036    80.71113     0.95923
  -4.02960  -2.70632  -2.41902    79.68555    79.63622     0.04933
  -3.90905  -3.10374  -2.41902    76.95086    76.69311     0.25775
  -3.71328  -3.46999  -2.41902    75.27667    74.87155     0.40511
  -3.44981  -3.79103  -2.41902    74.41384    73.92328     0.49056
  -3.12878  -4.05449  -2.41902    74.21555    73.69862     0.51693
  -2.76252  -4.25026  -2.41902    74.62029    74.12981     0.49048
  -2.36511  -4.37081  -2.41902    75.64125    75.21737     0.42388
  -1.95181  -4.41152  -2.41902    77.35937    77.01897     0.34040
  -1.53851  -4.37081  -2.41902    79.91020    79.63039     0.27980
  -4.10203  -2.49834  -2.84041    79.79850    80.51307    -0.71457
  -4.02432  -2.90156  -2.84041    76.87682    77.29570    -0.41888
  -3.87170  -3.28279  -2.84041    74.85749    75.06158    -0.20409
  -3.64969  -3.62825  -2.84041    73.58427    73.64423    -0.05996
  -3.36631  -3.92544  -2.84041    72.93166    72.91400     0.01766
  -3.03181  -4.16364  -2.84041    72.82185    72.78765     0.03420
  -2.65828  -4.33422  -2.84041    73.22659    73.22679    -0.00020
  -2.25921  -4.43104  -2.84041    74.15907    74.23191    -0.07283
  -1.84903  -4.45057  -2.84041    75.67074    75.83231    -0.16156
  -1.44257  -4.39214  -2.84041    77.83063    78.06672    -0.23609
  -1.05452  -4.25783  -2.84041    80.69521    80.94672    -0.25151
  -4.02960  -1.87972  -3.26181    83.54285    85.32945    -1.78660
  -4.07031  -2.29302  -3.26181    79.76713    81.12312    -1.35600
  -4.02960  -2.70632  -3.26181    76.79587    77.80761    -1.01175
  -3.90905  -3.10374  -3.26181    74.60209    75.34817    -0.74608
  -3.71328  -3.46999  -3.26181    73.10109    73.65553    -0.55444
  -3.44981  -3.79103  -3.26181    72.20187    72.63523    -0.43336
  -3.12878  -4.05449  -3.26181    71.83415    72.21258    -0.37843
  -2.76252  -4.25026  -3.26181    71.96028    72.34164    -0.38136
  -2.36511  -4.37081  -3.26181    72.57649    73.00549    -0.42900
  -1.95181  -4.41152  -3.26181    73.70852    74.21117    -0.50265
  -1.53851  -4.37081  -3.26181    75.40280    75.98001    -0.57722
  -1.14110  -4.25026  -3.26181    77.71580    78.33734    -0.62154
  -3.90378  -1.87812  -3.66701    81.70425    83.73308    -2.02883
  -3.94739  -2.29302  -3.66701    78.30628    79.98929    -1.68301
  -3.90378  -2.70793  -3.66701    75.63811    77.00377    -1.36566
  -3.77486  -3.10470  -3.66701    73.65958    74.76446    -1.10489
  -3.56627  -3.46599  -3.66701    72.30917    73.21969    -0.91051
  -3.28711  -3.77603  -3.66701    71.52165    72.30697    -0.78532
  -2.94960  -4.02125  -3.66701    71.24931    71.97355    -0.72423
  -2.56848  -4.19093  -3.66701    71.46957    72.18610    -0.71653
  -2.16041  -4.27767  -3.66701    72.18744    72.93316    -0.74572
  -1.74322  -4.27767  -3.66701    73.43618    74.22369    -0.78751
  -1.33514  -4.19093  -3.66701    75.27478    76.08891    -0.81412
  -3.73564  -2.08452  -4.04045    78.85159    80.93367    -2.08208
  -3.73564  -2.50152  -4.04045    75.98513    77.76682    -1.78170
  -3.63948  -2.90728  -4.04045    73.83967    75.34247    -1.50280
  -3.45233  -3.27993  -4.04045    72.34934    73.62642    -1.27709
  -3.18428  -3.59937  -4.04045    71.45702    72.57183    -1.11481
  -2.84980  -3.84838  -4.04045    71.11816    72.13340    -1.01523
  -2.46690  -4.01355  -4.04045    71.31520    72.27936    -0.96416
  -2.05624  -4.08596  -4.04045    72.05692    72.99786    -0.94094
  -1.63994  -4.06171  -4.04045    73.38912    74.30286    -0.91374
  -3.46494  -2.50100  -4.36776    75.55654    77.51989    -1.96335
  -3.35271  -2.90152  -4.36776    73.50709    75.19229    -1.68520
  -3.13659  -3.25691  -4.36776    72.19371    73.64772    -1.45400
  -2.83260  -3.54082  -4.36776    71.55616    72.83633    -1.28016
  -2.46329  -3.73219  -4.36776    71.56558    72.71839    -1.15281
  -2.05604  -3.81681  -4.36776    72.23011    73.27363    -1.04353
  -3.07947  -2.70346  -4.63639    74.53621    76.41490    -1.87869
  -2.87109  -3.06439  -4.63639    73.03646    74.63630    -1.59984
  -2.55183  -3.33228  -4.63639    72.46731    73.82943    -1.36213
   3.77378  -4.40296   0.45256    72.74027    73.18396    -0.44369
   2.83226  -6.16442   0.45256    56.22924    55.96747     0.26177
   3.15329  -5.90096   0.45256    58.93506    58.88855     0.04652
   3.41675  -5.57993   0.45256    61.87871    62.04051    -0.16179
   3.61252  -5.21367   0.45256    65.13549    65.46572    -0.33024
   3.73308  -4.81625   0.45256    68.75245    69.18626    -0.43381
   3.81529  -4.40296   0.03117    73.92187    73.84426     0.07761
   2.16452  -6.50207   0.03117    55.20327    54.69879     0.50447
   2.55258  -6.36776   0.03117    57.18620    56.72023     0.46596
   2.90821  -6.16244   0.03117    59.28773    58.92637     0.36136
   3.21855  -5.89353   0.03117    61.55743    61.32877     0.22866
   3.47239  -5.57074   0.03117    64.05868    63.95707     0.10161
   3.66056  -5.20575   0.03117    66.86804    66.85827     0.00977
   3.77625  -4.81174   0.03117    70.09030    70.10678    -0.01648
   3.77378  -4.40296  -0.39023    75.26223    74.75999     0.50225
   1.24199  -6.48075  -0.39023    55.49255    55.39482     0.09773
   1.65529  -6.52145  -0.39023    56.70803    56.36798     0.34006
   2.06858  -6.48075  -0.39023    58.14503    57.67956     0.46547
   2.46600  -6.36019  -0.39023    59.75647    59.26006     0.49642
   2.83226  -6.16442  -0.39023    61.54111    61.07678     0.46433
   3.15329  -5.90096  -0.39023    63.52781    63.12644     0.40137
   3.41675  -5.57993  -0.39023    65.77115    65.43257     0.33858
   3.61252  -5.21367  -0.39023    68.35586    68.05071     0.30516
   3.73308  -4.81625  -0.39023    71.42690    71.08864     0.33826
   3.65087  -4.40296  -0.79543    76.14389    75.34769     0.79620
   0.65750  -6.13118  -0.79543    59.60901    59.96606    -0.35705
   1.03862  -6.30086  -0.79543    59.46970    59.50729    -0.03758
   1.44669  -6.38760  -0.79543    59.95351    59.72947     0.22404
   1.86388  -6.38760  -0.79543    60.85650    60.45373     0.40277
   2.27195  -6.30086  -0.79543    62.06508    61.56466     0.50042
   2.65308  -6.13118  -0.79543    63.53220    62.99542     0.53678
   2.99059  -5.88596  -0.79543    65.25409    64.71804     0.53604
   3.26974  -5.57593  -0.79543    67.26651    66.73941     0.52710
   3.47834  -5.21463  -0.79543    69.64414    69.10466     0.53948
   3.60726  -4.81786  -0.79543    72.52253    71.91239     0.61013
   3.45126  -4.40296  -1.16886    76.46517    75.49336     0.97181
   0.15477  -5.38986  -1.16886    69.79725    70.21353    -0.41628
   0.42281  -5.70930  -1.16886    66.26061    66.60459    -0.34398
   0.75730  -5.95832  -1.16886    64.40004    64.53954    -0.13949
   1.14019  -6.12348  -1.16886    63.68657    63.58720     0.09937
   1.55086  -6.19589  -1.16886    63.75873    63.44789     0.31084
   1.96715  -6.17165  -1.16886    64.38310    63.91643     0.46667
   2.36664  -6.05205  -1.16886    65.42540    64.85938     0.56601
   2.72777  -5.84355  -1.16886    66.82160    66.19938     0.62222
   3.03108  -5.55739  -1.16886    68.56545    67.90479     0.66066
   3.26023  -5.20899  -1.16886    70.69334    69.98484     0.70850
   3.40285  -4.81714  -1.16886    73.28621    72.48808     0.79813
   3.18264  -4.40296  -1.49618    76.42501    75.36474     1.06027
   0.47050  -5.36685  -1.49618    72.52253    72.56457    -0.04204
   0.77449  -5.65076  -1.49618    69.37494    69.33177     0.04317
   1.14381  -5.84212  -1.49618    67.77479    67.56301     0.21178
   1.55106  -5.92675  -1.49618    67.27027    66.87936     0.39092
   1.96603  -5.89836  -1.49618    67.54952    67.00862     0.54089
   2.35797  -5.75907  -1.49618    68.41862    67.76655     0.65207
   2.69778  -5.51920  -1.49618    69.77278    69.03846     0.73432
   2.96028  -5.19654  -1.49618    71.57248    70.76077     0.81171
   3.12600  -4.81503  -1.49618    73.80578    72.89456     0.91123
   2.85532  -4.40296  -1.76481    76.33779    75.25317     1.08462
   2.78295  -3.99252  -1.76481    78.02641    76.82606     1.20036
   0.73601  -5.17432  -1.76481    75.68643    75.39278     0.29365
   1.05527  -5.44221  -1.76481    72.44723    72.10523     0.34200
   1.44690  -5.58476  -1.76481    70.88347    70.40979     0.47369
   1.86367  -5.58476  -1.76481    70.56407    69.94590     0.61817
   2.25530  -5.44221  -1.76481    71.15958    70.41617     0.74341
   2.57456  -5.17432  -1.76481    72.45036    71.59908     0.85129
   2.78295  -4.81339  -1.76481    74.26449    73.30417     0.96032
   2.48188  -4.40296  -1.96441    76.53482    75.46739     1.06743
   2.37114  -3.98966  -1.96441    77.49429    76.41919     1.07509
   1.24199  -5.11881  -1.96441    75.54399    74.94507     0.59892
   1.65529  -5.22955  -1.96441    73.77441    73.07896     0.69545
   2.06858  -5.11881  -1.96441    73.74429    72.91573     0.82855
   2.37114  -4.81625  -1.96441    74.89640    73.93898     0.95742
   2.07668  -4.40296  -2.08733    77.32298    76.27601     1.04697
   1.86598  -4.03802  -2.08733    78.60435    77.52556     1.07879
   1.44459  -4.76790  -2.08733    77.79235    76.94264     0.84971
   1.86598  -4.76790  -2.08733    76.35536    75.42996     0.92540
   1.65529  -4.40296  -2.12883    78.91748    77.87008     1.04739
   2.33120  -4.18014   4.14831    43.05154    43.06184    -0.01029
   2.74450  -4.29089   4.14831    42.94989    42.77118     0.17871
   3.15780  -4.18014   4.14831    41.79088    41.44893     0.34194
   1.82522  -4.23565   3.94871    45.20955    45.02803     0.18152
   2.14448  -4.50355   3.94871    45.27732    45.02977     0.24755
   2.53612  -4.64609   3.94871    45.29489    45.01386     0.28103
   2.95288  -4.64609   3.94871    45.02820    44.67146     0.35674
   3.34452  -4.50355   3.94871    44.13714    43.66520     0.47193
   3.66378  -4.23565   3.94871    42.36003    41.74877     0.61125
   1.34360  -4.07279   3.68008    47.90596    47.17897     0.72699
   1.55972  -4.42818   3.68008    46.96846    46.24608     0.72237
   1.86371  -4.71209   3.68008    46.46143    45.94385     0.51758
   2.23302  -4.90345   3.68008    46.50912    46.14791     0.36121
   2.64027  -4.98808   3.68008    46.76389    46.44142     0.32247
   3.05525  -4.95969   3.68008    46.80405    46.43359     0.37046
   3.44718  -4.82040   3.68008    46.32714    45.86448     0.46267
   3.78700  -4.58053   3.68008    45.15182    44.57653     0.57529
   4.04950  -4.25788   3.68008    43.15885    42.45575     0.70310
   1.51203  -4.77063   3.35276    46.55995    45.50412     1.05583
   1.84651  -5.01965   3.35276    46.22862    45.70313     0.52550
   2.22941  -5.18481   3.35276    46.81597    46.54873     0.26724
   2.64007  -5.25723   3.35276    47.64115    47.42738     0.21377
   3.05637  -5.23298   3.35276    48.20842    47.94307     0.26535
   3.45585  -5.11338   3.35276    48.24921    47.89645     0.35276
   3.81698  -4.90488   3.35276    47.64554    47.19817     0.44737
   4.12030  -4.61872   3.35276    46.33467    45.79449     0.54019
   4.34944  -4.27032   3.35276    44.25573    43.62149     0.63425
   2.12783  -5.36220   2.97933    45.78184    45.80424    -0.02240
   2.53591  -5.44894   2.97933    47.59722    47.65099    -0.05377
   2.95310  -5.44894   2.97933    49.00347    48.96731     0.03616
   3.36117  -5.36220   2.97933    49.75586    49.60356     0.15230
   3.74229  -5.19251   2.97933    49.79915    49.54363     0.25553
   4.07980  -4.94729   2.97933    49.14027    48.80566     0.33461
   4.35896  -4.63726   2.97933    47.78297    47.39172     0.39124
   4.56755  -4.27597   2.97933    45.69336    45.26496     0.42839
   2.74450  -5.58279   2.57413    48.65395    49.02534    -0.37139
   3.15780  -5.54208   2.57413    50.54652    50.71892    -0.17240
   3.55522  -5.42153   2.57413    51.47460    51.48838    -0.01377
   3.92147  -5.22575   2.57413    51.56434    51.47065     0.09369
   4.24250  -4.96229   2.57413    50.91675    50.76597     0.15077
   4.50597  -4.64126   2.57413    49.58266    49.41988     0.16278
   4.70174  -4.27500   2.57413    47.55079    47.42044     0.13035
   3.25374  -5.56340   2.15273    52.32739    52.74674    -0.41935
   3.64180  -5.42909   2.15273    53.47887    53.70322    -0.22435
   3.99742  -5.22377   2.15273    53.66775    53.77833    -0.11058
   4.30777  -4.95486   2.15273    53.08981    53.15986    -0.07004
   4.56161  -4.63207   2.15273    51.84170    51.94125    -0.09955
   4.74978  -4.26708   2.15273    49.94097    50.14165    -0.20068
   3.55522  -5.42153   1.73134    55.78685    56.28898    -0.50213
   3.92147  -5.22575   1.73134    56.28635    56.63309    -0.34674
   4.24250  -4.96229   1.73134    55.90106    56.19457    -0.29351
   4.50597  -4.64126   1.73134    54.82488    55.16288    -0.33800
   4.70174  -4.27500   1.73134    53.12872    53.61390    -0.48518
   4.82229  -3.87759   1.73134    50.79062    51.54621    -0.75559
   3.74229  -5.19251   1.32614    59.64666    60.24408    -0.59742
   4.07980  -4.94729   1.32614    59.44711    59.93932    -0.49220
   4.35896  -4.63726   1.32614    58.55479    59.06846    -0.51366
   4.56755  -4.27597   1.32614    57.12658    57.79303    -0.66645
   4.69647  -3.87919   1.32614    55.20703    56.17697    -0.96994
   3.81698  -4.90488   0.95270    64.18732    64.85310    -0.66578
   4.12030  -4.61872   0.95270    63.32387    63.92682    -0.60296
   4.34944  -4.27032   0.95270    62.13348    62.83149    -0.69801
   4.49207  -3.87847   0.95270    60.74919    61.70786    -0.95867
   3.78700  -4.58053   0.62538    69.80478    70.42048    -0.61570
   4.04950  -4.25788   0.62538    68.47258    69.03321    -0.56063
   5.17427  -2.21045   0.66921    58.02957    59.97859    -1.94903
   5.56620  -2.07115   0.66921    54.69436    56.38059    -1.68623
   5.90602  -1.83128   0.66921    51.87433    53.29450    -1.42017
   6.16852  -1.50863   0.66921    49.39316    50.57012    -1.17696
   6.33423  -1.12711   0.66921    47.08016    48.01842    -0.93827
   6.65949  -0.71504   0.34189    44.73892    44.95747    -0.21855
   5.57487  -2.36413   0.34189    57.83253    59.06888    -1.23635
   5.93600  -2.15563   0.34189    54.48351    55.50785    -1.02434
   6.23932  -1.86947   0.34189    51.72498    52.54355    -0.81857
   6.46846  -1.52107   0.34189    49.31472    49.94286    -0.62815
   6.61108  -1.12922   0.34189    47.05380    47.49242    -0.43862
   6.85910  -0.71504  -0.03155    44.92278    44.73501     0.18777
   6.81549  -0.30014  -0.03155    42.33305    41.91771     0.41534
   5.48019  -2.61295  -0.03155    61.38486    62.16866    -0.78380
   5.86131  -2.44326  -0.03155    57.42402    58.06617    -0.64214
   6.19882  -2.19805  -0.03155    54.29777    54.76468    -0.46691
   6.47798  -1.88801  -0.03155    51.68921    51.98790    -0.29868
   6.68657  -1.52672  -0.03155    49.37935    49.52278    -0.14343
   6.81549  -1.12994  -0.03155    47.18620    47.17599     0.01021
   6.98201  -0.71504  -0.43675    45.23967    44.71603     0.52364
   6.94131  -0.30174  -0.43675    42.72838    42.02634     0.70203
   5.67423  -2.67228  -0.43675    60.72911    61.04792    -0.31881
   6.04049  -2.47651  -0.43675    57.14792    57.32876    -0.18085
   6.36152  -2.21304  -0.43675    54.24882    54.27404    -0.02522
   6.62498  -1.89201  -0.43675    51.78271    51.66237     0.12034
   6.82075  -1.52575  -0.43675    49.56572    49.31446     0.25126
   6.94131  -1.12834  -0.43675    47.44097    47.06183     0.37914
   7.02352  -0.71504  -0.85815    45.65759    44.89040     0.76720
   6.98449  -0.30626  -0.85815    43.23791    42.32993     0.90798
   6.86879   0.08775  -0.85815    40.18822    39.13260     1.05562
   5.37276  -2.81415  -0.85815    64.42640    64.50982    -0.08342
   5.76082  -2.67985  -0.85815    60.33441    60.33367     0.00074
   6.11644  -2.47453  -0.85815    57.06509    56.92213     0.14296
   6.42679  -2.20561  -0.85815    54.34985    54.05965     0.29021
   6.68063  -1.88282  -0.85815    51.99795    51.57500     0.42295
   6.86879  -1.51783  -0.85815    49.85877    49.31936     0.53940
   6.98449  -1.12382  -0.85815    47.79552    47.14667     0.64885
   6.98201  -0.71504  -1.27954    46.16085    45.25546     0.90539
   6.94131  -0.30174  -1.27954    43.75875    42.73765     1.02110
   6.82075   0.09567  -1.27954    40.76678    39.63209     1.13470
   5.27682  -2.79283  -1.27954    64.73890    64.70551     0.03339
   5.67423  -2.67228  -1.27954    60.82387    60.67929     0.14458
   6.04049  -2.47651  -1.27954    57.60663    57.30764     0.29899
   6.36152  -2.21304  -1.27954    54.89516    54.44193     0.45323
   6.62498  -1.89201  -1.27954    52.53008    51.94151     0.58856
   6.82075  -1.52575  -1.27954    50.37458    49.67243     0.70215
   6.94131  -1.12834  -1.27954    48.29941    47.49692     0.80249
   6.85910  -0.71504  -1.68474    46.74507    45.81551     0.92955
   6.81549  -0.30014  -1.68474    44.36429    43.33671     1.02758
   6.68657   0.09663  -1.68474    41.45453    40.33477     1.11976
   5.07211  -2.69969  -1.68474    65.19573    65.22136    -0.02563
   5.48019  -2.61295  -1.68474    61.50534    61.38229     0.12306
   5.86131  -2.44326  -1.68474    58.33203    58.03114     0.30089
   6.19882  -2.19805  -1.68474    55.59797    55.12477     0.47320
   6.47798  -1.88801  -1.68474    53.19147    52.57076     0.62071
   6.68657  -1.52672  -1.68474    50.99644    50.25688     0.73956
   6.81549  -1.12994  -1.68474    48.89366    48.05584     0.83782
   6.65949  -0.71504  -2.05818    47.42089    46.58129     0.83960
   6.61108  -0.30086  -2.05818    45.05957    44.13543     0.92415
   6.46846   0.09099  -2.05818    42.25837    41.25664     1.00173
   4.75909  -2.50798  -2.05818    65.60173    65.86762    -0.26589
   5.17539  -2.48373  -2.05818    62.33554    62.41101    -0.07547
   5.57487  -2.36413  -2.05818    59.26200    59.12443     0.13757
   5.93600  -2.15563  -2.05818    56.49531    56.15447     0.34084
   6.23932  -1.86947  -2.05818    54.01665    53.50331     0.51333
   6.46846  -1.52107  -2.05818    51.75071    51.10189     0.64882
   6.61108  -1.12922  -2.05818    49.59459    48.84179     0.75280
   6.39087  -0.71504  -2.38550    48.20842    47.56918     0.63924
   6.33423  -0.30297  -2.38550    45.86341    45.15173     0.71169
   6.16852   0.07855  -2.38550    43.22034    42.44724     0.77311
   3.98273  -1.96284  -2.38550    66.66849    67.40772    -0.73923
   4.35204  -2.15420  -2.38550    65.35135    66.01403    -0.66268
   4.75929  -2.23883  -2.38550    63.06282    63.52018    -0.45736
   5.17427  -2.21045  -2.38550    60.35324    60.55804    -0.20480
   5.56620  -2.07115  -2.38550    57.62671    57.58147     0.04524
   5.90602  -1.83128  -2.38550    55.06208    54.80039     0.26169
   6.16852  -1.50863  -2.38550    52.68382    52.25407     0.42975
   6.33423  -1.12711  -2.38550    50.43419    49.88317     0.55103
   6.06355  -0.71504  -2.65412    49.13839    48.79982     0.33857
   5.99118  -0.30461  -2.65412    46.81095    46.41515     0.39580
   4.26350  -1.75430  -2.65412    62.67126    63.67571    -1.00445
   4.65514  -1.89684  -2.65412    61.19724    61.93588    -0.73864
   5.07190  -1.89684  -2.65412    58.94071    59.37599    -0.43528
   5.46353  -1.75430  -2.65412    56.40181    56.55096    -0.14915
   5.78280  -1.48641  -2.65412    53.88048    53.79972     0.08076
   5.99118  -1.12548  -2.65412    51.46958    51.22916     0.24042
   5.69011  -0.71504  -2.85373    50.25222    50.29531    -0.04310
   5.57937  -0.30174  -2.85373    47.97498    47.99421    -0.01923
   4.45022  -1.43089  -2.85373    59.40319    60.53517    -1.13199
   4.86352  -1.54164  -2.85373    57.91473    58.68582    -0.77108
   5.27682  -1.43089  -2.85373    55.49631    55.92197    -0.42566
   5.57937  -1.12834  -2.85373    52.82500    52.99935    -0.17434
   5.28491  -0.71504  -2.97664    51.59885    52.07370    -0.47485
   4.65282  -1.07998  -2.97664    56.31019    57.41219    -1.10199
   5.07422  -1.07998  -2.97664    54.45339    55.15444    -0.70105
   6.16469   4.06502   1.19164    43.40044    43.92092    -0.52048
   6.10805   4.47709   1.19164    44.33229    44.88447    -0.55218
   5.94234   3.27143   1.19164    40.84899    40.82371     0.02527
   6.10805   3.65294   1.19164    42.25021    42.60331    -0.35309
   6.43331   4.06502   0.86432    44.12584    44.50368    -0.37784
   6.38490   4.47920   0.86432    45.17692    45.53039    -0.35347
   6.24228   4.87105   0.86432    46.08179    46.33159    -0.24980
   6.24228   3.25899   0.86432    40.85777    40.97248    -0.11471
   6.38490   3.65084   0.86432    42.74218    43.05529    -0.31311
   6.63292   4.06502   0.49089    44.63726    44.94041    -0.30315
   6.58931   4.47992   0.49089    45.78874    46.01334    -0.22460
   6.46039   4.87669   0.49089    46.71934    46.81530    -0.09597
   6.25180   5.23799   0.49089    47.63111    47.53255     0.09856
   6.46039   3.25334   0.49089    40.75235    41.09900    -0.34665
   6.58931   3.65011   0.49089    43.05092    43.39349    -0.34258
   6.75584   4.06502   0.08568    44.96608    45.24203    -0.27595
   6.71513   4.47832   0.08568    46.19725    46.34700    -0.14975
   6.59457   4.87573   0.08568    47.14416    47.14531    -0.00115
   6.39880   5.24199   0.08568    48.00008    47.80501     0.19507
   6.13534   5.56302   0.08568    48.96017    48.50328     0.45690
   6.59457   3.25430   0.08568    40.57351    41.18076    -0.60725
   6.71513   3.65172   0.08568    43.21156    43.62313    -0.41157
   6.79734   4.06502  -0.33571    45.13801    45.41761    -0.27960
   6.75831   4.47380  -0.33571    46.42504    46.54071    -0.11568
   6.64261   4.86781  -0.33571    47.37508    47.32882     0.04626
   6.45445   5.23280  -0.33571    48.17579    47.93767     0.23811
   6.20060   5.55559  -0.33571    48.99657    48.51420     0.48237
   5.89026   5.82450  -0.33571    50.02819    49.23597     0.79223
   6.64261   3.26223  -0.33571    40.36957    41.21522    -0.84565
   6.75831   3.65624  -0.33571    43.25737    43.75144    -0.49407
   6.75584   4.06502  -0.75711    45.17441    45.47446    -0.30005
   6.71513   4.47832  -0.75711    46.52167    46.62873    -0.10706
   6.59457   4.87573  -0.75711    47.47360    47.40787     0.06573
   6.39880   5.24199  -0.75711    48.22536    47.96978     0.25558
   6.13534   5.56302  -0.75711    48.93947    48.45169     0.48777
   5.81431   5.82648  -0.75711    49.77719    49.00403     0.77316
   6.59457   3.25430  -0.75711    39.95353    41.00934    -1.05581
   6.71513   3.65172  -0.75711    43.14504    43.72208    -0.57704
   6.63292   4.06502  -1.16231    45.09283    45.41811    -0.32528
   6.58931   4.47992  -1.16231    46.46582    46.58645    -0.12062
   6.46039   4.87669  -1.16231    47.38952    47.33827     0.05125
   6.25180   5.23799  -1.16231    48.06158    47.83217     0.22941
   5.97264   5.54802  -1.16231    48.63136    48.19513     0.43623
   5.63513   5.79324  -1.16231    49.22498    48.54876     0.67623
   6.46039   3.25334  -1.16231    39.57953    40.75388    -1.17435
   6.58931   3.65011  -1.16231    42.96871    43.60068    -0.63196
   6.43331   4.06502  -1.53574    44.90772    45.25207    -0.34435
   6.38490   4.47920  -1.53574    46.26188    46.41296    -0.15108
   6.24228   4.87105  -1.53574    47.11341    47.10954     0.00387
   6.01313   5.21945  -1.53574    47.65244    47.49721     0.15523
   5.70982   5.50561  -1.53574    48.00322    47.68697     0.31626
   6.24228   3.25899  -1.53574    39.31222    40.46602    -1.15381
   6.38490   3.65084  -1.53574    42.75285    43.39306    -0.64021
   6.16469   4.06502  -1.86306    44.62534    44.97722    -0.35189
   6.10805   4.47709  -1.86306    45.90483    46.10141    -0.19658
   5.94234   4.85860  -1.86306    46.61517    46.69495    -0.07978
   5.67984   5.18126  -1.86306    46.91951    46.90099     0.01853
   5.34002   5.42113  -1.86306    46.88688    46.79819     0.08869
   5.94234   3.27143  -1.86306    39.21558    40.17211    -0.95653
   6.10805   3.65294  -1.86306    42.51565    43.10266    -0.58701
   5.83737   4.06502  -2.13168    44.24193    44.59060    -0.34867
   5.76500   4.47545  -2.13168    45.37019    45.63383    -0.26363
   5.55662   4.83638  -2.13168    45.80882    46.02612    -0.21730
   5.23735   5.10428  -2.13168    45.65006    45.87778    -0.22772
   5.55662   3.29365  -2.13168    39.37057    39.92596    -0.55539
   5.76500   3.65458  -2.13168    42.25712    42.72533    -0.46822
   5.46394   4.06502  -2.33129    43.73490    44.08355    -0.34865
   5.35319   4.47832  -2.33129    44.58267    44.95698    -0.37431
   5.05064   4.78087  -2.33129    44.39441    44.86778    -0.47337
   5.05064   3.34916  -2.33129    39.98491    39.94345     0.04145
   5.35319   3.65172  -2.33129    41.94650    42.23381    -0.28731
   5.05873   4.06502  -2.45421    43.06033    43.43924    -0.37891
   4.84804   3.70008  -2.45421    41.73754    41.85510    -0.11756
   3.62216   5.50335   2.32534    42.18182    42.26131    -0.07950
   3.20076   5.50335   2.32534    41.42065    41.15770     0.26295
   3.82476   5.85427   2.20242    43.77506    44.00419    -0.22913
   3.41146   5.96501   2.20242    43.70353    43.71260    -0.00907
   2.99816   5.85427   2.20242    42.44035    42.25480     0.18555
   2.69561   5.55171   2.20242    39.76528    39.37384     0.39144
   4.33074   5.90978   2.00282    44.60212    45.01701    -0.41489
   4.01148   6.17767   2.00282    45.21269    45.43664    -0.22395
   3.61984   6.32021   2.00282    45.31685    45.39234    -0.07549
   3.20308   6.32021   2.00282    44.80794    44.76306     0.04488
   2.81144   6.17767   2.00282    43.46633    43.33849     0.12784
   2.49218   5.90978   2.00282    40.94939    40.80357     0.14582
   4.45396   6.25466   1.73419    46.16587    46.38548    -0.21960
   4.11414   6.49453   1.73419    46.51163    46.62305    -0.11142
   3.72221   6.63382   1.73419    46.56622    46.59026    -0.02403
   3.30723   6.66220   1.73419    46.24745    46.19811     0.04934
   2.89998   6.57758   1.73419    45.40659    45.30856     0.09803
   2.53067   6.38621   1.73419    43.79828    43.70581     0.09247
   2.22668   6.10231   1.73419    41.01465    41.04692    -0.03228
   4.78726   6.29284   1.40687    47.23829    47.28301    -0.04472
   4.48394   6.57901   1.40687    47.46482    47.46463     0.00019
   4.12281   6.78751   1.40687    47.58154    47.54908     0.03246
   3.72333   6.90710   1.40687    47.53259    47.46510     0.06749
   3.30703   6.93135   1.40687    47.23013    47.12834     0.10179
   2.89637   6.85894   1.40687    46.55242    46.42785     0.12457
   2.51347   6.69377   1.40687    45.30870    45.20068     0.10801
   2.17899   6.44476   1.40687    43.18709    43.18789    -0.00080
   1.91095   6.12532   1.40687    39.63727    39.95540    -0.31813
   5.02592   6.31139   1.03344    48.53598    48.27541     0.26057
   4.74676   6.62142   1.03344    48.43558    48.21694     0.21864
   4.40925   6.86664   1.03344    48.39981    48.22201     0.17780
   4.02813   7.03632   1.03344    48.34584    48.19074     0.15511
   3.62005   7.12306   1.03344    48.18834    48.03797     0.15036
   3.20286   7.12306   1.03344    47.83505    47.67914     0.15591
   2.79479   7.03632   1.03344    47.16989    47.01248     0.15741
   2.41367   6.86664   1.03344    46.02406    45.89481     0.12925
   2.07616   6.62142   1.03344    44.12772    44.10250     0.02523
   1.79700   6.31139   1.03344    41.00084    41.25955    -0.25871
   4.90946   6.63642   0.62824    49.40445    48.91276     0.49169
   4.58843   6.89988   0.62824    49.10387    48.73745     0.36642
   4.22217   7.09565   0.62824    48.92252    48.64578     0.27674
   3.82476   7.21620   0.62824    48.74933    48.52696     0.22237
   3.41146   7.25691   0.62824    48.48829    48.29308     0.19521
   2.99816   7.21620   0.62824    48.04275    47.85892     0.18384
   2.60075   7.09565   0.62824    47.29414    47.12251     0.17163
   2.23449   6.89988   0.62824    46.07614    45.94043     0.13571
   1.91346   6.63642   0.62824    44.11706    44.08863     0.02843
   1.64999   6.31539   0.62824    40.93935    41.18953    -0.25018
   4.97473   6.62898   0.20684    50.22021    49.46602     0.75420
   4.66438   6.89790   0.20684    49.62282    49.07677     0.54605
   4.30876   7.10322   0.20684    49.27205    48.88134     0.39071
   3.92070   7.23753   0.20684    49.01853    48.73247     0.28607
   3.51424   7.29597   0.20684    48.75121    48.52744     0.22377
   3.10406   7.27643   0.20684    48.37220    48.18074     0.19146
   2.70499   7.17962   0.20684    47.78046    47.60368     0.17678
   2.33146   7.00903   0.20684    46.84860    46.68412     0.16448
   1.99696   6.77083   0.20684    45.38964    45.25942     0.13022
   1.71359   6.47364   0.20684    43.09798    43.07212     0.02586
   1.49158   6.12818   0.20684    39.43207    39.68623    -0.25416
   4.90946   6.63642  -0.21455    50.52769    49.63095     0.89674
   4.58843   6.89988  -0.21455    49.72385    49.10150     0.62235
   4.22217   7.09565  -0.21455    49.24820    48.82863     0.41957
   3.82476   7.21620  -0.21455    48.91248    48.62936     0.28312
   3.41146   7.25691  -0.21455    48.58241    48.38229     0.20012
   2.99816   7.21620  -0.21455    48.15006    47.99062     0.15944
   2.60075   7.09565  -0.21455    47.50498    47.35724     0.14773
   2.23449   6.89988  -0.21455    46.51791    46.36203     0.15588
   1.91346   6.63642  -0.21455    45.00122    44.83413     0.16709
   1.64999   6.31539  -0.21455    42.66249    42.50960     0.15289
   4.40925   6.86664  -0.61975    49.32789    48.75910     0.56879
   4.02813   7.03632  -0.61975    48.80079    48.45473     0.34605
   3.62005   7.12306  -0.61975    48.40608    48.20589     0.20019
   3.20286   7.12306  -0.61975    47.99695    47.87908     0.11787
   2.79479   7.03632  -0.61975    47.45352    47.36562     0.08790
   2.41367   6.86664  -0.61975    46.65784    46.55351     0.10433
   2.07616   6.62142  -0.61975    45.46808    45.30332     0.16477
   1.79700   6.31139  -0.61975    43.69411    43.42234     0.27177
   1.58841   5.95009  -0.61975    41.07489    40.63614     0.43875
   4.12281   6.78751  -0.99319    48.38412    48.01936     0.36476
   3.72333   6.90710  -0.99319    47.86831    47.70975     0.15856
   3.30703   6.93135  -0.99319    47.41148    47.37608     0.03540
   2.89637   6.85894  -0.99319    46.86492    46.87845    -0.01353
   2.51347   6.69377  -0.99319    46.10187    46.09342     0.00844
   2.17899   6.44476  -0.99319    44.99871    44.88871     0.11000
   1.91095   6.12532  -0.99319    43.42805    43.11076     0.31729
   3.72221   6.63382  -1.32051    46.89190    46.86473     0.02717
   3.30723   6.66220  -1.32051    46.35852    46.47738    -0.11886
   2.89998   6.57758  -1.32051    45.72975    45.90067    -0.17091
   2.53067   6.38621  -1.32051    44.86442    44.98880    -0.12438
   2.22668   6.10231  -1.32051    43.65960    43.61531     0.04429
   0.84616   2.41153   3.84675    44.20428    44.59407    -0.38979
   1.25466   2.41153   3.81881    42.61668    42.76631    -0.14963
   1.05041   2.76530   3.81881    42.43972    42.56335    -0.12363
   0.64191   2.76530   3.81881    44.27017    44.58872    -0.31855
   0.43766   2.41153   3.81881    46.19474    46.77218    -0.57745
   0.64191   2.05776   3.81881    45.90169    46.59398    -0.69229
   1.05041   2.05776   3.81881    44.14153    44.59275    -0.45122
   1.65555   2.41153   3.73550    41.42692    41.32519     0.10173
   1.54712   2.81623   3.73550    40.55217    40.38237     0.16980
   1.25086   3.11248   3.73550    40.54088    40.44291     0.09797
   0.84616   3.22092   3.73550    41.87685    41.92682    -0.04998
   0.44147   3.11248   3.73550    44.32664    44.55107    -0.22442
   0.14521   2.81623   3.73550    46.94085    47.36916    -0.42832
   0.03677   2.41153   3.73550    48.61818    49.28922    -0.67104
   0.14521   2.00684   3.73550    48.76627    49.67626    -0.90999
   0.44147   1.71058   3.73550    47.61291    48.64224    -1.02933
   0.84616   1.60214   3.73550    45.85275    46.74182    -0.88907
   1.25086   1.71058   3.73550    44.10890    44.62191    -0.51301
   1.54712   2.00684   3.73550    42.64680    42.77752    -0.13072
   2.04137   2.41153   3.59838    40.65007    40.33524     0.31482
   1.96929   2.82032   3.59838    39.50863    39.11626     0.39237
   1.05371   3.58858   3.59838    39.41324    39.29275     0.12050
   0.63862   3.58858   3.59838    41.50787    41.50499     0.00288
   0.24856   3.44661   3.59838    44.35865    44.46032    -0.10168
  -0.06941   3.17979   3.59838    47.38512    47.60997    -0.22485
  -0.27696   2.00275   3.59838    51.81660    52.74063    -0.92403
  -0.06941   1.64327   3.59838    50.98891    52.20017    -1.21126
   0.24856   1.37646   3.59838    49.43018    50.84081    -1.41063
   1.76174   1.64327   3.59838    42.88714    43.02190    -0.13476
   1.96929   2.00275   3.59838    41.77142    41.62144     0.14999
   2.40492   2.41153   3.41001    40.31686    39.89218     0.42468
   0.32417   3.88028   3.41001    42.07451    42.02069     0.05383
  -0.05274   3.68498   3.41001    45.51515    45.47868     0.03646
  -0.36298   1.42782   3.41001    53.89052    55.25769    -1.36718
   2.17799   1.60163   3.41001    42.40897    42.26354     0.14544
   2.34711   1.99099   3.41001    41.43320    41.12687     0.30632
   0.14540   4.17033   3.17388    41.79276    41.65946     0.13330
   2.69516   2.00454   3.17388    41.49532    41.25460     0.24072
  -1.11583   4.44654  -0.15789    50.63625    50.74777    -0.11152
  -1.03732   4.29502  -0.53345    52.16863    52.24172    -0.07309
  -0.92329   4.10741  -0.88329    53.91813    53.89140     0.02673
  -0.52834   3.71353  -1.48039    55.83831    55.70194     0.13637
  -0.36298   3.39524  -1.71651    58.01137    57.96747     0.04390
  -0.06941   3.17979  -1.90489    57.77856    57.98293    -0.20436
   0.64191   2.76530  -2.12531    56.03974    57.05058    -1.01085
   1.06526   1.12625   3.64414    45.71783    46.82563    -1.10780
   1.47376   1.12625   3.61620    44.30594    45.02515    -0.71922
   0.65676   1.12625   3.61620    47.55581    48.99590    -1.44009
   0.86101   0.77248   3.61620    47.32614    48.89600    -1.56986
   1.26951   0.77248   3.61620    45.69399    46.86695    -1.17296
   1.87465   1.12625   3.53289    43.30129    43.64166    -0.34036
   0.25587   1.12625   3.53289    49.85563    51.51839    -1.66276
   0.36430   0.72156   3.53289    50.02945    51.99120    -1.96175
   0.66056   0.42530   3.53289    49.67679    51.75655    -2.07976
   1.76621   0.72156   3.53289    44.30845    44.96196    -0.65352
   2.26046   1.12625   3.39577    42.69261    42.74587    -0.05326
   2.18838   1.53504   3.39577    42.50122    42.37805     0.12317
  -0.12995   1.12625   3.39577    52.67001    54.40441    -1.73440
  -0.05787   0.71747   3.39577    52.85764    54.93252    -2.07488
   0.14968   0.35799   3.39577    52.97184    55.41961    -2.44776
   2.18838   0.71747   3.39577    43.40860    43.62081    -0.21221
   2.62401   1.12625   3.20740    42.46043    42.41343     0.04700
   2.56621   1.54680   3.20740    42.27720    42.09906     0.17814
  -0.47898   0.91401   3.20740    56.11064    57.90234    -1.79170
  -0.36445   0.50525   3.20740    56.22485    58.44002    -2.21517
  -0.14388   0.14255   3.20740    56.57626    59.31846    -2.74221
   2.56621   0.70571   3.20740    42.98377    42.92597     0.05780
  -0.81691   0.92156   2.97127    60.06458    61.55873    -1.49415
  -0.72890   0.52173   2.97127    60.06458    61.95402    -1.88943
  -0.55700   0.15018   2.97127    60.41285    62.83797    -2.42512
  -1.11732   0.91784   2.69180    64.73576    65.77611    -1.04035
  -1.03844   0.50856   2.69180    64.60775    66.00310    -1.39535
   2.70795   0.90494   3.15826    42.58907    42.54840     0.04067
   3.10885   0.90494   3.07495    41.54301    41.67396    -0.13095
   3.00041   1.30964   3.07495    41.78147    41.96907    -0.18760
   3.00041   0.50025   3.07495    41.89065    41.72516     0.16550
   3.49466   0.90494   2.93784    40.67203    41.02486    -0.35283
   3.42258   1.31372   2.93784    40.88475    41.48143    -0.59668
   3.21503   1.67320   2.93784    41.42692    41.98246    -0.55553
   3.42258   0.49616   2.93784    40.68144    40.67703     0.00442
   3.85821   0.90494   2.74946    40.01691    40.47663    -0.45973
   3.80040   0.48439   2.74946    40.00122    40.13560    -0.13438
   4.14845   0.49794   2.51334    39.76026    39.85685    -0.09659
   2.09520   1.25871  -2.78586    54.25384    55.63217    -1.37833
   2.29946   0.90494  -2.81380    54.51803    55.37541    -0.85739
   3.50632  -2.02424  -2.77126    62.32613    62.58064    -0.25452
   0.67572  -1.58677   4.10507    48.57363    50.82810    -2.25448
   0.60364  -1.99556   4.10507    48.76251    50.89646    -2.13395
   0.67572  -2.40434   4.10507    47.90031    49.70837    -1.80806
   0.25461  -1.78331   3.91669    53.18331    55.75735    -2.57404
   0.68603  -3.78719   3.86253    48.48389    48.05105     0.43284
   0.89357  -4.15484   3.72542    47.57526    46.54487     1.03040
  -1.73537  -4.73704   1.17851    57.78170    56.09924     1.68246
  -1.95664  -4.38293   0.76905    64.39816    62.23444     2.16373
  -1.73537  -4.73704   0.76905    60.41222    58.66589     1.74633
  -1.69026  -4.70427   0.36341    63.89678    62.07930     1.81748
  -1.90600  -4.45804   0.24233    67.61729    65.37502     2.24227
  -1.73154  -1.39802   2.67846    64.84369    65.58315    -0.73945
  -2.04527  -1.80681   2.54134    62.08014    62.23476    -0.15462
  -3.72113  -0.91135   3.53090    46.37107    45.54039     0.83068
  -4.34711  -1.27276   3.53090    40.22399    39.32975     0.89424
  -3.92979  -1.27276   3.53090    42.74908    41.99915     0.74993
  -3.31313  -0.91135   3.43777    48.92817    48.34941     0.57876
  -4.55110  -1.62610   3.43777    37.40082    36.60818     0.79264
  -4.13845  -1.73667   3.43777    39.36493    38.75843     0.60650
  -3.72579  -1.62610   3.43777    42.31359    41.81273     0.50087
  -3.42370  -1.32401   3.43777    45.69650    45.21891     0.47759
  -2.92357  -0.91135   3.28488    51.79903    51.51518     0.28385
  -2.99684  -0.49584   3.28488    54.43896    53.93430     0.50466
  -4.74588  -1.96347   3.28488    35.32878    34.64101     0.68778
  -4.34941  -2.10777   3.28488    37.09020    36.59421     0.49599
  -3.92749  -2.10777   3.28488    39.55067    39.16765     0.38301
  -3.53101  -1.96347   3.28488    42.59346    42.27142     0.32204
  -3.20780  -1.69226   3.28488    45.87408    45.60656     0.26752
  -2.99684  -1.32687   3.28488    48.99594    48.76657     0.22937
  -2.56115  -0.91135   3.07564    55.24845    55.27694    -0.02849
  -2.61489  -0.50312   3.07564    57.46732    57.34502     0.12230
  -2.77247  -0.12271   3.07564    59.92402    59.48364     0.44038
  -4.92709  -2.27733   3.07564    33.95454    33.37496     0.57958
  -4.54668  -2.43491   3.07564    35.56285    35.16867     0.39418
  -4.13845  -2.48865   3.07564    37.71269    37.41417     0.29852
  -3.73021  -2.43491   3.07564    40.43985    40.17004     0.26981
  -3.34980  -2.27733   3.07564    43.62572    43.37269     0.25303
  -3.02313  -2.02667   3.07564    46.99481    46.79946     0.19536
  -2.77247  -1.70000   3.07564    50.17880    50.09397     0.08483
  -2.61489  -1.31959   3.07564    52.91788    52.93894    -0.02106
  -2.23396  -0.91135   2.81472    59.53998    59.87139    -0.33140
  -2.27849  -0.50195   2.81472    61.26564    61.49289    -0.22726
  -2.40998  -0.11168   2.81472    63.29061    63.25684     0.03377
  -5.20722  -2.48768   2.81472    32.79741    32.24681     0.55060
  -4.84337  -2.68057   2.81472    34.18484    33.83663     0.34821
  -4.44656  -2.79075   2.81472    36.01089    35.76764     0.24325
  -4.03534  -2.81304   2.81472    38.39354    38.16227     0.23127
  -3.62894  -2.74642   2.81472    41.35350    41.08050     0.27300
  -3.24637  -2.59399   2.81472    44.80983    44.49852     0.31130
  -2.90551  -2.36288   2.81472    48.53911    48.25534     0.28377
  -2.62230  -2.06390   2.81472    52.15984    52.01039     0.14945
  -2.40998  -1.71103   2.81472    55.26225    55.32912    -0.06687
  -2.27849  -1.32076   2.81472    57.66687    57.93134    -0.26448
  -2.10613  -0.09774   2.50794    67.54701    67.78689    -0.23988
  -5.57202  -2.56579   2.50794    31.95906    31.33641     0.62264
  -5.23301  -2.80719   2.50794    33.08669    32.70473     0.38196
  -4.85444  -2.98008   2.50794    34.52620    34.29568     0.23052
  -4.44999  -3.07820   2.50794    36.45705    36.26744     0.18961
  -4.03428  -3.09800   2.50794    38.97587    38.73267     0.24320
  -3.62234  -3.03877   2.50794    42.12534    41.77116     0.35418
  -3.22905  -2.90266   2.50794    45.88538    45.41616     0.46922
  -2.86863  -2.69457   2.50794    50.12169    49.59906     0.52264
  -2.55410  -2.42203   2.50794    54.49606    54.05130     0.44476
  -2.29683  -2.09489   2.50794    58.45816    58.25790     0.20026
  -5.88910  -2.58922   2.16217    31.93647    31.23202     0.70445
  -5.58036  -2.86094   2.16217    32.81875    32.36941     0.44934
  -5.23013  -3.07658   2.16217    33.90434    33.64461     0.25973
  -4.84850  -3.22994   2.16217    35.39593    35.21953     0.17639
  -4.44645  -3.31659   2.16217    37.41463    37.21270     0.20193
  -4.03553  -3.33404   2.16217    40.04201    39.72282     0.31919
  -3.62758  -3.28180   2.16217    43.33832    42.84004     0.49828
  -3.23432  -3.16137   2.16217    47.33806    46.64081     0.69725
  -2.86707  -2.97620   2.16217    52.00736    51.14847     0.85889
  -2.53639  -2.73164   2.16217    57.13851    56.22838     0.91012
  -5.98148  -2.75439   1.78513    33.14944    32.52933     0.62012
  -5.67048  -3.02001   1.78513    33.83782    33.45139     0.38644
  -5.32175  -3.23372   1.78513    34.82113    34.59134     0.22979
  -4.94388  -3.39023   1.78513    36.25248    36.07214     0.18034
  -4.54618  -3.48571   1.78513    38.23227    37.99220     0.24007
  -4.13845  -3.51780   1.78513    40.84020    40.44352     0.39668
  -3.73071  -3.48571   1.78513    44.15345    43.52362     0.62983
  -3.33301  -3.39023   1.78513    48.25423    47.34005     0.91417
  -2.95514  -3.23372   1.78513    53.20339    51.99490     1.20850
  -6.24446  -2.64817   1.38523    34.60903    33.89074     0.71829
  -5.95465  -2.94929   1.38523    34.95604    34.47319     0.48286
  -5.62228  -3.20265   1.38523    35.59234    35.29484     0.29750
  -5.25512  -3.40231   1.38523    36.68170    36.47071     0.21099
  -4.86179  -3.54357   1.38523    38.33142    38.09378     0.23764
  -4.45151  -3.62314   1.38523    40.62936    40.25264     0.37672
  -4.03389  -3.63915   1.38523    43.66337    43.04537     0.61800
  -3.61872  -3.59122   1.38523    47.54137    46.59170     0.94967
  -3.21573  -3.48048   1.38523    52.39830    51.04037     1.35793
  -6.18525  -2.81051   0.97142    36.93584    36.36649     0.56935
  -5.87934  -3.09436   0.97142    37.15233    36.77672     0.37561
  -5.53453  -3.32944   0.97142    37.84071    37.58072     0.25999
  -5.15854  -3.51051   0.97142    39.10137    38.85046     0.25091
  -4.75976  -3.63352   0.97142    41.01339    40.65915     0.35425
  -4.34711  -3.69572   0.97142    43.66148    43.09179     0.56969
  -3.92979  -3.69572   0.97142    47.15357    46.25710     0.89647
  -3.51713  -3.63352   0.97142    51.64027    50.30184     1.33842
  -6.44545  -2.48424   0.55293    40.07087    39.38621     0.68467
  -6.18525  -2.81051   0.55293    39.60212    39.10433     0.49780
  -5.87934  -3.09436   0.55293    39.64166    39.29923     0.34243
  -5.53453  -3.32944   0.55293    40.27481    40.00570     0.26911
  -5.15854  -3.51051   0.55293    41.57188    41.27073     0.30114
  -4.75976  -3.63352   0.55293    43.60250    43.15657     0.44593
  -4.34711  -3.69572   0.55293    46.45641    45.74786     0.70855
  -3.92979  -3.69572   0.55293    50.26100    49.16346     1.09754
  -3.51713  -3.63352   0.55293    55.21393    53.57547     1.63846
  -6.48490  -2.30633   0.13911    43.93194    43.32168     0.61026
  -6.24446  -2.64817   0.13911    42.91035    42.45427     0.45608
  -5.95465  -2.94929   0.13911    42.56209    42.23811     0.32398
  -5.62228  -3.20265   0.13911    42.92604    42.66079     0.26525
  -5.25512  -3.40231   0.13911    44.04740    43.74195     0.30545
  -4.86179  -3.54357   0.13911    45.98578    45.52879     0.45699
  -4.45151  -3.62314   0.13911    48.83028    48.09887     0.73141
  -4.03389  -3.63915   0.13911    52.71456    51.56987     1.14469
  -3.61872  -3.59122   0.13911    57.85575    56.11943     1.73632
  -6.24711  -2.44338  -0.26078    46.88814    46.55092     0.33721
  -5.98148  -2.75439  -0.26078    46.11693    45.87343     0.24349
  -5.67048  -3.02001  -0.26078    46.17591    45.96567     0.21025
  -5.32175  -3.23372  -0.26078    47.08204    46.81780     0.26424
  -4.94388  -3.39023  -0.26078    48.88048    48.45790     0.42258
  -4.54618  -3.48571  -0.26078    51.65093    50.95018     0.70075
  -4.13845  -3.51780  -0.26078    55.52079    54.39976     1.12103
  -3.73071  -3.48571  -0.26078    60.69523    58.96583     1.72939
  -6.14747  -2.26922  -0.63783    51.20791    51.10539     0.10252
  -5.88910  -2.58922  -0.63783    50.17691    50.10442     0.07249
  -5.58036  -2.86094  -0.63783    50.17127    50.07325     0.09801
  -5.23013  -3.07658  -0.63783    51.19662    50.98753     0.20908
  -4.84850  -3.22994  -0.63783    53.30191    52.87342     0.42849
  -4.44645  -3.31659  -0.63783    56.58441    55.80343     0.78098
  -4.03553  -3.33404  -0.63783    61.20288    59.89666     1.30622
  -6.08422  -1.91447  -0.98360    56.95590    57.21180    -0.25590
  -5.85922  -2.26458  -0.98360    55.16185    55.36133    -0.19948
  -5.57202  -2.56579  -0.98360    54.66549    54.78303    -0.11754
  -5.23301  -2.80719  -0.98360    55.45615    55.42023     0.03592
  -4.85444  -2.98008  -0.98360    57.57776    57.28374     0.29402
  -4.44999  -3.07820  -0.98360    61.13951    60.44401     0.69550
  -4.03428  -3.09800  -0.98360    66.31646    65.01955     1.29690
  -5.77032  -1.89322  -1.29038    61.16398    61.80919    -0.64521
  -5.52109  -2.22107  -1.29038    60.02003    60.47844    -0.45842
  -5.20722  -2.48768  -1.29038    60.45050    60.68540    -0.23490
  -4.84337  -2.68057  -1.29038    62.50873    62.42853     0.08020
  -4.44656  -2.79075  -1.29038    66.31583    65.77462     0.54121
  -3.96566   0.09040   3.72599    53.37596    52.62159     0.75437
  -3.57985   0.09040   3.58888    55.83203    54.95107     0.88096
  -3.65193   0.49919   3.58888    59.60085    58.81045     0.79040
  -3.85947   0.85866   3.58888    62.77229    62.21802     0.55426
  -4.17745  -0.94467   3.58888    43.36906    42.41543     0.95363
  -3.85947  -0.67786   3.58888    47.37006    46.42285     0.94722
  -3.65193  -0.31838   3.58888    51.66223    50.74322     0.91901
  -3.21630   0.09040   3.40050    58.28936    57.46769     0.82167
  -3.27410   0.51095   3.40050    62.15293    61.30742     0.84552
  -3.44322   0.90031   3.40050    65.76551    64.98586     0.77964
  -3.27410  -0.33014   3.40050    54.12081    53.32056     0.80025
  -2.88179   0.09040   3.16438    60.90858    60.29449     0.61410
  -2.92605   0.49740   3.16438    64.55316    63.81697     0.73619
  -3.05677   0.88536   3.16438    68.07662    67.24090     0.83573
  -2.58254   0.09040   2.88490    63.90557    63.59026     0.31531
  -2.62216   0.50534   2.88490    67.44598    66.92019     0.52579
  -2.73960   0.90528   2.88490    70.86026    70.09953     0.76073
  -6.58340  -2.22418   0.22687    43.48641    42.83545     0.65096
  -6.73705  -1.94461  -0.16740    48.08229    47.69764     0.38465
  -7.14838  -1.11887  -0.54295    55.37458    55.79343    -0.41885
  -6.92999  -1.47525  -0.54295    53.62131    53.70409    -0.08278
  -6.65854  -1.79309  -0.54295    52.31484    52.17389     0.14095
  -6.34071  -2.06454  -0.54295    51.32588    51.10920     0.21669
  -7.21713  -0.11745  -0.89280    65.63749    66.89436    -1.25686
  -7.14687  -0.52717  -0.89280    62.42276    63.39229    -0.96953
  -7.00839  -0.91913  -0.89280    59.92653    60.58089    -0.65436
  -6.80565  -1.28205  -0.89280    58.07224    58.45012    -0.37788
  -6.54450  -1.60548  -0.89280    56.75259    56.95056    -0.19797
  -6.23244  -1.88012  -0.89280    55.90231    56.04254    -0.14023
  -6.95763  -0.11801  -1.21042    68.54788    69.88400    -1.33612
  -6.87874  -0.52730  -1.21042    65.58416    66.69121    -1.10706
  -6.72383  -0.91426  -1.21042    63.35085    64.21465    -0.86380
  -6.49848  -1.26492  -1.21042    61.80718    62.48666    -0.67948
  -6.21084  -1.56659  -1.21042    60.92992    61.52487    -0.59495
  -6.56921  -0.51412  -1.48989    68.97271    70.36420    -1.39149
  -6.39731  -0.88568  -1.48989    67.10273    68.34423    -1.24150
  -6.14955  -1.21159  -1.48989    66.10122    67.24992    -1.14870
  -5.83752  -1.47663  -1.48989    66.07612    67.21015    -1.13403
  -5.98419  -0.89331  -1.72602    71.33026    73.09570    -1.76544
  -5.83961   0.15607   4.40902    43.87233    44.15583    -0.28351
  -5.42229   0.15607   4.37774    44.87697    45.18400    -0.30703
  -5.63095   0.51747   4.37774    47.27782    47.60717    -0.32935
  -6.04827   0.51747   4.37774    46.52606    46.73184    -0.20577
  -6.25693   0.15607   4.37774    43.35714    43.51996    -0.16282
  -6.04827  -0.20534   4.37774    40.99143    41.23150    -0.24007
  -5.63095  -0.20534   4.37774    41.74381    42.01168    -0.26787
  -5.01430   0.15607   4.28462    46.43006    46.63999    -0.20993
  -5.12487   0.56872   4.28462    49.47912    49.81393    -0.33480
  -5.42695   0.87081   4.28462    51.27443    51.65832    -0.38389
  -5.83961   0.98138   4.28462    51.36354    51.62449    -0.26096
  -6.25227   0.87081   4.28462    49.72636    49.77743    -0.05107
  -6.55435   0.56872   4.28462    46.74507    46.67800     0.06707
  -6.66492   0.15607   4.28462    43.26239    43.23832     0.02407
  -6.55435  -0.25659   4.28462    40.29050    40.39448    -0.10398
  -6.25227  -0.55868   4.28462    38.58995    38.78630    -0.19634
  -5.83961  -0.66925   4.28462    38.52155    38.71942    -0.19786
  -5.42695  -0.55868   4.28462    40.09472    40.24501    -0.15029
  -5.12487  -0.25659   4.28462    42.97624    43.11313    -0.13688
  -4.62473   0.15607   4.13173    48.57488    48.55442     0.02046
  -4.69800   0.57158   4.13173    51.88751    52.05380    -0.16630
  -4.90896   0.93697   4.13173    54.45904    54.82681    -0.36777
  -5.23217   1.20818   4.13173    55.96192    56.42747    -0.46555
  -5.62865   1.35248   4.13173    56.26689    56.63811    -0.37122
  -6.05057   1.35248   4.13173    55.41787    55.53580    -0.11792
  -6.44705   1.20818   4.13173    53.47134    53.31157     0.15976
  -6.77026   0.93697   4.13173    50.56723    50.23312     0.33410
  -6.98122   0.57158   4.13173    47.07388    46.72097     0.35291
  -7.05448   0.15607   4.13173    43.51339    43.27181     0.24158
  -6.98122  -0.25945   4.13173    40.37710    40.30680     0.07030
  -6.77026  -0.62484   4.13173    38.01766    38.09828    -0.08061
  -6.44705  -0.89605   4.13173    36.63463    36.78771    -0.15307
  -6.05057  -1.04035   4.13173    36.31021    36.44124    -0.13103
  -5.62865  -1.04035   4.13173    37.05506    37.09870    -0.04363
  -5.23217  -0.89605   4.13173    38.84284    38.78286     0.05998
  -4.90896  -0.62484   4.13173    41.56937    41.44058     0.12878
  -4.69800  -0.25945   4.13173    44.96482    44.84173     0.12309
  -4.26231   0.15607   3.92249    51.32714    50.94925     0.37789
  -4.31606   0.56430   3.92249    54.90332    54.74341     0.15990
  -4.47363   0.94471   3.92249    57.95427    58.09144    -0.13718
  -4.72429   1.27138   3.92249    60.23338    60.66785    -0.43446
  -5.05096   1.52204   3.92249    61.51664    62.12411    -0.60747
  -5.43137   1.67962   3.92249    61.77580    62.33464    -0.55884
  -5.83961   1.73336   3.92249    61.18782    61.48654    -0.29871
  -6.95493   1.27138   3.92249    54.83115    54.20797     0.62318
  -7.20559   0.94471   3.92249    51.35412    50.66377     0.69035
  -7.36316   0.56430   3.92249    47.63864    47.01893     0.61971
  -7.41690   0.15607   3.92249    44.03611    43.58140     0.45470
  -7.36316  -0.25217   3.92249    40.82765    40.57907     0.24858
  -7.20559  -0.63258   3.92249    38.20592    38.14810     0.05782
  -6.95493  -0.95925   3.92249    36.28197    36.35272    -0.07075
  -6.62826  -1.20991   3.92249    35.10288    35.21391    -0.11103
  -6.24784  -1.36749   3.92249    34.67429    34.73691    -0.06261
  -5.83961  -1.42123   3.92249    34.98554    34.93496     0.05058
  -5.43137  -1.36749   3.92249    36.03913    35.84563     0.19349
  -5.05096  -1.20991   3.92249    37.86079    37.52717     0.33362
  -4.72429  -0.95925   3.92249    40.46181    40.01604     0.44578
  -4.47363  -0.63258   3.92249    43.75498    43.24851     0.50648
  -4.31606  -0.25217   3.92249    47.49557    47.00466     0.49090
  -4.11115   0.95574   3.66156    62.30856    62.04985     0.25871
  -7.64440   0.76417   3.66156    50.47561    49.55092     0.92469
  -7.73293   0.36198   3.66156    46.59133    45.84884     0.74248
  -7.73293  -0.04985   3.66156    43.03209    42.51986     0.51223
  -7.64440  -0.45204   3.66156    39.95102    39.67368     0.27734
  -7.47148  -0.82580   3.66156    37.44035    37.36022     0.08013
  -7.22226  -1.15365   3.66156    35.54339    35.58962    -0.04622
  -6.90838  -1.42026   3.66156    34.26829    34.35015    -0.08185
  -6.54453  -1.61316   3.66156    33.59560    33.62314    -0.02754
  -6.14772  -1.72333   3.66156    33.49395    33.39704     0.09691
  -5.73650  -1.74563   3.66156    33.94199    33.68256     0.25943
  -5.33011  -1.67900   3.66156    34.95667    34.52772     0.42895
  -4.94753  -1.52657   3.66156    36.61079    36.02317     0.58762
  -4.60667  -1.29546   3.66156    39.00662    38.27772     0.72890
  -4.32346  -0.99648   3.66156    42.19499    41.34824     0.84675
  -7.94006   0.77281   3.35479    51.65031    50.54653     1.10378
  -8.01883   0.36416   3.35479    47.54137    46.66776     0.87362
  -8.01883  -0.05203   3.35479    43.81962    43.20859     0.61103
  -7.94006  -0.46068   3.35479    40.59045    40.23771     0.35274
  -7.78538  -0.84705   3.35479    37.91036    37.77685     0.13350
  -7.56038  -1.19716   3.35479    35.80255    35.81776    -0.01521
  -7.27318  -1.49837   3.35479    34.26076    34.33508    -0.07432
  -6.93417  -1.73978   3.35479    33.25675    33.29573    -0.03899
  -6.55560  -1.91266   3.35479    32.74533    32.66672     0.07861
  -6.15115  -2.01078   3.35479    32.67316    32.42436     0.24880
  -5.73545  -2.03058   3.35479    33.00072    32.56790     0.43283
  -5.32350  -1.97136   3.35479    33.73868    33.13890     0.59978
  -4.93021  -1.83524   3.35479    34.98177    34.24205     0.73973
  -8.18624   0.76708   3.00902    52.75849    51.57967     1.17882
  -8.25575   0.36171   3.00902    48.53535    47.61921     0.91614
  -8.25575  -0.04958   3.00902    44.74394    44.10676     0.63718
  -8.18624  -0.45495   3.00902    41.44889    41.07901     0.36988
  -8.04922  -0.84274   3.00902    38.68094    38.53788     0.14306
  -7.84864  -1.20180   3.00902    36.44701    36.46368    -0.01667
  -7.59026  -1.52180   3.00902    34.73328    34.82408    -0.09080
  -7.28152  -1.79353   3.00902    33.50901    33.57961    -0.07060
  -6.93129  -2.00916   3.00902    32.72337    32.68720     0.03616
  -6.54967  -2.16252   3.00902    32.30984    32.10361     0.20623
  -6.14761  -2.24917   3.00902    32.19249    31.79109     0.40140
  -5.73670  -2.26662   3.00902    32.30607    31.72883     0.57725
  -5.32874  -2.21438   3.00902    32.63049    31.93416     0.69633
  -8.41397   0.56380   2.63197    51.70867    50.70023     1.00844
  -8.44606   0.15607   2.63197    47.59848    46.87715     0.72132
  -8.41397  -0.25167   2.63197    43.98591    43.54426     0.44165
  -8.31849  -0.64937   2.63197    40.89479    40.70144     0.19336
  -8.16197  -1.02724   2.63197    38.32891    38.32764     0.00127
  -7.94827  -1.37597   2.63197    36.27444    36.38937    -0.11492
  -7.68265  -1.68697   2.63197    34.70567    34.84549    -0.13982
  -7.37164  -1.95259   2.63197    33.57741    33.64936    -0.07196
  -7.02291  -2.16630   2.63197    32.82753    32.74932     0.07822
  -6.64504  -2.32281   2.63197    32.36882    32.08873     0.28009
  -6.24735  -2.41829   2.63197    32.09648    31.60748     0.48900
  -5.83961  -2.45038   2.63197    31.89443    31.24807     0.64635
  -8.56140   0.36503   2.23208    50.74983    50.02291     0.72692
  -8.56140  -0.05290   2.23208    46.72624    46.28851     0.43773
  -8.49760  -0.46593   2.23208    43.26239    43.08672     0.17567
  -8.37150  -0.86438   2.23208    40.35890    40.39369    -0.03479
  -8.18606  -1.23891   2.23208    38.00009    38.17186    -0.17177
  -7.94562  -1.58075   2.23208    36.15835    36.37538    -0.21702
  -7.65581  -1.88188   2.23208    34.78850    34.95191    -0.16341
  -7.32344  -2.13523   2.23208    33.82590    33.84196    -0.01606
  -6.95628  -2.33489   2.23208    33.17643    32.97621     0.20022
  -6.56296  -2.47615   2.23208    32.71270    32.27166     0.44103
  -6.15267  -2.55572   2.23208    32.26528    31.62820     0.63708
  -8.60059   0.57222   1.81826    54.15909    53.50965     0.64944
  -8.63178   0.15607   1.81826    49.80606    49.43932     0.36674
  -8.60059  -0.26009   1.81826    46.03535    45.92783     0.10752
  -8.50773  -0.66694   1.81826    42.84572    42.95227    -0.10655
  -8.35527  -1.05541   1.81826    40.22148    40.47502    -0.25354
  -8.14661  -1.41682   1.81826    38.13563    38.44956    -0.31392
  -7.88641  -1.74309   1.81826    36.54741    36.82259    -0.27518
  -7.58050  -2.02694   1.81826    35.39593    35.53314    -0.13721
  -7.23569  -2.26203   1.81826    34.59272    34.50873     0.08399
  -6.85970  -2.44309   1.81826    34.00913    33.65872     0.35041
  -6.46093  -2.56610   1.81826    33.46194    32.86437     0.59758
  -8.60059   0.57222   1.39977    55.43419    55.07517     0.35902
  -8.63178   0.15607   1.39977    51.05041    50.94885     0.10156
  -8.60059  -0.26009   1.39977    47.27782    47.40450    -0.12668
  -8.50773  -0.66694   1.39977    44.11015    44.41354    -0.30339
  -8.35527  -1.05541   1.39977    41.52670    41.93433    -0.40763
  -8.14661  -1.41682   1.39977    39.49545    39.91664    -0.42119
  -7.88641  -1.74309   1.39977    37.96997    38.30262    -0.33265
  -7.58050  -2.02694   1.39977    36.88062    37.02437    -0.14375
  -7.23569  -2.26203   1.39977    36.12133    35.99768     0.12365
  -6.85970  -2.44309   1.39977    35.53586    35.11115     0.42471
  -6.46093  -2.56610   1.39977    34.88890    34.20826     0.68064
  -8.56140   0.36503   0.98596    54.58454    54.66534    -0.08080
  -8.56140  -0.05290   0.98596    50.51075    50.79791    -0.28716
  -8.49760  -0.46593   0.98596    47.07827    47.52519    -0.44692
  -8.37150  -0.86438   0.98596    44.27142    44.80905    -0.53763
  -8.18606  -1.23891   0.98596    42.06133    42.60040    -0.53907
  -7.94562  -1.58075   0.98596    40.40283    40.84084    -0.43801
  -7.65581  -1.88188   0.98596    39.22750    39.46035    -0.23285
  -7.32344  -2.13523   0.98596    38.42931    38.37036     0.05895
  -6.95628  -2.33489   0.98596    37.84384    37.45032     0.39352
  -6.56296  -2.47615   0.98596    37.21696    36.52413     0.69283
  -8.41397   0.56380   0.58606    58.42427    58.73136    -0.30709
  -8.44606   0.15607   0.58606    54.14466    54.61904    -0.47438
  -8.41397  -0.25167   0.58606    50.51389    51.11840    -0.60452
  -8.31849  -0.64937   0.58606    47.52882    48.20142    -0.67260
  -8.16197  -1.02724   0.58606    45.16876    45.82665    -0.65789
  -7.94827  -1.37597   0.58606    43.39667    43.94128    -0.54461
  -7.68265  -1.68697   0.58606    42.15107    42.47975    -0.32868
  -7.37164  -1.95259   0.58606    41.33468    41.35740    -0.02272
  -7.02291  -2.16630   0.58606    40.79126    40.45721     0.33405
  -6.64504  -2.32281   0.58606    40.27607    39.60496     0.67111
  -8.18624   0.76708   0.20902    62.87708    63.43909    -0.56201
  -8.25575   0.36171   0.20902    58.24543    58.92829    -0.68286
  -8.25575  -0.04958   0.20902    54.30781    55.08355    -0.77574
  -8.18624  -0.45495   0.20902    51.07990    51.89027    -0.81037
  -8.04922  -0.84274   0.20902    48.55292    49.31539    -0.76247
  -7.84864  -1.20180   0.20902    46.69486    47.30951    -0.61465
  -7.59026  -1.52180   0.20902    45.44487    45.80599    -0.36113
  -7.28152  -1.79353   0.20902    44.69687    44.71397    -0.01709
  -6.93129  -2.00916   0.20902    44.27331    43.90188     0.37142
  -7.94006   0.77281  -0.13675    65.52391    66.40389    -0.87998
  -8.01883   0.36416  -0.13675    60.79563    61.73302    -0.93739
  -8.01883  -0.05203  -0.13675    56.84860    57.80898    -0.96039
  -7.94006  -0.46068  -0.13675    53.71293    54.62890    -0.91597
  -7.78538  -0.84705  -0.13675    51.38738    52.16408    -0.77670
  -7.56038  -1.19716  -0.13675    49.83241    50.36162    -0.52921
  -7.27318  -1.49837  -0.13675    48.95955    49.14119    -0.18164
  -7.47148   1.13793  -0.44353    74.30403    75.48852    -1.18449
  -7.64440   0.76417  -0.44353    68.72045    69.90024    -1.17979
  -7.73293   0.36198  -0.44353    63.93945    65.10404    -1.16459
  -7.73293  -0.04985  -0.44353    60.04638    61.15375    -1.10737
  -7.64440  -0.45204  -0.44353    57.09207    58.06730    -0.97523
  -7.47148  -0.82580  -0.44353    55.08341    55.82750    -0.74409
  -7.22226  -1.15365  -0.44353    53.97209    54.38400    -0.41191
  -7.36316   0.56430  -0.70445    70.31934    71.76461    -1.44526
  -7.41690   0.15607  -0.70445    65.80190    67.13183    -1.32992
  -7.36316  -0.25217  -0.70445    62.46041    63.60627    -1.14585
  -4.32389   3.24538  -2.29351    69.10637    67.91181     1.19456
  -5.85089   3.57598   3.30545    64.91649    65.04927    -0.13278
  -6.07146   3.21328   3.30545    67.11653    67.39569    -0.27916
  -6.18599   2.80452   3.30545    69.74329    70.05336    -0.31007
  -5.34252   4.35107   3.06932    60.40218    60.00266     0.39953
  -5.70423   4.15931   3.06932    61.89126    61.61479     0.27648
  -6.01625   3.89427   3.06932    63.74995    63.65549     0.09445
  -6.26401   3.56835   3.06932    65.96694    66.04684    -0.07990
  -6.43591   3.19680   3.06932    68.62507    68.78349    -0.15842
  -4.53743   4.78230   2.78985    56.46142    55.92891     0.53251
  -4.95378   4.76246   2.78985    57.25459    56.63575     0.61884
  -5.35885   4.66420   2.78985    58.54162    57.92964     0.61198
  -5.73801   4.49104   2.78985    60.23401    59.72921     0.50480
  -6.07754   4.24926   2.78985    62.24957    61.92829     0.32128
  -6.36518   3.94759   2.78985    64.53998    64.42958     0.11040
  -6.59053   3.59694   2.78985    67.14791    67.19977    -0.05187
  -6.74545   3.20997   2.78985    70.26538    70.33038    -0.06500
  -3.35672   4.67929   2.47223    54.56634    54.44998     0.11636
  -3.72792   4.86645   2.47223    53.83655    53.57189     0.26466
  -4.12540   4.98817   2.47223    53.74933    53.30256     0.44677
  -4.53773   5.04097   2.47223    54.25322    53.64098     0.61223
  -4.95306   5.02333   2.47223    55.29112    54.57266     0.71845
  -5.35944   4.93575   2.47223    56.79275    56.05804     0.73471
  -5.74516   4.78075   2.47223    58.67779    58.02514     0.65265
  -6.09915   4.56280   2.47223    60.85713    60.37177     0.48535
  -2.26842   3.80155   2.12239    60.37081    59.94917     0.42164
  -2.48681   4.15793   2.12239    56.92703    56.79131     0.13572
  -2.75827   4.47576   2.12239    54.36366    54.37158    -0.00792
  -3.07610   4.74722   2.12239    52.63299    52.64418    -0.01119
  -3.43248   4.96561   2.12239    51.65093    51.55542     0.09552
  -3.81864   5.12556   2.12239    51.34659    51.07607     0.27052
  -4.22507   5.22314   2.12239    51.66160    51.19567     0.46593
  -4.64175   5.25593   2.12239    52.54200    51.90743     0.63457
  -5.05844   5.22314   2.12239    53.93068    53.19330     0.73737
  -5.46487   5.12556   2.12239    55.76238    55.01157     0.75080
  -5.85103   4.96561   2.12239    57.95740    57.28791     0.66949
  -2.28422   4.15200   1.74683    56.22234    56.05503     0.16731
  -2.53644   4.47864   1.74683    53.19712    53.27416    -0.07704
  -2.83354   4.76507   1.74683    51.12445    51.28770    -0.16325
  -3.16917   5.00520   1.74683    49.86065    49.98052    -0.11987
  -3.53619   5.19389   1.74683    49.30279    49.28525     0.01754
  -3.92677   5.32714   1.74683    49.37998    49.17304     0.20694
  -4.33259   5.40210   1.74683    50.03824    49.63424     0.40399
  -4.74499   5.41717   1.74683    51.22925    50.66152     0.56773
  -5.15520   5.37203   1.74683    52.90282    52.23624     0.66657
  -5.55447   5.26765   1.74683    54.99870    54.31688     0.68182
  -5.93428   5.10625   1.74683    57.44034    56.82981     0.61053
  -2.15082   4.14878   1.35256    55.67515    55.56988     0.10527
  -2.39169   4.48030   1.35256    52.26150    52.44959    -0.18809
  -2.67635   4.77508   1.35256    49.91022    50.23859    -0.32837
  -2.99926   5.02737   1.35256    48.42805    48.76376    -0.33572
  -3.35415   5.23226   1.35256    47.68570    47.92292    -0.23722
  -3.73409   5.38577   1.35256    47.59911    47.66888    -0.06977
  -4.13170   5.48490   1.35256    48.11304    47.98463     0.12840
  -4.53924   5.52774   1.35256    49.18168    48.86395     0.31774
  -4.94878   5.51343   1.35256    50.76050    50.29700     0.46350
  -5.35234   5.44228   1.35256    52.80053    52.25860     0.54194
  -5.74207   5.31565   1.35256    55.23966    54.69718     0.54249
  -2.10354   4.17832   0.94692    54.85123    54.95966    -0.10843
  -2.34898   4.51614   0.94692    51.24996    51.61715    -0.36719
  -2.63904   4.81651   0.94692    48.77380    49.28381    -0.51001
  -2.96809   5.07359   0.94692    47.22009    47.75113    -0.53104
  -3.32971   5.28237   0.94692    46.45265    46.89973    -0.44709
  -3.71686   5.43879   0.94692    46.38676    46.67435    -0.28759
  -4.12202   5.53981   0.94692    46.96344    47.05406    -0.09062
  -4.53730   5.58346   0.94692    48.13563    48.03066     0.10497
  -4.95461   5.56888   0.94692    49.85751    49.59318     0.26433
  -5.36583   5.49637   0.94692    52.07827    51.71498     0.36329
  -2.10354   4.17832   0.53746    54.63474    54.93464    -0.29990
  -2.34898   4.51614   0.53746    50.91487    51.41690    -0.50203
  -2.63904   4.81651   0.53746    48.30631    48.95121    -0.64490
  -2.96809   5.07359   0.53746    46.64404    47.33004    -0.68600
  -3.32971   5.28237   0.53746    45.80443    46.42968    -0.62526
  -3.71686   5.43879   0.53746    45.70465    46.18888    -0.48422
  -4.12202   5.53981   0.53746    46.28322    46.58088    -0.29766
  -4.53730   5.58346   0.53746    47.48992    47.59248    -0.10256
  -4.95461   5.56888   0.53746    49.27518    49.20857     0.06661
  -5.36583   5.49637   0.53746    51.58379    51.39879     0.18501
  -2.39169   4.48030   0.13182    51.41750    51.92043    -0.50293
  -2.67635   4.77508   0.13182    48.60626    49.28224    -0.67598
  -2.99926   5.02737   0.13182    46.77330    47.52804    -0.75474
  -3.35415   5.23226   0.13182    45.80380    46.53296    -0.72916
  -3.73409   5.38577   0.13182    45.60990    46.22752    -0.61762
  -4.13170   5.48490   0.13182    46.12509    46.57537    -0.45028
  -4.53924   5.52774   0.13182    47.29037    47.55434    -0.26397
  -4.94878   5.51343   0.13182    49.05116    49.14160    -0.09044
  -5.35234   5.44228   0.13182    51.34659    51.30037     0.04622
  -2.83354   4.76507  -0.26245    49.04552    49.65610    -0.61059
  -3.16917   5.00520  -0.26245    47.17993    47.89934    -0.71941
  -3.53619   5.19389  -0.26245    46.27569    46.98229    -0.70660
  -3.92677   5.32714  -0.26245    46.22611    46.82569    -0.59958
  -4.33259   5.40210  -0.26245    46.94524    47.38125    -0.43601
  -4.74499   5.41717  -0.26245    48.35776    48.61163    -0.25386
  -5.15520   5.37203  -0.26245    50.38964    50.47359    -0.08395
  -5.55447   5.26765  -0.26245    52.95490    52.90222     0.05268
  -3.07610   4.74722  -0.63800    49.76778    50.23222    -0.46444
  -3.43248   4.96561  -0.63800    48.01828    48.60382    -0.58554
  -3.81864   5.12556  -0.63800    47.35312    47.91617    -0.56305
  -4.22507   5.22314  -0.63800    47.62985    48.07362    -0.44377
  -4.64175   5.25593  -0.63800    48.73427    49.00779    -0.27352
  -5.05844   5.22314  -0.63800    50.56221    50.65309    -0.09089
  -5.46487   5.12556  -0.63800    53.00133    52.92585     0.07548
  -3.35672   4.67929  -0.98785    51.02091    51.26579    -0.24487
  -3.72792   4.86645  -0.98785    49.50109    49.85303    -0.35194
  -4.12540   4.98817  -0.98785    49.15219    49.46057    -0.30838
  -4.53773   5.04097  -0.98785    49.79790    49.97074    -0.17284
  -4.95306   5.02333  -0.98785    51.29012    51.28429     0.00583
  -5.35944   4.93575  -0.98785    53.48326    53.29230     0.19097
  -5.74516   4.78075  -0.98785    56.21544    55.85504     0.36040
  -3.73095   4.58665  -1.30547    52.49493    52.48550     0.00944
  -4.12485   4.72298  -1.30547    51.55681    51.57711    -0.02030
  -4.53743   4.78230  -1.30547    51.83856    51.75709     0.08147
  -4.95378   4.76246  -1.30547    53.12558    52.87199     0.25359
  -5.35885   4.66420  -1.30547    55.21519    54.76475     0.45044
  -5.73801   4.49104  -1.30547    57.89340    57.25008     0.64332
  -4.13525   4.41653  -1.58494    54.73201    54.37965     0.35236
  -4.53925   4.48276  -1.58494    54.54815    54.13303     0.41511
  -4.94805   4.46060  -1.58494    55.55404    54.97949     0.57456
  -5.34252   4.35107  -1.58494    57.48301    56.70656     0.77645
  -5.70423   4.15931  -1.58494    60.06835    59.08298     0.98536
  -6.01625   3.89427  -1.58494    63.04462    61.86708     1.17755
  -6.26401   3.56835  -1.58494    66.19158    64.85191     1.33967
  -4.32462   4.11842  -1.82107    58.15884    57.41788     0.74096
  -4.74813   4.14739  -1.82107    58.14189    57.30004     0.84186
  -5.16375   4.06102  -1.82107    59.56634    58.52868     1.03766
  -5.54066   3.86573  -1.82107    62.02680    60.76019     1.26661
  -5.85089   3.57598  -1.82107    65.15494    63.66629     1.48865
  -4.43421   3.76932  -2.00944    62.25459    61.17947     1.07512
  -4.84930   3.76932  -2.00944    62.20313    61.00267     1.20047
  -5.23936   3.62735  -2.00944    63.90557    62.49496     1.41061
  -4.03569   2.84454  -2.79278    73.71731    72.65071     1.06659
  -5.55265  -0.37134  -2.59281    76.81909    79.04356    -2.22447
  -5.45716   0.24329  -2.96836    77.35561    78.99643    -1.64082
  -5.42436  -0.17340  -2.96836    76.34720    78.35697    -2.00977
  -5.32679  -0.57983  -2.96836    75.69584    77.86649    -2.17065
  -5.23558   0.03544  -3.31821    76.14012    77.91754    -1.77742
  -5.16533  -0.37429  -3.31821    75.75169    77.78271    -2.03102
  -5.02684  -0.76625  -3.31821    75.84896    77.97263    -2.12367
  -4.89720  -0.37441  -3.63583    76.18216    78.09784    -1.91568
  -4.74228  -0.76138  -3.63583    76.72370    78.75404    -2.03033
  -4.51693  -1.11203  -3.63583    78.02014    80.06127    -2.04113
  -4.22929  -1.41370  -3.63583    80.23650    82.27206    -2.03556
  -4.41576  -0.73279  -3.91530    78.24541    80.11311    -1.86769
  -4.16800  -1.05871  -3.91530    80.08276    82.04004    -1.95728
   0.53923   2.72286  -2.12516    56.99041    58.05751    -1.06709
   0.15662   2.89506  -2.12516    58.56107    59.23103    -0.66996
  -0.24395   3.01988  -2.12516    60.85022    61.09598    -0.24575
  -0.65664   3.09551  -2.12516    63.78383    63.50248     0.28135
   1.43593   1.93578  -2.54089    55.51200    57.91477    -2.40277
   1.13555   2.22705  -2.54089    56.09119    58.13309    -2.04189
   0.80166   2.47919  -2.54089    56.92013    58.48682    -1.56669
   0.43931   2.68839  -2.54089    58.12683    59.21314    -1.08631
   0.05400   2.85148  -2.54089    59.84621    60.44276    -0.59655
  -0.34844   2.96598  -2.54089    62.11591    62.17798    -0.06207
  -0.76189   3.03016  -2.54089    64.90080    64.36749     0.53331
  -1.18010   3.04305  -2.54089    68.14690    66.97617     1.17073
   2.09008   0.47646  -2.94440    57.49681    58.28652    -0.78971
   1.95794   0.87445  -2.94440    56.84922    57.95822    -1.10899
   1.77600   1.25226  -2.94440    56.43569    57.94117    -1.50548
   1.54723   1.60371  -2.94440    56.38612    58.16248    -1.77636
   1.27540   1.92302  -2.94440    56.71243    58.50434    -1.79191
   0.96496   2.20495  -2.94440    57.37570    58.95085    -1.57515
   0.62103   2.44487  -2.94440    58.38913    59.59840    -1.20927
   0.24923   2.63883  -2.94440    59.81546    60.56842    -0.75296
  -0.14431   2.78366  -2.94440    61.70426    61.93334    -0.22907
  -0.55315   2.87697  -2.94440    64.05742    63.70911     0.34831
  -0.97055   2.91724  -2.94440    66.84106    65.88895     0.95211
  -1.38969   2.90380  -2.94440    70.00433    68.47423     1.53010
   2.02365  -0.35364  -3.32981    60.86842    60.81919     0.04923
   1.99479   0.06836  -3.32981    59.83429    60.01045    -0.17617
   1.90873   0.48249  -3.32981    58.93318    59.38475    -0.45157
   1.76708   0.88105  -3.32981    58.26175    59.03271    -0.77097
   1.57248   1.25660  -3.32981    57.91787    58.98665    -1.06878
   1.32856   1.60217  -3.32981    57.95803    59.19581    -1.23777
   1.03985   1.91129  -3.32981    58.39039    59.60386    -1.21347
   0.71174   2.17823  -3.32981    59.21431    60.21463    -1.00033
   0.35034   2.39801  -3.32981    60.44862    61.08591    -0.63729
  -0.03762   2.56652  -3.32981    62.11968    62.28316    -0.16348
  -0.44492   2.68064  -3.32981    64.23250    63.84898     0.38352
  -0.86395   2.73823  -3.32981    66.76701    65.80569     0.96132
  -1.28693   2.73823  -3.32981    69.68618    68.17484     1.51135
  -1.70597   2.68064  -3.32981    72.96053    70.99499     1.96554
   1.80500  -0.35364  -3.69151    63.17452    62.71949     0.45503
   1.77430   0.06576  -3.69151    61.77957    61.58460     0.19496
   1.68287   0.47622  -3.69151    60.73037    60.82346    -0.09309
   1.53265   0.86899  -3.69151    60.04011    60.41723    -0.37712
   1.32684   1.23570  -3.69151    59.74832    60.34420    -0.59589
   1.06983   1.56854  -3.69151    59.87821    60.56192    -0.68371
   0.76710   1.86041  -3.69151    60.43795    61.04013    -0.60218
   0.42510   2.10509  -3.69151    61.43130    61.78538    -0.35409
   0.05111   2.29737  -3.69151    62.86390    62.83213     0.03177
  -0.34688   2.43315  -3.69151    64.73576    64.22006     0.51570
  -0.76041   2.50953  -3.69151    67.02994    65.98303     1.04691
  -1.18064   2.52489  -3.69151    69.71882    68.15439     1.56443
  -1.59864   2.47889  -3.69151    72.78169    70.77943     2.00226
   1.54434  -0.35364  -4.02421    65.51387    64.78085     0.73302
   1.51042   0.06661  -4.02421    63.86415    63.36330     0.50085
   1.40952   0.47597  -4.02421    62.72522    62.47301     0.25221
   1.24426   0.86384  -4.02421    62.06257    62.02815     0.03443
   1.01893   1.22018  -4.02421    61.87871    61.97330    -0.09459
   0.73935   1.53576  -4.02421    62.18054    62.26505    -0.08450
   0.41277   1.80241  -4.02421    62.96744    62.88304     0.08441
   0.04764   2.01321  -4.02421    64.23564    63.83471     0.40093
  -0.34657   2.16272  -4.02421    65.97321    65.14520     0.82801
  -0.75966   2.24705  -4.02421    68.15694    66.84598     1.31096
  -1.18093   2.26403  -4.02421    70.75609    68.97246     1.78363
  -1.59947   2.21321  -4.02421    73.74617    71.56714     2.17903
   1.24549  -0.35364  -4.32307    67.80428    66.94420     0.86008
   1.20819   0.06078  -4.32307    66.05228    65.32439     0.72789
   1.09749   0.46188  -4.32307    64.91837    64.34445     0.57392
   0.91696   0.83677  -4.32307    64.34859    63.89240     0.45619
   0.67238   1.17339  -4.32307    64.32914    63.89584     0.43330
   0.37163   1.46094  -4.32307    64.85436    64.31016     0.54420
   0.02437   1.69016  -4.32307    65.91234    65.11791     0.79443
  -0.35824   1.85370  -4.32307    67.48237    66.32450     1.15787
  -0.76390   1.94629  -4.32307    69.53119    67.94876     1.58243
  -1.17957   1.96496  -4.32307    72.01487    70.01490     1.99998
  -1.59190   1.90910  -4.32307    74.88636    72.54384     2.34252
   0.86933   0.05974  -4.58373    68.32323    67.45857     0.86466
   0.74089   0.45505  -4.58373    67.29035    66.44553     0.84482
   0.53307   0.81501  -4.58373    66.92703    66.06810     0.85893
   0.25494   1.12390  -4.58373    67.21317    66.24625     0.96692
  -0.08133   1.36822  -4.58373    68.12871    66.93494     1.19377
  -0.46105   1.53728  -4.58373    69.64038    68.11731     1.52306
  -0.86762   1.62370  -4.58373    71.69484    69.79334     1.90151
  -1.28327   1.62370  -4.58373    74.21806    71.96348     2.25458
  -1.68984   1.53728  -4.58373    77.11025    74.60317     2.50708
   0.33317   0.45963  -4.80238    69.96605    68.88210     1.08395
   0.07469   0.79650  -4.80238    70.00872    68.75027     1.25845
  -0.26218   1.05498  -4.80238    70.87218    69.35733     1.51484
  -0.65447   1.21747  -4.80238    72.49806    70.65250     1.84556
  -1.07544   1.27290  -4.80238    74.78595    72.60009     2.18586
  -1.10566  -4.52895  -3.26407    73.53094    73.87709    -0.34615
  -0.69039  -4.48530  -3.26407    74.24818    74.43973    -0.19155
  -0.28523  -4.38428  -3.26407    75.22709    75.20324     0.02385
  -4.14022  -1.74266  -3.66971    79.26826    81.13861    -1.87035
  -1.10761  -4.47323  -3.66971    71.43254    71.90991    -0.47737
  -0.70007  -4.43039  -3.66971    71.95024    72.26995    -0.31971
  -4.02936  -1.33142  -4.06398    79.11577    80.98395    -1.86818
  -4.02936  -1.74410  -4.06398    77.02052    78.83746    -1.81694
  -1.31336  -4.36266  -4.06398    69.63598    70.22663    -0.59065
  -0.90095  -4.34759  -4.06398    69.91209    70.35877    -0.44669
  -0.49513  -4.27263  -4.06398    70.45426    70.72894    -0.27468
   1.16322  -0.32849  -4.43954    67.95551    67.13255     0.82296
  -3.84098  -1.12108  -4.43954    78.29813    79.85893    -1.56080
  -3.87377  -1.53776  -4.43954    76.10435    77.79738    -1.69303
  -3.84098  -1.95445  -4.43954    74.29650    76.01865    -1.72215
  -3.74340  -2.36088  -4.43954    72.86452    74.53989    -1.67537
  -1.62681  -4.16863  -4.43954    68.31759    69.00430    -0.68671
  -1.21012  -4.20142  -4.43954    68.34143    68.88715    -0.54571
  -0.79343  -4.16863  -4.43954    68.62820    69.02650    -0.39830
  -0.38700  -4.07105  -4.43954    69.14653    69.38237    -0.23584
   1.10079  -0.72127  -4.78939    67.71330    67.19608     0.51722
   0.92956  -0.34247  -4.78939    68.08792    67.44406     0.64386
   0.69678   0.00195  -4.78939    68.96706    68.15406     0.81300
  -3.65220  -1.74561  -4.78939    73.66146    75.23720    -1.57574
  -3.58194  -2.15534  -4.78939    72.08013    73.69169    -1.61155
  -3.44346  -2.54730  -4.78939    70.82323    72.38137    -1.55814
  -3.24072  -2.91021  -4.78939    69.83177    71.27298    -1.44121
  -2.66751  -3.50829  -4.78939    68.37720    69.48954    -1.11234
  -2.31353  -3.72624  -4.78939    67.84884    68.78669    -0.93785
  -1.92780  -3.88124  -4.78939    67.47484    68.24589    -0.77105
  -1.52143  -3.96882  -4.78939    67.29726    67.91399    -0.61674
  -1.10610  -3.98647  -4.78939    67.34871    67.82343    -0.47472
  -0.69376  -3.93366  -4.78939    67.62984    67.97063    -0.34079
  -0.29628  -3.81194  -4.78939    68.10172    68.30480    -0.20307
   0.82534  -0.72289  -5.10700    67.68568    67.38561     0.30007
   0.63434  -0.35240  -5.10700    68.34771    67.88187     0.46584
  -3.31381  -2.15546  -5.10700    70.89853    72.35124    -1.45271
  -3.15890  -2.54243  -5.10700    69.62783    71.03205    -1.40422
  -2.93354  -2.89308  -5.10700    68.62758    69.90751    -1.27993
  -2.64590  -3.19475  -5.10700    67.84256    68.95434    -1.11177
  -2.30637  -3.43653  -5.10700    67.24015    68.16628    -0.92613
  -1.92722  -3.60969  -5.10700    66.81847    67.56366    -0.74519
  -1.52214  -3.70795  -5.10700    66.59884    67.18122    -0.58238
  -1.10579  -3.72779  -5.10700    66.59884    67.04342    -0.44459
  -0.69321  -3.66847  -5.10700    66.81219    67.14039    -0.32820
  -0.29932  -3.53214  -5.10700    67.19121    67.41462    -0.22341
   0.68315  -1.53776  -5.38648    67.17175    67.26133    -0.08957
   0.63888  -1.13077  -5.38648    67.32173    67.33694    -0.01521
   0.50816  -0.74280  -5.38648    67.82687    67.70852     0.11835
  -2.83237  -2.51384  -5.38648    68.73363    69.93686    -1.20323
  -2.58462  -2.83976  -5.38648    67.74906    68.82369    -1.07462
  -2.27259  -3.10480  -5.38648    67.01111    67.91511    -0.90400
  -1.91089  -3.29656  -5.38648    66.49718    67.22343    -0.72625
  -1.51641  -3.40609  -5.38648    66.20476    66.77136    -0.56660
  -1.10762  -3.42825  -5.38648    66.13385    66.57246    -0.43861
  -0.70362  -3.36202  -5.38648    66.26375    66.60714    -0.34339
  -0.32330  -3.21048  -5.38648    66.53734    66.80922    -0.27187
   0.01556  -2.98074  -5.38648    66.85800    67.07278    -0.21478
   0.34864  -1.53776  -5.62260    66.96028    67.20758    -0.24730
   0.29083  -1.11722  -5.62260    67.44284    67.59227    -0.14943
  -2.41926  -2.52147  -5.62260    67.88021    68.84799    -0.96777
  -2.10902  -2.81122  -5.62260    66.95087    67.77381    -0.82294
  -1.73211  -3.00651  -5.62260    66.33842    66.99662    -0.65820
  -1.31649  -3.09288  -5.62260    66.02027    66.53547    -0.51519
  -0.89298  -3.06391  -5.62260    65.96443    66.37912    -0.41470
  -0.49299  -2.92176  -5.62260    66.10499    66.46073    -0.35575
  -0.14619  -2.67695  -5.62260    66.33779    66.66232    -0.32452
   0.12171  -2.34767  -5.62260    66.55680    66.86433    -0.30753
   0.29083  -1.95831  -5.62260    66.73062    67.02101    -0.29040
  -0.01491  -1.53776  -5.81098    67.04311    67.38258    -0.33947
  -1.80772  -2.57284  -5.81098    66.90193    67.60095    -0.69902
  -1.41766  -2.71481  -5.81098    66.31332    66.88596    -0.57264
  -1.00257  -2.71481  -5.81098    66.07424    66.55226    -0.47802
  -0.61252  -2.57284  -5.81098    66.10373    66.53182    -0.42809
  -0.29454  -2.30603  -5.81098    66.29512    66.70390    -0.40877
  -0.08699  -1.94655  -5.81098    66.58692    66.97756    -0.39065
  -1.21012  -2.34715  -5.94810    66.66661    67.20760    -0.54100
  -0.80542  -2.23872  -5.94810    66.51350    66.99578    -0.48229
  -0.50916  -1.94246  -5.94810    66.76513    67.21151    -0.44638
   1.84830  -4.18531  -2.35513    74.70940    73.89367     0.81573
   2.24156  -4.06487  -2.35513    72.31231    71.63359     0.67872
   2.60881  -3.87971  -2.35513    70.01312    69.48175     0.53137
   2.93949  -3.63515  -2.35513    68.14565    67.73869     0.40696
   1.44160  -4.00151  -2.70090    73.78696    73.04881     0.73815
   1.85354  -3.94228  -2.70090    70.82009    70.29214     0.52796
   2.24683  -3.80616  -2.70090    68.26174    67.92676     0.33497
   2.60725  -3.59807  -2.70090    66.14201    65.95728     0.18473
   2.92178  -3.32553  -2.70090    64.58391    64.49410     0.08981
   3.17905  -2.99839  -2.70090    63.63699    63.60269     0.03431
   3.36975  -2.62848  -2.70090    63.20903    63.23066    -0.02163
   3.24192  -1.81486  -3.00767    60.26287    60.54233    -0.27946
   3.19739  -1.40545  -3.00767    59.51677    59.94199    -0.42522
   1.44054  -3.71655  -3.00767    72.20375    71.51847     0.68528
   1.84694  -3.64993  -3.00767    68.64264    68.27253     0.37011
   2.22951  -3.49750  -3.00767    65.84708    65.71923     0.12785
   2.57037  -3.26639  -3.00767    63.73488    63.76313    -0.02825
   2.85358  -2.96741  -3.00767    62.27153    62.37839    -0.10686
   3.06590  -2.61453  -3.00767    61.35913    61.50073    -0.14160
   3.19739  -2.22427  -3.00767    60.78810    60.97225    -0.18415
   2.91473  -1.81486  -3.26860    59.43080    59.67491    -0.24411
   2.86099  -1.40663  -3.26860    58.84408    59.12959    -0.28551
   2.70341  -1.02621  -3.26860    58.47447    58.77523    -0.30076
   2.45275  -0.69955  -3.26860    58.73677    58.97545    -0.23868
   2.12608  -0.44888  -3.26860    60.17440    60.23159    -0.05719
   1.74567  -3.33841  -3.26860    68.55667    68.13203     0.42464
   2.12608  -3.18084  -3.26860    65.15933    65.06121     0.09812
   2.45275  -2.93018  -3.26860    62.76162    62.85498    -0.09336
   2.70341  -2.60351  -3.26860    61.16649    61.34608    -0.17959
   2.86099  -2.22310  -3.26860    60.14428    60.35778    -0.21351
   2.55231  -1.81486  -3.47784    60.30680    60.44061    -0.13381
   2.47904  -1.39935  -3.47784    60.01689    60.11320    -0.09631
   2.26808  -1.03396  -3.47784    60.66511    60.62664     0.03847
   1.94487  -0.76275  -3.47784    62.86578    62.49416     0.37163
   2.26808  -2.59577  -3.47784    63.14189    63.14394    -0.00205
   2.47904  -2.23037  -3.47784    61.29450    61.40760    -0.11310
   2.16275  -1.81486  -3.63073    63.05529    62.89236     0.16293
   0.98203  -4.63980   3.61825    45.21896    43.95235     1.26661
   0.47595  -4.69105   3.52513    45.47310    43.85066     1.62244
   0.77803  -4.99314   3.52513    43.00825    41.70773     1.30052
   1.19069  -5.10371   3.52513    42.60225    41.66703     0.93521
   0.26004  -5.05930   3.37224    43.23980    41.64350     1.59629
   0.58325  -5.33051   3.37224    41.00900    39.79087     1.21813
   0.97973  -5.47481   3.37224    40.21395    39.36033     0.85362
   1.40165  -5.47481   3.37224    40.93997    40.37741     0.56257
   1.79813  -5.33051   3.37224    43.28937    42.90641     0.38296
  -0.17529  -5.06704   3.16299    44.38688    42.59875     1.78813
   0.07537  -5.39371   3.16299    41.34472    39.91769     1.42703
   0.40204  -5.64437   3.16299    39.36304    38.30907     1.05397
   0.78245  -5.80195   3.16299    38.44186    37.72155     0.72031
   1.19069  -5.85569   3.16299    38.57991    38.13386     0.44605
   1.59892  -5.80195   3.16299    39.80732    39.57146     0.23586
   1.97934  -5.64437   3.16299    42.23202    42.12974     0.10227
  -0.44118  -5.26026   2.90207    43.79891    42.11375     1.68516
  -0.19196  -5.58811   2.90207    40.76239    39.45366     1.30873
   0.12192  -5.85472   2.90207    38.65396    37.70668     0.94727
   0.48577  -6.04762   2.90207    37.43157    36.79541     0.63616
   0.88258  -6.15779   2.90207    37.05757    36.67359     0.38398
   1.29379  -6.18009   2.90207    37.50875    37.32601     0.18275
   1.70019  -6.11346   2.90207    38.79640    38.77510     0.02130
   2.08276  -5.96103   2.90207    40.99959    41.09771    -0.09812
   2.42362  -5.72992   2.90207    44.30782    44.45781    -0.14999
  -0.75509  -5.28151   2.59529    44.95102    43.30413     1.64689
  -0.53008  -5.63162   2.59529    41.58003    40.31500     1.26503
  -0.24289  -5.93283   2.59529    39.09008    38.18865     0.90142
   0.09612  -6.17424   2.59529    37.42153    36.82795     0.59358
   0.47470  -6.34712   2.59529    36.52231    36.16823     0.35408
   0.87914  -6.44524   2.59529    36.34410    36.16940     0.17469
   1.29485  -6.46505   2.59529    36.84924    36.81365     0.03559
   1.70680  -6.40582   2.59529    38.02645    38.10852    -0.08207
   2.10009  -6.26970   2.59529    39.90835    40.09643    -0.18808
   2.46051  -6.06161   2.59529    42.60162    42.87385    -0.27223
  -1.01892  -5.27720   2.24952    46.43508    44.88386     1.55122
  -0.81834  -5.63626   2.24952    42.86392    41.69425     1.16967
  -0.55996  -5.95626   2.24952    40.11794    39.30997     0.80796
  -0.25122  -6.22798   2.24952    38.13689    37.63114     0.50575
   0.09900  -6.44363   2.24952    36.86807    36.58854     0.27952
   0.48063  -6.59698   2.24952    36.25938    36.13369     0.12569
   0.88269  -6.68363   2.24952    36.25875    36.23367     0.02509
   1.29360  -6.70108   2.24952    36.82288    36.86951    -0.04662
   1.70156  -6.64884   2.24952    37.92479    38.03745    -0.11266
   2.09482  -6.52841   2.24952    39.56573    39.75345    -0.18772
   2.46207  -6.34324   2.24952    41.78900    42.06212    -0.27313
   2.79274  -6.09868   2.24952    44.70001    45.05236    -0.35235
  -1.13167  -5.46170   1.87248    46.05480    44.84541     1.20939
  -0.91797  -5.81043   1.87248    42.75599    41.93051     0.82548
  -0.65235  -6.12143   1.87248    40.22210    39.73033     0.49177
  -0.34134  -6.38706   1.87248    38.40358    38.16571     0.23787
   0.00739  -6.60076   1.87248    37.24834    37.17888     0.06945
   0.38525  -6.75727   1.87248    36.70429    36.72664    -0.02235
   0.78295  -6.85275   1.87248    36.71621    36.77653    -0.06032
   1.19069  -6.88484   1.87248    37.23390    37.30524    -0.07134
   1.59843  -6.85275   1.87248    38.21658    38.29845    -0.08186
   1.99613  -6.75727   1.87248    39.64040    39.75241    -0.11201
   2.37399  -6.60076   1.87248    41.50473    41.67746    -0.17273
   2.72272  -6.38706   1.87248    43.84346    44.10400    -0.26054
   3.03373  -6.12143   1.87248    46.73440    47.09152    -0.35712
   3.29935  -5.81043   1.87248    50.30806    50.74046    -0.43240
  -1.34121  -5.29884   1.47258    49.53246    48.31078     1.22168
  -1.15576  -5.67337   1.47258    45.68206    44.88522     0.79685
  -0.91532  -6.01521   1.47258    42.65308    42.22948     0.42359
  -0.62552  -6.31633   1.47258    40.39467    40.25551     0.13916
  -0.29314  -6.56969   1.47258    38.85413    38.89744    -0.04330
   0.07401  -6.76935   1.47258    37.97436    38.10425    -0.12989
   0.46734  -6.91061   1.47258    37.69387    37.83540    -0.14153
   0.87763  -6.99018   1.47258    37.95177    38.05825    -0.10648
   1.29525  -7.00619   1.47258    38.68973    38.74670    -0.05697
   1.71042  -6.95826   1.47258    39.85815    39.88078    -0.02263
   2.11341  -6.84752   1.47258    41.42316    41.44738    -0.02422
   2.49477  -6.67656   1.47258    43.37032    43.44208    -0.07176
   2.84556  -6.44938   1.47258    45.70905    45.87237    -0.16332
   3.15757  -6.17133   1.47258    48.47887    48.76146    -0.28259
   3.42347  -5.84890   1.47258    51.74632    52.15035    -0.40403
  -1.47743  -5.10140   1.05877    53.95452    52.63363     1.32089
  -1.32497  -5.48987   1.05877    49.51803    48.68635     0.83168
  -1.11631  -5.85128   1.05877    45.96193    45.55679     0.40514
  -0.85612  -6.17755   1.05877    43.23038    43.15389     0.07649
  -0.55020  -6.46140   1.05877    41.26942    41.40674    -0.13732
  -0.20540  -6.69649   1.05877    40.01879    40.25855    -0.23976
   0.17059  -6.87755   1.05877    39.41575    39.66268    -0.24693
   0.56937  -7.00056   1.05877    39.39379    39.58001    -0.18622
   0.98203  -7.06276   1.05877    39.88576    39.97698    -0.09122
   1.39935  -7.06276   1.05877    40.82891    40.82423     0.00467
   1.81200  -7.00056   1.05877    42.16864    42.09578     0.07286
   2.21078  -6.87755   1.05877    43.86166    43.76882     0.09284
   2.58677  -6.69649   1.05877    45.88036    45.82434     0.05601
   2.93158  -6.46140   1.05877    48.21406    48.24841    -0.03434
   3.23749  -6.17755   1.05877    50.86906    51.03315    -0.16410
   3.49769  -5.85128   1.05877    53.86604    54.17491    -0.30887
   3.70635  -5.48987   1.05877    57.21694    57.66311    -0.44616
  -1.47743  -5.10140   0.64028    56.51100    55.30442     1.20657
  -1.32497  -5.48987   0.64028    51.86303    51.20866     0.65437
  -1.11631  -5.85128   0.64028    48.17390    47.96086     0.21305
  -0.85612  -6.17755   0.64028    45.37270    45.47521    -0.10251
  -0.55020  -6.46140   0.64028    43.39291    43.68051    -0.28760
  -0.20540  -6.69649   0.64028    42.16613    42.51726    -0.35113
   0.17059  -6.87755   0.64028    41.61894    41.93510    -0.31616
   0.56937  -7.00056   0.64028    41.67793    41.89059    -0.21267
   0.98203  -7.06276   0.64028    42.26904    42.34510    -0.07606
   1.39935  -7.06276   0.64028    43.32137    43.26289     0.05848
   1.81200  -7.00056   0.64028    44.77029    44.60956     0.16073
   2.21078  -6.87755   0.64028    46.56058    46.35091     0.20967
   2.58677  -6.69649   0.64028    48.64767    48.45261     0.19507
   2.93158  -6.46140   0.64028    51.00021    50.88068     0.11953
   3.23749  -6.17755   0.64028    53.59998    53.60232    -0.00234
   3.49769  -5.85128   0.64028    56.43758    56.58565    -0.14808
  -1.34121  -5.29884   0.22646    56.82601    56.09171     0.73430
  -1.15576  -5.67337   0.22646    52.47987    52.25229     0.22758
  -0.91532  -6.01521   0.22646    49.16349    49.29404    -0.13055
  -0.62552  -6.31633   0.22646    46.78899    47.13123    -0.34224
  -0.29314  -6.56969   0.22646    45.27230    45.69019    -0.41789
   0.07401  -6.76935   0.22646    44.52682    44.90814    -0.38132
   0.46734  -6.91061   0.22646    44.46721    44.73097    -0.26376
   0.87763  -6.99018   0.22646    45.00749    45.11044    -0.10295
   1.29525  -7.00619   0.22646    46.06610    46.00135     0.06475
   1.71042  -6.95826   0.22646    47.56334    47.35873     0.20460
   2.11341  -6.84752   0.22646    49.42830    49.13552     0.29277
   2.49477  -6.67656   0.22646    51.59760    51.28121     0.31638
  -1.13167  -5.46170  -0.17343    57.75158    57.46555     0.28603
  -0.91797  -5.81043  -0.17343    53.83153    53.93710    -0.10557
  -0.65235  -6.12143  -0.17343    50.98640    51.33115    -0.34474
  -0.34134  -6.38706  -0.17343    49.11078    49.55321    -0.44244
   0.00739  -6.60076  -0.17343    48.10362    48.52333    -0.41971
   0.38525  -6.75727  -0.17343    47.86705    48.17366    -0.30661
   0.78295  -6.85275  -0.17343    48.30505    48.44469    -0.13963
   1.19069  -6.88484  -0.17343    49.32601    49.28106     0.04495
   1.59843  -6.85275  -0.17343    50.83894    50.62742     0.21151
  -0.81834  -5.63626  -0.55048    58.65582    58.75853    -0.10271
  -0.55996  -5.95626  -0.55048    55.34759    55.68821    -0.34062
  -0.25122  -6.22798  -0.55048    53.21281    53.64382    -0.43101
   0.09900  -6.44363  -0.55048    52.11278    52.50950    -0.39672
   0.48063  -6.59698  -0.55048    51.92076    52.19025    -0.26949
   0.88269  -6.68363  -0.55048    52.51627    52.60402    -0.08775
  -0.53008  -5.63162  -0.89625    61.69297    61.91185    -0.21888
  -0.24289  -5.93283  -0.89625    58.65018    59.01027    -0.36009
   0.09612  -6.17424  -0.89625    56.97410    57.33472    -0.36063
   0.47470  -6.34712  -0.89625    56.47711    56.72823    -0.25112
   0.12192  -5.85472  -1.20302    62.55893    62.82934    -0.27041
   2.75022  -2.51534   5.00961    31.00399    31.83861    -0.83462
   3.16754  -2.51534   4.97834    29.92216    30.55220    -0.63004
   2.95888  -2.15393   4.97834    29.80921    30.60884    -0.79963
   2.54156  -2.15393   4.97834    31.24433    32.23379    -0.98946
   2.33290  -2.51534   4.97834    32.55519    33.57442    -1.01922
   2.54156  -2.87675   4.97834    32.62547    33.43604    -0.81057
   2.95888  -2.87675   4.97834    31.44074    32.05422    -0.61349
   3.57553  -2.51534   4.88521    29.24947    29.67594    -0.42647
   3.46496  -2.10268   4.88521    28.59812    29.16661    -0.56850
   3.16288  -1.80060   4.88521    29.05494    29.76517    -0.71022
   2.75022  -1.69002   4.88521    30.43170    31.30441    -0.87271
   2.33756  -1.80060   4.88521    32.20002    33.26602    -1.06599
   2.03548  -2.10268   4.88521    33.73930    34.94131    -1.20201
   1.92490  -2.51534   4.88521    34.64794    35.81704    -1.16910
   2.03548  -2.92799   4.88521    34.89831    35.87241    -0.97410
   2.33756  -3.23008   4.88521    34.64543    35.36792    -0.72249
   2.75022  -3.34065   4.88521    33.88426    34.37916    -0.49490
   3.16288  -3.23008   4.88521    32.50625    32.85567    -0.34942
   3.46496  -2.92799   4.88521    30.75361    31.08405    -0.33044
   3.96509  -2.51534   4.73232    28.93446    29.18478    -0.25032
   3.89183  -2.09983   4.73232    28.06913    28.45579    -0.38666
   3.68087  -1.73443   4.73232    28.00449    28.49722    -0.49273
   3.35766  -1.46323   4.73232    28.74370    29.31921    -0.57551
   2.96118  -1.31892   4.73232    30.15120    30.82893    -0.67773
   2.53926  -1.31892   4.73232    31.97475    32.82083    -0.84608
   2.14278  -1.46323   4.73232    33.89053    34.96548    -1.07495
   1.81957  -1.73443   4.73232    35.56536    36.85089    -1.28553
   1.60861  -2.09983   4.73232    36.75072    38.12421    -1.37349
   1.53534  -2.51534   4.73232    37.36317    38.64900    -1.28583
   1.60861  -2.93085   4.73232    37.48616    38.55108    -1.06492
   1.81957  -3.29624   4.73232    37.31673    38.11977    -0.80303
   2.14278  -3.56745   4.73232    37.00863    37.57402    -0.56539
   2.53926  -3.71176   4.73232    36.50599    36.86642    -0.36043
   2.96118  -3.71176   4.73232    35.58920    35.77807    -0.18886
   3.35766  -3.56745   4.73232    34.13903    34.21466    -0.07563
   3.68087  -3.29624   4.73232    32.30733    32.35870    -0.05137
   3.89183  -2.93085   4.73232    30.44488    30.56594    -0.12106
   4.32752  -2.51534   4.52308    28.94199    29.06593    -0.12393
   4.27377  -2.10710   4.52308    27.96747    28.22620    -0.25873
   4.11620  -1.72669   4.52308    27.62234    27.97264    -0.35030
   3.86554  -1.40002   4.52308    27.93610    28.32817    -0.39207
   3.53887  -1.14936   4.52308    28.87422    29.28126    -0.40704
   3.15845  -0.99179   4.52308    30.34197    30.78415    -0.44218
   2.75022  -0.93804   4.52308    32.19688    32.74626    -0.54938
   2.34198  -0.99179   4.52308    34.25951    35.01794    -0.75843
   1.96157  -1.14936   4.52308    36.31837    37.36669    -1.04832
   1.63490  -1.40002   4.52308    38.14567    39.48839    -1.34271
   1.38424  -1.72669   4.52308    39.55130    41.09079    -1.53949
   1.22667  -2.10710   4.52308    40.43671    41.99723    -1.56051
   1.17292  -2.51534   4.52308    40.79565    42.19019    -1.39454
   1.22667  -2.92357   4.52308    40.70717    41.80904    -1.10187
   1.38424  -3.30399   4.52308    40.34510    41.12858    -0.78348
   1.63490  -3.63066   4.52308    39.93470    40.45648    -0.52177
   1.96157  -3.88132   4.52308    39.61405    39.94843    -0.33438
   2.34198  -4.03889   4.52308    39.31347    39.49828    -0.18481
   2.75022  -4.09263   4.52308    38.78573    38.82807    -0.04234
   3.15845  -4.03889   4.52308    37.79050    37.70378     0.08673
   3.53887  -3.88132   4.52308    36.26817    36.09313     0.17503
   3.86554  -3.63066   4.52308    34.36305    34.16670     0.19635
   4.11620  -3.30399   4.52308    32.33368    32.19246     0.14122
   4.27377  -2.92357   4.52308    30.45115    30.42811     0.02305
   4.65470  -2.51534   4.26216    29.25261    29.31818    -0.06557
   4.61018  -2.10593   4.26216    28.20153    28.40213    -0.20060
   4.47868  -1.71567   4.26216    27.70768    27.99061    -0.28293
   4.26636  -1.36279   4.26216    27.80055    28.10121    -0.30066
   3.98315  -1.06381   4.26216    28.47199    28.73846    -0.26647
   3.64229  -0.83270   4.26216    29.67743    29.89136    -0.21392
   3.25972  -0.68027   4.26216    31.33845    31.52983    -0.19138
   2.85333  -0.61365   4.26216    33.35150    33.60501    -0.25351
   2.44211  -0.63594   4.26216    35.59736    36.04226    -0.44490
   2.04530  -0.74612   4.26216    37.93797    38.70898    -0.77101
   1.68145  -0.93902   4.26216    40.19387    41.37582    -1.18195
   1.36757  -1.20563   4.26216    42.15609    43.73680    -1.58072
   1.11835  -1.53347   4.26216    43.65835    45.51092    -1.85257
   0.94543  -1.90723   4.26216    44.62910    46.53679    -1.90769
   0.85690  -2.30943   4.26216    45.05644    46.77837    -1.72194
   0.85690  -2.72125   4.26216    44.95290    46.29650    -1.34361
   0.94543  -3.12344   4.26216    44.39692    45.27607    -0.87914
   1.11835  -3.49720   4.26216    43.59497    44.05534    -0.46038
   1.36757  -3.82505   4.26216    42.84196    43.02520    -0.18324
   1.68145  -4.09166   4.26216    42.37195    42.42001    -0.04805
   3.64229  -4.19797   4.26216    39.11706    38.75286     0.36420
   3.98315  -3.96686   4.26216    37.11217    36.72404     0.38813
   4.26636  -3.66788   4.26216    34.90208    34.55605     0.34603
   4.47868  -3.31501   4.26216    32.73027    32.48831     0.24196
   4.61018  -2.92475   4.26216    30.79691    30.70291     0.09400
   4.93935  -2.51534   3.95538    29.86569    29.95262    -0.08693
   4.89979  -2.10104   3.95538    28.76190    28.98130    -0.21941
   4.78254  -1.70172   3.95538    28.18271    28.47365    -0.29094
   4.59183  -1.33181   3.95538    28.15384    28.44097    -0.28712
   4.33456  -1.00467   3.95538    28.67781    28.89331    -0.21550
   4.02004  -0.73213   3.95538    29.73328    29.83555    -0.10227
   3.65962  -0.52404   3.95538    31.27068    31.25832     0.01236
   3.26632  -0.38792   3.95538    33.21220    33.13606     0.07614
   2.85438  -0.32869   3.95538    35.47123    35.43957     0.03166
   2.43867  -0.34849   3.95538    37.96558    38.14376    -0.17818
   0.80444  -3.51845   3.95538    47.77795    47.91702    -0.13907
   1.02945  -3.86857   3.95538    46.30016    46.01378     0.28639
   1.31665  -4.16977   3.95538    45.19888    44.77654     0.42235
   4.33456  -4.02601   3.95538    38.18207    37.70683     0.47524
   4.59183  -3.69887   3.95538    35.73855    35.35066     0.38789
   4.78254  -3.32896   3.95538    33.44375    33.19418     0.24957
   4.89979  -2.92963   3.95538    31.45015    31.36956     0.08059
   5.17509  -2.51534   3.60961    30.80695    30.99443    -0.18748
   5.14021  -2.10553   3.60961    29.69751    30.00954    -0.31202
   5.03658  -1.70752   3.60961    29.07252    29.44283    -0.37032
   4.86717  -1.33274   3.60961    28.95015    29.29843    -0.34828
   4.63686  -0.99198   3.60961    29.33858    29.58845    -0.24987
   4.35227  -0.69505   3.60961    30.23404    30.33087    -0.09683
   4.02160  -0.45049   3.60961    31.61330    31.53634     0.07696
   3.65435  -0.26533   3.60961    33.42492    33.19223     0.23269
   3.26109  -0.14489   3.60961    35.59108    35.26428     0.32680
   2.85313  -0.09265   3.60961    38.03021    37.73005     0.30017
   4.63686  -4.03869   3.60961    39.21558    38.77847     0.43711
   4.86717  -3.69794   3.60961    36.66664    36.35082     0.31582
   5.03658  -3.32316   3.60961    34.34924    34.19372     0.15553
   5.14021  -2.92514   3.60961    32.37259    32.39416    -0.02158
   5.35666  -2.51534   3.23257    32.12723    32.48613    -0.35890
   5.32458  -2.10760   3.23257    31.03787    31.51135    -0.47348
   5.22910  -1.70990   3.23257    30.40660    30.92441    -0.51781
   5.07258  -1.33204   3.23257    30.24470    30.72067    -0.47597
   4.85888  -0.98331   3.23257    30.56034    30.91159    -0.35125
   4.59325  -0.67230   3.23257    31.36481    31.52776    -0.16295
   4.28225  -0.40668   3.23257    32.65622    32.60588     0.05034
   3.93352  -0.19298   3.23257    34.40823    34.15836     0.24987
   3.55566  -0.03646   3.23257    36.55557    36.14522     0.41034
   3.15796   0.05902   3.23257    39.00097    38.48962     0.51135
   4.85888  -4.04737   3.23257    40.55029    40.25223     0.29807
   5.07258  -3.69864   3.23257    37.93546    37.78137     0.15409
   5.22910  -3.32077   3.23257    35.61305    35.63054    -0.01749
   5.32458  -2.92308   3.23257    33.66086    33.85861    -0.19775
   5.48002  -2.51534   2.83267    33.90748    34.49234    -0.58487
   5.44802  -2.09864   2.83267    32.85326    33.54587    -0.69261
   5.35280  -1.69170   2.83267    32.26026    32.98212    -0.72185
   5.19657  -1.30407   2.83267    32.12598    32.78219    -0.65621
   4.98300  -0.94483   2.83267    32.45918    32.95414    -0.49496
   4.71710  -0.62241   2.83267    33.28310    33.54686    -0.26375
   4.40509  -0.34435   2.83267    34.62535    34.64046    -0.01511
   4.05430  -0.11718   2.83267    36.48591    36.29508     0.19084
   3.67294   0.05378   2.83267    38.80895    38.47078     0.33817
   4.98300  -4.08584   2.83267    42.50812    42.40949     0.09863
   5.19657  -3.72660   2.83267    39.77469    39.83410    -0.05941
   5.35280  -3.33897   2.83267    37.39078    37.63113    -0.24035
   5.44802  -2.93204   2.83267    35.42354    35.84827    -0.42473
   5.54239  -2.51534   2.41885    36.26315    37.10584    -0.84269
   5.51120  -2.09919   2.41885    35.31937    36.26821    -0.94883
   5.41834  -1.69233   2.41885    34.81925    35.79597    -0.97673
   5.26588  -1.30386   2.41885    34.73893    35.64518    -0.90625
   5.05722  -0.94245   2.41885    35.07590    35.80564    -0.72974
   4.79703  -0.61618   2.41885    35.86280    36.33554    -0.47275
   5.05722  -4.08822   2.41885    44.61342    44.76705    -0.15364
   5.26588  -3.72682   2.41885    41.88626    42.20432    -0.31806
   5.41834  -3.33835   2.41885    39.55381    40.05495    -0.50115
   5.51120  -2.93149   2.41885    37.67253    38.35703    -0.68449
   5.54239  -2.51534   2.00037    39.34610    40.45373    -1.10762
   5.51120  -2.09919   2.00037    38.59811    39.82908    -1.23097
   5.41834  -1.69233   2.00037    38.28310    39.56872    -1.28562
   5.26588  -1.30386   2.00037    38.33895    39.58519    -1.24624
   5.05722  -4.08822   2.00037    47.24833    47.65088    -0.40255
   5.26588  -3.72682   2.00037    44.56321    45.13271    -0.56950
   5.41834  -3.33835   2.00037    42.32175    43.07624    -0.75449
   5.51120  -2.93149   2.00037    40.57916    41.52001    -0.94085
   5.48002  -2.51534   1.58655    43.34773    44.70006    -1.35233
   5.44802  -2.09864   1.58655    42.93671    44.46725    -1.53054
   5.19657  -3.72660   1.58655    47.92855    48.69863    -0.77008
   5.35280  -3.33897   1.58655    45.82514    46.78461    -0.95948
   5.44802  -2.93204   1.58655    44.29527    45.45336    -1.15809
   5.35666  -2.51534   1.18666    48.48766    50.03634    -1.54868
   5.07258  -3.69864   1.18666    51.96218    52.84754    -0.88536
   5.22910  -3.32077   1.18666    50.13236    51.21241    -1.08005
   5.32458  -2.92308   1.18666    48.96833    50.26884    -1.30051
   4.86717  -3.69794   0.80961    57.17616    58.00865    -0.83249
   3.60582   0.11723   2.77003    39.84246    39.54357     0.29889
   4.02799   0.12132   2.63291    38.85037    38.81121     0.03916
   4.46362  -0.28746   2.44453    37.22324    37.38407    -0.16083
   4.40582   0.13308   2.44453    38.64266    38.65517    -0.01251
   2.30726   0.74761  -2.87036    55.10977    55.87548    -0.76571
   2.20391   0.11723  -3.00748    57.92666    58.49060    -0.56394
   2.49637  -0.28746  -3.09078    57.52066    57.99614    -0.47548
   4.58134   0.04572   2.41679    38.07916    38.11734    -0.03818
   4.37709   0.39949   2.41679    39.20679    39.15364     0.05316
   4.98223   0.04572   2.33348    37.36129    37.38895    -0.02767
   4.87380   0.45041   2.33348    37.53260    37.26068     0.27192
   4.87380  -0.35898   2.33348    37.21884    37.57054    -0.35170
   5.36805   0.04572   2.19636    36.88250    36.91775    -0.03525
   5.29597   0.45450   2.19636    36.37045    36.03116     0.33929
   5.08842  -0.72254   2.19636    37.39706    38.12635    -0.72930
   5.29597  -0.36307   2.19636    37.45102    37.85914    -0.40812
   5.73160   0.04572   2.00799    36.53423    36.59956    -0.06533
   5.23678  -1.09347   2.00799    38.54163    39.67058    -1.12895
   5.50467  -0.76418   2.00799    38.56422    39.36197    -0.79775
   5.67379  -0.37483   2.00799    37.71520    38.15608    -0.44088
   6.06611   0.04572   1.77186    36.29264    36.39613    -0.10349
   5.39852  -1.39726   1.77186    40.84397    42.25363    -1.40966
   5.68006  -1.10004   1.77186    40.45742    41.54548    -1.08806
   5.89112  -0.74924   1.77186    39.36242    40.12788    -0.76546
   6.02184  -0.36128   1.77186    37.89906    38.33261    -0.43354
   6.36535   0.04572   1.49239    36.17404    36.30050    -0.12646
   5.44462  -1.74025   1.49239    44.11894    45.77169    -1.65276
   5.75964  -1.46729   1.49239    43.27180    44.61200    -1.34020
   6.01730  -1.13964   1.49239    41.86430    42.90215    -1.03785
   6.20830  -0.76915   1.49239    40.12861    40.85438    -0.72577
   6.32573  -0.36922   1.49239    38.19588    38.61147    -0.41559
   6.62375   0.04572   1.17477    36.20228    36.31663    -0.11436
   5.45787  -2.04130   1.17477    48.33957    50.06358    -1.72402
   5.79210  -1.79411   1.17477    46.79087    48.24437    -1.45349
   6.07974  -1.49399   1.17477    44.97549    46.16308    -1.18759
   6.31252  -1.14958   1.17477    42.97122    43.87786    -0.90664
   6.48375  -0.77078   1.17477    40.81761    41.43575    -0.61814
   6.58850  -0.36849   1.17477    38.54728    38.89218    -0.34490
   6.83650   0.04572   0.82493    36.39492    36.44866    -0.05373
   6.54618  -1.16355   0.82493    44.08944    44.79655    -0.70711
   6.70613  -0.77740   0.82493    41.61204    42.06152    -0.44949
   6.80370  -0.37097   0.82493    39.04490    39.26405    -0.21916
   6.99963   0.04572   0.44937    36.75449    36.69572     0.05876
   6.87977  -0.76867   0.44937    42.41776    42.62415    -0.20639
   6.96950  -0.36586   0.44937    39.63162    39.66529    -0.03367
   7.11010   0.04572   0.05510    37.26277    37.05013     0.21263
   7.08151  -0.36307   0.05510    40.35325    40.16077     0.19248
   7.16585   0.04572  -0.35054    37.88338    37.49761     0.38576
   7.16585   0.04572  -0.76000    38.56862    38.01939     0.54923
   6.36535   0.04572  -2.60293    41.69487    41.27453     0.42034
   3.86082  -2.12447  -2.60293    63.91373    64.32816    -0.41444
   6.06611   0.04572  -2.88240    42.30606    42.08566     0.22040
   2.55059   1.02180  -2.88240    52.36755    52.84130    -0.47375
   3.47208  -1.71308  -2.88240    61.03659    61.45868    -0.42208
   3.86655  -1.82260  -2.88240    60.92050    61.52229    -0.60178
   5.73160   0.04572  -3.11853    43.02770    43.00566     0.02204
   2.74314   0.66673  -3.11853    52.65809    52.91683    -0.25875
   2.62861   0.25797  -3.11853    55.07965    55.51703    -0.43738
   2.62861  -0.16653  -3.11853    56.60826    57.10704    -0.49878
   2.74314  -0.57529  -3.11853    57.43783    57.93643    -0.49861
   2.96370  -0.93799  -3.11853    58.01639    58.50675    -0.49036
   3.27394  -1.22773  -3.11853    58.49581    59.02612    -0.53031
   3.65085  -1.42303  -3.11853    58.55730    59.19946    -0.64216
   4.06647  -1.50940  -3.11853    57.90595    58.66393    -0.75798
   4.48998  -1.48043  -3.11853    56.55178    57.32929    -0.77751
   5.67379  -0.37483  -3.11853    46.27883    46.35120    -0.07238
   5.36805   0.04572  -3.30690    43.92253    44.06764    -0.14511
   5.29597   0.45450  -3.30690    41.15584    41.23428    -0.07844
   3.25726   0.81398  -3.30690    48.64077    48.56540     0.07537
   3.04972   0.45450  -3.30690    51.69988    51.88209    -0.18221
   2.97764   0.04572  -3.30690    53.98213    54.35166    -0.36953
   3.04972  -0.36307  -3.30690    55.38399    55.86417    -0.48019
   3.25726  -0.72254  -3.30690    56.09182    56.65154    -0.55972
   3.57524  -0.98936  -3.30690    56.23364    56.88584    -0.65221
   3.96530  -1.13133  -3.30690    55.69837    56.44462    -0.74625
   4.38039  -1.13133  -3.30690    54.40507    55.17462    -0.76955
   4.77045  -0.98936  -3.30690    52.42716    53.10135    -0.67419
   5.08842  -0.72254  -3.30690    49.89077    50.38123    -0.49046
   5.29597  -0.36307  -3.30690    46.96532    47.25713    -0.29181
   4.98223   0.04572  -3.44402    45.03824    45.30192    -0.26368
   4.87380   0.45041  -3.44402    42.66688    42.79500    -0.12812
   3.76815   0.74667  -3.44402    45.96068    45.87980     0.08088
   3.47189   0.45041  -3.44402    49.24632    49.35984    -0.11352
   3.36345   0.04572  -3.44402    51.90006    52.23329    -0.33323
   3.47189  -0.35898  -3.44402    53.38098    53.88223    -0.50125
   3.76815  -0.65523  -3.44402    53.65583    54.28190    -0.62608
   4.17284  -0.76367  -3.44402    52.75723    53.44608    -0.68885
   4.57754  -0.65523  -3.44402    50.77744    51.40211    -0.62467
   4.87380  -0.35898  -3.44402    48.02079    48.47031    -0.44951
   4.58134   0.04572  -3.52733    46.40433    46.73222    -0.32789
   4.37709   0.39949  -3.52733    45.01377    45.17345    -0.15969
   3.96859   0.39949  -3.52733    46.90634    47.05240    -0.14607
   3.76434   0.04572  -3.52733    49.87822    50.21540    -0.33718
   3.96859  -0.30805  -3.52733    50.90922    51.42225    -0.51304
   4.37709  -0.30805  -3.52733    49.31409    49.82294    -0.50885
   4.17284   0.04572  -3.55527    48.02581    48.37141    -0.34559
   4.82154   1.29751   2.42732    36.80343    36.62356     0.17987
   4.61729   0.94374   2.42732    37.89655    37.73920     0.15736
   5.22243   1.29751   2.34401    35.37334    34.92492     0.44842
   5.11400   1.70221   2.34401    35.75235    35.46127     0.29109
   4.81774   0.59656   2.34401    37.58845    37.26135     0.32710
   5.11400   0.89282   2.34401    36.10125    35.66182     0.43943
   5.60825   1.29751   2.20689    34.13401    33.60641     0.52760
   5.53617   1.70630   2.20689    34.35615    33.85366     0.50249
   5.32862   2.06578   2.20689    35.41036    35.04370     0.36666
   5.32862   0.52925   2.20689    36.09623    35.72056     0.37567
   5.53617   0.88873   2.20689    34.78975    34.30605     0.48370
   5.97179   1.29751   2.01852    33.06975    32.60058     0.46917
   5.91399   1.71806   2.01852    33.20216    32.70818     0.49397
   5.74487   2.10742   2.01852    34.18672    33.70041     0.48631
   5.47698   2.43671   2.01852    35.80632    35.41383     0.39249
   5.74487   0.48761   2.01852    35.17944    34.88457     0.29487
   5.91399   0.87697   2.01852    33.78825    33.37609     0.41216
   6.30631   1.29751   1.78240    32.16927    31.84848     0.32080
   6.26204   1.70451   1.78240    32.18873    31.84169     0.34703
   6.13132   2.09248   1.78240    33.02708    32.64226     0.38482
   5.92026   2.44327   1.78240    34.59397    34.17752     0.41646
   5.63872   2.74049   1.78240    36.60828    36.22828     0.38000
   6.13132   0.50255   1.78240    34.35238    34.15590     0.19648
   6.26204   0.89052   1.78240    32.93170    32.64700     0.28470
   6.60555   1.29751   1.50292    31.42693    31.30232     0.12461
   6.56593   1.71245   1.50292    31.35539    31.23325     0.12215
   6.44850   2.11239   1.50292    32.17053    32.01359     0.15694
   6.25750   2.48287   1.50292    33.86355    33.63467     0.22888
   5.99984   2.81052   1.50292    36.27507    35.98538     0.28969
   6.44850   0.48264   1.50292    33.92944    33.84257     0.08687
   6.56593   0.88258   1.50292    32.32176    32.19033     0.13142
   6.86395   1.29751   1.18530    30.83707    30.92478    -0.08771
   6.82870   1.71172   1.18530    30.65635    30.79654    -0.14019
   6.72395   2.11401   1.18530    31.40058    31.53594    -0.13537
   6.55272   2.49281   1.18530    33.13062    33.19396    -0.06334
   6.31994   2.83722   1.18530    35.84711    35.80060     0.04650
   6.72395   0.48102   1.18530    33.62886    33.62217     0.00669
   6.82870   0.88331   1.18530    31.85928    31.87797    -0.01869
   7.07670   1.29751   0.83546    30.39468    30.68729    -0.29261
   7.04390   1.71420   0.83546    30.09724    30.50394    -0.40671
   6.94633   2.12063   0.83546    30.77495    31.22128    -0.44633
   6.78638   2.50679   0.83546    32.54139    32.93527    -0.39388
   6.56799   2.86317   0.83546    35.52833    35.79229    -0.26396
   6.94633   0.47440   0.83546    33.54540    33.58224    -0.03683
   7.04390   0.88083   0.83546    31.57189    31.71970    -0.14782
   7.23983   1.29751   0.45990    30.09598    30.56831    -0.47233
   7.20970   1.70910   0.45990    29.66990    30.32179    -0.65189
   7.11997   2.11191   0.45990    30.22588    30.97018    -0.74431
   6.97255   2.49736   0.45990    31.90384    32.63018    -0.72634
   6.77057   2.85724   0.45990    34.91337    35.51394    -0.60056
   7.11997   0.48312   0.45990    33.54038    33.58526    -0.04487
   7.20970   0.88593   0.45990    31.40873    31.65785    -0.24911
   7.35030   1.29751   0.06563    29.93534    30.55198    -0.61664
   7.32171   1.70630   0.06563    29.37748    30.23789    -0.86041
   7.23651   2.10713   0.06563    29.81235    30.81709    -1.00475
   7.09636   2.49220   0.06563    31.38928    32.41288    -1.02360
   6.90398   2.85402   0.06563    34.35489    35.26559    -0.91070
   7.23651   0.48790   0.06563    33.70479    33.72379    -0.01900
   7.32171   0.88873   0.06563    31.39493    31.71144    -0.31651
   7.40605   1.29751  -0.34001    29.90648    30.62708    -0.72061
   7.37692   1.71406  -0.34001    29.21308    30.24045    -1.02737
   7.29011   2.12250  -0.34001    29.57076    30.78862    -1.21786
   7.14729   2.51488  -0.34001    31.13890    32.40237    -1.26347
   6.95126   2.88357  -0.34001    34.19676    35.34852    -1.15176
   7.29011   0.47253  -0.34001    34.14467    34.09488     0.04980
   7.37692   0.88097  -0.34001    31.56310    31.90457    -0.34147
   7.40605   1.29751  -0.74947    30.00374    30.78648    -0.78274
   7.37692   1.71406  -0.74947    29.17982    30.31813    -1.13831
   7.29011   2.12250  -0.74947    29.41765    30.78369    -1.36605
   7.14729   2.51488  -0.74947    30.86343    32.29993    -1.43651
   6.95126   2.88357  -0.74947    33.77256    35.10955    -1.33699
   7.29011   0.47253  -0.74947    34.58330    34.46206     0.12124
   7.37692   0.88097  -0.74947    31.81222    32.15615    -0.34393
   7.35030   1.29751  -1.15511    30.22086    31.02678    -0.80592
   7.32171   1.70630  -1.15511    29.28587    30.47381    -1.18794
   7.23651   2.10713  -1.15511    29.37372    30.81316    -1.43944
   7.09636   2.49220  -1.15511    30.59925    32.13083    -1.53159
   6.90398   2.85402  -1.15511    33.15509    34.60634    -1.45124
   7.23651   0.48790  -1.15511    34.97173    34.80215     0.16958
   7.32171   0.88873  -1.15511    32.11907    32.45522    -0.33615
   7.23983   1.29751  -1.54938    30.55344    31.34827    -0.79483
   7.20970   1.70910  -1.54938    29.51365    30.70648    -1.19283
   7.11997   2.11191  -1.54938    29.50863    30.96063    -1.45200
   6.97255   2.49736  -1.54938    30.62623    32.17013    -1.54390
   6.77057   2.85724  -1.54938    33.00261    34.45974    -1.45714
   6.51835   3.18388  -1.54938    36.82477    38.02753    -1.20276
   7.11997   0.48312  -1.54938    35.58983    35.36447     0.22535
   7.20970   0.88593  -1.54938    32.58029    32.88370    -0.30340
   7.07670   1.29751  -1.92493    31.00085    31.75503    -0.75417
   7.04390   1.71420  -1.92493    29.87259    31.02194    -1.14935
   6.94633   2.12063  -1.92493    29.79729    31.19645    -1.39916
   6.78638   2.50679  -1.92493    30.83205    32.30408    -1.47203
   6.56799   2.86317  -1.92493    33.03587    34.39835    -1.36248
   6.29653   3.18100  -1.92493    36.42944    37.52345    -1.09402
   6.94633   0.47440  -1.92493    36.29891    36.04183     0.25709
   7.04390   0.88083  -1.92493    33.14568    33.40947    -0.26379
   6.86395   1.29751  -2.27478    31.56561    32.25503    -0.68942
   6.82870   1.71172  -2.27478    30.38338    31.43850    -1.05511
   6.72395   2.11401  -2.27478    30.23278    31.50860    -1.27582
   6.55272   2.49281  -2.27478    31.12698    32.44764    -1.32066
   6.31994   2.83722  -2.27478    33.03210    34.22126    -1.18916
   6.03230   3.13735  -2.27478    35.79753    36.71231    -0.91478
   6.72395   0.48102  -2.27478    36.92015    36.68755     0.23260
   6.82870   0.88331  -2.27478    33.75311    33.98796    -0.23485
   6.60555   1.29751  -2.59240    32.25524    32.86027    -0.60503
   6.56593   1.71245  -2.59240    31.04101    31.96420    -0.92318
   6.44850   2.11239  -2.59240    30.85652    31.95335    -1.09683
   6.25750   2.48287  -2.59240    31.66601    32.76026    -1.09425
   5.99984   2.81052  -2.59240    33.33205    34.25507    -0.92302
   5.68482   3.08348  -2.59240    35.54528    36.17641    -0.63113
   5.32384   3.29189  -2.59240    37.77419    38.07220    -0.29801
   6.44850   0.48264  -2.59240    37.65810    37.47837     0.17973
   6.56593   0.88258  -2.59240    34.48039    34.68699    -0.20660
   6.30631   1.29751  -2.87187    33.08356    33.58663    -0.50307
   6.26204   1.70451  -2.87187    31.87937    32.63229    -0.75292
   6.13132   2.09248  -2.87187    31.67417    32.53964    -0.86547
   5.92026   2.44327  -2.87187    32.38137    33.19241    -0.81104
   5.63872   2.74049  -2.87187    33.77570    34.38307    -0.60737
   5.29986   2.97024  -2.87187    35.47939    35.79298    -0.31359
   4.91954   3.12177  -2.87187    37.05130    37.06463    -0.01333
   4.51554   3.18800  -2.87187    38.24231    38.02854     0.21377
   4.10675   3.16584  -2.87187    39.21872    38.91286     0.30585
   3.71227   3.05631  -2.87187    40.38839    40.17065     0.21774
   6.13132   0.50255  -2.87187    38.33707    38.24690     0.09017
   6.26204   0.89052  -2.87187    35.27105    35.45820    -0.18715
   5.97179   1.29751  -3.10800    34.06749    34.45365    -0.38616
   5.91399   1.71806  -3.10800    32.86769    33.43202    -0.56433
   5.74487   2.10742  -3.10800    32.77545    33.36795    -0.59251
   5.47698   2.43671  -3.10800    33.60313    34.05467    -0.45154
   5.13017   2.68151  -3.10800    34.98240    35.17345    -0.19105
   4.73018   2.82366  -3.10800    36.50348    36.41266     0.09082
   4.30667   2.85263  -3.10800    37.97876    37.69158     0.28718
   3.89105   2.76627  -3.10800    39.54126    39.21758     0.32367
   3.51414   2.57097  -3.10800    41.37107    41.18112     0.18995
   3.20390   2.28122  -3.10800    43.47260    43.49351    -0.02091
   2.98334   1.91852  -3.10800    45.73289    45.89054    -0.15765
   2.86881   1.50977  -3.10800    47.95992    48.10473    -0.14480
   2.86881   1.08527  -3.10800    49.85877    49.91986    -0.06109
   5.74487   0.48761  -3.10800    39.52494    39.51552     0.00942
   5.91399   0.87697  -3.10800    36.35790    36.50692    -0.14902
   5.60825   1.29751  -3.29637    35.22776    35.48393    -0.25617
   5.53617   1.70630  -3.29637    34.11518    34.46220    -0.34702
   5.32862   2.06578  -3.29637    34.16413    34.45816    -0.29403
   5.01065   2.33259  -3.29637    35.10476    35.20666    -0.10189
   4.62059   2.47456  -3.29637    36.54113    36.40433     0.13680
   4.20550   2.47456  -3.29637    38.22913    37.92422     0.30491
   3.81544   2.33259  -3.29637    40.15120    39.81681     0.33438
   3.49747   2.06578  -3.29637    42.30481    42.03959     0.26521
   3.28992   1.70630  -3.29637    44.54000    44.33913     0.20086
   3.21784   1.29751  -3.29637    46.56622    46.38391     0.18232
   3.28992   0.88873  -3.29637    48.04777    47.91741     0.13037
   5.32862   0.52925  -3.29637    40.49131    40.55811    -0.06681
   5.53617   0.88873  -3.29637    37.47298    37.58926    -0.11628
   5.22243   1.29751  -3.43349    36.58569    36.70222    -0.11653
   5.11400   1.70221  -3.43349    35.64128    35.75944    -0.11815
   4.81774   1.99847  -3.43349    36.16212    36.13810     0.02402
   4.41304   2.10690  -3.43349    37.68759    37.46653     0.22106
   4.00835   1.99847  -3.43349    39.77720    39.44782     0.32938
   3.71209   1.70221  -3.43349    42.10902    41.78083     0.32819
   3.60365   1.29751  -3.43349    44.20428    43.92626     0.27802
   3.71209   0.89282  -3.43349    45.47499    45.31379     0.16119
   4.81774   0.59656  -3.43349    41.87120    41.94802    -0.07683
   5.11400   0.89282  -3.43349    38.92943    38.98877    -0.05933
   4.82154   1.29751  -3.51680    38.15948    38.13407     0.02541
   4.61729   1.65129  -3.51680    37.80494    37.68762     0.11732
   4.20879   1.65129  -3.51680    39.68809    39.42768     0.26041
   4.00454   1.29751  -3.51680    41.98290    41.73095     0.25194
   4.20879   0.94374  -3.51680    42.56334    42.44556     0.11778
   4.61729   0.94374  -3.51680    40.66262    40.62492     0.03769
   4.41304   1.29751  -3.54474    39.95918    39.80373     0.15545
   3.24447   1.86454   2.92118    41.24118    41.85438    -0.61321
   3.65297   1.86454   2.89324    39.96420    40.89499    -0.93079
   3.44872   1.51077   2.89324    40.87660    41.63998    -0.76339
   4.05386   1.86454   2.80993    38.84535    39.76511    -0.91976
   3.94542   1.45985   2.80993    39.31033    40.10899    -0.79865
   4.43967   1.86454   2.67282    37.83757    38.47891    -0.64134
   4.36759   2.27333   2.67282    38.23353    39.06284    -0.82932
   4.16005   1.09628   2.67282    39.01540    39.46621    -0.45081
   4.36759   1.45576   2.67282    38.08794    38.58658    -0.49863
   4.80322   1.86454   2.48444    36.85803    37.04183    -0.18381
   4.74542   2.28509   2.48444    37.40835    37.84144    -0.43309
   4.30840   0.72535   2.48444    39.20554    39.26714    -0.06161
   4.57630   1.05464   2.48444    37.85075    37.82373     0.02701
   4.74542   1.44400   2.48444    36.98604    37.00179    -0.01575
   5.09347   2.27154   2.24832    36.53674    36.45050     0.08624
   1.45031   2.46907  -2.40595    53.17264    55.20784    -2.03519
   1.81476   2.48555  -2.64208    50.99017    52.90073    -1.91057
   1.70023   2.07679  -2.64208    53.27869    55.42520    -2.14651
   3.45201   3.04159  -2.83045    41.42567    41.44746    -0.02180
   3.03692   3.04159  -2.83045    43.18834    43.76880    -0.58046
   2.64687   2.89962  -2.83045    45.28234    46.33008    -1.04774
   2.32889   2.63280  -2.83045    47.60852    49.01107    -1.40255
   2.12134   2.27333  -2.83045    49.94034    51.56584    -1.62550
   2.04926   1.86454  -2.83045    51.93206    53.59215    -1.66009
   2.12134   1.45576  -2.83045    53.19837    54.60515    -1.40678
   2.32889   1.09628  -2.83045    53.46946    54.35463    -0.88518
   3.24447   2.67393  -2.96757    42.64617    42.77762    -0.13144
   2.83977   2.56550  -2.96757    44.99306    45.67751    -0.68445
   2.54352   2.26924  -2.96757    47.43093    48.45178    -1.02085
   2.43508   1.86454  -2.96757    49.45402    50.48132    -1.02729
   2.54352   1.45985  -2.96757    50.36893    51.01797    -0.64904
   3.04022   2.21831  -3.05088    44.55882    44.77916    -0.22034
   2.83597   1.86454  -3.05088    46.84735    47.20934    -0.36199
   1.65353   3.43308   3.64075    37.84698    37.55410     0.29288
   2.06203   3.43308   3.61281    36.94901    36.57995     0.36906
   1.85778   3.78686   3.61281    36.02783    35.75536     0.27247
   1.44928   3.78686   3.61281    37.00110    36.80764     0.19346
   1.85778   3.07931   3.61281    38.76440    38.38497     0.37943
   2.46292   3.43308   3.52951    36.56372    36.16678     0.39695
   2.35448   3.83778   3.52951    35.39718    35.05318     0.34400
   2.05822   4.13404   3.52951    34.72387    34.49440     0.22947
   1.65353   4.24247   3.52951    34.87510    34.76313     0.11197
   1.24883   4.13404   3.52951    36.23491    36.15635     0.07856
   0.95257   3.83778   3.52951    38.69788    38.59873     0.09915
   2.35448   3.02839   3.52951    38.05971    37.62814     0.43157
   2.84873   3.43308   3.39239    36.63840    36.27697     0.36143
   2.77665   3.84187   3.39239    35.57351    35.19357     0.37994
   2.56911   4.20134   3.39239    34.68873    34.36087     0.32786
   2.25113   4.46816   3.39239    34.01039    33.81713     0.19326
   1.86107   4.61013   3.39239    33.71232    33.67966     0.03266
   1.44598   4.61013   3.39239    34.13024    34.19739    -0.06714
   1.05593   4.46816   3.39239    35.55343    35.60895    -0.05552
   0.73795   4.20134   3.39239    37.98943    37.96015     0.02927
   2.56911   2.66482   3.39239    39.26892    38.86293     0.40599
   2.77665   3.02430   3.39239    37.87459    37.53007     0.34452
   3.21228   3.43308   3.20401    37.09773    36.85121     0.24653
   3.15448   3.85363   3.20401    36.15521    35.79547     0.35974
   2.98536   4.24299   3.20401    35.34887    34.95403     0.39484
   2.71746   4.57228   3.20401    34.60150    34.28071     0.32079
   2.37066   4.81708   3.20401    33.85288    33.70439     0.14849
   1.97067   4.95923   3.20401    33.25612    33.31571    -0.05959
   1.54715   4.98820   3.20401    33.15384    33.37228    -0.21844
   1.13153   4.90183   3.20401    33.89493    34.15319    -0.25827
   0.75463   4.70654   3.20401    35.67266    35.83842    -0.16576
   0.44439   4.41679   3.20401    38.45629    38.45470     0.00159
   2.71746   2.29389   3.20401    40.70089    40.39896     0.30194
   2.98536   2.62318   3.20401    39.36304    39.23728     0.12577
   3.15448   3.01254   3.20401    38.16764    38.03771     0.12993
   3.37181   4.22804   2.96789    36.45077    36.07226     0.37851
   3.16074   4.57884   2.96789    35.97700    35.55924     0.41776
   2.87920   4.87606   2.96789    35.40471    35.05916     0.34555
   2.54035   5.10581   2.96789    34.59146    34.42374     0.16772
   2.16003   5.25734   2.96789    33.66086    33.73249    -0.07163
   1.75603   5.32357   2.96789    32.94362    33.24236    -0.29873
   1.34723   5.30141   2.96789    32.79616    33.23684    -0.44068
   0.95276   5.19188   2.96789    33.47889    33.93009    -0.45121
   0.59105   5.00012   2.96789    35.12296    35.44660    -0.32363
   0.27903   4.73508   2.96789    37.73152    37.82889    -0.09737
   0.03127   4.40916   2.96789    41.18721    41.03364     0.15357
   2.92531   5.21905   2.68841    37.00047    36.66362     0.33685
   2.56433   5.42746   2.68841    35.89605    35.76091     0.13514
   2.17043   5.56379   2.68841    34.49482    34.63947    -0.14465
   1.75785   5.62311   2.68841    33.27244    33.69188    -0.41945
   1.34150   5.60327   2.68841    32.63991    33.24972    -0.60981
   0.93643   5.50501   2.68841    32.86267    33.52485    -0.66217
   0.55727   5.33185   2.68841    34.07439    34.63299    -0.55860
   0.21774   5.09007   2.68841    36.31209    36.62959    -0.31750
  -0.06990   4.78840   2.68841    39.54188    39.52831     0.01357
   2.16988   5.82898   2.37079    36.01152    36.19242    -0.18091
   1.75755   5.88179   2.37079    34.13212    34.62958    -0.49746
   1.34222   5.86414   2.37079    32.92605    33.66347    -0.73742
   0.93585   5.77656   2.37079    32.62610    33.46855    -0.84245
   0.55012   5.62156   2.37079    33.33519    34.12146    -0.78628
   0.19614   5.40361   2.37079    35.08092    35.65579    -0.57488
  -0.11592   5.12896   2.37079    37.85137    38.08999    -0.23862
  -0.37707   4.80553   2.37079    41.61518    41.43420     0.18098
   2.07022   6.06394   2.02095    37.54578    37.79396    -0.24818
   1.65353   6.09674   2.02095    34.95855    35.55807    -0.59951
   1.23684   6.06394   2.02095    33.31699    34.17969    -0.86270
   0.83041   5.96637   2.02095    32.74094    33.72347    -0.98253
   0.44425   5.80642   2.02095    33.25361    34.18958    -0.93597
   0.08787   5.58803   2.02095    34.83933    35.56704    -0.72772
  -0.22996   5.31657   2.02095    37.46922    37.85429    -0.38507
  -0.50142   4.99874   2.02095    41.11944    41.06408     0.05536
   1.55029   6.25798   1.64539    35.88099    36.53290    -0.65190
   1.14008   6.21284   1.64539    33.85163    34.78385    -0.93222
   0.74082   6.10846   1.64539    33.02520    34.09310    -1.06791
   0.36100   5.94706   1.64539    33.33456    34.37515    -1.04059
   0.00874   5.73208   1.64539    34.71634    35.57175    -0.85541
  -0.30847   5.46809   1.64539    37.11781    37.65529    -0.53748
  -0.58386   5.16074   1.64539    40.50323    40.62622    -0.12299
   1.34650   6.35425   1.25112    36.02030    36.75851    -0.73821
   0.94294   6.28309   1.25112    34.05243    35.04992    -0.99749
   0.55321   6.15646   1.25112    33.37849    34.48366    -1.10518
   0.18490   5.97682   1.25112    33.85979    34.91241    -1.05262
  -0.15483   5.74767   1.25112    35.39593    36.25003    -0.85411
  -0.45936   5.47347   1.25112    37.91538    38.45544    -0.54006
  -0.72276   5.15956   1.25112    41.37045    41.52199    -0.15154
   1.34067   6.40969   0.84548    37.30481    37.91870    -0.61389
   0.92945   6.33718   0.84548    34.86694    35.78032    -0.91338
   0.53233   6.20815   0.84548    33.91124    34.97130    -1.06006
   0.15702   6.02510   0.84548    34.21496    35.25958    -1.04462
  -0.18915   5.79160   0.84548    35.63250    36.51494    -0.88244
  -0.49946   5.51220   0.84548    38.06284    38.67122    -0.60838
  -0.76786   5.19233   0.84548    41.43445    41.70577    -0.27132
   1.34067   6.40969   0.43603    38.43998    38.88150    -0.44153
   0.92945   6.33718   0.43603    35.71659    36.48097    -0.76438
   0.53233   6.20815   0.43603    34.57828    35.52144    -0.94315
   0.15702   6.02510   0.43603    34.74457    35.71183    -0.96726
  -0.18915   5.79160   0.43603    36.04226    36.89276    -0.85050
  -0.49946   5.51220   0.43603    38.35275    38.98140    -0.62865
  -0.76786   5.19233   0.43603    41.58882    41.94383    -0.35501
  -0.98914   4.83821   0.43603    45.68834    45.78390    -0.09556
   1.34650   6.35425   0.03039    39.25699    39.49775    -0.24076
   0.94294   6.28309   0.03039    36.52294    37.08775    -0.56482
   0.55321   6.15646   0.03039    35.34385    36.10847    -0.76463
   0.18490   5.97682   0.03039    35.43923    36.26391    -0.82468
  -0.15483   5.74767   0.03039    36.63714    37.39212    -0.75498
  -0.45936   5.47347   0.03039    38.81962    39.40804    -0.58842
  -0.72276   5.15956   0.03039    41.89818    42.27561    -0.37743
  -0.93991   4.81204   0.03039    45.81008    45.99679    -0.18671
   1.14008   6.21284  -0.36388    38.12685    38.33854    -0.21169
   0.74082   6.10846  -0.36388    36.44826    36.92104    -0.47278
   0.36100   5.94706  -0.36388    36.12384    36.73524    -0.61140
   0.00874   5.73208  -0.36388    36.96847    37.58939    -0.62092
  -0.30847   5.46809  -0.36388    38.85664    39.38071    -0.52407
  -0.58386   5.16074  -0.36388    41.69675    42.06228    -0.36553
  -0.81157   4.81656  -0.36388    45.42102    45.62801    -0.20699
   1.23684   6.06394  -0.73944    38.89994    38.84395     0.05599
   0.83041   5.96637  -0.73944    37.33180    37.53913    -0.20734
   0.44425   5.80642  -0.73944    37.07201    37.44273    -0.37072
   0.08787   5.58803  -0.73944    37.99005    38.40336    -0.41330
  -0.22996   5.31657  -0.73944    39.98428    40.33688    -0.35260
  -0.50142   4.99874  -0.73944    42.97436    43.20523    -0.23087
  -0.71981   4.64236  -0.73944    46.89629    47.00218    -0.10588
   1.34222   5.86414  -1.08929    39.39505    39.11491     0.28013
   0.93585   5.77656  -1.08929    38.18019    38.13530     0.04489
   0.55012   5.62156  -1.08929    38.10300    38.22861    -0.12560
   0.19614   5.40361  -1.08929    39.14153    39.33507    -0.19354
  -0.11592   5.12896  -1.08929    41.24369    41.40959    -0.16590
  -0.37707   4.80553  -1.08929    44.34547    44.42384    -0.07838
  -0.57981   4.44262  -1.08929    48.36780    48.35189     0.01591
   1.34150   5.60327  -1.40690    39.42015    39.03968     0.38047
   0.93643   5.50501  -1.40690    38.96395    38.76889     0.19506
   0.55727   5.33185  -1.40690    39.48792    39.43299     0.05493
   0.21774   5.09007  -1.40690    41.07238    41.07084     0.00154
  -0.06990   4.78840  -1.40690    43.69976    43.67438     0.02538
  -0.29525   4.43775  -1.40690    47.28661    47.20060     0.08601
  -0.45017   4.05078  -1.40690    51.66348    51.53504     0.12844
   1.34723   5.30141  -1.68638    39.84183    39.41857     0.42327
   0.95276   5.19188  -1.68638    40.09158    39.79871     0.29287
   0.59105   5.00012  -1.68638    41.19976    41.01402     0.18575
   0.27903   4.73508  -1.68638    43.29941    43.15702     0.14239
   0.03127   4.40916  -1.68638    46.35664    46.20874     0.14789
  -0.14063   4.03761  -1.68638    50.19072    50.03604     0.15468
  -0.22864   3.63778  -1.68638    54.42955    54.33245     0.09710
   1.13153   4.90183  -1.92250    41.18721    40.83447     0.35274
   0.75463   4.70654  -1.92250    42.61166    42.35143     0.26023
   0.44439   4.41679  -1.92250    45.06522    44.86590     0.19932
   0.22382   4.05409  -1.92250    48.45064    48.29671     0.15392
   0.10929   3.64533  -1.92250    52.34747    52.29453     0.05294
   1.44598   4.61013  -2.11088    42.03059    41.74615     0.28443
   1.05593   4.46816  -2.11088    43.39730    43.14925     0.24806
   0.73795   4.20134  -2.11088    45.70277    45.53538     0.16739
   0.53040   3.84187  -2.11088    48.85287    48.79667     0.05620
   0.45832   3.43308  -2.11088    52.23766    52.39831    -0.16065
   0.53040   3.02430  -2.11088    54.90645    55.48977    -0.58331
   1.24883   4.13404  -2.24800    44.82112    44.75521     0.06591
   0.95257   3.83778  -2.24800    47.40709    47.45453    -0.04744
   0.84414   3.43308  -2.24800    50.47435    50.79003    -0.31567
   0.95257   3.02839  -2.24800    52.66373    53.47863    -0.81490
   3.68667   3.19602   3.05948    37.89718    38.08894    -0.19176
   3.57823   3.60071   3.05948    37.23767    37.16095     0.07672
   3.28197   2.49507   3.05948    39.70880    40.00255    -0.29375
   3.57823   2.79133   3.05948    38.69035    39.05635    -0.36600
   4.07248   3.19602   2.92236    37.85828    38.28319    -0.42492
   4.00040   3.60480   2.92236    37.45541    37.68405    -0.22864
   3.08482   2.01897   2.92236    41.57125    41.92400    -0.35275
   3.47488   2.16094   2.92236    40.24344    41.02138    -0.77794
   3.79286   2.42776   2.92236    39.14718    39.94423    -0.79705
   4.00040   2.78724   2.92236    38.38601    39.00930    -0.62329
   4.43603   3.19602   2.73398    37.78674    38.33986    -0.55312
   4.20911   2.38612   2.73398    38.59685    39.50959    -0.91273
   4.37823   2.77547   2.73398    38.09924    38.78456    -0.68532
   4.72628   2.78902   2.49786    37.84071    38.37859    -0.53788
   5.03016   2.78109   2.21838    37.68257    37.89387    -0.21129
   1.66814   4.17973  -2.39253    43.79138    43.92911    -0.13773
   1.44757   3.81703  -2.39253    46.17591    46.46644    -0.29053
   1.33304   3.40827  -2.39253    48.82840    49.46858    -0.64018
   1.33304   2.98377  -2.39253    51.22172    52.41221    -1.19049
   1.44757   2.57501  -2.39253    52.72084    54.62223    -1.90139
   1.96170   3.96428  -2.58091    44.06058    44.55514    -0.49456
   1.75415   3.60480  -2.58091    46.39115    47.07544    -0.68429
   1.68207   3.19602  -2.58091    48.62634    49.72770    -1.10136
   1.75415   2.78724  -2.58091    50.14115    51.80559    -1.66444
   2.17632   3.60071  -2.71803    44.90897    45.73658    -0.82761
   2.06789   3.19602  -2.71803    46.97473    48.13939    -1.16465
   2.67303   3.54979  -2.80133    43.26678    44.09455    -0.82777
   2.46878   3.19602  -2.80133    45.24092    46.29414    -1.05321
   2.87728   3.19602  -2.82928    43.52720    44.28995    -0.76275
   3.69715   4.22147   2.94822    36.85614    36.74329     0.11286
   4.10565   4.22147   2.92028    36.92580    37.13590    -0.21010
   3.90140   4.57525   2.92028    37.02745    37.10312    -0.07566
   3.49290   4.57525   2.92028    36.75449    36.51161     0.24288
   3.90140   3.86770   2.92028    37.21696    37.30698    -0.09001
   4.50654   4.22147   2.83697    36.89003    37.33417    -0.44414
   4.39811   4.62617   2.83697    37.14417    37.53658    -0.39241
   4.10185   4.92243   2.83697    37.58719    37.82805    -0.24086
   3.69715   5.03086   2.83697    37.70893    37.70875     0.00018
   3.29246   4.92243   2.83697    37.00988    36.71530     0.29458
   4.39811   3.81678   2.83697    37.08644    37.50142    -0.41499
   4.89236   4.22147   2.69986    36.94274    37.52408    -0.58134
   4.82028   4.63026   2.69986    37.25210    37.81475    -0.56265
   4.61273   4.98974   2.69986    37.81498    38.29840    -0.48342
   4.29475   5.25655   2.69986    38.47888    38.83258    -0.35370
   3.90470   5.39852   2.69986    38.94449    39.11970    -0.17521
   3.48961   5.39852   2.69986    38.79389    38.74732     0.04657
   3.09955   5.25655   2.69986    37.68759    37.40880     0.27879
   4.61273   3.45321   2.69986    37.39078    37.91962    -0.52884
   4.82028   3.81269   2.69986    36.96658    37.51616    -0.54957
   5.25591   4.22147   2.51148    37.20629    37.83990    -0.63360
   5.19810   4.64202   2.51148    37.56962    38.20117    -0.63155
   5.02898   5.03138   2.51148    38.14505    38.72017    -0.57512
   4.76108   5.36067   2.51148    38.91186    39.39892    -0.48706
   4.41428   5.60547   2.51148    39.76904    40.14582    -0.37678
   4.01429   5.74762   2.51148    40.47562    40.71446    -0.23884
   2.79825   5.49493   2.51148    38.03461    37.77655     0.25805
   4.76108   3.08228   2.51148    37.77419    38.31241    -0.53822
   5.02898   3.41157   2.51148    37.22386    37.72909    -0.50523
   5.19810   3.80093   2.51148    37.06950    37.64553    -0.57604
   5.59042   4.22147   2.27536    37.75223    38.37445    -0.62223
   5.54615   4.62847   2.27536    38.13438    38.76338    -0.62900
   5.41543   5.01643   2.27536    38.63576    39.21705    -0.58129
   5.20437   5.36723   2.27536    39.29904    39.80717    -0.50813
   4.92283   5.66445   2.27536    40.14116    40.57103    -0.42988
   4.58397   5.89419   2.27536    41.10501    41.45701    -0.35200
   5.20437   3.07572   2.27536    37.39455    37.68427    -0.28972
   5.41543   3.42651   2.27536    37.30920    37.71980    -0.41060
   5.54615   3.81448   2.27536    37.46483    38.00964    -0.54481
   5.88966   4.22147   1.99588    38.61254    39.18358    -0.57104
   5.85004   4.63641   1.99588    39.03172    39.60629    -0.57457
   5.73261   5.03635   1.99588    39.48227    39.99957    -0.51730
   5.54161   5.40683   1.99588    40.04891    40.48323    -0.43431
   5.28395   5.73448   1.99588    40.80381    41.15753    -0.35373
   4.96893   6.00744   1.99588    41.76640    42.05650    -0.29009
   4.60795   6.21585   1.99588    42.87459    43.11387    -0.23929
   5.28395   2.70847   1.99588    37.24520    37.05418     0.19102
   5.54161   3.03611   1.99588    37.32991    37.36601    -0.03610
   5.73261   3.40660   1.99588    37.70391    37.99562    -0.29171
   5.85004   3.80654   1.99588    38.16638    38.64603    -0.47964
   6.14806   4.22147   1.67826    39.78473    40.28537    -0.50064
   6.11281   4.63568   1.67826    40.22399    40.71587    -0.49188
   6.00806   5.03797   1.67826    40.59359    41.01255    -0.41896
   5.83683   5.41677   1.67826    41.01151    41.32951    -0.31800
   5.60405   5.76118   1.67826    41.58568    41.80795    -0.22227
   5.31641   6.06130   1.67826    42.38701    42.53965    -0.15264
   4.98218   6.30850   1.67826    43.42491    43.53898    -0.11407
   5.83683   3.02618   1.67826    37.46294    37.34254     0.12040
   6.00806   3.40498   1.67826    38.38538    38.59691    -0.21152
   6.11281   3.80727   1.67826    39.18169    39.59662    -0.41493
   6.36081   4.22147   1.32842    41.22926    41.65505    -0.42580
   6.32801   4.63816   1.32842    41.68295    42.07757    -0.39463
   6.23044   5.04459   1.32842    41.95654    42.25683    -0.30029
   6.07049   5.43075   1.32842    42.20629    42.38354    -0.17725
   5.85210   5.78713   1.32842    42.57464    42.63400    -0.05936
   5.58064   6.10496   1.32842    43.16512    43.13900     0.02612
   5.26281   6.37642   1.32842    44.02983    43.96131     0.06853
   6.07049   3.01220   1.32842    37.70077    37.55411     0.14666
   6.25666   5.42132   0.95286    43.53222    43.57163    -0.03942
   6.05468   5.78120   0.95286    43.65584    43.55786     0.09797
   5.80246   6.10784   0.95286    43.97461    43.77074     0.20387
   5.50537   6.39427   0.95286    44.56761    44.30581     0.26180
   5.16974   6.63440   0.95286    45.45616    45.18678     0.26938
   6.18808   5.77798   0.55859    44.77029    44.52774     0.24255
   5.94722   6.10950   0.55859    44.81987    44.45588     0.36398
   5.66256   6.40428   0.55859    45.13676    44.70113     0.43563
   5.33964   6.65657   0.55859    45.76113    45.31155     0.44958
   6.23537   5.80753   0.15295    45.73226    45.35984     0.37243
   5.98993   6.14534   0.15295    45.54715    45.04596     0.50119
   5.69986   6.44571   0.15295    45.64316    45.06767     0.57549
   5.37082   6.70279   0.15295    46.06484    45.48027     0.58458
   5.98993   6.14534  -0.25651    46.00084    45.42155     0.57929
   5.69986   6.44571  -0.25651    45.86530    45.21300     0.65230
   5.37082   6.70279  -0.25651    46.05355    45.39550     0.65805
   5.00920   6.91157  -0.25651    46.55054    45.95061     0.59993
   5.94722   6.10950  -0.66215    46.13199    45.54485     0.58714
   5.66256   6.40428  -0.66215    45.78937    45.13227     0.65710
   5.33964   6.65657  -0.66215    45.74482    45.08508     0.65974
   4.98476   6.86146  -0.66215    45.98766    45.38922     0.59844
   5.80246   6.10784  -1.05642    45.78184    45.23744     0.54440
   5.50537   6.39427  -1.05642    45.32501    44.73106     0.59396
   5.16974   6.63440  -1.05642    45.15182    44.57638     0.57544
   4.80272   6.82309  -1.05642    45.23653    44.74327     0.49327
   4.41214   6.95634  -1.05642    45.50009    45.13254     0.36754
   1.45977   5.94913  -1.05642    40.08719    39.78740     0.29979
   5.58064   6.10496  -1.43197    44.98176    44.54535     0.43642
   5.26281   6.37642  -1.43197    44.47348    44.01816     0.45532
   4.90643   6.59481  -1.43197    44.22310    43.81745     0.40565
   4.52027   6.75476  -1.43197    44.18483    43.88639     0.29844
   4.11384   6.85234  -1.43197    44.26264    44.10224     0.16040
   3.69715   6.88513  -1.43197    44.32727    44.30275     0.02452
   2.13150   6.37642  -1.43197    42.38513    42.38140     0.00373
   1.81366   6.10496  -1.43197    41.30832    41.15797     0.15035
   1.54221   5.78713  -1.43197    40.18257    39.86363     0.31894
   5.60405   5.76118  -1.78182    44.62346    44.40961     0.21384
   5.31641   6.06130  -1.78182    43.88927    43.62588     0.26339
   4.98218   6.30850  -1.78182    43.36153    43.11125     0.25029
   4.61099   6.49565  -1.78182    43.04652    42.87154     0.17499
   4.21351   6.61737  -1.78182    42.88776    42.83091     0.05686
   3.80117   6.67017  -1.78182    42.78799    42.86118    -0.07319
   3.38584   6.65253  -1.78182    42.63990    42.81956    -0.17966
   2.97947   6.56495  -1.78182    42.36003    42.59123    -0.23121
   2.59374   6.40995  -1.78182    41.91575    42.12639    -0.21063
   2.23976   6.19200  -1.78182    41.34409    41.45906    -0.11497
   1.92770   5.91735  -1.78182    40.74419    40.70317     0.04102
   1.66655   5.59392  -1.78182    40.26477    40.03414     0.23063
   1.46381   5.23101  -1.78182    40.09221    39.67187     0.42034
   5.28395   5.73448  -2.09944    43.23101    43.19820     0.03282
   4.96893   6.00744  -2.09944    42.54703    42.50617     0.04086
   4.60795   6.21585  -2.09944    42.04188    42.05195    -0.01007
   4.21406   6.35218  -2.09944    41.70114    41.80887    -0.10773
   3.80148   6.41150  -2.09944    41.45893    41.68095    -0.22203
   3.38513   6.39166  -2.09944    41.23428    41.54981    -0.31554
   2.98005   6.29339  -2.09944    40.97072    41.32526    -0.35454
   2.60090   6.12024  -2.09944    40.66638    40.98672    -0.32034
   2.26137   5.87846  -2.09944    40.38965    40.60184    -0.21219
   1.97373   5.57679  -2.09944    40.26728    40.31912    -0.05184
   1.74838   5.22614  -2.09944    40.46558    40.34333     0.12225
   1.59346   4.83917  -2.09944    41.15960    40.90326     0.25634
   5.20437   5.36723  -2.37891    42.50938    42.70487    -0.19549
   4.92283   5.66445  -2.37891    41.80468    41.98345    -0.17877
   4.58397   5.89419  -2.37891    41.19663    41.40662    -0.20999
   4.20366   6.04573  -2.37891    40.73478    41.01982    -0.28504
   3.79965   6.11196  -2.37891    40.39906    40.77793    -0.37886
   3.39086   6.08980  -2.37891    40.14492    40.59972    -0.45480
   2.99638   5.98027  -2.37891    39.94851    40.42769    -0.47918
   2.63468   5.78851  -2.37891    39.83807    40.27395    -0.43588
   2.32265   5.52347  -2.37891    39.90396    40.23628    -0.33232
   2.07490   5.19755  -2.37891    40.27858    40.48001    -0.20143
   1.90300   4.82600  -2.37891    41.09183    41.19239    -0.10056
   1.81499   4.42617  -2.37891    42.40646    42.51170    -0.10524
   5.19810   4.64202  -2.61504    41.96972    42.35173    -0.38201
   5.02898   5.03138  -2.61504    41.58380    41.95835    -0.37455
   4.76108   5.36067  -2.61504    40.95064    41.32633    -0.37569
   4.41428   5.60547  -2.61504    40.32627    40.73912    -0.41285
   4.01429   5.74762  -2.61504    39.83556    40.31999    -0.48443
   3.59078   5.77659  -2.61504    39.50674    40.06570    -0.55895
   3.17516   5.69022  -2.61504    39.34171    39.93786    -0.59616
   2.79825   5.49493  -2.61504    39.38375    39.95408    -0.57032
   2.48801   5.20518  -2.61504    39.73516    40.22707    -0.49192
   2.26745   4.84248  -2.61504    40.51390    40.92627    -0.41237
   2.15292   4.43372  -2.61504    41.75385    42.16669    -0.41284
   5.02898   3.41157  -2.61504    39.03360    39.11889    -0.08529
   4.89236   4.22147  -2.80341    40.65195    41.04751    -0.39556
   4.82028   4.63026  -2.80341    40.70027    41.17190    -0.47163
   4.61273   4.98974  -2.80341    40.29866    40.81100    -0.51234
   4.29475   5.25655  -2.80341    39.75335    40.31243    -0.55907
   3.90470   5.39852  -2.80341    39.30029    39.92240    -0.62211
   3.48961   5.39852  -2.80341    39.05807    39.73447    -0.67640
   3.09955   5.25655  -2.80341    39.10263    39.78864    -0.68601
   2.78158   4.98974  -2.80341    39.52180    40.17093    -0.64913
   2.57403   4.63026  -2.80341    40.37961    40.98992    -0.61032
   2.50195   4.22147  -2.80341    41.56874    42.20996    -0.64122
   2.57403   3.81269  -2.80341    42.69512    43.45167    -0.75655
   4.61273   3.45321  -2.80341    39.12773    39.09579     0.03194
   4.82028   3.81269  -2.80341    40.01377    40.25168    -0.23791
   4.50654   4.22147  -2.94053    39.89517    40.34371    -0.44854
   4.39811   4.62617  -2.94053    39.76528    40.33284    -0.56757
   4.10185   4.92243  -2.94053    39.35112    39.99862    -0.64750
   3.69715   5.03086  -2.94053    39.03799    39.75011    -0.71212
   3.29246   4.92243  -2.94053    39.11016    39.84754    -0.73738
   2.99620   4.62617  -2.94053    39.70127    40.41867    -0.71740
   2.88776   4.22147  -2.94053    40.67140    41.37223    -0.70083
   2.99620   3.81678  -2.94053    41.43069    42.09945    -0.66876
   3.29246   3.52052  -2.94053    41.30895    41.77001    -0.46106
   3.69715   3.41208  -2.94053    40.39467    40.52954    -0.13487
   4.10185   3.52052  -2.94053    39.63664    39.70359    -0.06695
   4.39811   3.81678  -2.94053    39.64919    39.90493    -0.25574
   4.10565   4.22147  -3.02384    39.53561    40.05885    -0.52324
   3.90140   4.57525  -3.02384    39.27645    39.93720    -0.66076
   3.49290   4.57525  -3.02384    39.30155    40.01871    -0.71716
   3.28865   4.22147  -3.02384    39.97110    40.64904    -0.67794
   3.49290   3.86770  -3.02384    40.25473    40.77423    -0.51950
   3.90140   3.86770  -3.02384    39.76339    40.15622    -0.39283
   3.69715   4.22147  -3.05178    39.57138    40.17927    -0.60789
  -0.33226   3.03067   3.59660    49.41135    49.65756    -0.24621
  -0.54064   2.66975   3.59660    51.77581    52.15145    -0.37564
  -0.12389   3.49060   3.48833    46.68922    46.73507    -0.04586
  -0.53431   3.38063   3.48833    49.43583    49.42019     0.01564
  -0.83476   3.08017   3.48833    52.38387    52.38465    -0.00078
  -0.94474   2.66975   3.48833    54.56948    54.71798    -0.14849
  -0.83476   2.25933   3.48833    55.15495    55.60880    -0.45385
  -0.53431   1.95888   3.48833    54.05430    54.91734    -0.86304
  -0.33226   3.85152   3.31153    46.49657    46.33190     0.16467
  -0.72389   3.70898   3.31153    49.47787    49.24132     0.23655
  -1.04314   3.44110   3.31153    52.65620    52.38904     0.26717
  -1.25152   3.08017   3.31153    55.65633    55.42548     0.23085
  -1.32389   2.66975   3.31153    57.89089    57.78540     0.10549
  -1.25152   2.25933   3.31153    58.81960    58.95447    -0.13487
  -1.04314   1.89841   3.31153    58.33830    58.84801    -0.50971
  -0.72389   1.63052   3.31153    56.72247    57.70938    -0.98692
  -0.22916   4.20884   3.07157    44.23942    43.99285     0.24657
  -0.64050   4.12337   3.07157    47.31547    46.96802     0.34746
  -1.01353   3.93008   3.07157    50.61554    50.18840     0.42714
  -1.32057   3.64332   3.07157    54.09948    53.63156     0.46791
  -1.53886   3.28436   3.07157    57.59910    57.13540     0.46370
  -1.65221   2.87981   3.07157    60.65883    60.24929     0.40954
  -1.65221   2.45969   3.07157    62.63486    62.35075     0.28411
  -1.53886   2.05514   3.07157    63.15381    63.10880     0.04501
  -1.32057   1.69618   3.07157    62.34746    62.68635    -0.33889
  -1.01353   1.40942   3.07157    60.55404    61.42106    -0.86702
  -0.23079   4.50515   2.77576    42.57464    42.31760     0.25704
  -0.65118   4.43102   2.77576    45.96695    45.56727     0.39968
  -1.04314   4.26194   2.77576    49.43081    48.92286     0.50795
  -1.38555   4.00703   2.77576    53.08291    52.50670     0.57621
  -1.65994   3.68003   2.77576    57.01175    56.40339     0.60836
  -1.85152   3.29856   2.77576    61.11566    60.49778     0.61788
  -1.94996   2.88319   2.77576    64.87193    64.25845     0.61348
  -1.94996   2.45631   2.77576    67.42966    66.86482     0.56484
  -1.85152   2.04094   2.77576    68.28119    67.87962     0.40157
  -1.65994   1.65947   2.77576    67.61038    67.52888     0.08150
  -1.38555   1.33247   2.77576    65.87846    66.28210    -0.40364
  -0.64486   4.68186   2.43307    44.52431    44.15597     0.36834
  -1.03923   4.53580   2.43307    48.08041    47.57201     0.50839
  -1.39613   4.31335   2.43307    51.68231    51.08855     0.59376
  -1.70094   4.02360   2.43307    55.54463    54.90630     0.63833
  -1.94118   3.67843   2.43307    59.86001    59.19595     0.66407
  -2.10703   3.29196   2.43307    64.62532    63.91531     0.71001
  -0.86151   4.80097   2.05391    45.29489    44.92040     0.37449
  -1.25152   4.62286   2.05391    49.00975    48.50229     0.50746
  -1.60077   4.37416   2.05391    52.71080    52.14173     0.56907
  -1.89664   4.06386   2.05391    56.68419    56.09789     0.58629
  -2.12844   3.70317   2.05391    61.27442    60.66576     0.60866
  -1.05282   4.84309   1.64982    46.27883    45.94295     0.33587
  -1.42595   4.64230   1.64982    49.93030    49.49630     0.43400
  -1.75724   4.37810   1.64982    53.45816    53.01075     0.44741
  -2.03603   4.05900   1.64982    57.13035    56.71592     0.41442
  -0.94474   4.92501   1.23307    44.78473    44.63761     0.14712
  -1.32389   4.74821   1.23307    48.59120    48.31657     0.27462
  -1.66658   4.50826   1.23307    51.98602    51.70508     0.28094
  -1.96239   4.21244   1.23307    55.15055    54.95054     0.20001
  -1.05282   4.84309   0.81631    46.12069    46.05640     0.06430
  -1.42595   4.64230   0.81631    49.95791    49.82610     0.13181
  -1.75724   4.37810   0.81631    53.27116    53.20443     0.06673
  -1.25152   4.62286   0.41222    49.36743    49.37082    -0.00339
  -1.60077   4.37416   0.41222    53.17013    53.20841    -0.03827
  -1.39613   4.31335   0.03307    53.45942    53.55104    -0.09162
   4.50706  -4.11829   0.55651    62.52630    63.00642    -0.48012
   4.83109  -3.83752   0.55651    59.26200    59.83213    -0.57013
   5.09613  -3.50049   0.55651    57.07199    57.77927    -0.70728
   5.29259  -3.11940   0.55651    55.93745    56.83027    -0.89282
   5.41339  -2.70802   0.55651    55.84270    56.99607    -1.15337
   4.31889  -4.36253   0.15241    65.49756    65.61177    -0.11421
   4.67252  -4.12910   0.15241    62.11277    62.29441    -0.18163
   4.97879  -3.83627   0.15241    59.77404    60.06112    -0.28707
   5.22786  -3.49346   0.15241    58.40545    58.83144    -0.42599
   5.41171  -3.11170   0.15241    58.01702    58.62206    -0.60504
   4.39888  -4.35967  -0.26434    65.25283    65.11026     0.14257
   4.74157  -4.11971  -0.26434    62.38637    62.34131     0.04506
   5.03739  -3.82390  -0.26434    60.56784    60.63554    -0.06770
   5.27734  -3.48121  -0.26434    59.70878    59.90760    -0.19882
   5.45414  -3.10206  -0.26434    59.86441    60.21020    -0.34579
   4.31889  -4.36253  -0.68110    66.12946    65.77704     0.35242
   4.67252  -4.12910  -0.68110    63.27994    63.04930     0.23064
   4.97879  -3.83627  -0.68110    61.57437    61.46219     0.11218
   5.22786  -3.49346  -0.68110    60.90293    60.91293    -0.00999
   5.41171  -3.11170  -0.68110    61.35286    61.47484    -0.12199
   4.13575  -4.33267  -1.08519    67.38887    66.86829     0.52058
   4.50706  -4.11829  -1.08519    64.36365    63.99148     0.37217
   4.83109  -3.83752  -1.08519    62.57399    62.33218     0.24181
   5.09613  -3.50049  -1.08519    61.89565    61.77571     0.11994
   5.29259  -3.11940  -1.08519    62.41837    62.39666     0.02171
   3.92074  -4.23029  -1.46434    68.26613    67.64367     0.62246
   4.29831  -4.04508  -1.46434    65.26099    64.80570     0.45529
   4.63087  -3.78766  -1.46434    63.43180    63.11834     0.31346
   4.90481  -3.46857  -1.46434    62.69573    62.51354     0.18219
   5.10890  -3.10086  -1.46434    63.13499    63.06362     0.07137
   3.51813  -4.09178  -1.80703    70.02190    69.29907     0.72283
   3.92708  -3.96935  -1.80703    66.75070    66.21530     0.53540
   4.29676  -3.75592  -1.80703    64.53872    64.16390     0.37483
   4.60726  -3.46298  -1.80703    63.42176    63.19954     0.22222
   4.84183  -3.10633  -1.80703    63.47196    63.40056     0.07139
   3.09360  -3.82030  -2.10285    70.46681    69.80476     0.66204
   3.51275  -3.79163  -2.10285    67.80868    67.26562     0.54305
   3.90862  -3.65094  -2.10285    65.54337    65.14609     0.39728
   4.25185  -3.40866  -2.10285    64.12018    63.88061     0.23957
   4.51698  -3.08276  -2.10285    63.73802    63.67764     0.06039
   3.40726  -3.46298  -2.34280    66.41121    66.05314     0.35807
   3.79888  -3.32044  -2.34280    64.88636    64.63234     0.25403
   4.11813  -3.05255  -2.34280    64.03860    63.95465     0.08395
   4.32651  -2.69163  -2.34280    64.19234    64.35090    -0.15856
   4.01973  -2.28121  -2.51960    64.42075    64.80399    -0.38324
   3.60930  -2.99208  -2.51960    64.43205    64.30939     0.12266
   3.90975  -2.69163  -2.51960    64.01099    64.07611    -0.06512
   1.37760  -1.11668   4.21784    42.57840    44.14214    -1.56374
   1.58597  -0.75576   4.18138    41.98980    43.19880    -1.20900
   1.16922  -0.75576   4.18138    45.10664    46.71280    -1.60616
   0.96084  -1.11668   4.18138    46.24306    48.16004    -1.91698
   1.78802  -0.40580   4.07311    41.90006    42.78214    -0.88207
   1.37760  -0.29583   4.07311    44.71382    46.00126    -1.28744
   0.96717  -0.40580   4.07311    47.13600    48.83752    -1.70151
   0.66672  -0.70625   4.07311    49.00284    51.03871    -2.03586
   0.55675  -1.11668   4.07311    49.80668    52.06561    -2.25892
   1.97760  -0.07745   3.89630    42.16801    42.76783    -0.59982
   1.58597   0.06509   3.89630    44.46783    45.48330    -1.01546
   1.16922   0.06509   3.89630    46.61831    48.07270    -1.45439
   0.77760  -0.07745   3.89630    48.81020    50.65437    -1.84417
   0.45834  -0.34533   3.89630    50.88726    53.02944    -2.14219
   0.24996  -0.70625   3.89630    52.50999    54.88639    -2.37639
   0.17760  -1.11668   3.89630    53.41612    55.98777    -2.57166
   0.24996  -1.52710   3.89630    53.43118    56.11758    -2.68640
   2.43056   0.01078   3.65635    40.81134    40.84850    -0.03717
   2.08733   0.25306   3.65635    43.02895    43.45112    -0.42216
   1.69147   0.39375   3.65635    44.78284    45.63698    -0.85413
   1.27232   0.42242   3.65635    46.53610    47.88691    -1.35080
   0.86098   0.33694   3.65635    48.59434    50.41604    -1.82170
   0.48796   0.14366   3.65635    50.95189    53.11519    -2.16330
   0.18091  -0.14310   3.65635    53.31258    55.68817    -2.37559
  -0.03738  -0.50207   3.65635    55.30743    57.84582    -2.53839
  -0.15073  -0.90661   3.65635    56.72937    59.45024    -2.72088
  -0.15073  -1.32674   3.65635    57.57400    60.49563    -2.92163
   2.78597   0.06509   3.36053    40.47876    40.07649     0.40226
   2.47547   0.35803   3.36053    42.69700    42.66022     0.03678
   0.11593   0.22060   3.36053    53.98276    56.58663    -2.60387
  -0.15845  -0.10640   3.36053    56.81032    59.45015    -2.63984
  -0.35004  -0.48787   3.36053    59.09508    61.78868    -2.69360
  -0.44848  -0.90324   3.36053    60.73915    63.58738    -2.84822
  -0.43970  -0.10800   3.01784    60.88662    63.64102    -2.75440
  -0.60555  -0.49446   3.01784    63.50082    66.17540    -2.67458
  -0.69020  -0.90640   3.01784    65.32750    68.12476    -2.79726
  -0.09539  -3.03019   4.11747    50.65696    51.31994    -0.66299
   0.32136  -3.03019   4.08101    49.73452    50.57930    -0.84478
   0.11298  -2.66927   4.08101    51.20289    52.50685    -1.30396
  -0.30377  -2.66927   4.08101    52.21758    53.25994    -1.04236
  -0.51215  -3.03019   4.08101    51.48904    51.94797    -0.45893
  -0.30377  -3.39111   4.08101    50.17503    50.27733    -0.10230
   0.11298  -3.39111   4.08101    49.49418    49.71643    -0.22224
   0.31503  -2.31931   3.97273    51.94147    53.96346    -2.02199
  -0.09539  -2.20934   3.97273    53.68720    55.57129    -1.88409
  -0.50582  -2.31931   3.97273    54.16285    55.53412    -1.37126
  -0.80627  -2.61977   3.97273    53.52719    54.29015    -0.76296
  -0.91624  -3.03019   3.97273    52.29225    52.53575    -0.24350
  -0.80627  -3.44061   3.97273    50.92804    50.79191     0.13613
  -0.50582  -3.74107   3.97273    49.72072    49.34272     0.37800
  -0.09539  -3.85104   3.97273    48.93507    48.47278     0.46229
   0.31503  -3.74107   3.97273    48.71670    48.41797     0.29873
   0.61548  -3.44061   3.97273    48.67026    48.89582    -0.22555
  -0.30377  -1.84842   3.79593    56.44887    58.74200    -2.29313
  -0.69539  -1.99096   3.79593    56.49029    58.13630    -1.64601
  -1.01465  -2.25885   3.79593    55.72096    56.72797    -1.00701
  -1.22302  -2.61977   3.79593    54.47096    54.93276    -0.46180
  -1.29539  -3.03019   3.79593    53.08417    53.11212    -0.02796
  -1.22302  -3.44061   3.79593    51.73377    51.42640     0.30737
  -1.01465  -3.80154   3.79593    50.45678    49.88847     0.56832
  -0.69539  -4.06942   3.79593    49.30028    48.52300     0.77728
  -0.30377  -4.21196   3.79593    48.40859    47.47138     0.93721
   0.11298  -4.21196   3.79593    48.00824    46.99683     1.01142
   0.50461  -4.06942   3.79593    48.21846    47.30607     0.91239
  -0.61201  -1.57657   3.55598    59.52492    61.88852    -2.36360
  -0.98503  -1.76986   3.55598    58.95012    60.55500    -1.60487
  -1.29207  -2.05662   3.55598    57.71142    58.66295    -0.95153
  -1.51037  -2.41558   3.55598    56.14516    56.56460    -0.41945
  -1.62371  -2.82013   3.55598    54.58705    54.58484     0.00221
  -1.62371  -3.24025   3.55598    53.17641    52.84226     0.33415
  -1.51037  -3.64480   3.55598    51.87496    51.27531     0.59965
  -1.29207  -4.00376   3.55598    50.60488    49.78245     0.82243
  -0.98503  -4.29052   3.55598    49.34923    48.32107     1.02816
  -0.61201  -4.48381   3.55598    48.18081    46.94909     1.23172
  -0.20067  -4.56928   3.55598    47.28410    45.85461     1.42949
   0.21848  -4.54061   3.55598    46.95591    45.37239     1.58352
  -0.62268  -1.26892   3.26016    63.09232    65.94275    -2.85044
  -1.01465  -1.43800   3.26016    62.45163    64.39419    -1.94256
  -1.35705  -1.69291   3.26016    60.99894    62.20137    -1.20243
  -1.63144  -2.01991   3.26016    59.04425    59.65796    -0.61371
  -1.82302  -2.40138   3.26016    57.06383    57.21075    -0.14692
  -1.92147  -2.81675   3.26016    55.36705    55.14677     0.22028
  -1.92147  -3.24363   3.26016    53.97084    53.45975     0.51108
  -1.82302  -3.65900   3.26016    52.71896    51.97445     0.74450
  -1.63144  -4.04047   3.26016    51.46017    50.51687     0.94330
  -1.35705  -4.36747   3.26016    50.11918    48.98643     1.13276
  -1.01465  -4.62238   3.26016    48.69599    47.36087     1.33513
  -0.62268  -4.79146   3.26016    47.26778    45.70196     1.56582
  -0.20229  -4.86559   3.26016    46.01966    44.19621     1.82345
  -1.01074  -1.16414   2.91747    66.77140    68.93540    -2.16400
  -1.36763  -1.38659   2.91747    65.11227    66.47903    -1.36676
  -1.67244  -1.67634   2.91747    62.67063    63.42660    -0.75597
  -1.91269  -2.02151   2.91747    60.05266    60.31947    -0.26681
  -2.07853  -2.40797   2.91747    57.80994    57.68330     0.12664
  -2.16319  -2.81992   2.91747    56.13763    55.69876     0.43887
  -2.16319  -3.24046   2.91747    54.87884    54.19470     0.68415
  -2.07853  -3.65240   2.91747    53.76564    52.88531     0.88033
  -1.91269  -4.03887   2.91747    52.59408    51.54984     1.04425
  -1.67244  -4.38404   2.91747    51.26439    50.06527     1.19912
  -1.36763  -4.67379   2.91747    49.74205    48.37472     1.36733
  -1.01074  -4.89624   2.91747    48.02958    46.46252     1.56706
  -0.61637  -5.04230   2.91747    46.17403    44.36271     1.81132
  -2.09995  -1.99677   2.53832    61.25183    61.22684     0.02499
  -2.25930  -2.39481   2.53832    58.72861    58.33688     0.39173
  -2.34044  -2.81581   2.53832    57.12972    56.45283     0.67689
  -2.34044  -3.24457   2.53832    56.05040    55.16088     0.88953
  -2.25930  -3.66557   2.53832    55.06584    54.01772     1.04812
  -2.09995  -4.06361   2.53832    53.92566    52.75248     1.17318
  -1.86815  -4.42430   2.53832    52.52694    51.23792     1.28902
  -1.57228  -4.73460   2.53832    50.82890    49.41047     1.41843
  -1.22302  -4.98330   2.53832    48.79765    47.21933     1.57832
  -2.44942  -2.81832   2.13423    58.78886    57.77079     1.01806
  -2.44942  -3.24206   2.13423    57.90909    56.73250     1.17659
  -2.37376  -3.65898   2.13423    57.01489    55.74147     1.27342
  -2.22487  -4.05569   2.13423    55.86341    54.52655     1.33686
  -2.00754  -4.41944   2.13423    54.37746    52.98376     1.39370
  -1.72875  -4.73854   2.13423    52.52004    51.05758     1.46246
  -1.39746  -5.00274   2.13423    50.22963    48.67604     1.55358
  -2.45893  -3.44695   1.71747    60.55278    58.91340     1.63939
  -2.35065  -3.85104   1.71747    59.31157    57.70518     1.60639
  -2.17385  -4.23019   1.71747    57.74656    56.17624     1.57032
  -1.93390  -4.57288   1.71747    55.81069    54.26287     1.54782
  -1.63808  -4.86870   1.71747    53.43243    51.88870     1.54373
  -2.22487  -4.05569   1.30071    62.13599    60.18454     1.95145
  -2.00754  -4.41944   1.30071    59.78722    57.99804     1.78918
  -1.72875  -4.73854   1.30071    57.05191    55.38989     1.66202
  -1.89180  -4.62012  -0.18851    68.30253    66.41944     1.88308
  -1.59593  -4.93042  -0.18851    64.83365    63.54797     1.28568
  -2.24852  -4.25151  -0.59260    73.82210    71.41343     2.40867
  -2.03119  -4.61526  -0.59260    69.96480    68.20197     1.76283
  -1.75240  -4.93436  -0.59260    66.76701    65.53313     1.23388
  -1.42111  -5.19855  -0.59260    64.08378    63.33299     0.75079
  -1.04798  -5.39934  -0.59260    61.88499    61.63081     0.25418
  -2.37431  -4.04685  -1.00936    78.09732    75.56764     2.52968
  -2.19751  -4.42600  -1.00936    73.63824    71.78406     1.85418
  -1.95755  -4.76869  -1.00936    70.08026    68.73697     1.34329
  -1.66174  -5.06451  -1.00936    67.25270    66.32528     0.92742
  -1.31905  -5.30446  -1.00936    65.07776    64.52198     0.55578
  -0.93989  -5.48127  -1.00936    63.59307    63.39199     0.20107
  -0.53580  -5.58954  -1.00936    62.99191    63.13323    -0.14131
  -2.24852  -4.25151  -1.42611    77.58402    75.80526     1.77876
  -2.03119  -4.61526  -1.42611    73.27679    71.99143     1.28536
  -1.75240  -4.93436  -1.42611    69.98864    69.07230     0.91634
  -1.42111  -5.19855  -1.42611    67.56520    66.94859     0.61661
  -1.04798  -5.39934  -1.42611    65.96317    65.60756     0.35561
  -0.64498  -5.53028  -1.42611    65.26664    65.14074     0.12590
  -0.22509  -5.58716  -1.42611    65.71154    65.76536    -0.05382
  -1.89180  -4.62012  -1.83021    74.65167    73.73234     0.91933
  -1.59593  -4.93042  -1.83021    71.24617    70.57844     0.66773
  -1.24668  -5.17912  -1.83021    68.90682    68.43742     0.46939
  -0.85667  -5.35723  -1.83021    67.54575    67.23998     0.30577
  -0.44000  -5.45831  -1.83021    67.20627    67.02534     0.18092
  -0.01174  -5.47871  -1.83021    68.03207    67.91575     0.11632
   0.41265  -5.41769  -1.83021    70.19823    70.05176     0.14648
  -1.39128  -4.86960  -2.20936    72.64364    72.21960     0.42404
  -1.03439  -5.09206  -2.20936    70.40406    70.06418     0.33987
  -0.64002  -5.23811  -2.20936    69.22559    68.95098     0.27462
  -0.22432  -5.30180  -2.20936    69.07185    68.83028     0.24157
   0.19569  -5.28050  -2.20936    69.94284    69.68045     0.26239
   0.60281  -5.17509  -2.20936    71.75759    71.39933     0.35826
   0.98038  -4.98988  -2.20936    74.19233    73.65487     0.53746
  -1.03830  -4.81820  -2.55205    73.34770    73.14321     0.20449
  -0.64634  -4.98727  -2.55205    71.52604    71.28904     0.23700
  -0.22595  -5.06140  -2.55205    70.85147    70.57933     0.27214
   0.20021  -5.03658  -2.55205    71.17652    70.83837     0.33815
   0.60915  -4.91415  -2.55205    72.26337    71.81207     0.45129
   0.97883  -4.70071  -2.55205    73.65958    73.05296     0.60661
   1.28933  -4.40777  -2.55205    74.66861    73.91690     0.75171
  -0.63566  -4.67962  -2.84787    74.33289    74.22875     0.10414
  -0.22432  -4.76510  -2.84787    73.06595    72.82582     0.24013
   0.19482  -4.73643  -2.84787    72.86327    72.49367     0.36959
   0.59069  -4.59574  -2.84787    73.36778    72.85061     0.51717
   0.93392  -4.35346  -2.84787    74.07561    73.40110     0.67451
   1.19906  -4.02756  -2.84787    74.40631    73.61619     0.79013
  -0.32742  -4.40777  -3.08782    76.35536    76.27246     0.08289
   0.08933  -4.40777  -3.08782    75.39464    75.06234     0.33230
  -0.70167  -0.69042   2.97381    65.04763    67.68408    -2.63644
  -0.91004  -0.32949   2.93735    64.14779    66.10628    -1.95849
  -1.11842  -0.69042   2.93735    65.07211    66.78626    -1.71415
  -0.91004  -1.05134   2.93735    66.54111    68.90958    -2.36847
  -1.11209   0.02046   2.82908    64.70188    66.13528    -1.43340
  -1.41254  -0.27999   2.82908    65.35135    66.40621    -1.05486
  -1.52251  -0.69042   2.82908    65.04010    66.07379    -1.03368
  -1.41254  -1.10084   2.82908    65.74480    67.02967    -1.28487
  -1.30167   0.34882   2.65227    66.77642    67.72472    -0.94830
  -1.62092   0.08093   2.65227    67.49116    68.09019    -0.59903
  -1.82930  -0.27999   2.65227    66.31207    66.84357    -0.53150
  -1.90167  -0.69042   2.65227    64.62720    65.21535    -0.58814
  -1.82930  -1.10084   2.65227    64.37494    65.05402    -0.67908
  -2.47504  -2.91234   2.05441    58.94510    57.80277     1.14234
  -2.76468  -3.13344   1.81446    55.95565    54.64032     1.31533
  -2.79429  -3.46530   1.51864    57.41398    55.78126     1.63272
  -3.14728  -3.51670   1.17595    55.04200    53.40138     1.64061
  -2.79038  -3.73916   1.17595    59.31785    57.41472     1.90313
  -2.39601  -3.88522   1.17595    63.07914    60.96440     2.11474
  -3.00267  -3.82622   0.79680    59.40507    57.42343     1.98164
  -2.61266  -4.00433   0.79680    62.81684    60.62020     2.19664
  -2.19600  -4.10541   0.79680    66.01965    63.61779     2.40186
  -3.17711  -3.84565   0.39271    60.56784    58.52813     2.03971
  -2.80397  -4.04645   0.39271    63.63637    61.39624     2.24013
  -2.40098  -4.17739   0.39271    66.48777    64.06677     2.42100
  -3.41773  -3.71161  -0.02405    61.81282    59.79981     2.01302
  -3.07504  -3.95157  -0.02405    64.62846    62.41207     2.21639
  -2.69589  -4.12837  -0.02405    67.23953    64.86018     2.37935
  -2.29180  -4.23665  -0.02405    69.90644    67.38229     2.52415
  -3.50839  -3.58146  -0.44080    65.23903    63.18892     2.05011
  -3.17711  -3.84565  -0.44080    67.62168    65.36433     2.25735
  -2.80397  -4.04645  -0.44080    69.98111    67.56981     2.41131
  -2.40098  -4.17739  -0.44080    72.55139    70.02152     2.52988
  -3.64780  -3.26722  -0.84489    69.45401    67.44887     2.00514
  -3.35192  -3.57752  -0.84489    71.13824    68.89151     2.24673
  -3.00267  -3.82622  -0.84489    73.04336    70.62588     2.41748
  -2.61266  -4.00433  -0.84489    75.28545    72.74485     2.54060
  -6.22084   1.84561   3.88304    61.21418    61.18795     0.02623
  -6.63126   1.73564   3.88304    59.23941    58.85038     0.38903
  -6.93171   1.43519   3.88304    56.47397    55.83993     0.63405
  -5.62084   2.06399   3.70623    66.68418    67.29340    -0.60922
  -6.01246   2.20653   3.70623    65.55278    65.80356    -0.25078
  -6.42921   2.20653   3.70623    63.76940    63.62363     0.14577
  -6.82083   2.06399   3.70623    61.63022    61.13252     0.49769
  -7.14009   1.79611   3.70623    59.19360    58.42921     0.76439
  -7.34847   1.43519   3.70623    56.45515    55.53093     0.92422
  -6.32611   2.56386   3.46628    67.56081    67.63719    -0.07638
  -6.73745   2.47838   3.46628    65.36578    65.04701     0.31877
  -7.11047   2.28509   3.46628    63.09859    62.45094     0.64765
  -7.41752   1.99834   3.46628    60.70276    59.80396     0.89879
  -7.63581   1.63937   3.46628    58.13436    57.07080     1.06357
  -7.74916   1.23483   3.46628    55.34257    54.20384     1.13873
  -6.74812   2.78603   3.17046    68.41611    68.23793     0.17818
  -7.14009   2.61696   3.17046    66.05730    65.52330     0.53400
  -7.48249   2.36204   3.17046    63.67276    62.84872     0.82404
  -7.75688   2.03504   3.17046    61.21983    60.18301     1.03682
  -7.94847   1.65357   3.17046    58.65206    57.48231     1.16975
  -8.04691   1.23820   3.17046    55.90733    54.68213     1.22520
  -7.13618   2.89081   2.82777    69.15594    68.81241     0.34353
  -7.49307   2.66836   2.82777    66.68041    66.01769     0.66272
  -7.79789   2.37862   2.82777    64.22999    63.31544     0.91455
  -8.03813   2.03344   2.82777    61.76953    60.67937     1.09016
  -8.20398   1.64698   2.82777    59.24380    58.05275     1.19105
  -8.28863   1.23504   2.82777    56.58441    55.36136     1.22305
  -8.28863   0.81449   2.82777    53.71042    52.52192     1.18850
  -7.34847   2.97788   2.44862    70.81445    70.50642     0.30803
  -7.69772   2.72918   2.44862    68.01889    67.38300     0.63589
  -7.99359   2.41887   2.44862    65.35700    64.47359     0.88341
  -8.22539   2.05818   2.44862    62.76538    61.71978     1.04560
  -8.38474   1.66014   2.44862    60.16373    59.03546     1.12827
  -8.46589   1.23914   2.44862    57.46481    56.32605     1.13876
  -8.46589   0.81039   2.44862    54.57513    53.49395     1.08118
  -7.52290   2.99731   2.04453    72.51876    72.29713     0.22163
  -7.85419   2.73312   2.04453    69.36616    68.81053     0.55562
  -8.13298   2.41402   2.04453    66.50597    65.71342     0.79255
  -8.35031   2.05026   2.04453    63.81207    62.87621     0.93586
  -8.49920   1.65355   2.04453    61.17025    60.17418     0.99607
  -8.57486   1.23663   2.04453    58.47447    57.49390     0.98058
  -8.57486   0.81290   2.04453    55.62558    54.72955     0.89603
  -7.76353   2.86327   1.62777    72.87895    72.64290     0.23605
  -8.05934   2.56745   1.62777    69.50734    68.97927     0.52807
  -8.29930   2.22476   1.62777    66.53420    65.82570     0.70851
  -8.47610   1.84561   1.62777    63.76689    62.97434     0.79255
  -8.58437   1.44152   1.62777    61.05981    60.26847     0.79134
  -8.62084   1.02476   1.62777    58.29501    57.58161     0.71340
  -8.13298   2.41402   1.21102    70.17376    69.77711     0.39665
  -8.35031   2.05026   1.21102    66.98664    66.45631     0.53033
  -8.49920   1.65355   1.21102    64.05680    63.49835     0.55845
  -8.57486   1.23663   1.21102    61.20351    60.70897     0.49454
  -8.57486   0.81290   1.21102    58.28747    57.94289     0.34458
  -7.99359   2.41887   0.80692    72.96178    72.84046     0.12132
  -8.22539   2.05818   0.80692    69.28897    69.02753     0.26144
  -8.38474   1.66014   0.80692    66.07173    65.79229     0.27944
  -8.46589   1.23914   0.80692    63.04713    62.85431     0.19282
  -8.46589   0.81039   0.80692    60.03697    60.02822     0.00876
  -8.03813   2.03344   0.42777    71.88749    71.90910    -0.02162
  -8.20398   1.64698   0.42777    68.41171    68.43479    -0.02308
  -8.28863   1.23504   0.42777    65.26977    65.40368    -0.13391
  -7.75688   2.03504   0.08508    75.55277    75.85583    -0.30306
  -7.94847   1.65357   0.08508    71.52855    71.85913    -0.33058
  -8.04691   1.23820   0.08508    68.09670    68.56585    -0.46914
  -7.63581   1.63937  -0.21073    75.27980    75.91527    -0.63547
  -7.74916   1.23483  -0.21073    71.58942    72.40780    -0.81838
  -7.44775   1.57182  -0.40804    76.90756    77.72695    -0.81939
  -7.34899   2.18080  -0.82480    74.39753    74.38881     0.00872
  -7.45726   1.77671  -0.82480    73.18392    73.53625    -0.35233
  -7.49372   1.35995  -0.82480    72.02491    72.73894    -0.71403
  -7.45726   0.94320  -0.82480    70.88598    71.95080    -1.06481
  -7.34899   0.53911  -0.82480    69.84243    71.20134    -1.35891
  -7.00587   2.74921  -1.24155    72.01236    71.17749     0.83488
  -7.22320   2.38546  -1.24155    71.32085    70.85471     0.46614
  -7.37209   1.98874  -1.24155    70.56470    70.45371     0.11098
  -7.44775   1.57182  -1.24155    69.83553    70.07363    -0.23810
  -7.44775   1.14809  -1.24155    69.17790    69.75653    -0.57863
  -7.37209   0.73117  -1.24155    68.65832    69.55152    -0.89320
  -7.22320   0.33445  -1.24155    68.40230    69.55131    -1.14900
  -7.00587  -0.02930  -1.24155    68.58114    69.89469    -1.31355
  -6.57061   3.06437  -1.64565    69.16723    67.84470     1.32254
  -6.86648   2.75407  -1.64565    69.18731    68.17860     1.00872
  -7.09828   2.39338  -1.64565    68.90870    68.22580     0.68290
  -7.25763   1.99534  -1.64565    68.52027    68.16807     0.35220
  -7.33877   1.57433  -1.64565    68.14565    68.12705     0.01860
  -7.33877   1.14558  -1.64565    67.87331    68.18718    -0.31387
  -7.25763   0.72457  -1.64565    67.79675    68.43164    -0.63489
  -7.09828   0.32653  -1.64565    68.03584    68.96690    -0.93107
  -6.86648  -0.03416  -1.64565    68.73174    69.92722    -1.19548
  -6.57061  -0.34446  -1.64565    70.01437    71.46391    -1.44954
  -5.61469   3.37207  -2.02480    66.53420    64.94051     1.59370
  -6.00906   3.22601  -2.02480    67.08139    65.58318     1.49822
  -6.36596   3.00355  -2.02480    67.45664    66.13739     1.31925
  -6.67077   2.71381  -2.02480    67.57838    66.49428     1.08410
  -6.91102   2.36864  -2.02480    67.51626    66.70159     0.81466
  -7.07686   1.98217  -2.02480    67.38448    66.86220     0.52228
  -7.16152   1.57023  -2.02480    67.29161    67.07912     0.21249
  -7.16152   1.14968  -2.02480    67.33616    67.44651    -0.11035
  -7.07686   0.73774  -2.02480    67.62168    68.06244    -0.44076
  -6.91102   0.35127  -2.02480    68.26801    69.04276    -0.77475
  -6.67077   0.00610  -2.02480    69.40883    70.52747    -1.11864
  -6.36596  -0.28364  -2.02480    71.18844    72.68447    -1.49602
  -6.00906  -0.50610  -2.02480    73.77817    75.72863    -1.95045
  -4.77447   3.17053  -2.36749    68.82775    67.55651     1.27125
  -5.20062   3.19535  -2.36749    67.50684    66.15960     1.34725
  -5.62101   3.12123  -2.36749    67.06508    65.71040     1.35467
  -6.01298   2.95215  -2.36749    67.00358    65.72702     1.27656
  -6.35538   2.69724  -2.36749    67.02115    65.90024     1.12092
  -6.62977   2.37023  -2.36749    67.02052    66.11573     0.90479
  -6.82135   1.98876  -2.36749    67.03245    66.39087     0.64157
  -6.91980   1.57339  -2.36749    67.14540    66.80406     0.34134
  -6.91980   1.14652  -2.36749    67.46794    67.45848     0.00946
  -6.82135   0.73115  -2.36749    68.12494    68.47676    -0.35181
  -6.62977   0.34968  -2.36749    69.26450    70.00756    -0.74306
  -6.35538   0.02267  -2.36749    71.05290    72.23304    -1.18014
  -6.01298  -0.23224  -2.36749    73.68593    75.38016    -1.69423
  -4.77985   2.87038  -2.66331    71.05980    69.98970     1.07011
  -5.19900   2.89905  -2.66331    69.02667    67.89776     1.12892
  -5.61034   2.81357  -2.66331    68.00069    66.86826     1.13244
  -5.98336   2.62029  -2.66331    67.54073    66.48360     1.05713
  -6.29041   2.33353  -2.66331    67.37193    66.46923     0.90270
  -6.50870   1.97456  -2.66331    67.39829    66.72092     0.67737
  -6.62205   1.57002  -2.66331    67.65054    67.25899     0.39155
  -6.62205   1.14989  -2.66331    68.22848    68.17703     0.05145
  -6.50870   0.74534  -2.66331    69.27517    69.61581    -0.34064
  -6.29041   0.38638  -2.66331    70.96442    71.75639    -0.79196
  -5.98336   0.09962  -2.66331    73.49517    74.81797    -1.32280
  -5.61034  -0.09366  -2.66331    77.06946    79.04745    -1.97799
  -4.88535   2.54172  -2.90326    72.65493    71.77891     0.87602
  -5.30210   2.54172  -2.90326    70.28169    69.36889     0.91280
  -5.69372   2.39918  -2.90326    69.05868    68.17994     0.87874
  -6.01298   2.13130  -2.90326    68.56734    67.81954     0.74780
  -6.22135   1.77038  -2.90326    68.60059    68.08081     0.51978
  -6.29372   1.35995  -2.90326    69.14841    68.94773     0.20068
  -6.22135   0.94953  -2.90326    70.33503    70.53864    -0.20361
  -6.01298   0.58861  -2.90326    72.35812    73.05326    -0.69514
  -5.69372   0.32072  -2.90326    75.43103    76.72226    -1.29123
  -5.09372   2.18080  -3.08006    73.35335    72.71409     0.63926
  -5.50415   2.07083  -3.08006    71.18656    70.57101     0.61555
  -5.80460   1.77038  -3.08006    70.53395    70.09318     0.44077
  -5.91457   1.35995  -3.08006    71.10185    70.99785     0.10400
  -5.80460   0.94953  -3.08006    72.95174    73.33263    -0.38088
  -5.50415   0.64908  -3.08006    76.28947    77.28018    -0.99071
  -5.30210   1.72088  -3.18834    74.05114    73.78064     0.27050
  -5.51048   1.35995  -3.18834    73.87105    73.91592    -0.04487
  -5.30210   0.99903  -3.18834    77.08201    77.70467    -0.62266
  -4.31696   2.62257   4.08626    62.21757    62.60730    -0.38974
  -3.90020   2.62257   4.04980    62.18996    62.47013    -0.28018
  -4.10858   2.98349   4.04980    61.35349    61.65186    -0.29837
  -4.52533   2.98349   4.04980    61.65720    62.03153    -0.37433
  -4.73371   2.62257   4.04980    62.69134    63.17768    -0.48634
  -4.52533   2.26165   4.04980    63.09357    63.57273    -0.47916
  -4.10858   2.26165   4.04980    62.94673    63.28687    -0.34014
  -3.49611   2.62257   3.94152    62.52442    62.68983    -0.16541
  -3.60608   3.03300   3.94152    61.31772    61.50368    -0.18596
  -3.90653   3.33345   3.94152    60.48752    60.69178    -0.20425
  -4.31696   3.44342   3.94152    60.44485    60.67529    -0.23044
  -4.72738   3.33345   3.94152    61.23175    61.53257    -0.30082
  -5.02783   3.03300   3.94152    62.53383    62.95880    -0.42497
  -5.13780   2.62257   3.94152    63.75057    64.30473    -0.55415
  -5.02783   2.21215   3.94152    64.21305    64.84148    -0.62843
  -4.72738   1.91169   3.94152    63.97271    64.54852    -0.57581
  -4.31696   1.80172   3.94152    63.86478    64.24153    -0.37675
  -3.90653   1.91169   3.94152    63.91247    64.12171    -0.20924
  -3.60608   2.21215   3.94152    63.51839    63.67658    -0.15818
  -3.11696   2.62257   3.76472    63.18393    63.22952    -0.04559
  -3.18932   3.03300   3.76472    61.74254    61.82254    -0.07999
  -3.39770   3.39392   3.76472    60.44109    60.54633    -0.10524
  -3.71696   3.66180   3.76472    59.59458    59.70594    -0.11136
  -4.10858   3.80434   3.76472    59.38687    59.49076    -0.10389
  -4.52533   3.80434   3.76472    59.85876    59.97087    -0.11211
  -4.91696   3.66180   3.76472    60.93117    61.10292    -0.17175
  -5.23621   3.39392   3.76472    62.43343    62.72605    -0.29262
  -5.44459   3.03300   3.76472    64.11578    64.55765    -0.44187
  -5.51696   2.62257   3.76472    65.59671    66.16777    -0.57106
  -5.44459   2.21215   3.76472    66.29261    66.96914    -0.67652
  -5.23621   1.85123   3.76472    65.80065    66.56771    -0.76707
  -4.52533   1.44080   3.76472    64.42766    64.85800    -0.43035
  -4.10858   1.44080   3.76472    64.82110    64.93432    -0.11322
  -3.71696   1.58334   3.76472    65.22271    65.19512     0.02759
  -3.39770   1.85123   3.76472    65.12858    65.09718     0.03140
  -3.18932   2.21215   3.76472    64.40758    64.41443    -0.00685
  -2.77427   2.62257   3.52476    64.17602    64.08858     0.08744
  -2.83147   3.03878   3.52476    62.42527    62.38528     0.03999
  -2.99885   3.42413   3.52476    60.72974    60.73521    -0.00547
  -3.26399   3.75002   3.52476    59.37244    59.40386    -0.03142
  -3.60722   3.99230   3.52476    58.54852    58.57007    -0.02155
  -4.00309   4.13299   3.52476    58.34897    58.33056     0.01841
  -4.42223   4.16167   3.52476    58.78509    58.72634     0.05875
  -4.83357   4.07619   3.52476    59.80730    59.75017     0.05713
  -5.20660   3.88290   3.52476    61.31897    61.33765    -0.01868
  -5.51364   3.59614   3.52476    63.19774    63.36358    -0.16585
  -5.73193   3.23718   3.52476    65.31119    65.65228    -0.34109
  -5.84528   2.83263   3.52476    67.48739    67.96207    -0.47468
  -3.60722   1.25284   3.52476    66.94397    66.53786     0.40611
  -3.26399   1.49512   3.52476    67.18179    66.86329     0.31851
  -2.99885   1.82101   3.52476    66.74505    66.53144     0.21360
  -2.83147   2.20636   3.52476    65.69146    65.55277     0.13869
  -2.47845   2.62257   3.22895    65.55592    65.30275     0.25317
  -2.52801   3.04656   3.22895    63.39917    63.20336     0.19580
  -2.67401   3.44769   3.22895    61.23426    61.11581     0.11845
  -2.90858   3.80434   3.22895    59.37369    59.32136     0.05233
  -3.21908   4.09728   3.22895    58.03647    58.00437     0.03210
  -3.58876   4.31072   3.22895    57.32676    57.25528     0.07148
  -3.99770   4.43315   3.22895    57.27405    57.11849     0.15556
  -4.42386   4.45797   3.22895    57.86704    57.61944     0.24760
  -4.84425   4.38384   3.22895    59.05931    58.76136     0.29795
  -5.23621   4.21476   3.22895    60.77053    60.50831     0.26222
  -3.21908   1.14786   3.22895    69.73262    68.96974     0.76288
  -2.90858   1.44080   3.22895    69.63410    69.10953     0.52457
  -2.67401   1.79745   3.22895    68.83277    68.45528     0.37749
  -2.52801   2.19858   3.22895    67.42652    67.12652     0.30000
  -2.23850   2.62257   2.88626    67.42276    66.93950     0.48326
  -2.28104   3.04096   2.88626    64.81859    64.39832     0.42027
  -2.40694   3.44222   2.88626    62.11277    61.81671     0.29606
  -2.61103   3.80993   2.88626    59.68306    59.52050     0.16255
  -2.88496   4.12902   2.88626    57.79551    57.71620     0.07931
  -3.21753   4.38645   2.88626    56.56057    56.48316     0.07741
  -3.59510   4.57165   2.88626    56.00271    55.84552     0.15719
  -4.00222   4.67706   2.88626    56.11817    55.82262     0.29555
  -4.42223   4.69836   2.88626    56.88876    56.43989     0.44887
  -2.61103   1.43521   2.88626    72.61289    71.94518     0.66771
  -2.40694   1.80292   2.88626    71.40933    70.86471     0.54462
  -2.28104   2.20418   2.88626    69.64916    69.14804     0.50112
  -2.22324   3.46077   2.50711    63.01890    62.49319     0.52571
  -2.41971   3.84186   2.50711    59.80856    59.52879     0.27976
  -2.68475   4.17888   2.50711    57.30291    57.19480     0.10811
  -3.00878   4.45965   2.50711    55.60424    55.54917     0.05507
  -3.38009   4.67403   2.50711    54.70440    54.57908     0.12532
  -2.10245   2.19576   2.50711    72.59846    71.82548     0.77298
  -6.43274   4.26836   2.48421    63.28935    63.03921     0.25014
  -6.73978   3.98160   2.48421    64.99304    64.93795     0.05509
  -6.95807   3.62264   2.48421    67.49367    67.53723    -0.04356
  -7.07142   3.21809   2.48421    71.13197    71.11891     0.01305
  -6.46235   4.60022   2.18840    61.10939    60.77201     0.33737
  -6.80476   4.34531   2.18840    62.57964    62.43838     0.14126
  -7.07915   4.01831   2.18840    64.52429    64.51840     0.00589
  -7.27073   3.63683   2.18840    67.13410    67.17425    -0.04015
  -7.36917   3.22147   2.18840    70.77115    70.71090     0.06025
  -6.06407   5.02014   1.84571    58.21908    57.65308     0.56599
  -6.45844   4.87408   1.84571    59.36303    58.99888     0.36415
  -6.81534   4.65163   1.84571    60.71782    60.52634     0.19148
  -7.12015   4.36188   1.84571    62.33868    62.28412     0.05455
  -7.36039   4.01671   1.84571    64.33165    64.36568    -0.03403
  -7.52624   3.63024   1.84571    66.87494    66.92767    -0.05273
  -7.61090   3.21830   1.84571    70.28106    70.23422     0.04684
  -5.86406   5.24034   1.46655    56.24305    55.68548     0.55756
  -6.28072   5.13925   1.46655    57.49368    57.09396     0.39971
  -6.67073   4.96114   1.46655    58.83153    58.57957     0.25196
  -7.01998   4.71244   1.46655    60.30304    60.18111     0.12192
  -7.31585   4.40214   1.46655    61.97849    61.96142     0.01706
  -7.54766   4.04145   1.46655    63.96016    64.01436    -0.05420
  -7.70701   3.64341   1.46655    66.40745    66.48173    -0.07428
  -7.78815   3.22241   1.46655    69.58076    69.58813    -0.00737
  -6.06904   5.31231   1.06246    55.85274    55.48556     0.36718
  -6.47203   5.18137   1.06246    57.24204    56.97329     0.26875
  -6.84516   4.98058   1.06246    58.66398    58.49431     0.16968
  -7.17645   4.71638   1.06246    60.17502    60.09695     0.07807
  -7.45524   4.39728   1.06246    61.84294    61.84374    -0.00079
  -7.67257   4.03353   1.06246    63.75810    63.81803    -0.05992
  -7.82146   3.63682   1.06246    66.04914    66.13609    -0.08695
  -7.89712   3.21990   1.06246    68.90619    68.96868    -0.06248
  -7.89712   2.79616   1.06246    72.62858    72.58079     0.04778
  -5.95986   5.37157   0.64571    54.86316    54.59817     0.26498
  -6.36395   5.26329   0.64571    56.35161    56.12692     0.22469
  -6.74310   5.08649   0.64571    57.81308    57.64499     0.16808
  -7.08579   4.84654   0.64571    59.30279    59.19813     0.10465
  -7.38161   4.55072   0.64571    60.88160    60.83947     0.04213
  -7.62156   4.20803   0.64571    62.61855    62.63349    -0.01494
  -7.79836   3.82888   0.64571    64.60148    64.66233    -0.06085
  -7.90664   3.42478   0.64571    66.94711    67.03536    -0.08825
  -7.94310   3.00803   0.64571    69.81671    69.90404    -0.08733
  -7.90664   2.59127   0.64571    73.43618    73.48328    -0.04710
  -6.06904   5.31231   0.22895    55.09220    54.91286     0.17934
  -6.47203   5.18137   0.22895    56.67603    56.49961     0.17642
  -6.84516   4.98058   0.22895    58.22535    58.07587     0.14949
  -7.17645   4.71638   0.22895    59.80228    59.69224     0.11005
  -7.45524   4.39728   0.22895    61.47020    61.40598     0.06423
  -7.67257   4.03353   0.22895    63.30128    63.28488     0.01639
  -7.82146   3.63682   0.22895    65.38272    65.41258    -0.02986
  -7.89712   3.21990   0.22895    67.82248    67.89543    -0.07295
  -7.89712   2.79616   0.22895    70.75295    70.87040    -0.11745
  -7.82146   2.37924   0.22895    74.32913    74.50968    -0.18055
  -5.86406   5.24034  -0.17514    54.51175    54.38248     0.12927
  -6.28072   5.13925  -0.17514    56.22987    56.04919     0.18068
  -6.67073   4.96114  -0.17514    57.87959    57.68826     0.19134
  -7.01998   4.71244  -0.17514    59.52869    59.35061     0.17808
  -7.31585   4.40214  -0.17514    61.24430    61.09378     0.15052
  -7.54766   4.04145  -0.17514    63.09671    62.98429     0.11242
  -7.70701   3.64341  -0.17514    65.16812    65.10139     0.06673
  -7.78815   3.22241  -0.17514    67.55140    67.54149     0.00991
  -7.78815   2.79365  -0.17514    70.35197    70.42200    -0.07002
  -7.70701   2.37265  -0.17514    73.67526    73.88135    -0.20609
  -7.54766   1.97461  -0.17514    77.59971    78.07075    -0.47104
  -6.06407   5.02014  -0.55429    56.08492    55.86436     0.22055
  -6.45844   4.87408  -0.55429    57.79174    57.52467     0.26707
  -6.81534   4.65163  -0.55429    59.48853    59.20748     0.28105
  -7.12015   4.36188  -0.55429    61.23928    60.96556     0.27372
  -7.36039   4.01671  -0.55429    63.11365    62.86195     0.25170
  -7.52624   3.63024  -0.55429    65.18945    64.97176     0.21769
  -7.61090   3.21830  -0.55429    67.55140    67.38536     0.16603
  -7.61090   2.79775  -0.55429    70.29487    70.21211     0.08276
  -7.52624   2.38581  -0.55429    73.51901    73.58505    -0.06604
  -6.07039   4.76930  -0.89698    57.39014    57.01479     0.37535
  -6.46235   4.60022  -0.89698    59.18983    58.76561     0.42422
  -6.80476   4.34531  -0.89698    61.04538    60.60179     0.44359
  -7.07915   4.01831  -0.89698    63.02956    62.58473     0.44483
  -7.27073   3.63683  -0.89698    65.22710    64.79549     0.43162
  -7.36917   3.22147  -0.89698    67.74091    67.33660     0.40430
  -7.36917   2.79459  -0.89698    70.68832    70.33868     0.34964
  -7.27073   2.37922  -0.89698    74.21806    73.97572     0.24234
  -6.05972   4.46165  -1.19280    59.23188    58.60472     0.62716
  -6.43274   4.26836  -1.19280    61.11064    60.44366     0.66698
  -6.73978   3.98160  -1.19280    63.16950    62.47833     0.69117
  -6.95807   3.62264  -1.19280    65.49003    64.78152     0.70851
  -7.07142   3.21809  -1.19280    68.18957    67.46427     0.72530
  -7.07142   2.79797  -1.19280    71.42690    70.68172     0.74517
  -6.14310   4.04726  -1.43276    62.30918    61.32545     0.98373
  -6.46235   3.77937  -1.43276    64.53621    63.51599     1.02022
  -6.67073   3.41845  -1.43276    67.23388    66.15458     1.07929
  -6.74310   3.00803  -1.43276    70.56344    69.37954     1.18390
  -2.33389   1.05326   2.77915    70.95564    70.51390     0.44174
  -1.91713   1.05326   2.74269    69.18857    69.11844     0.07013
  -2.12551   1.41418   2.74269    70.99329    70.60288     0.39041
  -2.12551   0.69234   2.74269    69.04550    68.92285     0.12265
  -1.51304   1.05326   2.63442    68.16447    68.49541    -0.33094
  -1.92347   1.76414   2.63442    70.92175    70.49166     0.43009
  -2.33389   0.23241   2.63442    67.95489    67.84076     0.11412
  -1.92347   0.34238   2.63442    68.52717    68.71072    -0.18354
  -1.62301   0.64284   2.63442    68.40732    68.77633    -0.36901
  -1.97459   4.20685   0.37305    54.86629    55.09201    -0.22572
  -1.75958   4.30923  -0.00610    54.44272    54.54698    -0.10426
  -2.16475   4.44946  -0.00610    52.75535    53.01200    -0.25665
  -1.57644   4.33909  -0.41019    54.43770    54.39453     0.04317
  -1.96608   4.50563  -0.41019    53.41110    53.37814     0.03296
  -2.37918   4.59991  -0.41019    52.14918    52.28539    -0.13621
  -1.15376   4.09627  -0.82695    55.71406    55.60734     0.10672
  -1.49645   4.33623  -0.82695    54.92904    54.68141     0.24764
  -1.87560   4.51303  -0.82695    54.20176    53.91504     0.28672
  -2.27969   4.62131  -0.82695    53.38474    53.16978     0.21496
  -2.69645   4.65777  -0.82695    52.41524    52.38932     0.02592
  -0.91654   3.81283  -1.24370    57.77856    57.55691     0.22165
  -1.22281   4.10566  -1.24370    56.66034    56.26339     0.39696
  -1.57644   4.33909  -1.24370    55.87784    55.37338     0.50446
  -1.96608   4.50563  -1.24370    55.21958    54.68631     0.53328
  -2.37918   4.59991  -1.24370    54.59897    54.11956     0.47941
  -2.80249   4.61893  -1.24370    54.01225    53.66327     0.34898
  -3.22239   4.56205  -1.24370    53.52593    53.35866     0.16728
  -0.79920   3.47705  -1.64779    60.95314    60.61070     0.34243
  -1.06424   3.81407  -1.64779    59.21556    58.66946     0.54610
  -1.38827   4.09485  -1.64779    58.03271    57.35193     0.68077
  -1.75958   4.30923  -1.64779    57.20251    56.44977     0.75274
  -2.16475   4.44946  -1.64779    56.59383    55.83504     0.75879
  -2.58914   4.51047  -1.64779    56.17340    55.46896     0.70444
  -3.01741   4.49007  -1.64779    55.99456    55.38312     0.61144
  -3.43407   4.38899  -1.64779    56.20163    55.67595     0.52569
  -3.82408   4.21088  -1.64779    57.06446    56.52982     0.53463
  -0.99052   3.44512  -2.02695    62.79237    62.10707     0.68530
  -1.26446   3.76422  -2.02695    60.99455    60.15610     0.83845
  -1.59702   4.02164  -2.02695    59.74643    58.81736     0.92907
  -1.97459   4.20685  -2.02695    58.91247    57.94804     0.96444
  -2.38171   4.31226  -2.02695    58.42176    57.47080     0.95096
  -2.80172   4.33356  -2.02695    58.28245    57.38196     0.90049
  -3.21742   4.26988  -2.02695    58.58868    57.74607     0.84261
  -3.61179   4.12382  -2.02695    59.52430    58.69613     0.82817
  -3.96869   3.90136  -2.02695    61.35349    60.43608     0.91741
  -1.05350   3.08289  -2.36964    67.06759    66.12299     0.94460
  -1.28807   3.43954  -2.36964    64.44962    63.39063     1.05899
  -1.59857   3.73248  -2.36964    62.63423    61.50921     1.12502
  -1.96825   3.94591  -2.36964    61.46958    60.32173     1.14784
  -2.37720   4.06834  -2.36964    60.86026    59.72995     1.13032
  -2.80335   4.09316  -2.36964    60.80002    59.71631     1.08371
  -3.22374   4.01904  -2.36964    61.37859    60.34498     1.03361
  -3.61570   3.84996  -2.36964    62.77166    61.75453     1.01712
  -3.95811   3.59505  -2.36964    65.20200    64.14014     1.06186
  -4.23250   3.26804  -2.36964    68.85411    67.70929     1.14482
  -1.37835   3.05932  -2.66545    68.99028    67.56984     1.42044
  -1.64348   3.38522  -2.66545    66.31269    64.93430     1.37839
  -1.98671   3.62750  -2.66545    64.62469    63.27845     1.34625
  -2.38258   3.76819  -2.66545    63.77630    62.47641     1.29989
  -2.80173   3.79686  -2.66545    63.72798    62.49004     1.23794
  -3.21306   3.71138  -2.66545    64.54939    63.37391     1.17549
  -3.58609   3.51810  -2.66545    66.39051    65.25806     1.13245
  -3.89313   3.23134  -2.66545    69.41636    68.30568     1.11068
  -1.77720   3.02911  -2.90541    70.74730    68.99407     1.75323
  -2.09645   3.29700  -2.90541    68.31068    66.72267     1.58801
  -2.48807   3.43954  -2.90541    67.23137    65.75855     1.47282
  -2.90483   3.43954  -2.90541    67.42464    66.05159     1.37305
  -3.29645   3.29700  -2.90541    68.95765    67.67017     1.28748
  -3.61570   3.02911  -2.90541    71.97346    70.75392     1.21953
  -2.28603   2.96864  -3.08221    72.56394    70.70536     1.85859
  -2.69645   3.07861  -3.08221    71.53608    69.89517     1.64092
  -3.52602   2.98998  -2.97160    72.43028    71.16283     1.26746
  -3.92901   2.85904  -2.97160    72.87644    71.79558     1.08086
  -4.30215   2.65825  -2.97160    73.86916    72.93975     0.92941
  -4.63343   2.39406  -2.97160    75.26976    74.48544     0.78432
  -2.06321   2.73716  -3.37570    73.38661    71.40899     1.97762
  -2.46838   2.87739  -3.37570    72.30604    70.54504     1.76100
  -2.89277   2.93841  -3.37570    71.61829    70.08131     1.53698
  -3.32104   2.91801  -3.37570    71.31771    70.00054     1.31717
  -3.73771   2.81693  -3.37570    71.43443    70.32157     1.11286
  -4.12771   2.63882  -3.37570    71.96279    71.04236     0.92043
  -4.47696   2.39012  -3.37570    72.81244    72.09226     0.72018
  -4.77284   2.07981  -3.37570    73.80955    73.32532     0.48423
  -5.00464   1.71912  -3.37570    74.73952    74.56306     0.17646
  -5.16399   1.32108  -3.37570    75.42978    75.66395    -0.23417
  -5.24513   0.90008  -3.37570    75.83954    76.58284    -0.74329
  -5.24513   0.47133  -3.37570    76.10498    77.39365    -1.28867
  -1.90065   2.44958  -3.75485    74.08942    71.96621     2.12321
  -2.27822   2.63478  -3.75485    72.53069    70.67088     1.85981
  -2.68534   2.74020  -3.75485    71.49341    69.87223     1.62119
  -3.10535   2.76150  -3.75485    70.89602    69.49988     1.39614
  -3.52105   2.69781  -3.75485    70.69899    69.51916     1.17982
  -3.91542   2.55175  -3.75485    70.86653    69.90002     0.96651
  -4.27232   2.32930  -3.75485    71.32587    70.58454     0.74133
  -4.57713   2.03955  -3.75485    71.96091    71.47535     0.48555
  -4.81738   1.69438  -3.75485    72.63422    72.45579     0.17843
  -4.98322   1.30792  -3.75485    73.23977    73.43265    -0.19288
  -5.06788   0.89598  -3.75485    73.75998    74.37814    -0.61816
  -5.06788   0.47543  -3.75485    74.29022    75.35044    -1.06022
  -4.98322   0.06349  -3.75485    75.01751    76.48682    -1.46931
  -4.81738  -0.32298  -3.75485    76.17903    77.97756    -1.79853
  -1.90220   2.16041  -4.09754    75.03508    72.76891     2.26617
  -2.27189   2.37385  -4.09754    72.99316    71.07244     1.92072
  -2.68083   2.49628  -4.09754    71.64527    70.00790     1.63737
  -3.10698   2.52110  -4.09754    70.85210    69.46844     1.38366
  -3.52737   2.44697  -4.09754    70.52203    69.38085     1.14118
  -3.91934   2.27790  -4.09754    70.57286    69.67847     0.89438
  -4.26174   2.02298  -4.09754    70.90481    70.27839     0.62642
  -4.53613   1.69598  -4.09754    71.40368    71.08258     0.32110
  -4.72771   1.31451  -4.09754    71.97785    72.00756    -0.02971
  -4.82616   0.89914  -4.09754    72.60850    73.02505    -0.41655
  -4.82616   0.47226  -4.09754    73.37971    74.18879    -0.80909
  -4.72771   0.05690  -4.09754    74.46906    75.63450    -1.16543
  -4.53613  -0.32457  -4.09754    76.11063    77.55839    -1.44776
  -4.26174  -0.65158  -4.09754    78.54662    80.19314    -1.64652
  -1.94711   1.81316  -4.39335    76.62205    74.21242     2.40962
  -2.29034   2.05543  -4.39335    74.00973    72.01844     1.99129
  -2.68621   2.19613  -4.39335    72.28658    70.62587     1.66071
  -3.10536   2.22480  -4.39335    71.25747    69.88416     1.37331
  -3.51670   2.13932  -4.39335    70.78119    69.68097     1.10021
  -3.88972   1.94603  -4.39335    70.73789    69.91775     0.82014
  -4.19676   1.65928  -4.39335    71.01274    70.49680     0.51594
  -4.41506   1.30031  -4.39335    71.51726    71.33537     0.18189
  -4.52840   0.89577  -4.39335    72.22697    72.40152    -0.17454
  -4.52840   0.47564  -4.39335    73.22095    73.74577    -0.52482
  -4.41506   0.07109  -4.39335    74.67677    75.50739    -0.83062
  -4.19676  -0.28787  -4.39335    76.83415    77.89632    -1.06218
  -3.88972  -0.57463  -4.39335    79.95099    81.17415    -1.22317
  -2.08083   1.45705  -4.63331    78.30817    75.90751     2.40066
  -2.40008   1.72493  -4.63331    75.10410    73.14595     1.95815
  -2.79170   1.86747  -4.63331    73.04524    71.45378     1.59146
  -3.20846   1.86747  -4.63331    71.88874    70.62279     1.26595
  -3.60008   1.72493  -4.63331    71.43756    70.48795     0.94961
  -3.91934   1.45705  -4.63331    71.53357    70.91156     0.62201
  -4.12771   1.09613  -4.63331    72.07449    71.79621     0.27828
  -4.20008   0.68570  -4.63331    73.06721    73.12731    -0.06011
  -4.12771   0.27528  -4.63331    74.65418    75.00680    -0.35263
  -3.91934  -0.08564  -4.63331    77.08891    77.64378    -0.55487
  -2.58966   1.39658  -4.81011    76.03846    74.26108     1.77738
  -3.00008   1.50655  -4.81011    73.75935    72.38235     1.37700
  -3.41051   1.39658  -4.81011    72.82248    71.82903     0.99345
  -3.71096   1.09613  -4.81011    72.97120    72.35636     0.61484
  -3.82093   0.68570  -4.81011    74.10448    73.83598     0.26850
  -3.71096   0.27528  -4.81011    76.36853    76.33728     0.03125
  -2.79170   1.04662  -4.91839    77.10711    75.60930     1.49781
  -3.20846   1.04662  -4.91839    74.99994    73.95408     1.04586
  -3.41684   0.68570  -4.91839    75.80503    75.15687     0.64816
  -3.00008   0.68570  -4.95485    78.20965    77.09883     1.11081
  -4.96339  -2.46066  -1.45163    64.46656    64.66400    -0.19744
  -4.62070  -2.70061  -1.45163    66.46455    66.21683     0.24772
  -4.24155  -2.87741  -1.45163    70.00810    69.21523     0.79287
  -3.83745  -2.98569  -1.45163    75.14175    73.65507     1.48668
  -5.77472  -0.83401  -1.86839    74.14338    76.26407    -2.12069
  -5.69906  -1.25094  -1.86839    70.62808    72.27488    -1.64681
  -5.55017  -1.64765  -1.86839    68.26864    69.50202    -1.23338
  -5.33284  -2.01140  -1.86839    67.18054    68.03785    -0.85731
  -5.05405  -2.33050  -1.86839    67.43468    67.92091    -0.48623
  -4.72277  -2.59469  -1.86839    69.08754    69.17773    -0.09019
  -4.34963  -2.79549  -1.86839    72.22195    71.86046     0.36149
  -5.66575  -0.83652  -2.27248    73.99780    76.05907    -2.06126
  -5.58461  -1.25753  -2.27248    71.44886    73.14196    -1.69310
  -5.42526  -1.65557  -2.27248    69.94472    71.26671    -1.32199
  -5.19346  -2.01626  -2.27248    69.60837    70.57205    -0.96367
  -4.89758  -2.32656  -2.27248    70.55152    71.16305    -0.61153
  -4.54833  -2.57526  -2.27248    72.90845    73.15957    -0.25112
  -5.48850  -0.83242  -2.65163    74.32976    76.39289    -2.06313
  -5.40384  -1.24436  -2.65163    72.55014    74.31642    -1.76628
  -5.23799  -1.63083  -2.65163    71.74818    73.19420    -1.44602
  -4.99775  -1.97600  -2.65163    72.06570    73.19738    -1.13168
  -4.69294  -2.26574  -2.65163    73.65769    74.49404    -0.83634
  -5.24677  -0.83559  -2.99432    75.17125    77.29402    -2.12278
  -5.14833  -1.25095  -2.99432    73.99278    75.84803    -1.85525
  -4.95675  -1.63242  -2.99432    73.92501    75.49688    -1.57187
  -4.68236  -1.95943  -2.99432    75.16121    76.47756    -1.31636
  -4.83567  -1.23676  -3.29014    76.10372    78.08665    -1.98292
  -4.61738  -1.59572  -3.29014    76.81909    78.58208    -1.76300
  -4.31034  -1.88248  -3.29014    79.11263    80.74441    -1.63178
  -0.23610  -4.37907  -3.20805    75.64878    75.56781     0.08097
   0.18066  -4.34261  -3.20805    74.92714    74.58174     0.34541
   0.58475  -4.23433  -3.20805    74.23626    73.67303     0.56322
   0.96390  -4.05753  -3.20805    73.30691    72.60318     0.70373
   1.30659  -3.81758  -3.20805    71.92451    71.20757     0.71695
   1.60241  -3.52176  -3.20805    70.00747    69.44836     0.55911
   1.97673  -1.14858  -3.62481    63.67715    63.26213     0.41502
   0.08117  -4.32122  -3.62481    72.17238    72.03151     0.14087
   0.49428  -4.22693  -3.62481    71.46266    71.09233     0.37034
   0.88391  -4.06039  -3.62481    70.70589    70.16711     0.53877
   1.23755  -3.82696  -3.62481    69.74643    69.12739     0.61904
   1.54382  -3.53413  -3.62481    68.52529    67.92967     0.59562
   1.79288  -3.19133  -3.62481    67.10712    66.62619     0.48094
   1.97673  -2.80956  -3.62481    65.67012    65.34256     0.32756
   2.08946  -2.40110  -3.62481    64.44146    64.23298     0.20848
   2.01917  -1.97907  -4.02890    64.24756    63.82550     0.42206
   1.97841  -1.55226  -4.02890    64.18669    63.72054     0.46615
   1.85762  -1.14087  -4.02890    64.65795    64.08465     0.57330
   1.66115  -0.75978  -4.02890    65.78433    65.04641     0.73792
  -0.12879  -4.23178  -4.02890    70.47622    70.54490    -0.06868
   0.29560  -4.17076  -4.02890    69.65104    69.48385     0.16720
   0.70077  -4.03053  -4.02890    68.93631    68.57615     0.36016
   1.07209  -3.81615  -4.02890    68.19208    67.70018     0.49190
   1.39611  -3.53538  -4.02890    67.34620    66.79648     0.54972
   1.66115  -3.19836  -4.02890    66.41498    65.87551     0.53947
   1.85762  -2.81727  -4.02890    65.49379    65.00619     0.48760
   1.97841  -2.40588  -4.02890    64.72447    64.28808     0.43638
   1.84236  -1.97907  -4.40805    64.48915    64.01584     0.47332
   1.79982  -1.56068  -4.40805    64.63222    64.13265     0.49958
   1.67392  -1.15942  -4.40805    65.25660    64.69066     0.56593
   1.46983  -0.79171  -4.40805    66.49091    65.81401     0.67690
   0.07864  -4.03356  -4.40805    68.53659    68.54161    -0.00502
   0.48576  -3.92815  -4.40805    67.76538    67.57947     0.18591
   0.86334  -3.74294  -4.40805    67.09081    66.75275     0.33806
   1.19590  -3.48552  -4.40805    66.43380    65.99587     0.43793
   1.46983  -3.16643  -4.40805    65.77868    65.29534     0.48335
   1.67392  -2.79872  -4.40805    65.17376    64.68510     0.48866
   1.79982  -2.39746  -4.40805    64.70752    64.23117     0.47636
   1.60241  -1.97907  -4.75074    64.68933    64.28461     0.40471
   1.55285  -1.55508  -4.75074    65.04763    64.63058     0.41706
   1.40685  -1.15395  -4.75074    65.93493    65.48254     0.45239
   1.17228  -0.79730  -4.75074    67.50684    66.98435     0.52250
   0.08316  -3.78964  -4.75074    67.51375    67.55896    -0.04521
   0.49210  -3.66722  -4.75074    66.69924    66.57693     0.12231
   0.86178  -3.45378  -4.75074    66.04098    65.78376     0.25723
   1.17228  -3.16084  -4.75074    65.47811    65.13240     0.34570
   1.40685  -2.80419  -4.75074    65.01751    64.62764     0.38988
   1.55285  -2.40306  -4.75074    64.72070    64.31831     0.40239
   1.30659  -1.97907  -5.04656    65.03195    64.77381     0.25813
   1.24939  -1.56286  -5.04656    65.60926    65.35645     0.25281
   1.08201  -1.17751  -5.04656    66.79525    66.54278     0.25247
   0.07777  -3.48949  -5.04656    66.95024    67.04447    -0.09423
   0.47364  -3.34880  -5.04656    66.11377    66.06817     0.04560
   0.81687  -3.10652  -5.04656    65.50697    65.35070     0.15627
   1.08201  -2.78063  -5.04656    65.09282    64.86759     0.22522
   1.24939  -2.39528  -5.04656    64.90456    64.64937     0.25519
   0.96390  -1.97907  -5.28651    65.63875    65.57437     0.06438
   0.89154  -1.56864  -5.28651    66.49844    66.46343     0.03501
   0.36390  -3.01830  -5.28651    66.12821    66.19963    -0.07142
   0.68316  -2.75042  -5.28651    65.57223    65.55386     0.01837
   0.89154  -2.38949  -5.28651    65.38210    65.31917     0.06293
   0.58475  -1.97907  -5.46331    66.61327    66.76439    -0.15112
   0.17433  -2.68995  -5.46331    66.78395    67.00605    -0.22209
   0.47478  -2.38949  -5.46331    66.29136    66.44316    -0.15180
  -3.84224  -0.77149  -4.36152    80.40028    81.81289    -1.41261
  -1.80917   1.24895  -4.76562    78.61816    76.14898     2.46917
  -3.65212  -0.34798  -4.76562    78.21906    78.78777    -0.56871
  -3.73326  -0.76898  -4.76562    76.74943    77.75370    -1.00427
  -3.73326  -1.19774  -4.76562    75.49190    76.82125    -1.32935
   0.21771   0.20400  -5.14477    69.45903    68.62374     0.83529
  -0.05622   0.52309  -5.14477    69.96605    68.86652     1.09953
  -0.38878   0.78051  -5.14477    70.80378    69.43424     1.36954
  -0.76635   0.96572  -5.14477    71.89251    70.26827     1.62424
  -1.17348   1.07113  -5.14477    73.12807    71.31089     1.81719
  -1.59349   1.09243  -5.14477    74.38309    72.48949     1.89360
  -2.00918   1.02875  -5.14477    75.51136    73.69352     1.81783
  -2.40356   0.88269  -5.14477    76.34092    74.76195     1.57897
  -2.76045   0.66024  -5.14477    76.70362    75.50964     1.19398
  -3.06526   0.37049  -5.14477    76.51098    75.80324     0.70774
  -3.30551   0.02532  -5.14477    75.82574    75.63584     0.18990
  -3.47136  -0.36114  -5.14477    74.83553    75.12739    -0.29186
  -3.55601  -0.77308  -5.14477    73.75747    74.45636    -0.69889
  -3.55601  -1.19363  -5.14477    72.76788    73.79079    -1.02290
  -3.47136  -1.60557  -5.14477    71.98538    73.25267    -1.26729
   0.30074  -0.55937  -5.48746    68.08917    67.91416     0.17502
   0.15474  -0.15824  -5.48746    68.01889    67.56589     0.45300
  -0.07984   0.19841  -5.48746    68.30315    67.57425     0.72890
  -0.39033   0.49135  -5.48746    68.90682    67.91437     0.99245
  -0.76002   0.70479  -5.48746    69.75396    68.53082     1.22314
  -1.16896   0.82722  -5.48746    70.73789    69.35164     1.38625
  -1.59511   0.85204  -5.48746    71.72371    70.28420     1.43951
  -2.01550   0.77791  -5.48746    72.55704    71.20456     1.35248
  -2.40747   0.60883  -5.48746    73.08352    71.96174     1.12179
  -2.74987   0.35392  -5.48746    73.19020    72.41656     0.77364
  -3.02426   0.02692  -5.48746    72.86013    72.50359     0.35653
  -3.21585  -0.35455  -5.48746    72.19748    72.26555    -0.06807
  -3.31429  -0.76992  -5.48746    71.37481    71.82672    -0.45191
  -3.31429  -1.19680  -5.48746    70.56533    71.33303    -0.76770
  -3.21585  -1.61217  -5.48746    69.90205    70.90155    -0.99950
  -3.02426  -1.99364  -5.48746    69.46091    70.59392    -1.13301
   0.05448  -0.98336  -5.78328    67.14414    67.26152    -0.11738
  -0.00273  -0.56715  -5.78328    66.97221    66.84132     0.13089
  -0.17011  -0.18180  -5.78328    67.07826    66.67986     0.39839
  -0.43525   0.14409  -5.78328    67.47672    66.82041     0.65631
  -0.77848   0.38637  -5.78328    68.11365    67.23715     0.87650
  -1.17434   0.52706  -5.78328    68.88486    67.85928     1.02558
  -1.59349   0.55573  -5.78328    69.64853    68.58253     1.06600
  -2.00483   0.47026  -5.78328    70.24969    69.27450     0.97519
  -2.37785   0.27697  -5.78328    70.55089    69.79499     0.75590
  -2.68490  -0.00979  -5.78328    70.48375    70.04223     0.44152
  -2.90319  -0.36875  -5.78328    70.08403    70.00000     0.08402
  -3.01654  -0.77330  -5.78328    69.48099    69.74234    -0.26135
  -3.01654  -1.19342  -5.78328    68.83654    69.38944    -0.55290
  -2.90319  -1.59797  -5.78328    68.28935    69.05116    -0.76181
  -2.68490  -1.95693  -5.78328    67.92163    68.79109    -0.86946
  -2.37785  -2.24369  -5.78328    67.75346    68.62347    -0.87001
  -0.28821  -0.98336  -6.02323    66.23237    66.33405    -0.10167
  -0.36058  -0.57294  -6.02323    66.23551    66.09723     0.13828
  -0.56896  -0.21202  -6.02323    66.49593    66.10776     0.38817
  -0.88821   0.05587  -6.02323    66.99417    66.39389     0.60028
  -1.27984   0.19841  -6.02323    67.61791    66.88908     0.72884
  -1.69659   0.19841  -6.02323    68.19271    67.46059     0.73212
  -2.08821   0.05587  -6.02323    68.54161    67.94581     0.59580
  -2.40747  -0.21202  -6.02323    68.55604    68.21036     0.34568
  -2.61585  -0.57294  -6.02323    68.25107    68.21275     0.03832
  -2.68821  -0.98336  -6.02323    67.76099    68.01942    -0.25843
  -2.61585  -1.39378  -6.02323    67.26023    67.75019    -0.48995
  -2.40747  -1.75470  -6.02323    66.88373    67.50551    -0.62178
  -2.08821  -2.02259  -6.02323    66.68418    67.33266    -0.64848
  -1.69659  -2.16513  -6.02323    66.63586    67.23719    -0.60133
  -1.27984  -2.16513  -6.02323    66.66347    67.19666    -0.53319
  -0.88821  -2.02259  -6.02323    66.67037    67.14637    -0.47600
  -0.56896  -1.75470  -6.02323    66.58064    66.99005    -0.40941
  -0.36058  -1.39378  -6.02323    66.39804    66.68842    -0.29039
  -0.66737  -0.98336  -6.20003    65.69899    65.76968    -0.07069
  -0.77734  -0.57294  -6.20003    65.85712    65.68891     0.16821
  -1.07779  -0.27248  -6.20003    66.27316    65.89761     0.37555
  -1.48821  -0.16251  -6.20003    66.78772    66.32744     0.46028
  -1.89864  -0.27248  -6.20003    67.11904    66.74971     0.36933
  -2.19909  -0.57294  -6.20003    67.07888    66.94522     0.13366
  -2.30906  -0.98336  -6.20003    66.72748    66.87299    -0.14551
  -2.19909  -1.39378  -6.20003    66.30579    66.66451    -0.35872
  -1.89864  -1.69423  -6.20003    66.01463    66.46426    -0.44963
  -1.48821  -1.80421  -6.20003    65.88599    66.32407    -0.43808
  -1.07779  -1.69423  -6.20003    65.82386    66.19805    -0.37418
  -0.77734  -1.39378  -6.20003    65.74229    66.00223    -0.25994
  -1.07146  -0.98336  -6.30831    65.50007    65.54700    -0.04693
  -1.27984  -0.62244  -6.30831    65.81320    65.65136     0.16184
  -1.69659  -0.62244  -6.30831    66.15205    65.99691     0.15514
  -1.90497  -0.98336  -6.30831    66.01714    66.09285    -0.07571
  -1.69659  -1.34428  -6.30831    65.66950    65.91809    -0.24860
  -1.27984  -1.34428  -6.30831    65.49066    65.71597    -0.22531
  -1.48821  -0.98336  -6.34477    65.60988    65.65474    -0.04486
  -3.48786  -3.30330  -1.29772    75.86213    73.80462     2.05752
  -3.21347  -3.63030  -1.29772    75.77805    73.66723     2.11082
  -2.87106  -3.88522  -1.29772    76.56055    74.41275     2.14781
  -2.47910  -4.05429  -1.29772    78.23286    76.05932     2.17354
  -3.76911  -3.30170  -1.64042    74.02290    72.74391     1.27900
  -3.52886  -3.64687  -1.64042    73.24542    71.88515     1.36027
  -3.22405  -3.93662  -1.64042    73.25358    71.84605     1.40752
  -2.86715  -4.15907  -1.64042    73.94446    72.52148     1.42298
  -2.47278  -4.30513  -1.64042    75.35071    73.93920     1.41151
  -4.11572  -2.92840  -2.01957    74.94409    74.42642     0.51767
  -3.95637  -3.32644  -2.01957    72.79424    72.12174     0.67250
  -3.72457  -3.68713  -2.01957    71.65154    70.87084     0.78071
  -3.42869  -3.99744  -2.01957    71.25810    70.41488     0.84322
  -3.07944  -4.24614  -2.01957    71.49153    70.62677     0.86476
  -2.68943  -4.42425  -2.01957    72.32800    71.47672     0.85128
  -2.27277  -4.52533  -2.01957    73.83089    73.01800     0.81288
  -4.23017  -2.92181  -2.42366    74.07436    74.09417    -0.01981
  -4.08129  -3.31852  -2.42366    71.90129    71.73090     0.17039
  -3.86395  -3.68228  -2.42366    70.57474    70.27311     0.30163
  -3.58516  -4.00137  -2.42366    69.91334    69.53127     0.38208
  -3.25388  -4.26557  -2.42366    69.80980    69.39247     0.41734
  -2.88074  -4.46636  -2.42366    70.22082    69.80669     0.41414
  -2.47775  -4.59730  -2.42366    71.15769    70.77676     0.38094
  -2.05785  -4.65418  -2.42366    72.68380    72.35176     0.33203
  -1.63455  -4.63517  -2.42366    74.90644    74.61732     0.28912
  -4.31535  -2.70978  -2.84041    74.44020    75.02103    -0.58083
  -4.20707  -3.11387  -2.84041    71.99605    72.33327    -0.33722
  -4.03027  -3.49302  -2.84041    70.31495    70.47835    -0.16340
  -3.79032  -3.83571  -2.84041    69.26638    69.31171    -0.04533
  -3.49450  -4.13153  -2.84041    68.75057    68.72707     0.02350
  -3.15181  -4.37148  -2.84041    68.70853    68.65818     0.05035
  -2.77266  -4.54828  -2.84041    69.11703    69.07564     0.04140
  -2.36857  -4.65656  -2.84041    69.98864    69.98198     0.00667
  -1.95181  -4.69302  -2.84041    71.36415    71.40504    -0.04089
  -1.53505  -4.65656  -2.84041    73.30378    73.38509    -0.08132
  -1.13096  -4.54828  -2.84041    75.86088    75.94769    -0.08681
  -4.30584  -2.08116  -3.25717    77.96806    79.39219    -1.42414
  -4.30584  -2.50489  -3.25717    74.64351    75.69768    -1.05417
  -4.23017  -2.92181  -3.25717    72.06696    72.84387    -0.77692
  -4.08129  -3.31852  -3.25717    70.18255    70.75247    -0.56992
  -3.86395  -3.68228  -3.25717    68.90556    69.32699    -0.42143
  -3.58516  -4.00137  -3.25717    68.15694    68.48100    -0.32406
  -3.25388  -4.26557  -3.25717    67.87770    68.15073    -0.27303
  -2.88074  -4.46636  -3.25717    68.03835    68.29863    -0.26029
  -2.47775  -4.59730  -3.25717    68.63385    68.91194    -0.27809
  -2.05785  -4.65418  -3.25717    69.68493    69.99820    -0.31327
  -1.63455  -4.63517  -3.25717    71.22609    71.57645    -0.35036
  -1.22144  -4.54088  -3.25717    73.29562    73.66303    -0.36741
  -4.19686  -2.07865  -3.66126    76.49529    78.09044    -1.59515
  -4.19686  -2.50740  -3.66126    73.48952    74.77623    -1.28671
  -4.11572  -2.92840  -3.66126    71.14514    72.17761    -1.03246
  -3.95637  -3.32644  -3.66126    69.42012    70.25324    -0.83311
  -3.72457  -3.68713  -3.66126    68.25484    68.94120    -0.68637
  -3.42869  -3.99744  -3.66126    67.59156    68.18067    -0.58911
  -3.07944  -4.24614  -3.66126    67.38950    67.92460    -0.53510
  -2.68943  -4.42425  -3.66126    67.62670    68.14472    -0.51802
  -2.27277  -4.52533  -3.66126    68.30566    68.83143    -0.52576
  -1.84450  -4.54573  -3.66126    69.44585    69.99007    -0.54422
  -1.42011  -4.48471  -3.66126    71.07988    71.63517    -0.55529
  -4.01961  -2.08275  -4.04041    75.40029    77.11279    -1.71250
  -4.01961  -2.50330  -4.04041    72.65179    74.11553    -1.46373
  -3.93495  -2.91524  -4.04041    70.51513    71.75368    -1.23855
  -3.76911  -3.30170  -4.04041    68.95012    70.00106    -1.05095
  -3.52886  -3.64687  -4.04041    67.90908    68.81674    -0.90767
  -3.22405  -3.93662  -4.04041    67.34997    68.15826    -0.80829
  -2.86715  -4.15907  -4.04041    67.24455    67.99158    -0.74703
  -2.47278  -4.30513  -4.04041    67.58152    68.29606    -0.71454
  -2.05708  -4.36881  -4.04041    68.36716    69.06536    -0.69820
  -1.63707  -4.34752  -4.04041    69.62469    70.30680    -0.68211
  -3.77789  -2.50646  -4.38310    72.10461    73.69254    -1.58794
  -3.67944  -2.92183  -4.38310    70.05767    71.43297    -1.37530
  -3.48786  -3.30330  -4.38310    68.62695    69.81948    -1.19253
  -3.21347  -3.63030  -4.38310    67.76475    68.81463    -1.04988
  -2.87106  -3.88522  -4.38310    67.43656    68.38208    -0.94551
  -2.47910  -4.05429  -4.38310    67.62419    68.49491    -0.87072
  -2.05871  -4.12842  -4.38310    68.33076    69.14066    -0.80989
  -3.36678  -2.90763  -4.67892    70.01312    71.46757    -1.45445
  -3.14849  -3.26660  -4.67892    68.74680    70.01804    -1.27124
  -2.84145  -3.55335  -4.67892    68.12871    69.24859    -1.11988
  -2.46843  -3.74664  -4.67892    68.13247    69.12666    -0.99419
   3.43520  -5.95802   0.44792    56.63712    56.65648    -0.01935
   3.68426  -5.61521   0.44792    59.19485    59.34219    -0.14733
   3.86811  -5.23344   0.44792    62.03873    62.29235    -0.25362
   3.98084  -4.82498   0.44792    65.19008    65.52127    -0.33119
   2.47613  -6.65822   0.03117    53.01953    52.67095     0.34858
   2.85529  -6.48142   0.03117    54.65921    54.35742     0.30179
   3.19798  -6.24146   0.03117    56.46142    56.23771     0.22371
   3.49379  -5.94565   0.03117    58.45879    58.32486     0.13393
   3.73375  -5.60296   0.03117    60.69774    60.64572     0.05202
   3.91055  -5.22380   0.03117    63.23664    63.24377    -0.00713
   4.01882  -4.81971   0.03117    66.16586    66.19166    -0.02580
   1.97255  -6.74510  -0.38559    53.92440    53.60101     0.32339
   2.38566  -6.65082  -0.38559    55.12232    54.75217     0.37015
   2.77529  -6.48428  -0.38559    56.50472    56.13871     0.36601
   3.12893  -6.25084  -0.38559    58.07789    57.74803     0.32985
   3.43520  -5.95802  -0.38559    59.86817    59.58765     0.28052
   3.68426  -5.61521  -0.38559    61.92326    61.68652     0.23675
   3.86811  -5.23344  -0.38559    64.31972    64.10294     0.21678
   3.98084  -4.82498  -0.38559    67.19058    66.94631     0.24427
   0.91766  -6.53418  -0.78968    55.57726    55.63758    -0.06032
   1.33433  -6.63526  -0.78968    55.70778    55.57192     0.13587
   1.76260  -6.65566  -0.78968    56.24681    55.96744     0.27938
   2.18698  -6.59465  -0.78968    57.09521    56.72802     0.36719
   2.59216  -6.45442  -0.78968    58.20025    57.79345     0.40680
   2.96347  -6.24004  -0.78968    59.54500    59.13289     0.41212
   3.28750  -5.95927  -0.78968    61.14202    60.74152     0.40050
   3.55253  -5.62224  -0.78968    63.03145    62.64173     0.38972
   3.74900  -5.24115  -0.78968    65.29111    64.89102     0.40009
   3.86979  -4.82977  -0.78968    68.05717    67.60134     0.45583
   0.38305  -6.04655  -1.16883    61.00145    61.23340    -0.23194
   0.73994  -6.26901  -1.16883    59.55128    59.62723    -0.07595
   1.13431  -6.41507  -1.16883    58.92440    58.83014     0.09425
   1.55001  -6.47875  -1.16883    58.89365    58.65032     0.24333
   1.97002  -6.45745  -1.16883    59.30781    58.95273     0.35508
   2.37715  -6.35204  -1.16883    60.07399    59.64675     0.42725
   2.75472  -6.16683  -1.16883    61.14515    60.67757     0.46758
   3.08728  -5.90941  -1.16883    62.50999    62.02121     0.48878
   3.36121  -5.59032  -1.16883    64.18983    63.68299     0.50684
   3.56530  -5.22261  -1.16883    66.24116    65.70084     0.54032
   3.69120  -4.82135  -1.16883    68.76249    68.15302     0.60947
   3.49379  -4.40296  -1.51152    71.90820    71.08938     0.81882
   0.39363  -5.74024  -1.51152    65.95313    66.01596    -0.06283
   0.73603  -5.99515  -1.51152    63.56671    63.53700     0.02971
   1.12800  -6.16423  -1.51152    62.29350    62.13075     0.16275
   1.54839  -6.23835  -1.51152    61.83541    61.54009     0.29532
   1.97454  -6.21353  -1.51152    61.98664    61.58216     0.40448
   2.38348  -6.09110  -1.51152    62.61729    62.13306     0.48423
   2.75317  -5.87766  -1.51152    63.65582    63.11653     0.53929
   3.06366  -5.58473  -1.51152    65.07964    64.49619     0.58344
   3.29824  -5.22808  -1.51152    66.90193    66.26964     0.63228
   3.44424  -4.82695  -1.51152    69.16472    68.46016     0.70457
   3.19798  -4.40296  -1.80734    71.79462    70.95120     0.84341
   0.76565  -5.66329  -1.80734    67.69949    67.52459     0.17490
   1.13867  -5.85657  -1.80734    65.71091    65.44798     0.26293
   1.55001  -5.94205  -1.80734    64.78220    64.41022     0.37198
   1.96916  -5.91338  -1.80734    64.65607    64.18246     0.47361
   2.36502  -5.77269  -1.80734    65.15745    64.60102     0.55642
   2.70825  -5.53041  -1.80734    66.18092    65.55723     0.62368
   2.97339  -5.20451  -1.80734    67.66749    66.98169     0.68580
   3.14077  -4.81917  -1.80734    69.57386    68.81666     0.75720
   2.85529  -4.40296  -2.04729    71.82725    70.99322     0.83402
   2.78292  -3.99253  -2.04729    73.24793    72.41013     0.83780
   1.05529  -5.44219  -2.04729    69.86063    69.48471     0.37593
   1.44691  -5.58473  -2.04729    68.00258    67.55524     0.44733
   1.86366  -5.58473  -2.04729    67.33553    66.79658     0.53896
   2.25529  -5.44219  -2.04729    67.58968    66.96373     0.62594
   2.57454  -5.17430  -2.04729    68.56043    67.85745     0.70298
   2.78292  -4.81338  -2.04729    70.06520    69.29172     0.77348
   2.47613  -4.40296  -2.22409    72.25458    71.44343     0.81116
   1.24486  -5.11383  -2.22409    72.33992    71.78346     0.55646
   1.65529  -5.22380  -2.22409    70.34193    69.73765     0.60428
   2.06571  -5.11383  -2.22409    69.99555    69.30831     0.68723
   2.36616  -4.81338  -2.22409    70.84206    70.07568     0.76638
   2.07204  -4.40296  -2.33237    73.29750    72.49146     0.80604
   1.44691  -4.76388  -2.33237    74.16535    73.44123     0.72412
   1.86366  -4.76388  -2.33237    72.51249    71.75852     0.75397
   1.65529  -4.40296  -2.36883    75.09720    74.26376     0.83344
   2.74450  -4.28514   4.40799    40.23214    40.16613     0.06602
   1.82525  -4.23563   4.23119    42.55267    42.51700     0.03568
   2.14450  -4.50352   4.23119    42.39956    42.26855     0.13101
   2.53612  -4.64606   4.23119    42.17554    42.00050     0.17505
   2.95288  -4.64606   4.23119    41.75134    41.52138     0.22996
   3.34450  -4.50352   4.23119    40.89668    40.59351     0.30316
   3.66375  -4.23563   4.23119    39.42140    39.04142     0.37999
   1.54782  -4.43786   3.99124    44.27582    43.86692     0.40889
   1.85486  -4.72462   3.99124    43.70792    43.35838     0.34954
   2.22789  -4.91791   3.99124    43.46947    43.19481     0.27465
   2.63922  -5.00338   3.99124    43.37973    43.12920     0.25054
   3.05837  -4.97471   3.99124    43.16889    42.89149     0.27740
   3.45424  -4.83402   3.99124    42.61605    42.28074     0.33531
   3.79747  -4.59174   3.99124    41.57501    41.16828     0.40674
   4.06261  -4.26585   3.99124    39.95102    39.47074     0.48028
   1.20845  -4.47457   3.69542    45.98703    44.98594     1.00109
   1.48284  -4.80157   3.69542    44.58643    43.85019     0.73625
   1.82525  -5.05648   3.69542    44.00348    43.54825     0.45522
   2.21721  -5.22556   3.69542    44.02669    43.74179     0.28490
   2.63760  -5.29969   3.69542    44.27080    44.04382     0.22698
   3.06375  -5.27487   3.69542    44.40508    44.16331     0.24178
   3.47270  -5.15244   3.69542    44.21746    43.92558     0.29188
   3.84238  -4.93900   3.69542    43.59057    43.23643     0.35415
   4.15288  -4.64606   3.69542    42.45792    42.03977     0.41815
   4.38745  -4.28941   3.69542    40.76804    40.28854     0.47950
   2.22353  -5.47640   3.35273    44.08191    43.91924     0.16267
   2.63923  -5.54008   3.35273    44.83179    44.71718     0.11461
   3.05924  -5.51878   3.35273    45.38839    45.24664     0.14175
   3.46636  -5.41337   3.35273    45.58104    45.38361     0.19743
   3.84393  -5.22816   3.35273    45.33819    45.08131     0.25688
   4.17649  -4.97074   3.35273    44.63350    44.32284     0.31066
   4.45043  -4.65165   3.35273    43.44688    43.09289     0.35399
   4.65452  -4.28394   3.35273    41.74946    41.36339     0.38608
   2.42354  -5.69660   2.97358    44.41575    44.51509    -0.09934
   2.85181  -5.71700   2.97358    45.75486    45.80895    -0.05409
   3.27620  -5.65598   2.97358    46.60827    46.58347     0.02480
   3.68137  -5.51575   2.97358    46.92955    46.82789     0.10166
   4.05268  -5.30137   2.97358    46.73440    46.57157     0.16283
   4.37671  -5.02060   2.97358    46.04602    45.84327     0.20275
   4.64175  -4.68358   2.97358    44.87383    44.65310     0.22073
   4.83821  -4.30249   2.97358    43.19901    42.98581     0.21320
   3.06177  -5.80644   2.56949    47.12973    47.34776    -0.21803
   3.47488  -5.71215   2.56949    48.14441    48.24628    -0.10187
   3.86451  -5.54561   2.56949    48.51150    48.52594    -0.01444
   4.21814  -5.31218   2.56949    48.32576    48.28568     0.04008
   4.52442  -5.01935   2.56949    47.65182    47.59163     0.06018
   4.77348  -4.67655   2.56949    46.52042    46.47506     0.04536
   4.95733  -4.29478   2.56949    44.92592    44.93443    -0.00851
   3.16126  -5.82783   2.15273    48.77192    49.15875    -0.38683
   3.56535  -5.71955   2.15273    49.96858    50.21613    -0.24755
   3.94450  -5.54275   2.15273    50.41035    50.56327    -0.15292
   4.28719  -5.30280   2.15273    50.26790    50.37141    -0.10350
   4.58301  -5.00698   2.15273    49.64667    49.74625    -0.09958
   4.82296  -4.66429   2.15273    48.59873    48.74305    -0.14432
   4.99976  -4.28514   2.15273    47.13538    47.37819    -0.24282
   3.47488  -5.71215   1.73598    52.03434    52.46280    -0.42846
   3.86451  -5.54561   1.73598    52.72209    53.03530    -0.31321
   4.21814  -5.31218   1.73598    52.72021    52.97218    -0.25197
   4.52442  -5.01935   1.73598    52.21130    52.46003    -0.24873
   4.77348  -4.67655   1.73598    51.29263    51.60084    -0.30822
   4.95733  -4.29478   1.73598    50.00435    50.44299    -0.43864
   3.68137  -5.51575   1.33188    55.70088    56.17381    -0.47293
   4.05268  -5.30137   1.33188    55.81132    56.19908    -0.38775
   4.37671  -5.02060   1.33188    55.39152    55.75814    -0.36663
   4.64175  -4.68358   1.33188    54.60399    55.02546    -0.42147
   4.83821  -4.30249   1.33188    53.53472    54.09621    -0.56149
   3.84393  -5.22816   0.95273    59.92716    60.41710    -0.48994
   4.17649  -4.97074   0.95273    59.38373    59.82410    -0.44037
   4.45043  -4.65165   0.95273    58.63512    59.10392    -0.46880
   4.65452  -4.28394   0.95273    57.79425    58.38337    -0.58912
   4.15288  -4.64606   0.61004    63.89615    64.31994    -0.42378
   4.38745  -4.28941   0.61004    63.09232    63.56704    -0.47473
   5.59171  -2.40319   0.68455    53.48452    54.81337    -1.32885
   5.96140  -2.18975   0.68455    50.67453    51.78680    -1.11227
   6.27190  -1.89681   0.68455    48.28058    49.20109    -0.92051
   6.50647  -1.54016   0.68455    46.16336    46.90972    -0.74636
   6.65247  -1.13903   0.68455    44.18420    44.75878    -0.57458
   6.94198  -0.71504   0.34185    42.21884    42.32348    -0.10464
   5.58538  -2.66412   0.34185    56.43507    57.39761    -0.96255
   5.96295  -2.47892   0.34185    53.09609    53.91233    -0.81624
   6.29551  -2.22149   0.34185    50.39090    51.05538    -0.66449
   6.56944  -1.90240   0.34185    48.10613    48.62654    -0.52041
   6.77354  -1.53469   0.34185    46.07802    46.46305    -0.38503
   6.89943  -1.13343   0.34185    44.16537    44.41551    -0.25014
   7.11878  -0.71504  -0.03730    42.36819    42.21714     0.15105
   5.80039  -2.76650  -0.03730    56.42754    56.97540    -0.54786
   6.17170  -2.55212  -0.03730    53.14692    53.58319    -0.43628
   6.49573  -2.27135  -0.03730    50.48690    50.79840    -0.31149
   6.76077  -1.93433  -0.03730    48.23164    48.42285    -0.19121
   6.95723  -1.55324  -0.03730    46.22109    46.29850    -0.07741
   7.07803  -1.14185  -0.03730    44.31598    44.28137     0.03460
   7.22706  -0.71504  -0.44139    42.61731    42.25276     0.36454
   7.18908  -0.29302  -0.44139    40.50511    40.05372     0.45139
   5.59389  -2.96290  -0.44139    59.64227    59.92125    -0.27899
   5.98353  -2.79636  -0.44139    55.88662    56.11001    -0.22338
   6.33716  -2.56293  -0.44139    52.89278    53.01711    -0.12434
   6.64343  -2.27010  -0.44139    50.41411    50.43132    -0.01721
   6.89250  -1.92730  -0.44139    48.27870    48.19267     0.08603
   7.07635  -1.54553  -0.44139    46.34973    46.16832     0.18142
   7.18908  -1.13707  -0.44139    44.50674    44.23359     0.27314
   7.26352  -0.71504  -0.85815    42.95554    42.43048     0.52505
   7.22706  -0.29829  -0.85815    40.91425    40.32786     0.58638
   5.68437  -2.97030  -0.85815    59.03798    59.09753    -0.05955
   6.06352  -2.79350  -0.85815    55.63374    55.62870     0.00504
   6.40621  -2.55355  -0.85815    52.85073    52.75140     0.09934
   6.70203  -2.25773  -0.85815    50.50510    50.30622     0.19889
   6.94198  -1.91504  -0.85815    48.45503    48.16400     0.29103
   7.11878  -1.53589  -0.85815    46.58693    46.21205     0.37489
   7.22706  -1.13180  -0.85815    44.79351    44.34108     0.45243
   7.22706  -0.71504  -1.27490    43.37659    42.75300     0.62359
   7.18908  -0.29302  -1.27490    41.34221    40.67317     0.66904
   5.59389  -2.96290  -1.27490    59.50359    59.44983     0.05376
   5.98353  -2.79636  -1.27490    56.14704    56.02286     0.12418
   6.33716  -2.56293  -1.27490    53.36215    53.14035     0.22181
   6.64343  -2.27010  -1.27490    50.99519    50.67360     0.32159
   6.89250  -1.92730  -1.27490    48.92127    48.50803     0.41324
   7.07635  -1.54553  -1.27490    47.03121    46.53818     0.49303
   7.18908  -1.13707  -1.27490    45.22147    44.65889     0.56258
   7.11878  -0.71504  -1.67899    43.88237    43.22623     0.65614
   7.07803  -0.28823  -1.67899    41.84735    41.15656     0.69080
   6.95723   0.12316  -1.67899    39.41450    38.73917     0.67533
   5.39522  -2.90673  -1.67899    60.26538    60.20420     0.06118
   5.80039  -2.76650  -1.67899    56.92892    56.78397     0.14495
   6.17170  -2.55212  -1.67899    54.09697    53.84580     0.25117
   6.49573  -2.27135  -1.67899    51.66662    51.30842     0.35820
   6.76077  -1.93433  -1.67899    49.53246    49.07791     0.45455
   6.95723  -1.55324  -1.67899    47.59283    47.05742     0.53541
   7.07803  -1.14185  -1.67899    45.74733    45.14524     0.60209
   6.94198  -0.71504  -2.05815    44.48038    43.85955     0.62083
   6.89943  -0.29665  -2.05815    42.50247    41.85342     0.64905
   6.77354   0.10461  -2.05815    40.20202    39.56860     0.63342
   4.75825  -2.79083  -2.05815    63.90117    63.99401    -0.09284
   5.17826  -2.76953  -2.05815    60.53082    60.55417    -0.02335
   5.58538  -2.66412  -2.05815    57.42779    57.34630     0.08149
   5.96295  -2.47892  -2.05815    54.67992    54.47833     0.20159
   6.29551  -2.22149  -2.05815    52.26652    51.94787     0.31866
   6.56944  -1.90240  -2.05815    50.12420    49.70260     0.42161
   6.77354  -1.53469  -2.05815    48.17328    47.66776     0.50552
   6.89943  -1.13343  -2.05815    46.32652    45.75478     0.57173
   6.70203  -0.71504  -2.40084    45.18508    44.66585     0.51922
   6.65247  -0.29105  -2.40084    43.18458    42.63964     0.54494
   4.33623  -2.47631  -2.40084    64.22999    64.55284    -0.32285
   4.75662  -2.55044  -2.40084    61.62645    61.86423    -0.23778
   5.18277  -2.52562  -2.40084    58.75371    58.86553    -0.11181
   5.59171  -2.40319  -2.40084    55.96945    55.93823     0.03122
   5.96140  -2.18975  -2.40084    53.42051    53.24918     0.17133
   6.27190  -1.89681  -2.40084    51.12696    50.83211     0.29486
   6.50647  -1.54016  -2.40084    49.04426    48.64995     0.39431
   6.65247  -1.13903  -2.40084    47.09647    46.62790     0.46857
   6.40621  -0.71504  -2.69665    46.01653    45.66115     0.35537
   6.34900  -0.29883  -2.69665    44.05807    43.67905     0.37901
   4.34690  -2.16866  -2.69665    61.55366    62.07576    -0.52210
   4.75824  -2.25414  -2.69665    59.49982    59.88526    -0.38544
   5.17739  -2.22546  -2.69665    57.04061    57.26160    -0.22098
   5.57326  -2.08477  -2.69665    54.53622    54.59055    -0.05433
   5.91649  -1.84249  -2.69665    52.16926    52.07447     0.09478
   6.18162  -1.51660  -2.69665    49.98803    49.77305     0.21498
   6.34900  -1.13125  -2.69665    47.96118    47.65995     0.30123
   6.06352  -0.71504  -2.93661    47.00234    46.86356     0.13878
   5.99115  -0.30462  -2.93661    45.08907    44.93033     0.15874
   4.65514  -1.89681  -2.93661    58.00008    58.57796    -0.57788
   5.07190  -1.89681  -2.93661    55.88788    56.26966    -0.38179
   5.46352  -1.75427  -2.93661    53.52907    53.72274    -0.19367
   5.78277  -1.48639  -2.93661    51.20729    51.24420    -0.03692
   5.99115  -1.12547  -2.93661    49.03171    48.95654     0.07517
   5.68437  -0.71504  -3.11341    48.17390    48.29123    -0.11733
   4.86352  -1.53589  -3.11341    55.13800    55.73538    -0.59738
   5.27394  -1.42592  -3.11341    52.85826    53.23269    -0.37442
   5.57439  -1.12547  -3.11341    50.41851    50.62374    -0.20523
   5.07190  -1.07596  -3.22168    52.09647    52.63990    -0.54343
   6.47585   4.06502   1.20698    41.07363    41.44751    -0.37388
   6.42629   4.48901   1.20698    41.94211    42.31873    -0.37662
   6.28029   3.23990   1.20698    38.72361    38.82815    -0.10454
   6.42629   3.64103   1.20698    40.03009    40.32667    -0.29658
   6.71580   4.06502   0.86429    41.40057    41.71341    -0.31284
   6.67325   4.48341   0.86429    42.33179    42.60507    -0.27328
   6.54736   4.88467   0.86429    43.15132    43.34452    -0.19320
   6.54736   3.24537   0.86429    38.62760    38.87972    -0.25212
   6.67325   3.64663   0.86429    40.21771    40.52826    -0.31055
   6.89260   4.06502   0.48514    41.63588    41.92627    -0.29039
   6.85185   4.49183   0.48514    42.65245    42.86029    -0.20784
   6.73105   4.90322   0.48514    43.50021    43.60256    -0.10235
   6.53459   5.28431   0.48514    44.32351    44.28769     0.03582
   6.73105   3.22682   0.48514    38.36530    38.80562    -0.44032
   6.85185   3.63821   0.48514    40.28297    40.64594    -0.36296
   7.00088   4.06502   0.08104    41.79088    42.08471    -0.29383
   6.96289   4.48704   0.08104    42.85702    43.03181    -0.17479
   6.85017   4.89551   0.08104    43.70980    43.76154    -0.05173
   6.66632   5.27728   0.08104    44.48854    44.39674     0.09180
   6.41725   5.62008   0.08104    45.32564    45.05869     0.26695
   6.85017   3.23453   0.08104    38.20654    38.84678    -0.64024
   6.96289   3.64299   0.08104    40.33066    40.76594    -0.43528
   7.03734   4.06502  -0.33571    41.87496    42.18904    -0.31408
   7.00088   4.48177  -0.33571    42.98001    43.14467    -0.16466
   6.89260   4.88587  -0.33571    43.83468    43.86264    -0.02796
   6.71580   5.26502  -0.33571    44.57702    44.45851     0.11851
   6.47585   5.60771  -0.33571    45.32501    45.03729     0.28772
   6.18003   5.90353  -0.33571    46.20290    45.71596     0.48693
   6.89260   3.24417  -0.33571    38.04465    38.86613    -0.82149
   7.00088   3.64826  -0.33571    40.33066    40.84186    -0.51120
   7.00088   4.06502  -0.75247    41.90069    42.24091    -0.34022
   6.96289   4.48704  -0.75247    43.05594    43.22187    -0.16593
   6.85017   4.89551  -0.75247    43.92002    43.93738    -0.01737
   6.66632   5.27728  -0.75247    44.63852    44.50639     0.13213
   6.41725   5.62008  -0.75247    45.32878    45.03075     0.29802
   6.11098   5.91291  -0.75247    46.10438    45.61636     0.48802
   6.85017   3.23453  -0.75247    37.73340    38.72388    -0.99048
   6.96289   3.64299  -0.75247    40.24281    40.82906    -0.58625
   6.89260   4.06502  -1.15656    41.87810    42.24292    -0.36481
   6.85185   4.49183  -1.15656    43.06660    43.24272    -0.17611
   6.73105   4.90322  -1.15656    43.92504    43.94833    -0.02329
   6.53459   5.28431  -1.15656    44.60589    44.48284     0.12304
   6.26955   5.62133  -1.15656    45.22524    44.94613     0.27911
   5.94552   5.90210  -1.15656    45.88349    45.43405     0.44945
   6.73105   3.22682  -1.15656    37.43910    38.54686    -1.10776
   6.85185   3.63821  -1.15656    40.13049    40.77228    -0.64179
   6.71580   4.06502  -1.53571    41.81723    42.19844    -0.38121
   6.67325   4.48341  -1.53571    42.98566    43.18288    -0.19723
   6.54736   4.88467  -1.53571    43.80267    43.85669    -0.05401
   6.34326   5.25238  -1.53571    44.41449    44.33719     0.07731
   6.06933   5.57147  -1.53571    44.92152    44.71401     0.20751
   6.54736   3.24537  -1.53571    37.41086    38.51869    -1.10783
   6.67325   3.64663  -1.53571    40.07840    40.73296    -0.65456
   6.47585   4.06502  -1.87840    41.72624    42.11135    -0.38511
   6.42629   4.48901  -1.87840    42.87772    43.09505    -0.21732
   6.28029   4.89014  -1.87840    43.63889    43.72971    -0.09082
   6.04572   5.24679  -1.87840    44.15157    44.13513     0.01644
   5.73522   5.53973  -1.87840    44.50297    44.39455     0.10843
   6.28029   3.23990  -1.87840    37.26089    38.30610    -1.04521
   6.42629   3.64103  -1.87840    39.96545    40.60272    -0.63727
   6.18003   4.06502  -2.17422    41.61078    41.98565    -0.37487
   6.12282   4.48123  -2.17422    42.67755    42.92404    -0.24649
   5.95544   4.86658  -2.17422    43.32514    43.48119    -0.15605
   5.69031   5.19247  -2.17422    43.66839    43.76378    -0.09539
   6.12282   3.64881  -2.17422    39.94914    40.51210    -0.56297
   5.83734   4.06502  -2.41417    41.46959    41.82489    -0.35530
   5.76497   4.47544  -2.41417    42.40646    42.69250    -0.28604
   5.55659   4.83636  -2.41417    42.86204    43.11605    -0.25402
   5.76497   3.65459  -2.41417    39.95918    40.40656    -0.44738
   5.45819   4.06502  -2.59097    41.29326    41.63147    -0.33821
   5.34821   4.47544  -2.59097    42.03059    42.38320    -0.35262
   5.34821   3.65459  -2.59097    39.98867    40.28604    -0.29737
   3.41146   5.95926   2.46210    40.91801    40.93597    -0.01796
   3.00104   5.84929   2.46210    39.91462    39.80914     0.10549
   4.01146   6.17764   2.28530    42.10902    42.29570    -0.18667
   3.61984   6.32018   2.28530    42.11342    42.19056    -0.07715
   3.20308   6.32018   2.28530    41.67040    41.66629     0.00410
   2.81146   6.17764   2.28530    40.61053    40.56217     0.04836
   2.49221   5.90976   2.28530    38.69851    38.66068     0.03783
   4.46443   6.26587   2.04535    42.86015    43.08271    -0.22256
   4.12120   6.50815   2.04535    43.06911    43.19500    -0.12588
   3.72533   6.64884   2.04535    43.06472    43.11831    -0.05358
   3.30618   6.67751   2.04535    42.77983    42.78000    -0.00016
   2.89484   6.59203   2.04535    42.09459    42.06979     0.02480
   2.52182   6.39875   2.04535    40.82012    40.82216    -0.00204
   2.21478   6.11199   2.04535    38.66400    38.78995    -0.12595
   4.50934   6.61312   1.74953    43.83844    43.91699    -0.07854
   4.13966   6.82656   1.74953    43.90684    43.93671    -0.02987
   3.73071   6.94899   1.74953    43.84346    43.83631     0.00715
   3.30456   6.97381   1.74953    43.58367    43.54896     0.03471
   2.88417   6.89968   1.74953    43.02582    42.98432     0.04150
   2.49221   6.73061   1.74953    42.01678    42.01100     0.00578
   2.14980   6.47569   1.74953    40.30996    40.42609    -0.11613
   4.84345   6.64487   1.40684    44.63601    44.59181     0.04420
   4.51089   6.90229   1.40684    44.61718    44.56222     0.05497
   4.13332   7.08749   1.40684    44.58016    44.51815     0.06201
   3.72620   7.19291   1.40684    44.47348    44.40375     0.06973
   3.30619   7.21421   1.40684    44.23565    44.15959     0.07607
   2.89049   7.15052   1.40684    43.78510    43.71392     0.07118
   2.49612   7.00447   1.40684    43.00762    42.96892     0.03870
   2.13922   6.78201   1.40684    41.72373    41.77835    -0.05461
   1.83441   6.49227   1.40684    39.63664    39.90906    -0.27242
   5.04367   6.69472   1.02769    45.49632    45.27141     0.22491
   4.71964   6.97550   1.02769    45.29238    45.10396     0.18842
   4.34833   7.18987   1.02769    45.16123    45.00572     0.15551
   3.94316   7.33010   1.02769    45.03824    44.90501     0.13323
   3.51877   7.39112   1.02769    44.85940    44.73941     0.11999
   3.09050   7.37072   1.02769    44.55506    44.44607     0.10898
   2.67384   7.26964   1.02769    44.03862    43.95017     0.08845
   2.28383   7.09153   1.02769    43.18771    43.14889     0.03883
   1.93458   6.84283   1.02769    41.80845    41.88608    -0.07763
   1.63870   6.53252   1.02769    39.57263    39.90710    -0.33447
   4.88510   6.98630   0.62360    45.93746    45.59399     0.34347
   4.53147   7.21974   0.62360    45.66136    45.39448     0.26688
   4.14183   7.38627   0.62360    45.47059    45.26164     0.20895
   3.72873   7.48056   0.62360    45.29301    45.12402     0.16899
   3.30542   7.49957   0.62360    45.06397    44.92090     0.14307
   2.88552   7.44269   0.62360    44.71319    44.59131     0.12188
   2.48253   7.31175   0.62360    44.15659    44.06209     0.09450
   2.10939   7.11096   0.62360    43.27306    43.23237     0.04068
   1.77811   6.84677   0.62360    41.87308    41.94892    -0.07584
   1.49932   6.52767   0.62360    39.63727    39.96219    -0.32492
   4.95415   6.97692   0.20684    46.46708    45.98123     0.48585
   4.61146   7.21687   0.20684    46.03159    45.66442     0.36716
   4.23231   7.39368   0.20684    45.74733    45.47289     0.27444
   3.82822   7.50195   0.20684    45.52895    45.32054     0.20842
   3.41146   7.53841   0.20684    45.30556    45.14148     0.16407
   2.99471   7.50195   0.20684    45.01188    44.87699     0.13489
   2.59061   7.39368   0.20684    44.57576    44.46431     0.11145
   2.21146   7.21687   0.20684    43.90621    43.82424     0.08198
   1.86877   6.97692   0.20684    42.86894    42.84415     0.02479
   1.57295   6.68110   0.20684    41.25247    41.35035    -0.09788
   4.88510   6.98630  -0.20991    46.66976    46.11382     0.55594
   4.53147   7.21974  -0.20991    46.12634    45.72319     0.40315
   4.14183   7.38627  -0.20991    45.77556    45.48883     0.28674
   3.72873   7.48056  -0.20991    45.51264    45.30873     0.20391
   3.30542   7.49957  -0.20991    45.25724    45.10771     0.14953
   2.88552   7.44269  -0.20991    44.93721    44.82095     0.11626
   2.48253   7.31175  -0.20991    44.47787    44.38072     0.09715
   2.10939   7.11096  -0.20991    43.78385    43.70281     0.08104
   1.77811   6.84677  -0.20991    42.72022    42.66873     0.05149
   1.49932   6.52767  -0.20991    41.07614    41.09820    -0.02206
   4.34833   7.18987  -0.61401    45.92491    45.56070     0.36421
   3.94316   7.33010  -0.61401    45.54527    45.30824     0.23703
   3.51877   7.39112  -0.61401    45.25097    45.10074     0.15022
   3.09050   7.37072  -0.61401    44.95290    44.85530     0.09760
   2.67384   7.26964  -0.61401    44.57200    44.49904     0.07296
   2.28383   7.09153  -0.61401    44.02481    43.95395     0.07086
   1.93458   6.84283  -0.61401    43.20528    43.12149     0.08380
   1.63870   6.53252  -0.61401    41.96658    41.86403     0.10255
   1.40690   6.17184  -0.61401    40.09221    39.97974     0.11247
   4.13332   7.08749  -0.99316    45.48816    45.21967     0.26849
   3.72620   7.19291  -0.99316    45.10350    44.95925     0.14425
   3.30619   7.21421  -0.99316    44.78535    44.72193     0.06342
   2.89049   7.15052  -0.99316    44.44524    44.42237     0.02287
   2.49612   7.00447  -0.99316    44.00348    43.98395     0.01953
   2.13922   6.78201  -0.99316    43.37659    43.32460     0.05199
   1.83441   6.49227  -0.99316    42.46796    42.34521     0.12275
   1.59416   6.14709  -0.99316    41.16462    40.92214     0.24248
   3.73071   6.94899  -1.33585    44.64291    44.57781     0.06510
   3.30456   6.97381  -1.33585    44.27205    44.29947    -0.02742
   2.88417   6.89968  -1.33585    43.89303    43.96157    -0.06853
   2.49221   6.73061  -1.33585    43.41424    43.47155    -0.05731
   2.14980   6.47569  -1.33585    42.75473    42.74198     0.01275
