 6239     7      2424431.4748060587     3788.9059666596
   1.64507  -1.16672   2.10000     6.47904     7.06318    -0.58415
   2.05476  -1.16672   2.05965     9.42896    10.14037    -0.71141
   1.84991  -0.81192   2.05965     9.25577     9.60000    -0.34424
   1.44022  -0.81192   2.05965     7.31802     7.28020     0.03782
   1.23538  -1.16672   2.05965     5.46561     5.12971     0.33590
   1.44022  -1.52152   2.05965     4.86383     4.92054    -0.05672
   1.84991  -1.52152   2.05965     7.34814     8.15761    -0.80948
   2.44870  -1.16672   1.94015    13.92695    13.83652     0.09043
   1.24325  -0.47075   1.94015     9.26392     8.17863     1.08529
   0.94910  -0.76490   1.94015     7.81187     6.65992     1.15195
   1.24325  -1.86269   1.94015     3.59563     2.49751     1.09812
   1.64507  -1.97036   1.94015     6.34412     6.38565    -0.04153
   2.04688  -1.86269   1.94015    10.35014    11.08688    -0.73674
   2.34104  -1.56854   1.94015    13.05596    13.63092    -0.57496
   2.81176  -1.16672   1.74609    19.41828    17.62737     1.79092
   0.94197  -0.23567   1.74609    11.10504     8.83736     2.26768
   1.32578  -2.28888   1.74609     3.48456     1.95864     1.52592
   1.75272  -2.32844   1.74609     9.29153     8.97855     0.31298
   2.16511  -2.21110   1.74609    14.99936    15.42179    -0.42243
   2.50727  -1.95272   1.74609    18.72237    19.04441    -0.32204
   2.73298  -1.58818   1.74609    20.08281    19.48284     0.59997
   1.43374  -2.63653   1.48493     5.16252     3.47523     1.68729
   3.06984  -1.58507   1.48493    28.73554    26.27426     2.46128
   1.43374  -2.63653  -1.48492     5.18072     3.48229     1.69843
   3.06984  -1.58507  -1.48492    28.65648    26.16864     2.48784
   2.81176  -1.16672  -1.74608    19.34988    17.53260     1.81728
   0.94197  -0.23567  -1.74608    11.10002     8.82075     2.27927
   1.32578  -2.28888  -1.74608     3.49523     1.95593     1.53930
   1.75272  -2.32844  -1.74608     9.31224     8.98324     0.32900
   2.16511  -2.21110  -1.74608    15.01756    15.42173    -0.40417
   2.50727  -1.95272  -1.74608    18.72049    19.02111    -0.30062
   2.73298  -1.58818  -1.74608    20.04579    19.42178     0.62401
   2.44870  -1.16672  -1.94014    13.89243    13.77748     0.11495
   1.24325  -0.47075  -1.94014     9.25702     8.15548     1.10154
   0.94910  -0.76490  -1.94014     7.80810     6.64329     1.16481
   1.24325  -1.86269  -1.94014     3.60065     2.48746     1.11319
   1.64507  -1.97036  -1.94014     6.35416     6.37849    -0.02433
   2.04688  -1.86269  -1.94014    10.35516    11.07223    -0.71707
   2.34104  -1.56854  -1.94014    13.04216    13.59463    -0.55247
   2.05476  -1.16672  -2.05965     9.41390    10.10252    -0.68862
   1.84991  -0.81192  -2.05965     9.24008     9.56234    -0.32226
   1.44022  -0.81192  -2.05965     7.31111     7.25478     0.05634
   1.23538  -1.16672  -2.05965     5.46373     5.11167     0.35205
   1.44022  -1.52152  -2.05965     4.86571     4.90485    -0.03914
   1.84991  -1.52152  -2.05965     7.34625     8.13566    -0.78941
   1.64507  -1.16672  -2.10000     6.47339     7.03794    -0.56455
   2.30436   0.02285   2.10007    11.01593    10.20554     0.81039
   2.71405   0.02285   2.05972    10.77371     9.79742     0.97629
   2.50920   0.37765   2.05972     8.20218     7.30019     0.90199
   2.09951   0.37765   2.05972     7.59537     6.79309     0.80228
   1.89467   0.02285   2.05972    10.43925     9.57307     0.86618
   2.09951  -0.33195   2.05972    12.31864    11.72480     0.59384
   2.50920  -0.33195   2.05972    13.12562    12.21353     0.91208
   2.70617   0.71882   1.94021     4.88893     3.63354     1.25539
   1.50072   0.02285   1.94021    10.31626     8.72313     1.59312
   2.70617  -0.67312   1.94021    15.20581    13.92253     1.28328
   2.82440  -1.02153   1.74615    19.05684    16.89834     2.15850
   2.82440  -1.02153  -1.74602    18.98216    16.79612     2.18604
   2.70617   0.71882  -1.94008     4.84249     3.55470     1.28779
   1.50072   0.02285  -1.94008    10.30622     8.69298     1.61324
   2.70617  -0.67312  -1.94008    15.13929    13.82956     1.30974
   2.71405   0.02285  -2.05958    10.71221     9.70792     1.00430
   2.50920   0.37765  -2.05958     8.15951     7.22831     0.93120
   2.09951   0.37765  -2.05958     7.57090     6.74190     0.82901
   1.89467   0.02285  -2.05958    10.41917     9.52848     0.89069
   2.09951  -0.33195  -2.05958    12.28977    11.67129     0.61849
   2.50920  -0.33195  -2.05958    13.07479    12.13623     0.93856
   2.30436   0.02285  -2.09993    10.97953    10.14190     0.83763
   1.71049   1.16994   2.10006    -2.78802    -4.02842     1.24040
   2.12018   1.16994   2.05971    -3.04907    -3.58504     0.53597
   1.91533   1.52474   2.05971    -5.87474    -6.66996     0.79522
   1.50564   1.52474   2.05971    -4.24573    -6.19909     1.95336
   1.30080   1.16994   2.05971    -1.24059    -3.59104     2.35045
   1.50564   0.81513   2.05971     1.03853    -0.61029     1.64881
   1.91533   0.81513   2.05971     0.92432     0.05771     0.86661
   2.51412   1.16994   1.94021    -1.93712    -2.58200     0.64488
   2.40646   1.57175   1.94021    -6.20230    -6.34822     0.14591
   2.11231   1.86590   1.94021    -8.19527    -8.45096     0.25569
   1.71049   1.97357   1.94021    -6.91892    -8.29011     1.37119
   1.30867   1.86590   1.94021    -3.65148    -6.49348     2.84200
   1.01452   1.57175   1.94021    -0.52334    -4.28279     3.75945
   1.30867   0.47397   1.94021     5.51330     3.35045     2.16284
   2.87719   1.16994   1.74615     0.55409    -1.28179     1.83589
   2.79840   1.59140   1.74615    -4.24447    -4.82863     0.58415
   2.57269   1.95594   1.74615    -8.34086    -7.97101    -0.36985
   2.23053   2.21432   1.74615    -9.80860    -9.52399    -0.28461
   1.81814   2.33166   1.74615    -7.95368    -8.87691     0.92323
   1.39121   2.29210   1.74615    -3.88240    -6.53519     2.65279
   1.00739   2.10098   1.74615     0.18951    -3.92418     4.11368
   3.13526   1.58829   1.48498     0.45808    -1.57348     2.03156
   2.95969   1.97275   1.48498    -5.40035    -5.43655     0.03620
   2.68291   2.29217   1.48498    -9.68310    -8.64111    -1.04199
   2.32735   2.52067   1.48498   -10.73794    -9.84739    -0.89055
   1.92181   2.63975   1.48498    -8.29756    -8.68763     0.39007
   1.49916   2.63975   1.48498    -3.19904    -5.46652     2.26748
   1.09363   2.52067   1.48498     2.47176    -1.44275     3.91451
   3.25657   1.98138   1.16676     0.52836    -0.57287     1.10124
   3.01745   2.32781   1.16676    -6.90260    -5.93495    -0.96766
   2.70238   2.60694   1.16676   -10.85215    -9.07072    -1.78143
   2.32966   2.80255   1.16676   -10.84336    -9.55222    -1.29114
   1.92096   2.90329   1.16676    -6.99422    -7.28273     0.28851
   1.50002   2.90329   1.16676     0.08032    -2.34749     2.42781
   3.25502   2.34406   0.80369    -2.19754    -1.70304    -0.49450
   2.96651   2.64864   0.80369    -9.21749    -7.15299    -2.06449
   2.61927   2.88408   0.80369   -11.56249    -9.29357    -2.26892
   2.22953   3.03936   0.80369    -9.52497    -8.32425    -1.20071
   1.81553   3.10724   0.80369    -3.19779    -4.05607     0.85828
   1.39661   3.08452   0.80369     7.39959     3.99851     3.40108
   3.40097   2.34655   0.40975     2.94051     2.90426     0.03625
   3.12952   2.66275   0.40975    -7.02685    -4.98183    -2.04502
   2.79997   2.91784   0.40975   -11.28262    -8.55622    -2.72640
   2.42581   3.10138   0.40975   -10.75300    -8.67649    -2.07651
   2.02238   3.20583   0.40975    -5.59362    -5.32127    -0.27235
   1.60617   3.22694   0.40975     4.72577     2.34117     2.38460
   3.19541   2.65486   0.00006    -5.70406    -3.76441    -1.93965
   2.87719   2.91602   0.00006   -10.90047    -8.06211    -2.83835
   2.51412   3.11008   0.00006   -11.18536    -8.77279    -2.41257
   2.12018   3.22959   0.00006    -6.84550    -6.04139    -0.80411
   1.71049   3.26994   0.00006     2.64307     0.89242     1.75065
   3.40097   2.34655  -0.40963     2.92419     2.87911     0.04508
   3.12952   2.66275  -0.40963    -7.03438    -4.99555    -2.03884
   2.79997   2.91784  -0.40963   -11.28513    -8.56387    -2.72126
   2.42581   3.10138  -0.40963   -10.75175    -8.67999    -2.07176
   2.02238   3.20583  -0.40963    -5.58860    -5.32077    -0.26783
   1.60617   3.22694  -0.40963     4.73644     2.34745     2.38899
   3.25502   2.34406  -0.80358    -2.22013    -1.74051    -0.47962
   2.96651   2.64864  -0.80358    -9.22815    -7.17439    -2.05377
   2.61927   2.88408  -0.80358   -11.56563    -9.30532    -2.26031
   2.22953   3.03936  -0.80358    -9.52057    -8.32860    -1.19197
   1.81553   3.10724  -0.80358    -3.18587    -4.05246     0.86659
   1.39661   3.08452  -0.80358     7.42406     4.01414     3.40992
   3.25657   1.98138  -1.16664     0.48946    -0.63662     1.12608
   3.01745   2.32781  -1.16664    -6.92331    -5.97298    -0.95034
   2.70238   2.60694  -1.16664   -10.86031    -9.09299    -1.76732
   2.32966   2.80255  -1.16664   -10.84211    -9.56347    -1.27864
   1.92096   2.90329  -1.16664    -6.98355    -7.28415     0.30060
   1.50002   2.90329  -1.16664     0.10291    -2.33733     2.44024
   3.13526   1.58829  -1.48487     0.41102    -1.65269     2.06371
   2.95969   1.97275  -1.48487    -5.42858    -5.48834     0.05975
   2.68291   2.29217  -1.48487    -9.69628    -8.67308    -1.02320
   2.32735   2.52067  -1.48487   -10.73920    -9.86525    -0.87394
   1.92181   2.63975  -1.48487    -8.28877    -8.69396     0.40519
   1.49916   2.63975  -1.48487    -3.17834    -5.46142     2.28308
   1.09363   2.52067  -1.48487     2.50565    -1.42560     3.93124
   2.87719   1.16994  -1.74603     0.50954    -1.36050     1.87004
   2.79840   1.59140  -1.74603    -4.27522    -4.88704     0.61181
   2.57269   1.95594  -1.74603    -8.35717    -8.00932    -0.34785
   2.23053   2.21432  -1.74603    -9.81174    -9.54636    -0.26537
   1.81814   2.33166  -1.74603    -7.94615    -8.88654     0.94039
   1.39121   2.29210  -1.74603    -3.86358    -6.53388     2.67031
   1.00739   2.10098  -1.74603     0.21775    -3.91463     4.13237
   2.51412   1.16994  -1.94009    -1.96536    -2.63869     0.67333
   2.40646   1.57175  -1.94009    -6.21987    -6.39027     0.17040
   2.11231   1.86590  -1.94009    -8.20092    -8.47722     0.27630
   1.71049   1.97357  -1.94009    -6.91327    -8.30344     1.39017
   1.30867   1.86590  -1.94009    -3.63705    -6.49779     2.86075
   1.01452   1.57175  -1.94009    -0.50640    -4.28389     3.77749
   1.30867   0.47397  -1.94009     5.51016     3.32843     2.18173
   2.12018   1.16994  -2.05959    -3.06350    -3.62483     0.56133
   1.91533   1.52474  -2.05959    -5.87976    -6.69668     0.81691
   1.50564   1.52474  -2.05959    -4.24134    -6.21425     1.97291
   1.30080   1.16994  -2.05959    -1.23682    -3.60570     2.36888
   1.50564   0.81513  -2.05959     1.03414    -0.63493     1.66906
   1.91533   0.81513  -2.05959     0.91114     0.01957     0.89157
   1.71049   1.16994  -2.09994    -2.79242    -4.05460     1.26219
   0.36004   1.07707   2.09991     1.27322     0.49030     0.78292
   0.76973   1.07707   2.05955     1.67106    -0.36362     2.03468
   0.56488   1.43188   2.05955     1.82982    -0.26669     2.09651
   0.15519   1.43188   2.05955     1.54618     0.36812     1.17806
  -0.04965   1.07707   2.05955    -0.04393    -0.55712     0.51319
   0.15519   0.72227   2.05955    -0.58296     0.49763    -1.08059
   0.56488   0.72227   2.05955     1.73255     1.50137     0.23118
   0.76185   1.77304   1.94005     1.51293    -1.58934     3.10227
   0.36004   1.88071   1.94005     2.60165     1.34530     1.25635
  -0.44360   1.07707   1.94005    -1.19227    -3.47747     2.28520
   0.36004   0.27344   1.94005     0.51017     2.85916    -2.34899
   0.76185   0.38111   1.94005     4.22753     3.76353     0.46400
   1.05601   0.67526   1.94005     3.60630     1.21003     2.39626
   0.88008   2.12146   1.74599     1.77899    -1.99992     3.77891
   0.88008   0.03269   1.74599     9.51995     7.58048     1.93946
   0.88008   2.12146  -1.74618     1.81036    -1.98480     3.79517
   0.88008   0.03269  -1.74618     9.51116     7.56330     1.94786
   0.76185   1.77304  -1.94024     1.53803    -1.58103     3.11905
   0.36004   1.88071  -1.94024     2.63930     1.35998     1.27933
  -0.44360   1.07707  -1.94024    -1.17344    -3.47668     2.30324
   0.36004   0.27344  -1.94024     0.50264     2.84709    -2.34445
   0.76185   0.38111  -1.94024     4.22251     3.74982     0.47269
   1.05601   0.67526  -1.94024     3.60567     1.19640     2.40927
   0.76973   1.07707  -2.05974     1.67922    -0.36819     2.04740
   0.56488   1.43188  -2.05974     1.84864    -0.26358     2.11222
   0.15519   1.43188  -2.05974     1.57128     0.37410     1.19719
  -0.04965   1.07707  -2.05974    -0.02887    -0.55689     0.52802
   0.15519   0.72227  -2.05974    -0.58045     0.49162    -1.07206
   0.56488   0.72227  -2.05974     1.73381     1.49323     0.24058
   0.36004   1.07707  -2.10010     1.28388     0.48865     0.79524
  -0.41479  -0.05781   2.09976    -6.88880    -3.52779    -3.36101
  -0.00510  -0.05781   2.05941    -3.47201     0.23649    -3.70850
  -0.20994   0.29699   2.05941    -5.09914    -1.91398    -3.18516
  -0.61963   0.29699   2.05941    -7.44666    -5.51168    -1.93498
  -0.82448  -0.05781   2.05941    -9.03927    -7.06685    -1.97242
  -0.61963  -0.41261   2.05941    -7.74158    -5.20157    -2.54001
  -0.20994  -0.41261   2.05941    -4.39006    -1.16830    -3.22175
   0.38885  -0.05781   1.93991     1.53614     3.95299    -2.41685
  -0.41479   0.74582   1.93991    -3.54166    -3.72165     0.17998
  -0.81661   0.63816   1.93991    -6.28263    -7.59042     1.30779
  -1.11076  -0.45963   1.93991    -9.63164    -9.38343    -0.24821
  -0.81661  -0.75378   1.93991    -8.19151    -7.31206    -0.87945
  -0.41479  -0.86145   1.93991    -4.30597    -2.93172    -1.37425
   0.28118  -0.45963   1.93991     2.29355     4.20719    -1.91364
   0.75191  -0.05781   1.74585     8.55295     7.55531     0.99765
  -1.11788  -0.98886   1.74585    -9.42080   -11.08641     1.66561
  -1.38721  -1.18004   1.48468   -10.24221   -14.93722     4.69501
  -1.38721  -1.18004  -1.48516   -10.27986   -14.96645     4.68659
   0.75191  -0.05781  -1.74632     8.53852     7.53624     1.00228
  -1.11788  -0.98886  -1.74632    -9.45218   -11.11237     1.66020
   0.38885  -0.05781  -1.94039     1.52359     3.93575    -2.41216
  -0.41479   0.74582  -1.94039    -3.53727    -3.72613     0.18886
  -0.81661   0.63816  -1.94039    -6.28200    -7.59652     1.31452
  -1.11076  -0.45963  -1.94039    -9.65486    -9.40335    -0.25151
  -0.81661  -0.75378  -1.94039    -8.21535    -7.33457    -0.88078
  -0.41479  -0.86145  -1.94039    -4.32919    -2.95574    -1.37345
   0.28118  -0.45963  -1.94039     2.27786     4.18732    -1.90946
  -0.00510  -0.05781  -2.05989    -3.48393     0.22056    -3.70449
  -0.20994   0.29699  -2.05989    -5.10542    -1.92547    -3.17995
  -0.61963   0.29699  -2.05989    -7.45356    -5.52249    -1.93107
  -0.82448  -0.05781  -2.05989    -9.05308    -7.08175    -1.97133
  -0.61963  -0.41261  -2.05989    -7.75915    -5.22015    -2.53900
  -0.20994  -0.41261  -2.05989    -4.40637    -1.18724    -3.21913
  -0.41479  -0.05781  -2.10024    -6.90072    -3.54283    -3.35789
   0.24421  -1.33226   2.09985     0.59488    -0.33239     0.92727
   0.65390  -1.33226   2.05949     3.92068     2.40831     1.51237
   0.44906  -0.97746   2.05949     4.04367     3.51440     0.52927
   0.03937  -0.97746   2.05949     0.18072     0.64859    -0.46786
  -0.16548  -1.33226   2.05949    -3.52347    -3.83363     0.31016
   0.03937  -1.68706   2.05949    -4.94415    -5.98485     1.04071
   0.44906  -1.68706   2.05949    -0.53276    -2.18303     1.65027
   0.64603  -0.63629   1.93999     6.68549     6.24941     0.43607
   0.24421  -0.52862   1.93999     2.27723     4.05309    -1.77586
  -0.45176  -0.93044   1.93999    -4.63981    -3.60079    -1.03901
  -0.55942  -1.33226   1.93999    -7.59663    -7.87445     0.27782
  -0.45176  -1.73408   1.93999   -11.69991   -12.30793     0.60801
  -0.15761  -2.02823   1.93999   -13.35591   -14.13742     0.78150
   0.24421  -2.13590   1.93999    -9.65925   -10.93626     1.27701
   0.64603  -2.02823   1.93999    -2.47929    -4.44688     1.96759
   0.94018  -1.73408   1.93999     3.15198     1.13767     2.01431
   0.76425  -0.28788   1.74593     9.76154     8.38257     1.37897
  -0.90262  -1.11788   1.74593    -8.56299    -9.70852     1.14552
  -0.90262  -1.54664   1.74593   -13.77195   -14.94272     1.17077
   0.76425  -2.37664   1.74593    -6.12575    -8.09194     1.96620
  -1.24071  -1.33226   1.48477   -12.05132   -15.85417     3.80285
  -1.24071  -1.33226  -1.48508   -12.08709   -15.88532     3.79823
   0.76425  -0.28788  -1.74624     9.75024     8.36460     1.38564
  -0.90262  -1.11788  -1.74624    -8.59312    -9.73613     1.14302
  -0.90262  -1.54664  -1.74624   -13.80458   -14.97516     1.17058
   0.76425  -2.37664  -1.74624    -6.14018    -8.11263     1.97245
   0.64603  -0.63629  -1.94030     6.67419     6.23079     0.44340
   0.24421  -0.52862  -1.94030     2.26280     4.03451    -1.77171
  -0.45176  -0.93044  -1.94030    -4.66302    -3.62450    -1.03852
  -0.55942  -1.33226  -1.94030    -7.62424    -7.90251     0.27827
  -0.45176  -1.73408  -1.94030   -11.73066   -12.34069     0.61002
  -0.15761  -2.02823  -1.94030   -13.38729   -14.17236     0.78508
   0.24421  -2.13590  -1.94030    -9.68561   -10.96694     1.28133
   0.64603  -2.02823  -1.94030    -2.49498    -4.46861     1.97364
   0.94018  -1.73408  -1.94030     3.14759     1.12283     2.02476
   0.65390  -1.33226  -2.05980     3.91001     2.38889     1.52112
   0.44906  -0.97746  -2.05980     4.02987     3.49441     0.53546
   0.03937  -0.97746  -2.05980     0.16190     0.62675    -0.46485
  -0.16548  -1.33226  -2.05980    -3.54668    -3.85938     0.31269
   0.03937  -1.68706  -2.05980    -4.96862    -6.01260     1.04398
   0.44906  -1.68706  -2.05980    -0.55033    -2.20609     1.65576
   0.24421  -1.33226  -2.10016     0.57668    -0.35531     0.93199
  -0.21598  -2.43462   1.95948   -20.77809   -20.98099     0.20289
   0.19152  -2.43462   1.91665   -15.87850   -16.50028     0.62178
  -0.41974  -2.08170   1.91665   -17.88465   -18.29883     0.41418
  -0.62349  -2.43462   1.91665   -25.18070   -25.19838     0.01768
  -0.41974  -2.78753   1.91665   -27.02558   -27.02054    -0.00504
  -0.01223  -2.78753   1.91665   -22.94739   -22.96958     0.02218
   0.58122  -2.43462   1.79003   -10.33508   -11.73852     1.40344
  -0.90638  -2.03602   1.79003   -22.83695   -23.16004     0.32309
  -1.01319  -2.43462   1.79003   -29.21496   -29.13695    -0.07801
  -0.90638  -2.83322   1.79003   -32.06574   -32.03812    -0.02762
  -0.61459  -3.12502   1.79003   -31.77959   -31.89348     0.11389
  -0.21598  -3.23182   1.79003   -29.18798   -29.15164    -0.03634
   0.18262  -3.12502   1.79003   -24.48479   -24.24297    -0.24182
   0.47441  -2.83322   1.79003   -17.79178   -17.94664     0.15486
  -1.19549  -1.82814   1.58515   -22.39958   -23.54216     1.14258
  -1.34843  -2.22293   1.58515   -30.22337   -30.28389     0.06052
  -1.34843  -2.64631   1.58515   -34.92341   -34.65385    -0.26956
  -1.19549  -3.04110   1.58515   -36.47211   -36.48674     0.01463
  -0.91025  -3.35398   1.58515   -35.88162   -36.24291     0.36128
  -0.53126  -3.54270   1.58515   -33.97650   -34.32241     0.34591
  -0.10969  -3.58176   1.58515   -30.94940   -30.86194    -0.08746
   0.29753  -3.46590   1.58515   -26.44074   -25.86334    -0.57740
   0.63540  -3.21075   1.58515   -19.99308   -19.47316    -0.51992
   0.85828  -2.85079   1.58515   -11.90197   -12.46923     0.56725
  -1.44132  -1.64714   1.31097   -20.24220   -23.50986     3.26766
  -1.61355  -2.02426   1.31097   -30.01566   -30.72900     0.71334
  -1.67255  -2.43462   1.31097   -36.66413   -36.20504    -0.45908
  -1.61355  -2.84498   1.31097   -39.68056   -39.21410    -0.46646
  -1.44132  -3.22209   1.31097   -40.12233   -40.17875     0.05642
  -1.16983  -3.53541   1.31097   -39.11957   -39.71378     0.59421
  -0.82106  -3.75955   1.31097   -37.37007   -38.15702     0.78695
  -0.42328  -3.87636   1.31097   -35.10163   -35.58741     0.48578
  -0.00869  -3.87636   1.31097   -32.12409   -31.92384    -0.20025
   0.38909  -3.75955   1.31097   -27.91978   -26.99855    -0.92123
   0.73786  -3.53541   1.31097   -21.82729   -20.65049    -1.17680
   1.00936  -3.22209   1.31097   -13.44878   -12.98116    -0.46763
   1.18158  -2.84498   1.31097    -3.50213    -5.03681     1.53467
  -1.90001  -2.22187   0.97948   -36.97474   -36.68079    -0.29395
  -1.90001  -2.64736   0.97948   -42.14981   -41.19164    -0.95817
  -1.79420  -3.05947   0.97948   -43.47951   -42.94814    -0.53137
  -1.58922  -3.43233   0.97948   -42.78360   -43.02103     0.23743
  -1.29795  -3.74249   0.97948   -41.16525   -42.07135     0.90610
  -0.93871  -3.97048   0.97948   -39.17793   -40.33744     1.15951
  -0.53405  -4.10196   0.97948   -36.96345   -37.82150     0.85806
  -0.10940  -4.12868   0.97948   -34.31849   -34.39410     0.07560
   0.30854  -4.04895   0.97948   -30.72914   -29.82570    -0.90344
   0.69353  -3.86779   0.97948   -25.41664   -23.78513    -1.63151
   1.02137  -3.59657   0.97948   -17.42406   -15.85602    -1.56803
   1.27147  -3.25235   0.97948    -5.90800    -5.74469    -0.16331
  -2.08006  -2.43462   0.60515   -43.22725   -42.02040    -1.20685
  -2.03332  -2.84941   0.60515   -46.03347   -44.87335    -1.16012
  -1.89545  -3.24341   0.60515   -45.85777   -45.42390    -0.43387
  -1.67337  -3.59685   0.60515   -44.38312   -44.83678     0.45366
  -1.37821  -3.89201   0.60515   -42.42152   -43.58878     1.16726
  -1.02477  -4.11409   0.60515   -40.34196   -41.79381     1.45185
  -0.63078  -4.25195   0.60515   -38.21847   -39.40264     1.18418
  -0.21598  -4.29869   0.60515   -35.86907   -36.27693     0.40786
   0.19881  -4.25195   0.60515   -32.86205   -32.19751    -0.66454
   0.59281  -4.11409   0.60515   -28.51278   -26.83392    -1.67886
   0.94625  -3.89201   0.60515   -21.84549   -19.67314    -2.17235
   1.24141  -3.59685   0.60515   -11.48907    -9.89039    -1.59868
  -2.15382  -2.64537   0.20435   -47.01615   -45.49441    -1.52174
  -2.06321  -3.05702   0.20435   -47.75159   -46.75902    -0.99257
  -1.88622  -3.43957   0.20435   -46.49971   -46.41805    -0.08166
  -1.63114  -3.77512   0.20435   -44.50674   -45.34518     0.83845
  -1.30988  -4.04800   0.20435   -42.32865   -43.79493     1.46628
  -0.93748  -4.24544   0.20435   -40.18132   -41.77006     1.58875
  -0.53134  -4.35820   0.20435   -38.03147   -39.16660     1.13514
  -0.11045  -4.38102   0.20435   -35.61367   -35.81030     0.19663
   0.30550  -4.31283   0.20435   -32.42028   -31.44158    -0.97869
   0.69707  -4.15681   0.20435   -27.66940   -25.65845    -2.01095
   1.04594  -3.92027   0.20435   -20.19953   -17.78646    -2.41308
   1.33581  -3.61426   0.20435    -8.14005    -6.56782    -1.57223
  -2.15382  -2.64537  -0.20540   -47.01678   -45.49546    -1.52131
  -2.06321  -3.05702  -0.20540   -47.75159   -46.75978    -0.99181
  -1.88622  -3.43957  -0.20540   -46.49971   -46.41881    -0.08090
  -1.63114  -3.77512  -0.20540   -44.50737   -45.34600     0.83863
  -1.30988  -4.04800  -0.20540   -42.32865   -43.79579     1.46714
  -0.93748  -4.24544  -0.20540   -40.18132   -41.77097     1.58965
  -0.53134  -4.35820  -0.20540   -38.03147   -39.16756     1.13609
  -0.11045  -4.38102  -0.20540   -35.61430   -35.81131     0.19701
   0.30550  -4.31283  -0.20540   -32.42091   -31.44264    -0.97827
   0.69707  -4.15681  -0.20540   -27.66940   -25.65950    -2.00990
   1.04594  -3.92027  -0.20540   -20.19953   -17.78734    -2.41219
   1.33581  -3.61426  -0.20540    -8.13943    -6.56802    -1.57141
  -2.08006  -2.43462  -0.60619   -43.23101   -42.02542    -1.20559
  -2.03332  -2.84941  -0.60619   -46.03535   -44.87632    -1.15903
  -1.89545  -3.24341  -0.60619   -45.85902   -45.42645    -0.43257
  -1.67337  -3.59685  -0.60619   -44.38437   -44.83932     0.45495
  -1.37821  -3.89201  -0.60619   -42.42215   -43.59142     1.16926
  -1.02477  -4.11409  -0.60619   -40.34259   -41.79655     1.45397
  -0.63078  -4.25195  -0.60619   -38.21909   -39.40552     1.18642
  -0.21598  -4.29869  -0.60619   -35.86970   -36.27995     0.41025
   0.19881  -4.25195  -0.60619   -32.86267   -32.20068    -0.66200
   0.59281  -4.11409  -0.60619   -28.51340   -26.83714    -1.67626
   0.94625  -3.89201  -0.60619   -21.84674   -19.67607    -2.17068
   1.24141  -3.59685  -0.60619   -11.48844    -9.89190    -1.59654
  -1.90001  -2.22187  -0.98052   -36.98604   -36.69250    -0.29354
  -1.90001  -2.64736  -0.98052   -42.15483   -41.19857    -0.95626
  -1.79420  -3.05947  -0.98052   -43.48264   -42.95337    -0.52927
  -1.58922  -3.43233  -0.98052   -42.78548   -43.02580     0.24032
  -1.29795  -3.74249  -0.98052   -41.16713   -42.07606     0.90893
  -0.93871  -3.97048  -0.98052   -39.17918   -40.34224     1.16306
  -0.53405  -4.10196  -0.98052   -36.96470   -37.82650     0.86179
  -0.10940  -4.12868  -0.98052   -34.31975   -34.39934     0.07959
   0.30854  -4.04895  -0.98052   -30.73102   -29.83117    -0.89985
   0.69353  -3.86779  -0.98052   -25.41853   -23.79061    -1.62792
   1.02137  -3.59657  -0.98052   -17.42531   -15.86063    -1.56469
   1.27147  -3.25235  -0.98052    -5.90612    -5.74579    -0.16033
  -1.44132  -1.64714  -1.31202   -20.27609   -23.53566     3.25957
  -1.61355  -2.02426  -1.31202   -30.03574   -30.74746     0.71172
  -1.67255  -2.43462  -1.31202   -36.67479   -36.21741    -0.45739
  -1.61355  -2.84498  -1.31202   -39.68684   -39.22317    -0.46367
  -1.44132  -3.22209  -1.31202   -40.12672   -40.18645     0.05973
  -1.16983  -3.53541  -1.31202   -39.12271   -39.72102     0.59831
  -0.82106  -3.75955  -1.31202   -37.37321   -38.16422     0.79101
  -0.42328  -3.87636  -1.31202   -35.10476   -35.59480     0.49003
  -0.00869  -3.87636  -1.31202   -32.12723   -31.93157    -0.19566
   0.38909  -3.75955  -1.31202   -27.92292   -27.00660    -0.91631
   0.73786  -3.53541  -1.31202   -21.83106   -20.65848    -1.17258
   1.00936  -3.22209  -1.31202   -13.45129   -12.98774    -0.46355
   1.18158  -2.84498  -1.31202    -3.50213    -5.03899     1.53686
  -1.19549  -1.82814  -1.58619   -22.42656   -23.56707     1.14050
  -1.34843  -2.22293  -1.58619   -30.24094   -30.30213     0.06120
  -1.34843  -2.64631  -1.58619   -34.93408   -34.66737    -0.26671
  -1.19549  -3.04110  -1.58619   -36.47964   -36.49784     0.01821
  -0.91025  -3.35398  -1.58619   -35.88727   -36.25307     0.36580
  -0.53126  -3.54270  -1.58619   -33.98215   -34.33245     0.35030
  -0.10969  -3.58176  -1.58619   -30.95504   -30.87233    -0.08272
   0.29753  -3.46590  -1.58619   -26.44639   -25.87429    -0.57210
   0.63540  -3.21075  -1.58619   -19.99998   -19.48449    -0.51550
   0.85828  -2.85079  -1.58619   -11.90950   -12.48013     0.57063
   0.58122  -2.43462  -1.79107   -10.35202   -11.75740     1.40538
  -0.90638  -2.03602  -1.79107   -22.86080   -23.18443     0.32363
  -1.01319  -2.43462  -1.79107   -29.23065   -29.15541    -0.07524
  -0.90638  -2.83322  -1.79107   -32.07640   -32.05301    -0.02339
  -0.61459  -3.12502  -1.79107   -31.78775   -31.90697     0.11923
  -0.21598  -3.23182  -1.79107   -29.19613   -29.16513    -0.03101
   0.18262  -3.12502  -1.79107   -24.49421   -24.25736    -0.23684
   0.47441  -2.83322  -1.79107   -17.80370   -17.96256     0.15886
   0.19152  -2.43462  -1.91769   -15.89795   -16.52253     0.62457
  -0.41974  -2.08170  -1.91769   -17.90975   -18.32588     0.41613
  -0.62349  -2.43462  -1.91769   -25.19827   -25.21928     0.02101
  -0.41974  -2.78753  -1.91769   -27.03813   -27.03811    -0.00002
  -0.01223  -2.78753  -1.91769   -22.96057   -22.98776     0.02719
  -0.21598  -2.43462  -1.96052   -20.79692   -21.00344     0.20652
  -1.78752   0.37551   2.10014    -9.12838    -9.34785     0.21947
  -1.37783   0.37551   2.05979    -9.09701    -9.54095     0.44395
  -1.58267   0.73031   2.05979    -8.43373    -9.27482     0.84110
  -1.99236   0.73031   2.05979    -8.62261    -8.58130    -0.04131
  -2.19721   0.37551   2.05979    -8.57366    -8.64957     0.07591
  -1.99236   0.02071   2.05979    -8.96272    -9.64123     0.67852
  -1.58267   0.02071   2.05979    -9.48920    -9.95720     0.46800
  -1.09155   0.77733   1.94029    -6.49033    -9.22472     2.73439
  -2.48348   0.77733   1.94029    -7.22263    -7.01739    -0.20524
  -2.59115   0.37551   1.94029    -7.40210    -7.62931     0.22721
  -1.78752  -0.42812   1.94029    -9.15223   -10.91112     1.75890
  -1.38570  -0.32045   1.94029    -9.67682   -10.46003     0.78320
  -2.77946   0.98970   1.74623    -4.50113    -4.94935     0.44822
  -1.67987  -0.78621   1.74623    -9.14156   -12.39045     3.24889
  -1.57619  -1.09430   1.48507    -9.32103   -14.66267     5.34164
  -1.57619  -1.09430  -1.48478    -9.35177   -14.69308     5.34131
  -2.77946   0.98970  -1.74594    -4.49611    -4.95669     0.46058
  -1.67987  -0.78621  -1.74594    -9.17042   -12.41778     3.24735
  -1.09155   0.77733  -1.94001    -6.48594    -9.23724     2.75130
  -2.48348   0.77733  -1.94001    -7.22703    -7.02960    -0.19743
  -2.59115   0.37551  -1.94001    -7.41465    -7.64662     0.23197
  -1.78752  -0.42812  -1.94001    -9.17733   -10.93536     1.75803
  -1.38570  -0.32045  -1.94001    -9.70067   -10.48326     0.78259
  -1.37783   0.37551  -2.05951    -9.10830    -9.55809     0.44978
  -1.58267   0.73031  -2.05951    -8.43749    -9.28882     0.85132
  -1.99236   0.73031  -2.05951    -8.62888    -8.59508    -0.03381
  -2.19721   0.37551  -2.05951    -8.58747    -8.66675     0.07929
  -1.99236   0.02071  -2.05951    -8.98154    -9.66169     0.68015
  -1.58267   0.02071  -2.05951    -9.50802    -9.97748     0.46946
  -1.78752   0.37551  -2.09986    -9.14156    -9.36505     0.22349
  -2.97578  -0.42200   2.10052   -14.22376   -13.50323    -0.72053
  -2.56609  -0.42200   2.06017   -11.11068   -11.36958     0.25890
  -2.77094  -0.06720   2.06017   -10.02321    -9.84097    -0.18224
  -3.18063  -0.06720   2.06017   -12.84010   -11.89120    -0.94890
  -3.38547  -0.42200   2.06017   -18.36030   -17.08117    -1.27913
  -3.18063  -0.77680   2.06017   -19.79667   -18.78636    -1.01031
  -2.77094  -0.77680   2.06017   -15.56349   -15.23320    -0.33029
  -2.17215  -0.42200   1.94067    -8.93950   -10.57311     1.63361
  -2.97578   0.38164   1.94067    -7.89721    -7.64167    -0.25553
  -3.37760   0.27397   1.94067   -11.17030   -10.21997    -0.95032
  -3.67175  -0.02018   1.94067   -17.20066   -15.77287    -1.42779
  -2.97578  -1.22564   1.94067   -22.50751   -21.93012    -0.57739
  -2.57397  -1.11797   1.94067   -17.14419   -17.29896     0.15477
  -2.27982  -0.82382   1.94067   -12.02371   -13.22410     1.20039
  -3.29507   0.70016   1.74661    -6.10755    -6.03905    -0.06850
  -3.67888   0.50904   1.74661   -10.97953   -10.01275    -0.96678
  -3.96773   0.19219   1.74661   -18.11996   -16.76343    -1.35654
  -2.86813  -1.58372   1.74661   -25.95003   -25.74912    -0.20091
  -2.45574  -1.46638   1.74661   -20.33947   -20.77573     0.43626
  -2.11359  -1.20800   1.74661   -14.40699   -16.29187     1.88488
  -1.88787  -0.84346   1.74661    -9.50112   -12.70309     3.20197
  -3.18711   1.04781   1.48545    -0.79631    -2.47220     1.67589
  -3.59264   0.92873   1.48545    -4.28526    -4.60169     0.31642
  -3.94820   0.70023   1.48545   -10.82454    -9.97617    -0.84837
  -2.35893  -1.77274   1.48545   -24.61092   -25.15622     0.54530
  -2.00337  -1.54423   1.48545   -18.60942   -20.82518     2.21576
  -1.72659  -1.22481   1.48545   -11.63842   -16.18781     4.54939
  -3.59496   1.21062   1.16722     1.85178    -0.14547     1.99725
  -3.96767   1.01500   1.16722    -5.43109    -5.51288     0.08179
  -4.28275   0.73587   1.16722   -13.97715   -13.12010    -0.85704
  -2.35661  -2.05462   1.16722   -30.84648   -31.06814     0.22166
  -1.98389  -1.85900   1.16722   -26.26441   -27.81052     1.54611
  -1.66882  -1.57987   1.16722   -18.35465   -23.02833     4.67368
  -3.69391   1.38035   0.80416     7.22201     3.82824     3.39377
  -4.06457   1.18384   0.80416    -2.36195    -3.07922     0.71728
  -4.38432   0.91224   0.80416   -11.99045   -11.45378    -0.53667
  -2.45674  -2.29143   0.80416   -37.27846   -37.22086    -0.05760
  -2.06700  -2.13614   0.80416   -35.73541   -35.76769     0.03227
  -3.88284   1.42716   0.41021     7.84450     4.63329     3.21120
  -4.23651   1.20672   0.41021    -3.49962    -4.03326     0.53364
  -2.26046  -2.35344   0.41021   -41.68734   -40.89429    -0.79305
  -4.14248   1.32409   0.00052     1.14144    -0.29431     1.43575
  -4.46071   1.06292   0.00052    -9.73518    -9.55576    -0.17942
  -3.88284   1.42716  -0.40917     7.86269     4.64332     3.21937
  -4.23651   1.20672  -0.40917    -3.49084    -4.02934     0.53850
  -2.26046  -2.35344  -0.40917   -41.70303   -40.90910    -0.79393
  -3.69391   1.38035  -0.80311     7.25589     3.84450     3.41139
  -4.06457   1.18384  -0.80311    -2.34500    -3.07218     0.72718
  -4.38432   0.91224  -0.80311   -11.98104   -11.45160    -0.52944
  -2.45674  -2.29143  -0.80311   -37.29665   -37.24060    -0.05606
  -2.06700  -2.13614  -0.80311   -35.76616   -35.79760     0.03144
  -3.59496   1.21062  -1.16617     1.88002    -0.13499     2.01501
  -3.96767   1.01500  -1.16617    -5.41478    -5.50810     0.09332
  -4.28275   0.73587  -1.16617   -13.96711   -13.11948    -0.84763
  -2.35661  -2.05462  -1.16617   -30.86845   -31.09341     0.22497
  -1.98389  -1.85900  -1.16617   -26.29516   -27.84409     1.54893
  -1.66882  -1.57987  -1.16617   -18.38603   -23.06631     4.68028
  -3.18711   1.04781  -1.48440    -0.77372    -2.47039     1.69667
  -3.59264   0.92873  -1.48440    -4.26895    -4.59944     0.33049
  -3.94820   0.70023  -1.48440   -10.81387    -9.97648    -0.83739
  -2.35893  -1.77274  -1.48440   -24.63038   -25.18121     0.55083
  -2.00337  -1.54423  -1.48440   -18.63389   -20.85485     2.22095
  -1.72659  -1.22481  -1.48440   -11.66101   -16.21872     4.55771
  -3.29507   0.70016  -1.74556    -6.09939    -6.04312    -0.05627
  -3.67888   0.50904  -1.74556   -10.97263   -10.01652    -0.95611
  -3.96773   0.19219  -1.74556   -18.11494   -16.76888    -1.34607
  -2.86813  -1.58372  -1.74556   -25.96132   -25.76756    -0.19376
  -2.45574  -1.46638  -1.74556   -20.35515   -20.79803     0.44287
  -2.11359  -1.20800  -1.74556   -14.42582   -16.31709     1.89128
  -1.88787  -0.84346  -1.74556    -9.52057   -12.72958     3.20900
  -2.17215  -0.42200  -1.93962    -8.95582   -10.59538     1.63956
  -2.97578   0.38164  -1.93962    -7.89846    -7.65224    -0.24622
  -3.37760   0.27397  -1.93962   -11.16841   -10.22780    -0.94062
  -3.67175  -0.02018  -1.93962   -17.19878   -15.78105    -1.41773
  -2.97578  -1.22564  -1.93962   -22.51630   -21.94691    -0.56938
  -2.57397  -1.11797  -1.93962   -17.15736   -17.31870     0.16133
  -2.27982  -0.82382  -1.93962   -12.03940   -13.24580     1.20641
  -2.56609  -0.42200  -2.05913   -11.12198   -11.38738     0.26540
  -2.77094  -0.06720  -2.05913   -10.03074    -9.85578    -0.17496
  -3.18063  -0.06720  -2.05913   -12.84261   -11.90254    -0.94007
  -3.38547  -0.42200  -2.05913   -18.36281   -17.09289    -1.26992
  -3.18063  -0.77680  -2.05913   -19.80232   -18.80055    -1.00177
  -2.77094  -0.77680  -2.05913   -15.57290   -15.25020    -0.32270
  -2.97578  -0.42200  -2.09948   -14.23003   -13.51754    -0.71250
  -3.93960  -1.02389   2.10047   -27.92731   -27.94389     0.01658
  -3.52991  -1.02389   2.06012   -25.63125   -25.02739    -0.60386
  -3.73476  -0.66909   2.06012   -24.30721   -23.45386    -0.85335
  -4.14445  -0.66909   2.06012   -26.73692   -26.58626    -0.15067
  -4.34929  -1.02389   2.06012   -29.81235   -30.40196     0.58961
  -4.14445  -1.37869   2.06012   -30.90735   -31.66578     0.75842
  -3.73476  -1.37869   2.06012   -29.17605   -29.43193     0.25587
  -3.93960  -0.22025   1.94062   -22.16364   -21.04656    -1.11707
  -4.34142  -0.32792   1.94062   -25.52897   -25.29870    -0.23027
  -4.63557  -0.62207   1.94062   -28.81147   -29.37027     0.55880
  -4.74324  -1.02389   1.94062   -31.53800   -32.43888     0.90088
  -4.63557  -1.42571   1.94062   -33.20153   -34.23622     1.03469
  -4.34142  -1.71986   1.94062   -33.53097   -34.70206     1.17109
  -3.93960  -1.82752   1.94062   -32.63991   -33.74342     1.10351
  -3.53778  -1.71986   1.94062   -30.58795   -31.12590     0.53795
  -3.24363  -1.42571   1.94062   -27.03625   -26.74656    -0.28968
  -4.25888   0.09827   1.74656   -21.69802   -20.82410    -0.87392
  -4.64269  -0.09284   1.74656   -25.48567   -25.57947     0.09380
  -4.93155  -0.40970   1.74656   -28.90999   -29.67058     0.76059
  -5.08643  -0.80951   1.74656   -31.91827   -32.85213     0.93386
  -5.08643  -1.23827   1.74656   -34.25323   -35.11086     0.85762
  -4.93155  -1.63808   1.74656   -35.63940   -36.50964     0.87024
  -4.64269  -1.95493   1.74656   -35.99520   -37.10785     1.11265
  -4.25888  -2.14605   1.74656   -35.49445   -36.91629     1.42185
  -3.83195  -2.18561   1.74656   -34.39631   -35.84369     1.44738
  -3.41956  -2.06827   1.74656   -32.66689   -33.61554     0.94865
  -3.07740  -1.80989   1.74656   -29.62535   -29.77293     0.14758
  -4.55646   0.32685   1.48540   -21.61017   -21.15329    -0.45689
  -4.91202   0.09834   1.48540   -25.48504   -25.92332     0.43828
  -5.18880  -0.22108   1.48540   -28.94262   -29.88515     0.94253
  -5.36438  -0.60554   1.48540   -32.07076   -33.01968     0.94892
  -5.42453  -1.02389   1.48540   -34.74269   -35.40034     0.65765
  -5.36438  -1.44224   1.48540   -36.74319   -37.11927     0.37608
  -5.18880  -1.82670   1.48540   -37.90973   -38.25859     0.34886
  -4.91202  -2.14612   1.48540   -38.22600   -38.88135     0.65535
  -4.55646  -2.37462   1.48540   -37.85075   -39.02663     1.17588
  -4.15093  -2.49370   1.48540   -37.05632   -38.69744     1.64112
  -3.72828  -2.49370   1.48540   -36.08242   -37.82473     1.74231
  -3.32274  -2.37462   1.48540   -34.87761   -36.18425     1.30664
  -2.96718  -2.14612   1.48540   -32.75725   -33.27969     0.52244
  -4.55877   0.60873   1.16717   -18.61381   -18.03111    -0.58271
  -4.93149   0.41311   1.16717   -23.08105   -23.36048     0.27943
  -5.24657   0.13398   1.16717   -26.86243   -27.80170     0.93927
  -5.48568  -0.21244   1.16717   -30.28675   -31.38205     1.09531
  -5.63495  -0.60602   1.16717   -33.40986   -34.20651     0.79665
  -5.68569  -1.02389   1.16717   -36.11254   -36.38793     0.27538
  -5.63495  -1.44175   1.16717   -38.21596   -38.02456    -0.19140
  -5.48568  -1.83533   1.16717   -39.57389   -39.19585    -0.37804
  -5.24657  -2.18176   1.16717   -40.14241   -39.96477    -0.17764
  -4.93149  -2.46089   1.16717   -40.00938   -40.38111     0.37174
  -4.55877  -2.65651   1.16717   -39.38689   -40.48355     1.09666
  -4.15007  -2.75724   1.16717   -38.56485   -40.29591     1.73106
  -3.72913  -2.75724   1.16717   -37.81309   -39.80674     1.99365
  -3.32043  -2.65651   1.16717   -37.20504   -38.90634     1.70130
  -2.94771  -2.46089   1.16717   -36.31711   -37.23928     0.92216
  -2.63264  -2.18176   1.16717   -33.77633   -33.99759     0.22126
  -4.65772   0.77846   0.80411   -17.21008   -16.81399    -0.39608
  -5.02839   0.58195   0.80411   -22.07829   -22.47688     0.39858
  -5.34814   0.31035   0.80411   -26.06549   -27.11051     1.04502
  -5.60203  -0.02364   0.80411   -29.63225   -30.83192     1.19966
  -5.77819  -0.40440   0.80411   -32.92354   -33.78970     0.86616
  -5.86838  -0.81412   0.80411   -35.88350   -36.11667     0.23317
  -5.86838  -1.23365   0.80411   -38.36405   -37.92027    -0.44378
  -5.77819  -1.64338   0.80411   -40.21018   -39.28483    -0.92535
  -5.60203  -2.02414   0.80411   -41.32150   -40.27681    -1.04469
  -5.34814  -2.35813   0.80411   -41.69110   -40.95008    -0.74102
  -5.02839  -2.62973   0.80411   -41.42504   -41.35123    -0.07381
  -4.65772  -2.82624   0.80411   -40.73541   -41.52416     0.78875
  -4.25348  -2.93848   0.80411   -39.90960   -41.51309     1.60349
  -3.83456  -2.96119   0.80411   -39.25511   -41.35870     2.10358
  -3.42056  -2.89332   0.80411   -39.00160   -41.07144     2.06985
  -3.03082  -2.73803   0.80411   -39.10953   -40.53794     1.42841
  -2.68358  -2.50259   0.80411   -38.84786   -39.27576     0.42790
  -4.84666   0.82527   0.41016   -18.11306   -18.07443    -0.03863
  -5.20033   0.60483   0.41016   -22.83633   -23.57416     0.73784
  -5.50238   0.31771   0.41016   -26.76328   -27.99516     1.23188
  -5.74045  -0.02434   0.41016   -30.31310   -31.52641     1.21331
  -5.90479  -0.40730   0.41016   -33.60125   -34.33677     0.73552
  -5.98868  -0.81552   0.41016   -36.56749   -36.56075    -0.00674
  -5.98868  -1.23226   0.41016   -39.07439   -38.30211    -0.77228
  -5.90479  -1.64047   0.41016   -40.97637   -39.64069    -1.33568
  -5.74045  -2.02344   0.41016   -42.17554   -40.63899    -1.53655
  -5.50238  -2.36549   0.41016   -42.65308   -41.34828    -1.30480
  -5.20033  -2.65261   0.41016   -42.48804   -41.81376    -0.67428
  -4.84666  -2.87305   0.41016   -41.85739   -42.08024     0.22285
  -4.45586  -3.01779   0.41016   -41.02092   -42.19787     1.17695
  -4.04392  -3.08089   0.41016   -40.28862   -42.22745     1.93883
  -3.62771  -3.05979   0.41016   -39.97424   -42.23952     2.26528
  -3.22427  -2.95533   0.41016   -40.30243   -42.28641     1.98399
  -2.85012  -2.77180   0.41016   -41.20541   -42.28453     1.07912
  -2.52057  -2.51671   0.41016   -41.76703   -41.66326    -0.10377
  -4.74324   0.91626   0.00047   -15.90360   -15.71089    -0.19271
  -5.10630   0.72220   0.00047   -21.11758   -21.63556     0.51798
  -5.42453   0.46104   0.00047   -25.26165   -26.40401     1.14236
  -5.68569   0.14281   0.00047   -28.91187   -30.22002     1.30815
  -5.87975  -0.22025   0.00047   -32.28850   -33.26892     0.98042
  -5.99925  -0.61420   0.00047   -35.39530   -35.69833     0.30303
  -6.03960  -1.02389   0.00047   -38.12748   -37.62154    -0.50594
  -5.99925  -1.43358   0.00047   -40.34196   -39.12503    -1.21693
  -5.87975  -1.82752   0.00047   -41.91889   -40.27582    -1.64307
  -5.68569  -2.19059   0.00047   -42.79552   -41.12744    -1.66808
  -5.42453  -2.50881   0.00047   -42.99256   -41.72543    -1.26713
  -5.10630  -2.76997   0.00047   -42.62170   -42.11229    -0.50941
  -4.74324  -2.96404   0.00047   -41.88375   -42.33318     0.44943
  -4.34929  -3.08354   0.00047   -41.04791   -42.44229     1.39439
  -3.93960  -3.12389   0.00047   -40.42479   -42.50903     2.08424
  -3.52991  -3.08354   0.00047   -40.32251   -42.61807     2.29557
  -3.13597  -2.96404   0.00047   -40.95817   -42.84015     1.88198
  -2.77290  -2.76997   0.00047   -42.24770   -43.10092     0.85321
  -2.45468  -2.50881   0.00047   -43.18081   -42.77744    -0.40337
  -4.84666   0.82527  -0.40922   -18.10930   -18.07375    -0.03555
  -5.20033   0.60483  -0.40922   -22.83382   -23.57401     0.74019
  -5.50238   0.31771  -0.40922   -26.76203   -27.99531     1.23328
  -5.74045  -0.02434  -0.40922   -30.31185   -31.52673     1.21489
  -5.90479  -0.40730  -0.40922   -33.60000   -34.33721     0.73721
  -5.98868  -0.81552  -0.40922   -36.56686   -36.56128    -0.00559
  -5.98868  -1.23226  -0.40922   -39.07376   -38.30272    -0.77104
  -5.90479  -1.64047  -0.40922   -40.97637   -39.64138    -1.33499
  -5.74045  -2.02344  -0.40922   -42.17491   -40.63978    -1.53513
  -5.50238  -2.36549  -0.40922   -42.65308   -41.34920    -1.30387
  -5.20033  -2.65261  -0.40922   -42.48804   -41.81486    -0.67318
  -4.84666  -2.87305  -0.40922   -41.85802   -42.08160     0.22357
  -4.45586  -3.01779  -0.40922   -41.02218   -42.19959     1.17741
  -4.04392  -3.08089  -0.40922   -40.29050   -42.22972     1.93922
  -3.62771  -3.05979  -0.40922   -39.97675   -42.24265     2.26591
  -3.22427  -2.95533  -0.40922   -40.30619   -42.29094     1.98475
  -2.85012  -2.77180  -0.40922   -41.21169   -42.29131     1.07963
  -2.52057  -2.51671  -0.40922   -41.77707   -41.67344    -0.10364
  -4.65772   0.77846  -0.80316   -17.20317   -16.81294    -0.39023
  -5.02839   0.58195  -0.80316   -22.07327   -22.47670     0.40342
  -5.34814   0.31035  -0.80316   -26.06172   -27.11087     1.04915
  -5.60203  -0.02364  -0.80316   -29.62974   -30.83261     1.20287
  -5.77819  -0.40440  -0.80316   -32.92166   -33.79062     0.86896
  -5.86838  -0.81412  -0.80316   -35.88162   -36.11777     0.23615
  -5.86838  -1.23365  -0.80316   -38.36279   -37.92152    -0.44128
  -5.77819  -1.64338  -0.80316   -40.20955   -39.28626    -0.92329
  -5.60203  -2.02414  -0.80316   -41.32087   -40.27845    -1.04242
  -5.34814  -2.35813  -0.80316   -41.69110   -40.95202    -0.73909
  -5.02839  -2.62973  -0.80316   -41.42629   -41.35356    -0.07273
  -4.65772  -2.82624  -0.80316   -40.73729   -41.52706     0.78977
  -4.25348  -2.93848  -0.80316   -39.91211   -41.51684     1.60473
  -3.83456  -2.96119  -0.80316   -39.25888   -41.36374     2.10486
  -3.42056  -2.89332  -0.80316   -39.00725   -41.07850     2.07125
  -3.03082  -2.73803  -0.80316   -39.11769   -40.54812     1.43043
  -2.68358  -2.50259  -0.80316   -38.86104   -39.29046     0.42943
  -4.55877   0.60873  -1.16623   -18.60628   -18.03105    -0.57523
  -4.93149   0.41311  -1.16623   -23.07478   -23.36103     0.28625
  -5.24657   0.13398  -1.16623   -26.85803   -27.80273     0.94470
  -5.48568  -0.21244  -1.16623   -30.28361   -31.38343     1.09982
  -5.63495  -0.60602  -1.16623   -33.40735   -34.20815     0.80080
  -5.68569  -1.02389  -1.16623   -36.11066   -36.38980     0.27914
  -5.63495  -1.44175  -1.16623   -38.21470   -38.02669    -0.18802
  -5.48568  -1.83533  -1.16623   -39.57389   -39.19830    -0.37559
  -5.24657  -2.18176  -1.16623   -40.14304   -39.96765    -0.17539
  -4.93149  -2.46089  -1.16623   -40.01063   -40.38458     0.37395
  -4.55877  -2.65651  -1.16623   -39.38877   -40.48789     1.09911
  -4.15007  -2.75724  -1.16623   -38.56862   -40.30152     1.73291
  -3.72913  -2.75724  -1.16623   -37.81812   -39.81428     1.99616
  -3.32043  -2.65651  -1.16623   -37.21320   -38.91675     1.70355
  -2.94771  -2.46089  -1.16623   -36.32841   -37.25373     0.92532
  -2.63264  -2.18176  -1.16623   -33.79201   -34.01685     0.22484
  -4.55646   0.32685  -1.48445   -21.60390   -21.15500    -0.44890
  -4.91202   0.09834  -1.48445   -25.47940   -25.92518     0.44578
  -5.18880  -0.22108  -1.48445   -28.93886   -29.88726     0.94841
  -5.36438  -0.60554  -1.48445   -32.06825   -33.02206     0.95381
  -5.42453  -1.02389  -1.48445   -34.74018   -35.40302     0.66284
  -5.36438  -1.44224  -1.48445   -36.74194   -37.12230     0.38037
  -5.18880  -1.82670  -1.48445   -37.90910   -38.26212     0.35301
  -4.91202  -2.14612  -1.48445   -38.22725   -38.88557     0.65832
  -4.55646  -2.37462  -1.48445   -37.85263   -39.03187     1.17924
  -4.15093  -2.49370  -1.48445   -37.05946   -38.70419     1.64474
  -3.72828  -2.49370  -1.48445   -36.08807   -37.83370     1.74563
  -3.32274  -2.37462  -1.48445   -34.88576   -36.19633     1.31057
  -2.96718  -2.14612  -1.48445   -32.76855   -33.29563     0.52708
  -4.25888   0.09827  -1.74561   -21.69238   -20.82811    -0.86427
  -4.64269  -0.09284  -1.74561   -25.48065   -25.58280     0.10215
  -4.93155  -0.40970  -1.74561   -28.90623   -29.67386     0.76764
  -5.08643  -0.80951  -1.74561   -31.91513   -32.85563     0.94050
  -5.08643  -1.23827  -1.74561   -34.25198   -35.11476     0.86278
  -4.93155  -1.63808  -1.74561   -35.63940   -36.51418     0.87477
  -4.64269  -1.95493  -1.74561   -35.99645   -37.11337     1.11691
  -4.25888  -2.14605  -1.74561   -35.49696   -36.92329     1.42634
  -3.83195  -2.18561  -1.74561   -34.40133   -35.85288     1.45155
  -3.41956  -2.06827  -1.74561   -32.67379   -33.62766     0.95387
  -3.07740  -1.80989  -1.74561   -29.63476   -29.78827     0.15351
  -3.93960  -0.22025  -1.93968   -22.16050   -21.05360    -1.10690
  -4.34142  -0.32792  -1.93968   -25.52583   -25.30397    -0.22186
  -4.63557  -0.62207  -1.93968   -28.80833   -29.37504     0.56670
  -4.74324  -1.02389  -1.93968   -31.53612   -32.44383     0.90772
  -4.63557  -1.42571  -1.93968   -33.20153   -34.24187     1.04035
  -4.34142  -1.71986  -1.93968   -33.53285   -34.70900     1.17615
  -3.93960  -1.82752  -1.93968   -32.64304   -33.75237     1.10933
  -3.53778  -1.71986  -1.93968   -30.59297   -31.13744     0.54447
  -3.24363  -1.42571  -1.93968   -27.04252   -26.76045    -0.28208
  -3.52991  -1.02389  -2.05918   -25.63439   -25.03878    -0.59561
  -3.73476  -0.66909  -2.05918   -24.30721   -23.46334    -0.84387
  -4.14445  -0.66909  -2.05918   -26.73504   -26.59330    -0.14174
  -4.34929  -1.02389  -2.05918   -29.81109   -30.40854     0.59745
  -4.14445  -1.37869  -2.05918   -30.90798   -31.67363     0.76565
  -3.73476  -1.37869  -2.05918   -29.17856   -29.44212     0.26356
  -3.93960  -1.02389  -2.09953   -27.92794   -27.95258     0.02465
  -1.76807   1.72864   2.09934    -2.02121    -3.80228     1.78107
  -1.35838   1.72864   2.05899    -1.55497    -4.46617     2.91120
  -1.56322   2.08344   2.05899     1.20670    -1.08023     2.28693
  -1.97291   2.08344   2.05899     1.46774    -0.05250     1.52025
  -2.17776   1.72864   2.05899    -1.82543    -2.56948     0.74406
  -1.97291   1.37384   2.05899    -5.26480    -6.04129     0.77649
  -1.56322   1.37384   2.05899    -4.68248    -6.93910     2.25662
  -1.36625   2.42461   1.93949     4.33860     2.35343     1.98517
  -1.76807   2.53228   1.93949     6.18662     4.21070     1.97592
  -2.16989   2.42461   1.93949     5.60178     4.40655     1.19523
  -2.46404   2.13046   1.93949     3.08233     2.63326     0.44906
  -2.57170   1.72864   1.93949    -0.67959    -0.81823     0.13863
  -2.46404   1.32683   1.93949    -4.64483    -4.59381    -0.05102
  -1.07210   1.32683   1.93949    -2.81062    -7.46194     4.65133
  -1.66042   2.89036   1.74543    11.09123     8.99736     2.09387
  -2.08735   2.85080   1.74543    11.13453     9.68126     1.45327
  -2.47116   2.65969   1.74543     9.78287     9.39736     0.38551
  -2.76002   2.34283   1.74543     7.17808     7.35871    -0.18063
  -2.91490   1.94302   1.74543     3.49146     3.57843    -0.08697
  -2.91490   1.51426   1.74543    -0.53401    -0.77168     0.23767
  -2.76002   1.11446   1.74543    -4.02108    -4.44201     0.42093
  -1.55674   3.19845   1.48427    17.20882    14.77920     2.42962
  -1.97940   3.19845   1.48427    16.99672    15.05757     1.93915
  -3.25299   1.72864   1.48427     4.43273     3.90731     0.52542
  -3.19284   1.31029   1.48427     0.85404    -0.54976     1.40380
  -3.46342   1.31078   1.16604     4.23945     1.52721     2.71224
  -3.46342   1.31078  -1.16735     4.23632     1.52226     2.71406
  -1.55674   3.19845  -1.48558    17.24773    14.79960     2.44813
  -1.97940   3.19845  -1.48558    17.02622    15.07594     1.95028
  -3.25299   1.72864  -1.48558     4.44402     3.91253     0.53149
  -3.19284   1.31029  -1.48558     0.85404    -0.55362     1.40766
  -1.66042   2.89036  -1.74674    11.13139     9.01795     2.11344
  -2.08735   2.85080  -1.74674    11.16528     9.69935     1.46593
  -2.47116   2.65969  -1.74674     9.80860     9.41382     0.39479
  -2.76002   2.34283  -1.74674     7.20067     7.37252    -0.17185
  -2.91490   1.94302  -1.74674     3.50903     3.58761    -0.07858
  -2.91490   1.51426  -1.74674    -0.52334    -0.76917     0.24583
  -2.76002   1.11446  -1.74674    -4.02171    -4.44779     0.42608
  -1.36625   2.42461  -1.94080     4.38943     2.37574     2.01368
  -1.76807   2.53228  -1.94080     6.22427     4.22937     1.99489
  -2.16989   2.42461  -1.94080     5.63064     4.42227     1.20837
  -2.46404   2.13046  -1.94080     3.10617     2.64561     0.46057
  -2.57170   1.72864  -1.94080    -0.66077    -0.81073     0.14996
  -2.46404   1.32683  -1.94080    -4.63290    -4.59176    -0.04115
  -1.07210   1.32683  -1.94080    -2.78551    -7.44825     4.66274
  -1.35838   1.72864  -2.06031    -1.51857    -4.45013     2.93155
  -1.56322   2.08344  -2.06031     1.24561    -1.06278     2.30839
  -1.97291   2.08344  -2.06031     1.49724    -0.03831     1.53554
  -2.17776   1.72864  -2.06031    -1.80221    -2.55993     0.75772
  -1.97291   1.37384  -2.06031    -5.24535    -6.03455     0.78920
  -1.56322   1.37384  -2.06031    -4.65926    -6.92896     2.26971
  -1.76807   1.72864  -2.10066    -1.99297    -3.78993     1.79696
  -0.46190   2.14860   2.10022     1.12638     2.07092    -0.94454
  -0.05221   2.14860   2.05987     1.92959     3.16071    -1.23112
  -0.25706   2.50341   2.05987     3.67030     6.11104    -2.44073
  -0.66675   2.50341   2.05987     3.41114     4.99015    -1.57900
  -0.87159   2.14860   2.05987     0.96762     0.47750     0.49012
  -0.66675   1.79380   2.05987    -0.37776    -1.68668     1.30892
  -0.25706   1.79380   2.05987     0.53589     0.29465     0.24124
   0.34174   2.14860   1.94037     3.00075     3.00846    -0.00771
   0.23407   2.55042   1.94037     5.16691     7.10966    -1.94274
  -0.06008   2.84457   1.94037     7.67319    10.87104    -3.19785
  -0.46190   2.95224   1.94037     8.52597    11.54814    -3.02217
  -0.86372   2.84457   1.94037     7.37324     8.88345    -1.51022
  -1.15787   2.55042   1.94037     4.90022     4.22692     0.67330
  -0.86372   1.45263   1.94037    -1.41817    -5.65701     4.23884
  -0.46190   1.34497   1.94037    -0.21147    -3.02423     2.81276
   0.62601   2.57006   1.74631     6.09625     5.99272     0.10354
   0.40030   2.93460   1.74631    10.41729    12.60140    -2.18412
   0.05814   3.19299   1.74631    13.89432    17.28584    -3.39153
  -0.35425   3.31032   1.74631    15.07654    18.40189    -3.32534
  -0.78118   3.27076   1.74631    14.10077    16.19032    -2.08955
  -1.16499   3.07965   1.74631    12.02936    12.10123    -0.07187
   0.96287   2.56696   1.48515     5.11985     1.81595     3.30390
   0.78730   2.95141   1.48515    11.68046    11.52275     0.15771
  -1.07876   3.49934   1.48515    20.00689    20.33031    -0.32342
  -1.43432   3.27083   1.48515    17.70895    15.92784     1.78110
   1.08418   2.96005   1.16692    11.13390     8.31299     2.82091
  -1.45379   3.58560   1.16692    25.14870    22.81042     2.33827
  -1.55069   3.75444   0.80386    31.26315    27.74379     3.51936
  -1.62860   3.89469   0.00022    37.27908    32.60176     4.67733
  -1.55069   3.75444  -0.80341    31.31649    27.77895     3.53754
   1.08418   2.96005  -1.16647    11.17908     8.34244     2.83664
  -1.45379   3.58560  -1.16647    25.21521    22.85189     2.36333
   0.96287   2.56696  -1.48470     5.16189     1.83797     3.32392
   0.78730   2.95141  -1.48470    11.73568    11.55906     0.17662
  -1.07876   3.49934  -1.48470    20.08093    20.37541    -0.29448
  -1.43432   3.27083  -1.48470    17.77985    15.96717     1.81268
   0.62601   2.57006  -1.74586     6.14583     6.01997     0.12586
   0.40030   2.93460  -1.74586    10.47941    12.64060    -2.16119
   0.05814   3.19299  -1.74586    13.96773    17.33370    -3.36597
  -0.35425   3.31032  -1.74586    15.15373    18.45075    -3.29702
  -0.78118   3.27076  -1.74586    14.17544    16.23354    -2.05810
  -1.16499   3.07965  -1.74586    12.10027    12.13694    -0.03668
   0.34174   2.14860  -1.93993     3.04719     3.02839     0.01880
   0.23407   2.55042  -1.93993     5.22276     7.13833    -1.91557
  -0.06008   2.84457  -1.93993     7.73782    10.90720    -3.16938
  -0.46190   2.95224  -1.93993     8.59500    11.58518    -2.99018
  -0.86372   2.84457  -1.93993     7.44101     8.91495    -1.47395
  -1.15787   2.55042  -1.93993     4.96423     4.24974     0.71449
  -0.86372   1.45263  -1.93993    -1.37801    -5.65688     4.27887
  -0.46190   1.34497  -1.93993    -0.17508    -3.02033     2.84525
  -0.05221   2.14860  -2.05943     1.98105     3.18055    -1.19950
  -0.25706   2.50341  -2.05943     3.72929     6.13763    -2.40834
  -0.66675   2.50341  -2.05943     3.47264     5.01453    -1.54189
  -0.87159   2.14860  -2.05943     1.02347     0.49247     0.53100
  -0.66675   1.79380  -2.05943    -0.33007    -1.67730     1.34723
  -0.25706   1.79380  -2.05943     0.58170     0.30746     0.27425
  -0.46190   2.14860  -2.09978     1.18035     2.08883    -0.90848
   3.64879  -0.03001   2.10005     6.52861     7.28231    -0.75370
   4.05848  -0.03001   2.05970     7.71711     8.92240    -1.20529
   3.85364   0.32479   2.05970     6.16528     6.97352    -0.80824
   3.44395   0.32479   2.05970     5.59174     5.67046    -0.07872
   3.23910  -0.03001   2.05970     7.67821     7.49810     0.18011
   3.44395  -0.38481   2.05970     9.11520     9.36483    -0.24963
   3.85364  -0.38481   2.05970     9.02484    10.06567    -1.04083
   4.45242  -0.03001   1.94020    10.89043    11.96538    -1.07495
   4.34476   0.37181   1.94020     9.73769    10.68945    -0.95176
   4.05061   0.66596   1.94020     8.26995     8.86684    -0.59690
   3.64879   0.77362   1.94020     6.18160     5.95445     0.22715
   3.24697   0.66596   1.94020     5.25163     4.25359     0.99804
   3.24697  -0.72598   1.94020    13.52722    12.77691     0.75031
   3.64879  -0.83365   1.94020    13.95581    14.20012    -0.24431
   4.05061  -0.72598   1.94020    13.61131    14.71005    -1.09874
   4.34476  -0.43183   1.94020    12.34499    13.60386    -1.25887
   4.81549  -0.03001   1.74614    15.57165    15.98253    -0.41088
   4.73670   0.39145   1.74614    14.85378    15.29984    -0.44606
   4.51099   0.75599   1.74614    14.33169    14.90691    -0.57522
   4.16883   1.01437   1.74614    12.61043    12.82760    -0.21717
   3.75644   1.13171   1.74614     9.12713     8.35368     0.77345
   3.32951   1.09215   1.74614     5.25037     3.38048     1.86989
   2.94570  -0.96106   1.74614    18.86356    16.52226     2.34130
   3.32951  -1.15217   1.74614    20.13741    18.69101     1.44640
   3.75644  -1.19173   1.74614    20.95003    20.90654     0.04350
   4.16883  -1.07440   1.74614    20.73793    21.77096    -1.03303
   4.51099  -0.81601   1.74614    19.28964    20.51613    -1.22649
   4.73670  -0.45147   1.74614    17.19815    17.98908    -0.79093
   5.13371  -0.03001   1.48498    21.12134    20.49970     0.62164
   5.07356   0.38834   1.48498    20.84649    20.36683     0.47966
   3.43746   1.43980   1.48498     7.43724     4.91166     2.52559
   3.43746  -1.49982   1.48498    29.43396    27.41334     2.02062
   5.07356  -0.44836   1.48498    22.91476    22.79228     0.12248
   5.39488  -0.03001   1.16675    26.75512    24.96621     1.78892
   5.34414   0.38785   1.16675    26.89568    25.32149     1.57419
   5.34414  -0.44788   1.16675    28.79892    27.59186     1.20706
   5.58894  -0.03001   0.80369    31.62020    28.77394     2.84626
   5.70844  -0.03001   0.40974    34.91651    31.33782     3.57869
   5.74879  -0.03001   0.00005    36.06485    32.22405     3.84080
   5.70844  -0.03001  -0.40964    34.85564    31.27410     3.58154
   5.58894  -0.03001  -0.80358    31.50725    28.65567     2.85158
   5.39488  -0.03001  -1.16665    26.60452    24.80864     1.79588
   5.34414   0.38785  -1.16665    26.75889    25.17838     1.58051
   5.34414  -0.44788  -1.16665    28.62008    27.40344     1.21665
   5.13371  -0.03001  -1.48487    20.94940    20.31998     0.62942
   5.07356   0.38834  -1.48487    20.69150    20.20373     0.48777
   3.43746   1.43980  -1.48487     7.36633     4.80413     2.56220
   3.43746  -1.49982  -1.48487    29.28712    27.23818     2.04894
   5.07356  -0.44836  -1.48487    22.71584    22.58178     0.13407
   4.81549  -0.03001  -1.74603    15.39469    15.79608    -0.40139
   4.73670   0.39145  -1.74603    14.69564    15.13114    -0.43550
   4.51099   0.75599  -1.74603    14.18924    14.74849    -0.55925
   4.16883   1.01437  -1.74603    12.48744    12.68063    -0.19319
   3.75644   1.13171  -1.74603     9.02861     8.22420     0.80441
   3.32951   1.09215  -1.74603     5.17570     3.27071     1.90498
   2.94570  -0.96106  -1.74603    18.77069    16.40244     2.36826
   3.32951  -1.15217  -1.74603    20.00187    18.53073     1.47114
   3.75644  -1.19173  -1.74603    20.76680    20.69924     0.06756
   4.16883  -1.07440  -1.74603    20.52144    21.53260    -1.01116
   4.51099  -0.81601  -1.74603    19.06939    20.27854    -1.20916
   4.73670  -0.45147  -1.74603    16.99735    17.77575    -0.77840
   4.45242  -0.03001  -1.94009    10.72037    11.78421    -1.06384
   4.34476   0.37181  -1.94009     9.58835    10.52611    -0.93776
   4.05061   0.66596  -1.94009     8.14319     8.71911    -0.57592
   3.64879   0.77362  -1.94009     6.07868     5.82430     0.25438
   3.24697   0.66596  -1.94009     5.16880     4.13991     1.02889
   3.24697  -0.72598  -1.94009    13.40486    12.63248     0.77238
   3.64879  -0.83365  -1.94009    13.79517    14.02025    -0.22508
   4.05061  -0.72598  -1.94009    13.42494    14.50678    -1.08185
   4.34476  -0.43183  -1.94009    12.15800    13.40397    -1.24597
   4.05848  -0.03001  -2.05960     7.56337     8.75480    -1.19143
   3.85364   0.32479  -2.05960     6.03539     6.82559    -0.79021
   3.44395   0.32479  -2.05960     5.48569     5.54060    -0.05491
   3.23910  -0.03001  -2.05960     7.57404     7.37053     0.20351
   3.44395  -0.38481  -2.05960     8.98531     9.21606    -0.23075
   3.85364  -0.38481  -2.05960     8.86734     9.89282    -1.02549
   3.64879  -0.03001  -2.09995     6.39746     7.13337    -0.73592
   2.37299  -2.40035   1.62205    20.28424    20.46211    -0.17787
   2.99558  -2.02379   1.45421    30.50637    29.50509     1.00129
   1.73558  -2.75125   1.45421    11.46021    10.51405     0.94616
   2.15558  -2.86379   1.45421    18.39607    17.99663     0.39944
   2.57558  -2.75125   1.45421    24.59021    24.31406     0.27616
   2.88304  -2.44379   1.45421    28.91752    28.52769     0.38983
   3.34352  -2.02379   1.18723    39.77845    37.86308     1.91537
   1.43969  -2.97178   1.18723     4.11521     2.79569     1.31952
   1.83049  -3.16638   1.18723    12.71962    11.98236     0.73725
   2.26519  -3.20666   1.18723    20.61557    19.95813     0.65744
   2.68509  -3.08719   1.18723    27.04001    26.37918     0.66084
   3.03348  -2.82410   1.18723    32.30356    31.58586     0.71771
   3.26330  -2.45292   1.18723    36.72437    35.74724     0.97712
   1.42812  -3.28379   0.83929     0.60555     0.39657     0.20898
   1.83183  -3.44223   0.83929    11.97853    11.40962     0.56891
   2.26431  -3.47464   0.83929    20.69589    19.87578     0.82011
   2.68713  -3.37814   0.83929    27.49056    26.55522     0.93535
   3.06271  -3.16129   0.83929    33.20718    32.22105     0.98613
   3.35770  -2.84337   0.83929    38.66212    37.60482     1.05729
   3.54587  -2.45263   0.83929    44.68432    43.36933     1.31500
   1.73558  -3.59125   0.43411     8.69603     8.48331     0.21272
   2.15558  -3.64654   0.43411    18.55985    17.75925     0.80060
   2.57558  -3.59125   0.43411    25.91112    24.85607     1.05505
   2.96696  -3.42913   0.43411    31.90949    30.75395     1.15554
   3.30304  -3.17125   0.43411    37.46545    36.27529     1.19016
   3.56093  -2.83516   0.43411    43.61254    42.37949     1.23305
   1.44027  -3.54390  -0.00071    -2.08019    -1.18233    -0.89787
   1.84078  -3.67403  -0.00071    11.26756    10.92658     0.34098
   2.26107  -3.70047  -0.00071    20.52144    19.61910     0.90234
   2.67473  -3.62156  -0.00071    27.49935    26.35823     1.14112
   3.05577  -3.44226  -0.00071    33.33205    32.10071     1.23134
   3.38025  -3.17383  -0.00071    38.94638    37.69014     1.25624
   3.62778  -2.83313  -0.00071    45.50636    44.22463     1.28174
   1.73558  -3.59125  -0.43553     8.69603     8.48157     0.21446
   2.15558  -3.64654  -0.43553    18.55859    17.75529     0.80330
   2.57558  -3.59125  -0.43553    25.90736    24.84916     1.05820
   2.96696  -3.42913  -0.43553    31.90196    30.74241     1.15955
   3.30304  -3.17125  -0.43553    37.44977    36.25550     1.19426
   3.56093  -2.83516  -0.43553    43.58116    42.34306     1.23810
   1.42812  -3.28379  -0.84071     0.60806     0.39618     0.21188
   1.83183  -3.44223  -0.84071    11.97853    11.40519     0.57334
   2.26431  -3.47464  -0.84071    20.69213    19.86646     0.82567
   2.68713  -3.37814  -0.84071    27.48052    26.53878     0.94175
   3.06271  -3.16129  -0.84071    33.18647    32.19264     0.99383
   3.35770  -2.84337  -0.84071    38.62070    37.55382     1.06688
   3.54587  -2.45263  -0.84071    44.59898    43.27177     1.32721
   3.34352  -2.02379  -1.18865    39.65295    37.72040     1.93255
   1.43969  -2.97178  -1.18865     4.11772     2.79512     1.32260
   1.83049  -3.16638  -1.18865    12.72025    11.97601     0.74424
   2.26519  -3.20666  -1.18865    20.61055    19.94399     0.66656
   2.68509  -3.08719  -1.18865    27.02370    26.35317     0.67052
   3.03348  -2.82410  -1.18865    32.26905    31.53944     0.72960
   3.26330  -2.45292  -1.18865    36.65597    35.66396     0.99201
   2.99558  -2.02379  -1.45563    30.43358    29.41453     1.01905
   1.73558  -2.75125  -1.45563    11.46334    10.50899     0.95435
   2.15558  -2.86379  -1.45563    18.39168    17.98112     0.41055
   2.57558  -2.75125  -1.45563    24.57264    24.28268     0.28996
   2.88304  -2.44379  -1.45563    28.87673    28.47063     0.40611
   2.37299  -2.40035  -1.62347    20.27358    20.43362    -0.16004
  -2.79573   2.80192   1.62187    12.27283    12.76351    -0.49068
  -3.01314   2.42536   1.62187     9.39256    10.01459    -0.62203
  -2.57833   3.26536   1.45404    16.78400    16.78528    -0.00129
  -2.99833   3.15282   1.45404    15.39406    15.97329    -0.57923
  -3.30579   2.84536   1.45404    13.24171    13.98051    -0.73881
  -3.41833   2.42536   1.45404    10.41980    11.05641    -0.63662
  -3.30579   2.00536   1.45404     7.41465     7.47077    -0.05612
  -2.04882   3.48876   1.18706    22.41589    20.45611     1.95979
  -2.46872   3.60823   1.18706    20.68397    20.22206     0.46191
  -2.90342   3.56795   1.18706    19.02295    19.18547    -0.16252
  -3.29422   3.37335   1.18706    17.28412    17.66190    -0.37778
  -3.58833   3.05073   1.18706    15.20518    15.63768    -0.43250
  -3.74604   2.64364   1.18706    12.68197    13.06267    -0.38071
  -3.74604   2.20708   1.18706     9.91026     9.99975    -0.08949
  -3.58833   1.79999   1.18706     7.57718     6.75478     0.82240
  -2.04678   3.77971   0.83912    26.62397    24.52014     2.10383
  -2.46960   3.87621   0.83912    23.58996    22.83513     0.75484
  -2.90208   3.84380   0.83912    21.46522    21.28479     0.18043
  -3.30579   3.68536   0.83912    19.69062    19.70907    -0.01845
  -3.64486   3.41496   0.83912    17.85704    17.92639    -0.06935
  -3.88917   3.05663   0.83912    15.72539    15.79258    -0.06719
  -4.01700   2.64220   0.83912    13.22351    13.21739     0.00611
  -4.01700   2.20851   0.83912    10.51580    10.22875     0.28705
  -3.88917   1.79409   0.83912     8.25865     7.14405     1.11460
  -1.76695   3.83071   0.43393    33.80143    29.68350     4.11793
  -2.15832   3.99282   0.43393    28.11054    26.25355     1.85700
  -2.57833   4.04811   0.43393    24.75148    23.95193     0.79955
  -2.99833   3.99282   0.43393    22.54202    22.18060     0.36142
  -3.38970   3.83071   0.43393    20.77433    20.55655     0.21778
  -3.72579   3.57282   0.43393    19.02985    18.84158     0.18828
  -3.98367   3.23674   0.43393    17.06700    16.87419     0.19281
  -4.14579   2.84536   0.43393    14.77095    14.53981     0.23114
  -4.20108   2.42536   0.43393    12.16490    11.78595     0.37894
  -4.14579   2.00536   0.43393     9.53438     8.71940     0.81498
  -3.98367   1.61398   0.43393     7.87211     5.87625     1.99585
  -2.05918   4.02313  -0.00088    30.17317    27.81336     2.35980
  -2.47284   4.10204  -0.00088    26.09185    25.01233     1.07951
  -2.89313   4.07560  -0.00088    23.56612    23.04069     0.52543
  -3.29363   3.94547  -0.00088    21.70367    21.37462     0.32905
  -3.64920   3.71982  -0.00088    20.00187    19.71868     0.28319
  -3.93747   3.41284  -0.00088    18.17017    17.88611     0.28405
  -4.14035   3.04381  -0.00088    16.04793    15.74424     0.30369
  -4.24508   2.63592  -0.00088    13.58621    13.20356     0.38265
  -4.24508   2.21480  -0.00088    10.89733    10.26250     0.63483
  -4.14035   1.80691  -0.00088     8.48330     7.17384     1.30946
  -1.76695   3.83071  -0.43570    33.80519    29.68584     4.11935
  -2.15832   3.99282  -0.43570    28.11431    26.25548     1.85883
  -2.57833   4.04811  -0.43570    24.75525    23.95350     0.80175
  -2.99833   3.99282  -0.43570    22.54516    22.18191     0.36325
  -3.38970   3.83071  -0.43570    20.77684    20.55768     0.21916
  -3.72579   3.57282  -0.43570    19.03236    18.84260     0.18976
  -3.98367   3.23674  -0.43570    17.07014    16.87515     0.19499
  -4.14579   2.84536  -0.43570    14.77408    14.54072     0.23336
  -4.20108   2.42536  -0.43570    12.16804    11.78677     0.38127
  -4.14579   2.00536  -0.43570     9.53689     8.71982     0.81707
  -3.98367   1.61398  -0.43570     7.87211     5.87518     1.99693
  -2.04678   3.77971  -0.84088    26.63276    24.52505     2.10771
  -2.46960   3.87621  -0.84088    23.59749    22.83873     0.75877
  -2.90208   3.84380  -0.84088    21.47212    21.28763     0.18449
  -3.30579   3.68536  -0.84088    19.69690    19.71145    -0.01455
  -3.64486   3.41496  -0.84088    17.86269    17.92850    -0.06581
  -3.88917   3.05663  -0.84088    15.73104    15.79452    -0.06348
  -4.01700   2.64220  -0.84088    13.22916    13.21916     0.00999
  -4.01700   2.20851  -0.84088    10.52020    10.23006     0.29014
  -3.88917   1.79409  -0.84088     8.26116     7.14370     1.11746
  -2.04882   3.48876  -1.18882    22.43095    20.46511     1.96585
  -2.46872   3.60823  -1.18882    20.69589    20.22803     0.46786
  -2.90342   3.56795  -1.18882    19.03299    19.18994    -0.15695
  -3.29422   3.37335  -1.18882    17.29291    17.66557    -0.37266
  -3.58833   3.05073  -1.18882    15.21334    15.64089    -0.42755
  -3.74604   2.64364  -1.18882    12.69012    13.06553    -0.37540
  -3.74604   2.20708  -1.18882     9.91716    10.00189    -0.08473
  -3.58833   1.79999  -1.18882     7.58094     6.75481     0.82613
  -2.57833   3.26536  -1.45580    16.79906    16.79310     0.00596
  -2.99833   3.15282  -1.45580    15.40661    15.97907    -0.57245
  -3.30579   2.84536  -1.45580    13.25363    13.98530    -0.73167
  -3.41833   2.42536  -1.45580    10.43046    11.06056    -0.63009
  -3.30579   2.00536  -1.45580     7.42344     7.47401    -0.05057
  -2.79573   2.80192  -1.62364    12.28915    12.77176    -0.48261
  -3.01314   2.42536  -1.62364     9.40699    10.02148    -0.61449
   0.06922   3.46877   1.62227    19.03613    21.97132    -2.93519
   0.57928   3.51221   1.45444    19.87950    21.21422    -1.33472
   0.27182   3.81967   1.45444    23.41050    24.94750    -1.53700
  -0.14818   3.93221   1.45444    24.83620    26.47959    -1.64339
  -0.56818   3.81967   1.45444    24.21120    25.87793    -1.66673
   1.03976   3.09221   1.18746    13.70543    11.96784     1.73759
   0.95954   3.52134   1.18746    19.46974    19.24205     0.22768
   0.72972   3.89252   1.18746    24.08068    24.35726    -0.27659
   0.38133   4.15561   1.18746    27.02181    27.47070    -0.44889
  -0.03857   4.27508   1.18746    28.49081    29.01827    -0.52746
  -0.47328   4.23480   1.18746    28.77947    29.29696    -0.51749
  -0.86408   4.04021   1.18746    28.15886    28.39284    -0.23398
   1.30674   3.09221   0.83952    10.36708     6.83583     3.53126
   1.24210   3.52106   0.83952    17.97815    16.60392     1.37422
   1.05393   3.91180   0.83952    23.72237    23.05235     0.67001
   0.75895   4.22972   0.83952    27.53888    27.11819     0.42069
   0.38336   4.44656   0.83952    29.88200    29.56245     0.31956
  -0.03946   4.54307   0.83952    31.12886    30.85761     0.27125
  -0.47193   4.51066   0.83952    31.58569    31.28221     0.30348
  -0.87564   4.35221   0.83952    31.56498    30.99887     0.56611
  -1.21472   4.08181   0.83952    31.45454    30.07288     1.38166
   1.41928   3.51221   0.43433    16.03224    14.06760     1.96464
   1.25716   3.90359   0.43433    22.85892    21.63308     1.22583
   0.99928   4.23967   0.43433    27.32051    26.37209     0.94842
   0.66319   4.49756   0.43433    30.17819    29.34270     0.83549
   0.27182   4.65967   0.43433    31.91639    31.13799     0.77840
  -0.14818   4.71497   0.43433    32.85514    32.09878     0.75636
  -0.56818   4.65967   0.43433    33.26679    32.43974     0.82704
  -0.95956   4.49756   0.43433    33.46445    32.32825     1.13620
  -1.29564   4.23967   0.43433    33.91250    31.94639     1.96611
  -1.55353   3.90359   0.43433    35.47625    31.52605     3.95020
   1.47904   3.51001  -0.00048    15.16188    13.04832     2.11357
   1.32401   3.90156  -0.00048    22.47927    21.08406     1.39522
   1.07648   4.24225  -0.00048    27.19752    26.07687     1.12065
   0.75201   4.51068  -0.00048    30.22964    29.22253     1.00712
   0.37097   4.68999  -0.00048    32.11594    31.16650     0.94944
  -0.04270   4.76890  -0.00048    33.19400    32.27268     0.92131
  -0.46298   4.74245  -0.00048    33.72738    32.76721     0.96017
  -0.86349   4.61232  -0.00048    34.00474    32.82456     1.18018
  -1.21905   4.38667  -0.00048    34.44149    32.64066     1.80083
  -1.50733   4.07969  -0.00048    35.78749    32.52718     3.26031
   1.41928   3.51221  -0.43530    16.04040    14.07264     1.96776
   1.25716   3.90359  -0.43530    22.86582    21.63631     1.22950
   0.99928   4.23967  -0.43530    27.32678    26.37464     0.95214
   0.66319   4.49756  -0.43530    30.18446    29.34505     0.83941
   0.27182   4.65967  -0.43530    31.92266    31.14041     0.78226
  -0.14818   4.71497  -0.43530    32.86267    32.10146     0.76121
  -0.56818   4.65967  -0.43530    33.27495    32.44291     0.83203
  -0.95956   4.49756  -0.43530    33.47324    32.33226     1.14098
  -1.29564   4.23967  -0.43530    33.92316    31.95188     1.97128
  -1.55353   3.90359  -0.43530    35.48943    31.53435     3.95508
   1.30674   3.09221  -0.84048    10.38591     6.85110     3.53481
   1.24210   3.52106  -0.84048    17.99321    16.61269     1.38051
   1.05393   3.91180  -0.84048    23.73617    23.05845     0.67772
   0.75895   4.22972  -0.84048    27.55206    27.12333     0.42873
   0.38336   4.44656  -0.84048    29.89581    29.56744     0.32836
  -0.03946   4.54307  -0.84048    31.14330    30.86300     0.28030
  -0.47193   4.51066  -0.84048    31.60201    31.28852     0.31349
  -0.87564   4.35221  -0.84048    31.58318    31.00684     0.57634
  -1.21472   4.08181  -0.84048    31.47650    30.08379     1.39271
   1.03976   3.09221  -1.18842    13.73179    11.98537     1.74642
   0.95954   3.52134  -1.18842    19.49233    19.25357     0.23876
   0.72972   3.89252  -1.18842    24.10264    24.36618    -0.26354
   0.38133   4.15561  -1.18842    27.04315    27.47891    -0.43576
  -0.03857   4.27508  -1.18842    28.51403    29.02693    -0.51290
  -0.47328   4.23480  -1.18842    28.80520    29.30713    -0.50193
  -0.86408   4.04021  -1.18842    28.18898    28.40596    -0.21697
   0.57928   3.51221  -1.45541    19.91213    21.22837    -1.31624
   0.27182   3.81967  -1.45541    23.44187    24.95986    -1.51799
  -0.14818   3.93221  -1.45541    24.87008    26.49263    -1.62254
  -0.56818   3.81967  -1.45541    24.25073    25.89392    -1.64319
   0.06922   3.46877  -1.62324    19.08068    21.98918    -2.90850
   4.37289  -1.25942   1.62499    26.01466    27.17575    -1.16108
   4.99548  -0.88286   1.45716    27.01240    27.67173    -0.65933
   3.73549  -1.61032   1.45716    31.67103    30.92855     0.74248
   4.15549  -1.72286   1.45716    32.52821    33.01974    -0.49153
   4.57549  -1.61032   1.45716    31.82289    32.85996    -1.03707
   4.88295  -1.30286   1.45716    30.03888    31.10859    -1.06971
   5.34342  -0.88286   1.19018    31.10188    31.07018     0.03170
   3.43959  -1.83085   1.19018    40.17692    37.72835     2.44857
   3.83039  -2.02545   1.19018    39.24633    38.64206     0.60427
   4.26509  -2.06573   1.19018    37.69450    38.07222    -0.37772
   4.68500  -1.94626   1.19018    36.28385    37.13089    -0.84704
   5.03338  -1.68316   1.19018    34.85376    35.78586    -0.93210
   5.26321  -1.31199   1.19018    33.16325    33.81903    -0.65578
   5.61041  -0.88286   0.84224    34.20303    33.58405     0.61898
   5.54577  -0.45401   0.84224    33.24420    31.20986     2.03434
   3.83173  -2.30130   0.84224    45.33631    44.51155     0.82476
   4.26421  -2.33371   0.84224    41.85175    41.98081    -0.12906
   4.68703  -2.23720   0.84224    39.73767    40.36516    -0.62749
   5.06261  -2.02036   0.84224    38.23039    39.02983    -0.79944
   5.35760  -1.70244   0.84224    36.88313    37.56533    -0.68220
   5.54577  -1.31170   0.84224    35.52206    35.76353    -0.24147
   5.77824  -0.88286   0.43705    36.11066    35.11152     0.99914
   5.72295  -0.46286   0.43705    35.95065    33.44155     2.50909
   3.73549  -2.45032   0.43705    51.58505    50.21148     1.37356
   4.15549  -2.50561   0.43705    45.61492    45.37600     0.23892
   4.57549  -2.45032   0.43705    42.49306    42.86368    -0.37062
   4.96686  -2.28820   0.43705    40.62810    41.28350    -0.65539
   5.30295  -2.03032   0.43705    39.26578    39.95222    -0.68644
   5.56083  -1.69423   0.43705    38.07226    38.53996    -0.46770
   5.72295  -1.30286   0.43705    36.97223    36.91409     0.05814
   5.83549  -0.88286   0.00224    36.74445    35.61305     1.13139
   5.78271  -0.46506   0.00224    36.83042    34.15564     2.67477
   3.84068  -2.53310   0.00224    51.33530    50.22189     1.11340
   4.26097  -2.55954   0.00224    45.64943    45.53365     0.11579
   4.67463  -2.48063   0.00224    42.70579    43.11609    -0.41031
   5.05567  -2.30133   0.00224    40.92680    41.56827    -0.64147
   5.38015  -2.03289   0.00224    39.61405    40.25003    -0.63599
   5.62768  -1.69220   0.00224    38.47512    38.86316    -0.38805
   5.78271  -1.30066   0.00224    37.46106    37.29766     0.16340
   5.77824  -0.88286  -0.43258    36.08493    35.07824     1.00670
   5.72295  -0.46286  -0.43258    35.92366    33.40164     2.52203
   3.73549  -2.45032  -0.43258    51.61705    50.23090     1.38615
   4.15549  -2.50561  -0.43258    45.61743    45.37202     0.24541
   4.57549  -2.45032  -0.43258    42.48428    42.85043    -0.36616
   4.96686  -2.28820  -0.43258    40.61367    41.26563    -0.65196
   5.30295  -2.03032  -0.43258    39.24758    39.93112    -0.68354
   5.56083  -1.69423  -0.43258    38.05155    38.51567    -0.46412
   5.72295  -1.30286  -0.43258    36.94839    36.88592     0.06247
   5.61041  -0.88286  -0.83776    34.14907    33.51590     0.63316
   5.54577  -0.45401  -0.83776    33.18396    31.12590     2.05805
   3.83173  -2.30130  -0.83776    45.35701    44.51321     0.84381
   4.26421  -2.33371  -0.83776    41.83982    41.95766    -0.11784
   4.68703  -2.23720  -0.83776    39.71068    40.33044    -0.61975
   5.06261  -2.02036  -0.83776    38.19462    38.98792    -0.79330
   5.35760  -1.70244  -0.83776    36.84108    37.51673    -0.67565
   5.54577  -1.31170  -0.83776    35.47437    35.70670    -0.23234
   5.34342  -0.88286  -1.18570    31.01403    30.96442     0.04961
   3.43959  -1.83085  -1.18570    40.21269    37.71406     2.49864
   3.83039  -2.02545  -1.18570    39.23817    38.60729     0.63088
   4.26509  -2.06573  -1.18570    37.65810    38.02003    -0.36193
   4.68500  -1.94626  -1.18570    36.23114    37.06740    -0.83625
   5.03338  -1.68316  -1.18570    34.78975    35.71225    -0.92250
   5.26321  -1.31199  -1.18570    33.08795    33.73250    -0.64455
   4.99548  -0.88286  -1.45269    26.88502    27.52557    -0.64055
   3.73549  -1.61032  -1.45269    31.61456    30.83341     0.78115
   4.15549  -1.72286  -1.45269    32.45667    32.92703    -0.47035
   4.57549  -1.61032  -1.45269    31.73567    32.75879    -1.02312
   4.88295  -1.30286  -1.45269    29.93471    30.99132    -1.05661
   4.37289  -1.25942  -1.62052    25.88100    27.02414    -1.14314
   4.36615   1.20506   1.62359    17.32052    17.52907    -0.20855
   4.98874   0.82850   1.45576    22.71459    22.66905     0.04554
   4.87620   1.24850   1.45576    23.41740    23.58830    -0.17090
   4.56874   1.55596   1.45576    21.94401    22.00615    -0.06214
   4.14874   1.66850   1.45576    18.14820    17.72854     0.41966
   3.72874   1.55596   1.45576    12.56525    11.04345     1.52180
   5.33668   0.82850   1.18878    27.49684    26.80479     0.69205
   5.25646   1.25763   1.18878    27.70643    27.50397     0.20246
   5.02664   1.62881   1.18878    26.97099    26.93329     0.03770
   4.67825   1.89190   1.18878    24.91338    24.79974     0.11365
   4.25835   2.01137   1.18878    21.11444    20.70533     0.40911
   3.82365   1.97109   1.18878    15.20267    14.17794     1.02473
   3.43285   1.77650   1.18878     7.70519     5.24323     2.46196
   5.60367   0.82850   0.84084    31.03348    29.78015     1.25334
   5.53903   1.25735   0.84084    30.76742    30.17840     0.58902
   5.35086   1.64809   0.84084    30.16375    29.88850     0.27526
   5.05587   1.96601   0.84084    28.80708    28.61615     0.19093
   4.68029   2.18285   0.84084    26.30708    26.04723     0.25985
   4.25747   2.27936   0.84084    22.16364    21.71999     0.44365
   3.82499   2.24695   0.84084    15.62938    14.89153     0.73785
   3.42128   2.08850   0.84084     5.90863     4.50762     1.40101
   5.53903   0.39966   0.84084    31.54930    29.12646     2.42284
   5.77150   0.82850   0.43565    33.18082    31.56156     1.61926
   5.71620   1.24850   0.43565    32.62108    31.75191     0.86917
   5.55409   1.63988   0.43565    32.02244    31.54591     0.47652
   5.29620   1.97596   0.43565    30.96697    30.65333     0.31364
   4.96012   2.23385   0.43565    29.11519    28.82174     0.29345
   4.56874   2.39596   0.43565    26.07678    25.71940     0.35739
   4.14874   2.45126   0.43565    21.25061    20.80083     0.44978
   3.72874   2.39596   0.43565    13.56487    13.08364     0.48123
   5.71620   0.40850   0.43565    34.38250    31.48618     2.89632
   5.82874   0.82850   0.00084    33.89116    32.14450     1.74666
   5.77596   1.24630   0.00084    33.23416    32.26580     0.96836
   5.62094   1.63785   0.00084    32.62296    32.07135     0.55161
   5.37341   1.97854   0.00084    31.63526    31.26940     0.36586
   5.04893   2.24697   0.00084    29.94350    29.62123     0.32227
   4.66789   2.42628   0.00084    27.18748    26.82795     0.35953
   4.25423   2.50519   0.00084    22.82440    22.40698     0.41743
   3.83394   2.47874   0.00084    15.86783    15.47950     0.38833
   5.77596   0.41070   0.00084    35.30117    32.24266     3.05852
   5.77150   0.82850  -0.43398    33.15321    31.52997     1.62324
   5.71620   1.24850  -0.43398    32.59975    31.72730     0.87245
   5.55409   1.63988  -0.43398    32.00487    31.52534     0.47953
   5.29620   1.97596  -0.43398    30.95191    30.63503     0.31687
   4.96012   2.23385  -0.43398    29.10201    28.80447     0.29754
   4.56874   2.39596  -0.43398    26.06486    25.70207     0.36279
   4.14874   2.45126  -0.43398    21.23806    20.78216     0.45590
   3.72874   2.39596  -0.43398    13.55107    13.06156     0.48950
   5.71620   0.40850  -0.43398    34.34359    31.44209     2.90150
   5.60367   0.82850  -0.83916    30.97889    29.71766     1.26123
   5.53903   1.25735  -0.83916    30.72600    30.12995     0.59606
   5.35086   1.64809  -0.83916    30.12987    29.84785     0.28202
   5.05587   1.96601  -0.83916    28.77821    28.57949     0.19873
   4.68029   2.18285  -0.83916    26.28073    26.01171     0.26902
   4.25747   2.27936  -0.83916    22.13854    21.68282     0.45571
   3.82499   2.24695  -0.83916    15.60302    14.84896     0.75406
   3.42128   2.08850  -0.83916     5.87788     4.45308     1.42480
   5.53903   0.39966  -0.83916    31.47211    29.03824     2.43387
   5.33668   0.82850  -1.18710    27.41526    26.71284     0.70242
   5.25646   1.25763  -1.18710    27.64556    27.43272     0.21284
   5.02664   1.62881  -1.18710    26.92141    26.87263     0.04879
   4.67825   1.89190  -1.18710    24.86946    24.74310     0.12635
   4.25835   2.01137  -1.18710    21.07428    20.64725     0.42703
   3.82365   1.97109  -1.18710    15.16188    14.11215     1.04974
   3.43285   1.77650  -1.18710     7.66189     5.16128     2.50061
   4.98874   0.82850  -1.45409    22.60917    22.54992     0.05924
   4.87620   1.24850  -1.45409    23.33896    23.49541    -0.15645
   4.56874   1.55596  -1.45409    21.87937    21.92349    -0.04412
   4.14874   1.66850  -1.45409    18.08859    17.64419     0.44440
   3.72874   1.55596  -1.45409    12.50501    10.94571     1.55930
   4.36615   1.20506  -1.62192    17.22765    17.41332    -0.18568
   1.64507  -1.16672   2.40000     5.82329     6.15412    -0.33083
   2.06182  -1.16672   2.36354     8.30572     8.71194    -0.40623
   1.85344  -0.80580   2.36354     7.68385     7.91012    -0.22627
   1.43669  -0.80580   2.36354     5.82454     5.91778    -0.09323
   1.22831  -1.16672   2.36354     4.15662     4.12388     0.03274
   1.43669  -1.52764   2.36354     4.15537     4.25283    -0.09746
   1.85344  -1.52764   2.36354     6.65599     7.09810    -0.44211
   2.46592  -1.16672   2.25527    11.47589    11.58970    -0.11381
   1.23464  -0.45584   2.25527     6.24937     6.02265     0.22672
   0.93419  -0.75629   2.25527     4.65612     4.51404     0.14208
   1.23464  -1.87760   2.25527     2.27849     1.87461     0.40387
   1.64507  -1.98757   2.25527     5.07781     5.18060    -0.10279
   2.05549  -1.87760   2.25527     8.61069     9.04035    -0.42966
   2.35594  -1.57714   2.25527    10.95443    11.33411    -0.37968
   2.84507  -1.16672   2.07846    15.07090    14.58177     0.48912
   1.04507  -0.12749   2.07846     6.66352     6.08743     0.57609
   1.43669  -2.34849   2.07846     2.89407     2.48176     0.41231
   1.85344  -2.34849   2.07846     7.60040     7.66417    -0.06377
   2.24507  -2.20595   2.07846    11.85616    12.17526    -0.31909
   2.56432  -1.93807   2.07846    14.70945    14.94764    -0.23819
   2.77270  -1.57714   2.07846    15.76931    15.65690     0.11241
   1.12845  -2.62034   1.83851    -2.52196    -3.41516     0.89320
   1.53979  -2.70581   1.83851     3.87675     3.38923     0.48753
   1.95894  -2.67714   1.83851    10.34198    10.22617     0.11581
   2.69803  -2.29417   1.83851    19.44275    19.49719    -0.05444
   2.96317  -1.96828   1.83851    21.41376    21.11267     0.30109
   3.13055  -1.58293   1.83851    21.36733    20.55605     0.81127
   1.53817  -3.00212   1.54269     3.62889     3.09338     0.53550
   1.53817  -3.00212  -1.54269     3.63767     3.09391     0.54376
   1.12845  -2.62034  -1.83850    -2.52698    -3.42807     0.90108
   1.53979  -2.70581  -1.83850     3.88303     3.38467     0.49836
   1.95894  -2.67714  -1.83850    10.35265    10.22420     0.12845
   2.69803  -2.29417  -1.83850    19.43209    19.46946    -0.03737
   2.96317  -1.96828  -1.83850    21.37297    21.05279     0.32018
   3.13055  -1.58293  -1.83850    21.28951    20.45602     0.83349
   2.84507  -1.16672  -2.07846    15.00689    14.49528     0.51161
   1.04507  -0.12749  -2.07846     6.65537     6.06630     0.58907
   1.43669  -2.34849  -2.07846     2.89470     2.47058     0.42413
   1.85344  -2.34849  -2.07846     7.60291     7.65340    -0.05049
   2.24507  -2.20595  -2.07846    11.85303    12.15609    -0.30306
   2.56432  -1.93807  -2.07846    14.68937    14.90931    -0.21994
   2.77270  -1.57714  -2.07846    15.72539    15.59238     0.13300
   2.46592  -1.16672  -2.25526    11.43887    11.53160    -0.09273
   1.23464  -0.45584  -2.25526     6.23807     5.99731     0.24076
   0.93419  -0.75629  -2.25526     4.64734     4.49389     0.15345
   1.23464  -1.87760  -2.25526     2.27409     1.85771     0.41639
   1.64507  -1.98757  -2.25526     5.07467     5.16354    -0.08887
   2.05549  -1.87760  -2.25526     8.60253     9.01544    -0.41291
   2.35594  -1.57714  -2.25526    10.93122    11.29232    -0.36111
   2.06182  -1.16672  -2.36354     8.28438     8.67169    -0.38731
   1.85344  -0.80580  -2.36354     7.66377     7.87143    -0.20765
   1.43669  -0.80580  -2.36354     5.81199     5.88978    -0.07778
   1.22831  -1.16672  -2.36354     4.14847     4.10166     0.04680
   1.43669  -1.52764  -2.36354     4.14847     4.23129    -0.08282
   1.85344  -1.52764  -2.36354     6.64470     7.07001    -0.42532
   1.64507  -1.16672  -2.40000     5.81074     6.12512    -0.31438
   2.30436   0.02285   2.40007     8.06852     7.71219     0.35633
   2.72111   0.02285   2.36361     8.44691     8.09821     0.34870
   2.51273   0.38377   2.36361     6.36985     5.97237     0.39748
   2.09598   0.38377   2.36361     5.66955     5.25269     0.41686
   1.88760   0.02285   2.36361     7.32868     6.93595     0.39273
   2.09598  -0.33807   2.36361     8.96648     8.75417     0.21231
   2.51273  -0.33807   2.36361     9.88829     9.57213     0.31617
   2.71478   0.73373   2.25533     4.35366     3.86999     0.48367
   1.48351   0.02285   2.25533     6.73255     6.13984     0.59271
   2.71478  -0.68802   2.25533    11.80094    11.43910     0.36184
   1.10436   0.02285   2.07853     6.57065     5.79116     0.77949
   2.90436  -1.01638   2.07853    14.71698    14.10075     0.61623
   1.10436   0.02285  -2.07839     6.56375     5.77017     0.79358
   2.90436  -1.01638  -2.07839    14.64482    14.00547     0.63935
   2.71478   0.73373  -2.25520     4.30911     3.79983     0.50928
   1.48351   0.02285  -2.25520     6.71937     6.10933     0.61004
   2.71478  -0.68802  -2.25520    11.74133    11.35766     0.38367
   2.72111   0.02285  -2.36347     8.39168     8.01969     0.37200
   2.51273   0.38377  -2.36347     6.32843     5.90769     0.42074
   2.09598   0.38377  -2.36347     5.64382     5.20481     0.43901
   1.88760   0.02285  -2.36347     7.30672     6.89335     0.41337
   2.09598  -0.33807  -2.36347     8.93699     8.70386     0.23313
   2.51273  -0.33807  -2.36347     9.84123     9.50293     0.33830
   2.30436   0.02285  -2.39993     8.03212     7.65402     0.37810
   1.71049   1.16994   2.40006    -0.43675    -1.11646     0.67972
   2.12724   1.16994   2.36360    -0.28865    -0.63544     0.34678
   1.91887   1.53086   2.36360    -2.09463    -2.58392     0.48930
   1.50211   1.53086   2.36360    -1.49849    -2.49855     1.00006
   1.29373   1.16994   2.36360    -0.02447    -1.13001     1.10553
   1.50211   0.80902   2.36360     1.57379     0.78382     0.78997
   1.91887   0.80902   2.36360     1.89633     1.40973     0.48660
   2.53134   1.16994   2.25532     0.51456     0.20500     0.30956
   2.42136   1.58036   2.25532    -2.00301    -2.13784     0.13483
   2.12091   1.88081   2.25532    -3.31953    -3.54495     0.22542
   1.71049   1.99078   2.25532    -2.81124    -3.55383     0.74259
   1.30006   1.88081   2.25532    -1.30020    -2.64810     1.34790
   1.30006   0.45906   2.25532     3.79832     2.97296     0.82536
   2.91049   1.16994   2.07852     1.98356     1.32501     0.65855
   2.83812   1.58036   2.07852    -0.53464    -0.79863     0.26399
   2.62974   1.94128   2.07852    -2.91353    -2.80934    -0.10419
   2.31049   2.20917   2.07852    -4.10077    -3.99840    -0.10237
   1.91887   2.35171   2.07852    -3.55045    -3.90673     0.35628
   1.50211   2.35171   2.07852    -1.71687    -2.74882     1.03196
   1.11049   2.20917   2.07852     0.18386    -1.36603     1.54990
   3.19597   1.58615   1.83857     2.29794     1.52107     0.77687
   3.02859   1.97149   1.83857    -0.83082    -0.87355     0.04273
   2.76346   2.29739   1.83857    -3.48895    -3.04780    -0.44115
   2.42023   2.53967   1.83857    -4.51054    -4.07808    -0.43246
   2.02436   2.68036   1.83857    -3.55735    -3.62401     0.06665
   1.60521   2.70903   1.83857    -1.03853    -1.84134     0.80281
   1.19387   2.62355   1.83857     1.86998     0.53436     1.33562
   3.35344   1.99506   1.54275     3.18775     2.70382     0.48393
   3.11887   2.35171   1.54275    -1.23117    -0.81363    -0.41755
   2.80837   2.64465   1.54275    -3.99724    -3.14408    -0.85316
   2.43868   2.85808   1.54275    -4.47352    -3.76896    -0.70455
   2.02974   2.98051   1.54275    -2.61358    -2.55699    -0.05659
   1.60359   3.00533   1.54275     1.16591     0.38125     0.78467
   3.41641   2.35729   1.20006     3.19151     3.28574    -0.09423
   3.14248   2.67639   1.20006    -1.84362    -0.90461    -0.93902
   2.80992   2.93381   1.20006    -4.24322    -3.02676    -1.21645
   2.43235   3.11902   1.20006    -3.97025    -3.07273    -0.89752
   2.02522   3.22443   1.20006    -1.09124    -0.98740    -0.10384
   1.60522   3.24573   1.20006     4.21435     3.34868     0.86568
   3.34270   2.72624   0.82091     0.63818     1.57274    -0.93456
   3.01867   3.00702   0.82091    -3.37224    -1.90425    -1.46799
   2.64736   3.22139   0.82091    -4.14596    -2.79822    -1.34773
   2.24219   3.36163   0.82091    -1.83986    -1.20493    -0.63493
   1.81780   3.42264   0.82091     3.66152     3.18507     0.47645
   3.49040   2.72500   0.41681     3.59939     4.39047    -0.79107
   3.18413   3.01782   0.41681    -2.06827    -0.52417    -1.54410
   2.83050   3.25126   0.41681    -4.04744    -2.40273    -1.64471
   2.44086   3.41779   0.41681    -2.76543    -1.65280    -1.11263
   2.02775   3.51208   0.41681     1.87500     1.93427    -0.05927
   3.54899   2.71263   0.00006     5.17256     5.85677    -0.68421
   3.25318   3.00844   0.00006    -1.29392     0.23545    -1.52937
   2.91049   3.24840   0.00006    -3.87236    -2.13606    -1.73630
   2.53134   3.42520   0.00006    -3.15637    -1.84607    -1.31030
   2.12724   3.53347   0.00006     0.87349     1.20918    -0.33569
   3.49040   2.72500  -0.41670     3.58873     4.37441    -0.78568
   3.18413   3.01782  -0.41670    -2.07329    -0.53364    -1.53965
   2.83050   3.25126  -0.41670    -4.04932    -2.40818    -1.64114
   2.44086   3.41779  -0.41670    -2.76418    -1.65513    -1.10905
   2.02775   3.51208  -0.41670     1.87939     1.93526    -0.05587
   3.34270   2.72624  -0.82079     0.62249     1.54719    -0.92470
   3.01867   3.00702  -0.82079    -3.37977    -1.91953    -1.46023
   2.64736   3.22139  -0.82079    -4.14721    -2.80664    -1.34057
   2.24219   3.36163  -0.82079    -1.83547    -1.20749    -0.62798
   1.81780   3.42264  -0.82079     3.67281     3.18938     0.48343
   3.41641   2.35729  -1.19994     3.16014     3.23823    -0.07809
   3.14248   2.67639  -1.19994    -1.86057    -0.93409    -0.92648
   2.80992   2.93381  -1.19994    -4.25075    -3.04474    -1.20601
   2.43235   3.11902  -1.19994    -3.96963    -3.08217    -0.88745
   2.02522   3.22443  -1.19994    -1.08308    -0.98891    -0.09417
   1.60522   3.24573  -1.19994     4.23318     3.35673     0.87645
   3.35344   1.99506  -1.54263     3.14633     2.63952     0.50681
   3.11887   2.35171  -1.54263    -1.25502    -0.85520    -0.39981
   2.80837   2.64465  -1.54263    -4.00916    -3.17028    -0.83887
   2.43868   2.85808  -1.54263    -4.47540    -3.78402    -0.69138
   2.02974   2.98051  -1.54263    -2.60667    -2.56254    -0.04413
   1.60359   3.00533  -1.54263     1.18348     0.38562     0.79786
   3.19597   1.58615  -1.83845     2.25088     1.44748     0.80339
   3.02859   1.97149  -1.83845    -0.86094    -0.92517     0.06423
   2.76346   2.29739  -1.83845    -3.50590    -3.08210    -0.42379
   2.42023   2.53967  -1.83845    -4.51619    -4.09931    -0.41688
   2.02436   2.68036  -1.83845    -3.55296    -3.63464     0.08168
   1.60521   2.70903  -1.83845    -1.02410    -1.84223     0.81814
   1.19387   2.62355  -1.83845     1.89508     0.54295     1.35213
   2.91049   1.16994  -2.07840     1.93900     1.25343     0.68558
   2.83812   1.58036  -2.07840    -0.56664    -0.85421     0.28757
   2.62974   1.94128  -2.07840    -2.93298    -2.84843    -0.08455
   2.31049   2.20917  -2.07840    -4.10830    -4.02362    -0.08468
   1.91887   2.35171  -2.07840    -3.54794    -3.92070     0.37276
   1.50211   2.35171  -2.07840    -1.70494    -2.75342     1.04848
   1.11049   2.20917  -2.07840     0.20457    -1.36347     1.56804
   2.53134   1.16994  -2.25520     0.48569     0.15208     0.33361
   2.42136   1.58036  -2.25520    -2.02184    -2.17811     0.15627
   2.12091   1.88081  -2.25520    -3.32768    -3.57136     0.24368
   1.71049   1.99078  -2.25520    -2.80873    -3.56886     0.76013
   1.30006   1.88081  -2.25520    -1.29016    -2.65551     1.36535
   1.30006   0.45906  -2.25520     3.79141     2.94930     0.84211
   2.12724   1.16994  -2.36348    -0.30560    -0.67380     0.36820
   1.91887   1.53086  -2.36348    -2.10216    -2.61079     0.50864
   1.50211   1.53086  -2.36348    -1.49724    -2.51543     1.01820
   1.29373   1.16994  -2.36348    -0.02447    -1.14674     1.12227
   1.50211   0.80902  -2.36348     1.56626     0.75828     0.80799
   1.91887   0.80902  -2.36348     1.88065     1.37256     0.50809
   1.71049   1.16994  -2.39994    -0.44428    -1.14306     0.69878
   0.36004   1.07707   2.39990     0.35266     0.19420     0.15846
   0.77679   1.07707   2.36344     0.88855     0.08161     0.80694
   0.56841   1.43799   2.36344     0.94503     0.08766     0.85737
   0.15166   1.43799   2.36344     0.60680     0.23046     0.37635
  -0.05672   1.07707   2.36344    -0.80509    -0.74621    -0.05889
   0.15166   0.71615   2.36344    -1.02535    -0.12328    -0.90207
   0.56841   0.71615   2.36344     0.73732     0.91437    -0.17704
   0.77046   1.78795   2.25517     0.98268    -0.32986     1.31254
   0.36004   1.89792   2.25517     1.77334     1.38659     0.38675
  -0.46081   1.07707   2.25517    -2.15110    -2.74531     0.59420
   0.36004   0.25623   2.25517    -0.27297     1.46353    -1.73650
   0.77046   0.36620   2.25517     2.34563     2.54742    -0.20178
   0.96004   2.11631   2.07837     0.79003    -0.87338     1.66342
   0.96004   0.03784   2.07837     5.64382     5.22469     0.41913
   0.96004   2.11631  -2.07856     0.81325    -0.86703     1.68028
   0.96004   0.03784  -2.07856     5.63441     5.20426     0.43015
   0.77046   1.78795  -2.25536     1.00276    -0.32746     1.33022
   0.36004   1.89792  -2.25536     1.80283     1.39475     0.40808
  -0.46081   1.07707  -2.25536    -2.13667    -2.74662     0.60995
   0.36004   0.25623  -2.25536    -0.27924     1.45000    -1.72924
   0.77046   0.36620  -2.25536     2.33998     2.53142    -0.19143
   0.77679   1.07707  -2.36363     0.89420     0.07335     0.82085
   0.56841   1.43799  -2.36363     0.95946     0.08631     0.87316
   0.15166   1.43799  -2.36363     0.62625     0.23220     0.39405
  -0.05672   1.07707  -2.36363    -0.79317    -0.74866    -0.04451
   0.15166   0.71615  -2.36363    -1.02347    -0.13119    -0.89227
   0.56841   0.71615  -2.36363     0.73732     0.90371    -0.16638
   0.36004   1.07707  -2.40010     0.36082     0.18943     0.17139
  -0.41479  -0.05781   2.39976    -5.59299    -3.37385    -2.21915
   0.00197  -0.05781   2.36330    -2.94678    -0.58398    -2.36281
  -0.20641   0.30311   2.36330    -4.01355    -1.92936    -2.08419
  -0.62317   0.30311   2.36330    -6.04292    -4.51008    -1.53283
  -0.83154  -0.05781   2.36330    -7.61357    -6.03614    -1.57743
  -0.62317  -0.41873   2.36330    -6.93021    -5.09934    -1.83087
  -0.20641  -0.41873   2.36330    -4.23318    -2.07892    -2.15426
   0.40606  -0.05781   2.25502     0.43047     2.17989    -1.74942
  -0.41479   0.76304   2.25502    -3.52033    -3.00613    -0.51420
  -0.82521   0.65306   2.25502    -5.71222    -5.64708    -0.06514
  -1.12566  -0.46824   2.25502    -9.21623    -8.46339    -0.75284
  -0.82521  -0.76869   2.25502    -8.33144    -7.33038    -1.00107
   0.29609  -0.46824   2.25502     0.28363     1.83522    -1.55159
   0.78521  -0.05781   2.07822     4.65236     4.91282    -0.26047
  -1.33404  -0.82916   2.07822   -10.49447   -10.97954     0.48507
  -1.01479  -1.09704   2.07822   -10.31877   -10.42689     0.10812
  -1.30443  -1.31814   1.83827   -13.35591   -14.80696     1.45105
  -1.30443  -1.31814  -1.83875   -13.38478   -14.83297     1.44819
   0.78521  -0.05781  -2.07870     4.64043     4.89234    -0.25191
  -1.33404  -0.82916  -2.07870   -10.51831   -11.00113     0.48282
  -1.01479  -1.09704  -2.07870   -10.34261   -10.45036     0.10775
   0.40606  -0.05781  -2.25550     0.42043     2.16228    -1.74184
  -0.41479   0.76304  -2.25550    -3.51531    -3.01137    -0.50394
  -0.82521   0.65306  -2.25550    -5.70971    -5.65345    -0.05626
  -1.12566  -0.46824  -2.25550    -9.23380    -8.48125    -0.75255
  -0.82521  -0.76869  -2.25550    -8.35090    -7.35055    -1.00035
   0.29609  -0.46824  -2.25550     0.27046     1.81554    -1.54509
   0.00197  -0.05781  -2.36378    -2.95620    -0.59968    -2.35652
  -0.20641   0.30311  -2.36378    -4.01794    -1.94091    -2.07703
  -0.62317   0.30311  -2.36378    -6.04731    -4.52071    -1.52660
  -0.83154  -0.05781  -2.36378    -7.62361    -6.05012    -1.57349
  -0.62317  -0.41873  -2.36378    -6.94465    -5.11656    -1.82809
  -0.20641  -0.41873  -2.36378    -4.24698    -2.09686    -2.15013
  -0.41479  -0.05781  -2.40024    -5.60240    -3.38831    -2.21410
   0.24421  -1.33226   2.39985    -1.84425    -2.01814     0.17389
   0.66097  -1.33226   2.36338     1.16905     0.69815     0.47090
   0.45259  -0.97134   2.36338     1.03665     1.17895    -0.14231
   0.03583  -0.97134   2.36338    -2.15236    -1.47001    -0.68235
  -0.17254  -1.33226   2.36338    -5.20394    -5.05343    -0.15050
   0.03583  -1.69318   2.36338    -5.96824    -6.31416     0.34592
   0.45259  -1.69318   2.36338    -2.38140    -3.01679     0.63540
   0.65464  -0.62138   2.25511     3.27434     3.61501    -0.34067
  -0.46666  -0.92184   2.25511    -6.06425    -4.95604    -1.10821
  -0.57664  -1.33226   2.25511    -8.55421    -8.35427    -0.19994
  -0.46666  -1.74268   2.25511   -11.16841   -11.30572     0.13730
  -0.16621  -2.04313   2.25511   -11.74949   -12.03365     0.28416
   0.24421  -2.15311   2.25511    -8.72050    -9.26722     0.54672
   0.65464  -2.04313   2.25511    -3.36722    -4.19797     0.83076
   0.95509  -1.74268   2.25511     1.18097     0.43324     0.74773
  -0.95579  -1.33226   2.07831   -11.48656   -11.75276     0.26619
  -0.88342  -1.74268   2.07831   -15.27609   -15.55118     0.27509
   0.84421  -2.37149   2.07831    -4.37249    -5.24414     0.87165
  -1.28411  -1.54232   1.83835   -16.04981   -17.19336     1.14355
  -1.28411  -1.54232  -1.83866   -16.07805   -17.22111     1.14306
  -0.95579  -1.33226  -2.07862   -11.51166   -11.77817     0.26650
  -0.88342  -1.74268  -2.07862   -15.30307   -15.57957     0.27649
   0.84421  -2.37149  -2.07862    -4.38441    -5.26327     0.87886
   0.65464  -0.62138  -2.25542     3.26242     3.59467    -0.33225
  -0.46666  -0.92184  -2.25542    -6.08370    -4.97744    -1.10626
  -0.57664  -1.33226  -2.25542    -8.57617    -8.37850    -0.19767
  -0.46666  -1.74268  -2.25542   -11.19289   -11.33271     0.13982
  -0.16621  -2.04313  -2.25542   -11.77396   -12.06179     0.28783
   0.24421  -2.15311  -2.25542    -8.74183    -9.29310     0.55127
   0.65464  -2.04313  -2.25542    -3.38165    -4.21943     0.83778
   0.95509  -1.74268  -2.25542     1.17219     0.41440     0.75778
   0.66097  -1.33226  -2.36369     1.15713     0.67724     0.47989
   0.45259  -0.97134  -2.36369     1.02284     1.15831    -0.13547
   0.03583  -0.97134  -2.36369    -2.16867    -1.49084    -0.67784
  -0.17254  -1.33226  -2.36369    -5.22339    -5.07651    -0.14688
   0.03583  -1.69318  -2.36369    -5.98832    -6.33858     0.35026
   0.45259  -1.69318  -2.36369    -2.39709    -3.03907     0.64198
   0.24421  -1.33226  -2.40016    -1.86057    -2.04009     0.17953
  -0.21598  -2.43462   2.23948   -16.53488   -16.61621     0.08134
   0.19562  -2.43462   2.20134   -12.63428   -12.95184     0.31757
  -0.42178  -2.07816   2.20134   -14.93598   -15.08352     0.14754
  -0.62758  -2.43462   2.20134   -20.12109   -20.09656    -0.02453
  -0.42178  -2.79107   2.20134   -21.22614   -21.16972    -0.05641
  -0.01018  -2.79107   2.20134   -17.77044   -17.76231    -0.00813
  -0.91676  -2.03003   2.08822   -18.93698   -19.06583     0.12885
  -1.02517  -2.43462   2.08822   -23.47639   -23.42966    -0.04672
  -0.91676  -2.83921   2.08822   -25.51077   -25.44270    -0.06807
  -0.62057  -3.13539   2.08822   -25.07214   -25.03697    -0.03518
  -0.21598  -3.24380   2.08822   -22.67443   -22.57282    -0.10161
   0.18861  -3.13539   2.08822   -18.62762   -18.48070    -0.14692
   0.48479  -2.83921   2.08822   -13.42243   -13.53121     0.10878
  -1.21857  -1.81384   1.90396   -19.23191   -19.79183     0.55992
  -1.37511  -2.21794   1.90396   -24.69564   -24.79697     0.10134
  -1.37511  -2.65130   1.90396   -28.12749   -28.01566    -0.11183
  -1.21857  -3.05539   1.90396   -29.26265   -29.22233    -0.04032
  -0.92662  -3.37565   1.90396   -28.66714   -28.74670     0.07955
  -0.53869  -3.56881   1.90396   -26.85866   -26.90843     0.04977
  -0.10718  -3.60879   1.90396   -23.99032   -23.84152    -0.14880
   0.30963  -3.49020   1.90396   -19.93974   -19.60656    -0.33318
   0.65546  -3.22904   1.90396   -14.65548   -14.42773    -0.22775
   0.88359  -2.86060   1.90396    -8.71297    -9.02998     0.31701
  -1.48550  -1.61875   1.65486   -18.55859   -20.24810     1.68951
  -1.66393  -2.00946   1.65486   -25.20392   -25.73649     0.53258
  -1.72506  -2.43462   1.65486   -29.98178   -29.87795    -0.10383
  -1.66393  -2.85977   1.65486   -32.22826   -32.04196    -0.18630
  -1.48550  -3.25049   1.65486   -32.54202   -32.54376     0.00175
  -1.20422  -3.57510   1.65486   -31.66036   -31.87650     0.21614
  -0.84288  -3.80732   1.65486   -30.03951   -30.31643     0.27692
  -0.43075  -3.92833   1.65486   -27.81938   -27.93133     0.11196
  -0.00122  -3.92833   1.65486   -24.88577   -24.66826    -0.21751
   0.41091  -3.80732   1.65486   -20.95568   -20.42853    -0.52715
   0.77225  -3.57510   1.65486   -15.74108   -15.16659    -0.57449
   1.05353  -3.25049   1.65486    -9.27647    -9.10706    -0.16942
   1.23197  -2.85977   1.65486    -2.48682    -3.16861     0.68179
  -1.99146  -2.22709   1.34938   -31.30770   -31.32580     0.01810
  -1.99146  -2.64214   1.34938   -34.78662   -34.43851    -0.34811
  -1.89574  -3.04600   1.34938   -35.78059   -35.54238    -0.23821
  -1.70947  -3.41690   1.34938   -35.34196   -35.39200     0.05004
  -1.44268  -3.73484   1.34938   -34.14530   -34.48567     0.34037
  -1.10976  -3.98269   1.34938   -32.53386   -33.02561     0.49175
  -0.72866  -4.14708   1.34938   -30.61870   -31.03931     0.42061
  -0.31992  -4.21915   1.34938   -28.33833   -28.46239     0.12406
   0.09442  -4.19502   1.34938   -25.48316   -25.17495    -0.30821
   0.49203  -4.07598   1.34938   -21.73003   -21.01567    -0.71436
   0.85147  -3.86846   1.34938   -16.68862   -15.80004    -0.88857
   1.15336  -3.58364   1.34938   -10.02886    -9.39047    -0.63839
   1.38144  -3.23687   1.34938    -1.81476    -1.94579     0.13103
  -2.17733  -2.85151   0.99793   -38.83594   -38.36824    -0.46769
  -2.04779  -3.25019   0.99793   -38.54101   -38.34419    -0.19681
  -1.83820  -3.61322   0.99793   -37.32238   -37.49527     0.17289
  -1.55770  -3.92474   0.99793   -35.70215   -36.21205     0.50990
  -1.21857  -4.17114   0.99793   -33.89932   -34.58691     0.68759
  -0.83562  -4.34164   0.99793   -31.95780   -32.58431     0.62651
  -0.42558  -4.42880   0.99793   -29.79227   -30.10926     0.31699
  -0.00639  -4.42880   0.99793   -27.19626   -27.02470    -0.17156
   0.40365  -4.34164   0.99793   -23.84724   -23.14534    -0.70191
   0.78660  -4.17114   0.99793   -19.30156   -18.21765    -1.08392
   1.12573  -3.92474   0.99793   -12.99760   -11.89243    -1.10518
   1.40623  -3.61322   0.99793    -4.28714    -3.71594    -0.57120
  -2.32908  -2.85494   0.61248   -41.71620   -41.18208    -0.53412
  -2.20647  -3.25910   0.61248   -40.84836   -40.59467    -0.25369
  -2.00738  -3.63159   0.61248   -39.22687   -39.36662     0.13975
  -1.73944  -3.95807   0.61248   -37.35941   -37.89358     0.53418
  -1.41295  -4.22601   0.61248   -35.43232   -36.22964     0.79731
  -1.04047  -4.42510   0.61248   -33.48014   -34.31234     0.83220
  -0.63630  -4.54771   0.61248   -31.43509   -32.03600     0.60091
  -0.21598  -4.58911   0.61248   -29.12774   -29.26592     0.13819
   0.20434  -4.54771   0.61248   -26.28073   -25.82807    -0.45266
   0.60850  -4.42510   0.61248   -22.49308   -21.48159    -1.01149
   0.98099  -4.22601   0.61248   -17.20317   -15.86672    -1.33645
   1.30747  -3.95807   0.61248    -9.60341    -8.40334    -1.20006
  -2.35608  -3.06301   0.20616   -42.94989   -42.53025    -0.41964
  -2.19848  -3.45667   0.20616   -41.26063   -41.17632    -0.08432
  -1.96923  -3.81339   0.20616   -39.26076   -39.59883     0.33807
  -1.67661  -4.12027   0.20616   -37.22261   -37.93746     0.71485
  -1.33121  -4.36624   0.20616   -35.22211   -36.14062     0.91851
  -0.94549  -4.54239   0.20616   -33.23353   -34.10334     0.86981
  -0.53341  -4.64236   0.20616   -31.14832   -31.69991     0.55160
  -0.10986  -4.66254   0.20616   -28.76253   -28.78038     0.01785
   0.30986  -4.60219   0.20616   -25.76554   -25.15056    -0.61498
   0.71058  -4.46350   0.20616   -21.70995   -20.53272    -1.17722
   1.07780  -4.25148   0.20616   -15.94753   -14.48899    -1.45853
   1.39826  -3.97380   0.20616    -7.46736    -6.25144    -1.21592
  -2.35608  -3.06301  -0.20720   -42.94989   -42.53028    -0.41961
  -2.19848  -3.45667  -0.20720   -41.26063   -41.17661    -0.08403
  -1.96923  -3.81339  -0.20720   -39.26139   -39.59930     0.33792
  -1.67661  -4.12027  -0.20720   -37.22324   -37.93804     0.71481
  -1.33121  -4.36624  -0.20720   -35.22211   -36.14128     0.91917
  -0.94549  -4.54239  -0.20720   -33.23353   -34.10407     0.87054
  -0.53341  -4.64236  -0.20720   -31.14832   -31.70070     0.55238
  -0.10986  -4.66254  -0.20720   -28.76253   -28.78122     0.01870
   0.30986  -4.60219  -0.20720   -25.76617   -25.15147    -0.61470
   0.71058  -4.46350  -0.20720   -21.71057   -20.53368    -1.17689
   1.07780  -4.25148  -0.20720   -15.94815   -14.48995    -1.45821
   1.39826  -3.97380  -0.20720    -7.46736    -6.25221    -1.21515
  -2.32908  -2.85494  -0.61353   -41.71558   -41.18266    -0.53291
  -2.20647  -3.25910  -0.61353   -40.84836   -40.59564    -0.25272
  -2.00738  -3.63159  -0.61353   -39.22687   -39.36805     0.14117
  -1.73944  -3.95807  -0.61353   -37.36003   -37.89534     0.53530
  -1.41295  -4.22601  -0.61353   -35.43295   -36.23162     0.79867
  -1.04047  -4.42510  -0.61353   -33.48077   -34.31451     0.83374
  -0.63630  -4.54771  -0.61353   -31.43572   -32.03834     0.60262
  -0.21598  -4.58911  -0.61353   -29.12836   -29.26844     0.14007
   0.20434  -4.54771  -0.61353   -26.28198   -25.83076    -0.45122
   0.60850  -4.42510  -0.61353   -22.49433   -21.48445    -1.00988
   0.98099  -4.22601  -0.61353   -17.20443   -15.86964    -1.33479
   1.30747  -3.95807  -0.61353    -9.60341    -8.40591    -1.19749
  -2.17733  -2.85151  -0.99898   -38.83719   -38.37104    -0.46615
  -2.04779  -3.25019  -0.99898   -38.54226   -38.34691    -0.19535
  -1.83820  -3.61322  -0.99898   -37.32364   -37.49829     0.17465
  -1.55770  -3.92474  -0.99898   -35.70341   -36.21538     0.51197
  -1.21857  -4.17114  -0.99898   -33.90057   -34.59050     0.68993
  -0.83562  -4.34164  -0.99898   -31.95906   -32.58816     0.62910
  -0.42558  -4.42880  -0.99898   -29.79352   -30.11338     0.31986
  -0.00639  -4.42880  -0.99898   -27.19814   -27.02912    -0.16902
   0.40365  -4.34164  -0.99898   -23.84913   -23.15006    -0.69907
   0.78660  -4.17114  -0.99898   -19.30345   -18.22259    -1.08086
   1.12573  -3.92474  -0.99898   -12.99949   -11.89723    -1.10225
   1.40623  -3.61322  -0.99898    -4.28714    -3.71948    -0.56766
  -1.99146  -2.22709  -1.35042   -31.31649   -31.33671     0.02022
  -1.99146  -2.64214  -1.35042   -34.79101   -34.44526    -0.34575
  -1.89574  -3.04600  -1.35042   -35.78310   -35.54773    -0.23537
  -1.70947  -3.41690  -1.35042   -35.34447   -35.39709     0.05262
  -1.44268  -3.73484  -1.35042   -34.14781   -34.49086     0.34305
  -1.10976  -3.98269  -1.35042   -32.53637   -33.03101     0.49465
  -0.72866  -4.14708  -1.35042   -30.62121   -31.04500     0.42380
  -0.31992  -4.21915  -1.35042   -28.34084   -28.46844     0.12761
   0.09442  -4.19502  -1.35042   -25.48630   -25.18143    -0.30487
   0.49203  -4.07598  -1.35042   -21.73316   -21.02257    -0.71059
   0.85147  -3.86846  -1.35042   -16.69175   -15.80720    -0.88455
   1.15336  -3.58364  -1.35042   -10.03137    -9.39724    -0.63413
   1.38144  -3.23687  -1.35042    -1.81476    -1.95038     0.13563
  -1.48550  -1.61875  -1.65590   -18.58558   -20.27090     1.68533
  -1.66393  -2.00946  -1.65590   -25.22023   -25.75318     0.53294
  -1.72506  -2.43462  -1.65590   -29.99056   -29.88943    -0.10113
  -1.66393  -2.85977  -1.65590   -32.23454   -32.05069    -0.18385
  -1.48550  -3.25049  -1.65590   -32.54641   -32.55145     0.00504
  -1.20422  -3.57510  -1.65590   -31.66476   -31.88395     0.21919
  -0.84288  -3.80732  -1.65590   -30.04327   -30.32401     0.28074
  -0.43075  -3.92833  -1.65590   -27.82377   -27.93928     0.11551
  -0.00122  -3.92833  -1.65590   -24.89016   -24.67674    -0.21343
   0.41091  -3.80732  -1.65590   -20.96070   -20.43763    -0.52307
   0.77225  -3.57510  -1.65590   -15.74610   -15.17618    -0.56992
   1.05353  -3.25049  -1.65590    -9.28087    -9.11645    -0.16442
   1.23197  -2.85977  -1.65590    -2.48870    -3.17622     0.68751
  -1.21857  -1.81384  -1.90501   -19.25387   -19.81319     0.55931
  -1.37511  -2.21794  -1.90501   -24.71070   -24.81324     0.10254
  -1.37511  -2.65130  -1.90501   -28.13690   -28.02818    -0.10872
  -1.21857  -3.05539  -1.90501   -29.26955   -29.23297    -0.03659
  -0.92662  -3.37565  -1.90501   -28.67342   -28.75672     0.08330
  -0.53869  -3.56881  -1.90501   -26.86431   -26.91854     0.05423
  -0.10718  -3.60879  -1.90501   -23.99659   -23.85218    -0.14441
   0.30963  -3.49020  -1.90501   -19.94602   -19.61807    -0.32794
   0.65546  -3.22904  -1.90501   -14.66301   -14.44015    -0.22287
   0.88359  -2.86060  -1.90501    -8.72050    -9.04301     0.32251
  -0.91676  -2.03003  -2.08926   -18.95643   -19.08663     0.13020
  -1.02517  -2.43462  -2.08926   -23.49019   -23.44612    -0.04407
  -0.91676  -2.83921  -2.08926   -25.52144   -25.45649    -0.06495
  -0.62057  -3.13539  -2.08926   -25.08093   -25.04982    -0.03111
  -0.21598  -3.24380  -2.08926   -22.68321   -22.58593    -0.09728
   0.18861  -3.13539  -2.08926   -18.63703   -18.49490    -0.14213
   0.48479  -2.83921  -2.08926   -13.43310   -13.54707     0.11397
   0.19562  -2.43462  -2.20238   -12.65059   -12.97183     0.32124
  -0.42178  -2.07816  -2.20238   -14.95543   -15.10620     0.15077
  -0.62758  -2.43462  -2.20238   -20.13615   -20.11497    -0.02118
  -0.42178  -2.79107  -2.20238   -21.23743   -21.18584    -0.05159
  -0.01018  -2.79107  -2.20238   -17.78299   -17.77921    -0.00378
  -0.21598  -2.43462  -2.24052   -16.55056   -16.63596     0.08540
  -1.78752   0.37551   2.40014    -8.26807    -7.98558    -0.28248
  -1.37076   0.37551   2.36368    -7.91603    -7.62308    -0.29295
  -1.57914   0.73643   2.36368    -7.12600    -7.15800     0.03200
  -1.99589   0.73643   2.36368    -7.47803    -7.11519    -0.36284
  -2.20427   0.37551   2.36368    -8.43812    -8.05797    -0.38015
  -1.99589   0.01459   2.36368    -9.18297    -9.07150    -0.11147
  -1.57914   0.01459   2.36368    -8.93197    -8.66656    -0.26541
  -1.07664   0.78594   2.25540    -5.92557    -6.57333     0.64776
  -2.49839   0.78594   2.25540    -7.14796    -6.56165    -0.58631
  -2.60836   0.37551   2.25540    -8.50213    -8.03951    -0.46262
  -1.78752  -0.44533   2.25540   -10.09537   -10.44651     0.35114
  -1.37709  -0.33536   2.25540    -9.50928    -9.23294    -0.27634
  -2.91515   0.78594   2.07860    -6.59010    -6.10738    -0.48273
  -1.57914  -0.80626   2.07860   -10.86909   -11.77337     0.90427
  -2.91515   0.78594  -2.07832    -6.58948    -6.11463    -0.47484
  -1.57914  -0.80626  -2.07832   -10.89231   -11.79667     0.90436
  -1.07664   0.78594  -2.25512    -5.92243    -6.58305     0.66061
  -2.49839   0.78594  -2.25512    -7.14922    -6.57030    -0.57891
  -2.60836   0.37551  -2.25512    -8.50903    -8.05208    -0.45695
  -1.78752  -0.44533  -2.25512   -10.11357   -10.46655     0.35298
  -1.37709  -0.33536  -2.25512    -9.52810    -9.25259    -0.27551
  -1.37076   0.37551  -2.36340    -7.92356    -7.63703    -0.28654
  -1.57914   0.73643  -2.36340    -7.12725    -7.16870     0.04145
  -1.99589   0.73643  -2.36340    -7.48054    -7.12548    -0.35506
  -2.20427   0.37551  -2.36340    -8.44628    -8.07119    -0.37509
  -1.99589   0.01459  -2.36340    -9.19552    -9.08786    -0.10767
  -1.57914   0.01459  -2.36340    -8.94515    -8.68332    -0.26183
  -1.78752   0.37551  -2.39986    -8.27685    -7.99930    -0.27755
  -2.97578  -0.42200   2.40052   -14.01542   -13.34568    -0.66974
  -2.55903  -0.42200   2.36406   -11.92394   -11.70071    -0.22323
  -2.76741  -0.06108   2.36406   -10.82517   -10.32720    -0.49796
  -3.18416  -0.06108   2.36406   -12.75413   -11.91933    -0.83480
  -3.39254  -0.42200   2.36406   -16.80659   -15.86046    -0.94612
  -3.18416  -0.78292   2.36406   -18.10867   -17.34629    -0.76238
  -2.76741  -0.78292   2.36406   -15.27923   -14.86375    -0.41548
  -2.15494  -0.42200   2.25579   -10.53463   -10.84921     0.31458
  -2.97578   0.39885   2.25579    -8.96460    -8.33550    -0.62910
  -3.38621   0.28887   2.25579   -11.32153   -10.44244    -0.87909
  -3.68666  -0.01158   2.25579   -15.67832   -14.61703    -1.06130
  -2.97578  -1.24285   2.25579   -20.44300   -19.96795    -0.47505
  -2.56536  -1.13288   2.25579   -16.75890   -16.65146    -0.10744
  -2.26491  -0.83243   2.25579   -13.03274   -13.32969     0.29695
  -3.18416   0.75977   2.07898    -7.00238    -6.47288    -0.52950
  -3.57578   0.61723   2.07898    -9.56450    -8.78600    -0.77850
  -3.89504   0.34935   2.07898   -14.01731   -12.99181    -1.02549
  -2.76741  -1.60377   2.07898   -22.49622   -22.29689    -0.19933
  -2.37578  -1.46123   2.07898   -18.75438   -18.95967     0.20529
  -2.05653  -1.19335   2.07898   -14.76781   -15.55144     0.78363
  -1.84815  -0.83243   2.07898   -11.45330   -12.52995     1.07665
  -3.49240   1.03162   1.83903    -5.04392    -4.77845    -0.26547
  -3.86542   0.83833   1.83903    -8.83784    -8.17140    -0.66645
  -4.17247   0.55157   1.83903   -14.11896   -13.18952    -0.92945
  -2.66192  -1.93242   1.83903   -25.79817   -25.77483    -0.02334
  -2.26605  -1.79173   1.83903   -22.36067   -22.69067     0.33000
  -1.92282  -1.54945   1.83903   -18.17456   -19.26840     1.09384
  -1.65768  -1.22356   1.83903   -13.48706   -15.34418     1.85712
  -3.89504   1.17019   1.54321    -4.63792    -4.47972    -0.15821
  -4.23744   0.91528   1.54321   -10.31563    -9.65943    -0.65620
  -2.24759  -2.11015   1.54321   -27.80683   -27.95587     0.14904
  -1.87790  -1.89671   1.54321   -24.49923   -25.35934     0.86011
  -3.89113   1.44405   1.20052     0.58923     0.02799     0.56124
  -4.24802   1.22160   1.20052    -5.81827    -5.61910    -0.19917
  -2.25392  -2.37108   1.20052   -33.95266   -33.74304    -0.20961
  -4.10342   1.53111   0.82137     1.82041     1.08902     0.73139
  -4.45267   1.28241   0.82137    -6.18097    -6.05385    -0.12712
  -4.27785   1.55055   0.41728     1.30961     0.61723     0.69239
  -4.60914   1.28635   0.41728    -7.36006    -7.24271    -0.11735
  -4.51847   1.41651   0.00052    -3.89997    -4.06380     0.16383
  -4.27785   1.55055  -0.41623     1.32028     0.62396     0.69632
  -4.60914   1.28635  -0.41623    -7.35378    -7.23994    -0.11384
  -4.10342   1.53111  -0.82033     1.84174     1.10180     0.73994
  -4.45267   1.28241  -0.82033    -6.16967    -6.04840    -0.12127
  -3.89113   1.44405  -1.19948     0.61433     0.04195     0.57238
  -4.24802   1.22160  -1.19948    -5.80384    -5.61259    -0.19125
  -2.25392  -2.37108  -1.19948   -33.98027   -33.77183    -0.20844
  -3.89504   1.17019  -1.54217    -4.62161    -4.47322    -0.14839
  -4.23744   0.91528  -1.54217   -10.30433    -9.65718    -0.64716
  -2.24759  -2.11015  -1.54217   -27.83193   -27.98419     0.15226
  -1.87790  -1.89671  -1.54217   -24.53248   -25.39503     0.86254
  -3.49240   1.03162  -1.83798    -5.03074    -4.77596    -0.25478
  -3.86542   0.83833  -1.83798    -8.82718    -8.17070    -0.65647
  -4.17247   0.55157  -1.83798   -14.11206   -13.19122    -0.92084
  -2.66192  -1.93242  -1.83798   -25.81386   -25.79547    -0.01839
  -2.26605  -1.79173  -1.83798   -22.38138   -22.71613     0.33475
  -1.92282  -1.54945  -1.83798   -18.19903   -19.29727     1.09824
  -1.65768  -1.22356  -1.83798   -13.51153   -15.37315     1.86162
  -3.18416   0.75977  -2.07794    -6.99673    -6.47682    -0.51991
  -3.57578   0.61723  -2.07794    -9.55822    -8.78911    -0.76911
  -3.89504   0.34935  -2.07794   -14.01291   -12.99602    -1.01690
  -2.76741  -1.60377  -2.07794   -22.50877   -22.31536    -0.19341
  -2.37578  -1.46123  -2.07794   -18.77069   -18.98141     0.21071
  -2.05653  -1.19335  -2.07794   -14.78663   -15.57510     0.78846
  -1.84815  -0.83243  -2.07794   -11.47276   -12.55380     1.08104
  -2.15494  -0.42200  -2.25474   -10.54906   -10.86863     0.31956
  -2.97578   0.39885  -2.25474    -8.96586    -8.34442    -0.62143
  -3.38621   0.28887  -2.25474   -11.32027   -10.44938    -0.87089
  -3.68666  -0.01158  -2.25474   -15.67707   -14.62441    -1.05266
  -2.97578  -1.24285  -2.25474   -20.45179   -19.98369    -0.46810
  -2.56536  -1.13288  -2.25474   -16.77145   -16.66985    -0.10160
  -2.26491  -0.83243  -2.25474   -13.04718   -13.34944     0.30227
  -2.55903  -0.42200  -2.36302   -11.93398   -11.71658    -0.21739
  -2.76741  -0.06108  -2.36302   -10.83144   -10.34016    -0.49128
  -3.18416  -0.06108  -2.36302   -12.75664   -11.92948    -0.82716
  -3.39254  -0.42200  -2.36302   -16.80910   -15.87112    -0.93798
  -3.18416  -0.78292  -2.36302   -18.11432   -17.35933    -0.75499
  -2.76741  -0.78292  -2.36302   -15.28801   -14.87935    -0.40867
  -2.97578  -0.42200  -2.39948   -14.02107   -13.35863    -0.66244
  -3.93960  -1.02389   2.40047   -23.52031   -23.29953    -0.22078
  -3.52285  -1.02389   2.36401   -21.97036   -21.41784    -0.55252
  -3.73122  -0.66297   2.36401   -20.76115   -20.03862    -0.72253
  -4.14798  -0.66297   2.36401   -22.43095   -22.09249    -0.33846
  -4.35636  -1.02389   2.36401   -24.87887   -24.98760     0.10873
  -4.14798  -1.38481   2.36401   -25.89418   -26.12052     0.22634
  -3.73122  -1.38481   2.36401   -24.67681   -24.61614    -0.06067
  -3.93960  -0.20304   2.25573   -18.92318   -18.01992    -0.90325
  -4.35003  -0.31301   2.25573   -21.34097   -20.93863    -0.40234
  -4.65048  -0.61346   2.25573   -23.93384   -24.00519     0.07135
  -4.76045  -1.02389   2.25573   -26.13389   -26.46455     0.33067
  -4.65048  -1.43431   2.25573   -27.54578   -28.00004     0.45425
  -4.35003  -1.73476   2.25573   -27.98881   -28.51548     0.52667
  -3.93960  -1.84474   2.25573   -27.48241   -27.93693     0.45452
  -3.52918  -1.73476   2.25573   -25.99019   -26.11375     0.12357
  -3.22873  -1.43431   2.25573   -23.34775   -23.01278    -0.33497
  -4.14798   0.15788   2.07893   -17.48932   -16.57507    -0.91425
  -4.53960   0.01534   2.07893   -20.20832   -19.79960    -0.40872
  -4.85886  -0.25254   2.07893   -22.87837   -22.93559     0.05722
  -5.06723  -0.61346   2.07893   -25.30181   -25.62391     0.32210
  -5.13960  -1.02389   2.07893   -27.32051   -27.72691     0.40640
  -5.06723  -1.43431   2.07893   -28.79076   -29.22556     0.43480
  -4.85886  -1.79523   2.07893   -29.63037   -30.14494     0.51457
  -4.53960  -2.06312   2.07893   -29.86129   -30.51177     0.65048
  -4.14798  -2.20566   2.07893   -29.58707   -30.32331     0.73624
  -3.73122  -2.20566   2.07893   -28.87108   -29.50682     0.63573
  -3.33960  -2.06312   2.07893   -27.56398   -27.87277     0.30879
  -3.02035  -1.79523   2.07893   -25.25475   -25.16028    -0.09447
  -4.45622   0.42973   1.83898   -16.97476   -16.27803    -0.69673
  -4.82924   0.23644   1.83898   -20.01065   -19.81428    -0.19637
  -5.13628  -0.05032   1.83898   -22.80307   -23.01039     0.20732
  -5.35457  -0.40928   1.83898   -25.31436   -25.70845     0.39409
  -5.46792  -0.81383   1.83898   -27.49433   -27.88102     0.38669
  -5.46792  -1.23395   1.83898   -29.25826   -29.55686     0.29861
  -5.35457  -1.63850   1.83898   -30.52708   -30.78224     0.25516
  -5.13628  -1.99746   1.83898   -31.27005   -31.60405     0.33400
  -4.82924  -2.28422   1.83898   -31.52921   -32.06269     0.53347
  -4.45622  -2.47751   1.83898   -31.41752   -32.18634     0.76883
  -4.04488  -2.56298   1.83898   -31.06800   -31.97827     0.91027
  -3.62573  -2.53431   1.83898   -30.54528   -31.38496     0.83968
  -3.22986  -2.39362   1.83898   -29.70128   -30.23367     0.53239
  -2.88663  -2.15134   1.83898   -28.03901   -28.17188     0.13287
  -4.46689   0.73738   1.54316   -14.22439   -13.52078    -0.70361
  -4.85886   0.56830   1.54316   -17.81248   -17.53414    -0.27834
  -5.20126   0.31339   1.54316   -20.97953   -21.14349     0.16396
  -5.47565  -0.01361   1.54316   -23.79453   -24.21371     0.41918
  -5.66723  -0.39508   1.54316   -26.30332   -26.74230     0.43898
  -5.76568  -0.81045   1.54316   -28.48830   -28.77586     0.28755
  -5.76568  -1.23733   1.54316   -30.28988   -30.37283     0.08295
  -5.66723  -1.65269   1.54316   -31.64342   -31.58938    -0.05404
  -5.47565  -2.03416   1.54316   -32.51566   -32.47560    -0.04006
  -5.20126  -2.36117   1.54316   -32.92793   -33.07582     0.14789
  -4.85886  -2.61608   1.54316   -32.96747   -33.43023     0.46277
  -4.46689  -2.78516   1.54316   -32.77419   -33.57546     0.80126
  -4.04650  -2.85928   1.54316   -32.50625   -33.53963     1.03338
  -3.62035  -2.83446   1.54316   -32.28097   -33.32215     1.04118
  -3.21141  -2.71203   1.54316   -32.05821   -32.83630     0.77810
  -2.84172  -2.49860   1.54316   -31.45329   -31.79038     0.33710
  -4.85494   0.84216   1.20047   -15.38842   -15.07537    -0.31304
  -5.21184   0.61971   1.20047   -18.97212   -19.08145     0.10933
  -5.51665   0.32996   1.20047   -22.05319   -22.47925     0.42606
  -5.75690  -0.01521   1.20047   -24.78035   -25.29987     0.51952
  -5.92274  -0.40167   1.20047   -27.21697   -27.61099     0.39402
  -6.00740  -0.81361   1.20047   -29.35489   -29.48335     0.12845
  -6.00740  -1.23416   1.20047   -31.14706   -30.98014    -0.16692
  -5.92274  -1.64610   1.20047   -32.54013   -32.15525    -0.38489
  -5.75690  -2.03257   1.20047   -33.50085   -33.05459    -0.44626
  -5.51665  -2.37774   1.20047   -34.03423   -33.71864    -0.31559
  -5.21184  -2.66748   1.20047   -34.19676   -34.18565    -0.01111
  -4.85494  -2.88994   1.20047   -34.09510   -34.49514     0.40004
  -4.46057  -3.03600   1.20047   -33.87673   -34.69137     0.81464
  -4.04487  -3.09968   1.20047   -33.71169   -34.82505     1.11336
  -3.62487  -3.07838   1.20047   -33.75938   -34.94683     1.18745
  -3.21774  -2.97297   1.20047   -34.10075   -35.07542     0.97468
  -2.84017  -2.78776   1.20047   -34.59334   -35.09839     0.50505
  -2.50761  -2.53034   1.20047   -34.56699   -34.54824    -0.01875
  -4.67722   1.10734   0.82132   -11.02973   -10.68473    -0.34501
  -5.06723   0.92923   0.82132   -15.65699   -15.58288    -0.07411
  -5.41648   0.68053   0.82132   -19.38000   -19.69467     0.31466
  -5.71236   0.37022   0.82132   -22.53324   -23.08520     0.55196
  -5.94416   0.00953   0.82132   -25.31311   -25.86104     0.54793
  -6.10351  -0.38851   0.82132   -27.79742   -28.12318     0.32576
  -6.18465  -0.80951   0.82132   -29.98429   -29.95642    -0.02787
  -6.18465  -1.23826   0.82132   -31.82979   -31.42949    -0.40030
  -6.10351  -1.65927   0.82132   -33.28122   -32.59810    -0.68312
  -5.94416  -2.05731   0.82132   -34.30343   -33.50850    -0.79493
  -5.71236  -2.41800   0.82132   -34.89643   -34.20118    -0.69525
  -5.41648  -2.72830   0.82132   -35.10790   -34.71470    -0.39320
  -5.06723  -2.97700   0.82132   -35.03323   -35.09021     0.05698
  -4.67722  -3.15511   0.82132   -34.81611   -35.37699     0.56088
  -4.26056  -3.25619   0.82132   -34.63852   -35.63948     1.00096
  -3.83229  -3.27660   0.82132   -34.70818   -35.96488     1.25670
  -3.40790  -3.21558   0.82132   -35.23654   -36.46464     1.22809
  -3.00273  -3.07535   0.82132   -36.38049   -37.24603     0.86554
  -2.63142  -2.86097   0.82132   -38.08041   -38.27917     0.19876
  -2.30739  -2.58020   0.82132   -39.54188   -38.99439    -0.54750
  -4.86853   1.14945   0.41723   -11.82542   -11.63818    -0.18723
  -5.24167   0.94866   0.41723   -16.36168   -16.48421     0.12253
  -5.57296   0.68447   0.41723   -19.98806   -20.45091     0.46285
  -5.85174   0.36537   0.41723   -23.06976   -23.68992     0.62017
  -6.06908   0.00161   0.41723   -25.79692   -26.33592     0.53901
  -6.21796  -0.39510   0.41723   -28.24232   -28.49679     0.25447
  -6.29363  -0.81202   0.41723   -30.40346   -30.25681    -0.14665
  -6.29363  -1.23575   0.41723   -32.23956   -31.68200    -0.55756
  -6.21796  -1.65268   0.41723   -33.70228   -32.82493    -0.87735
  -6.06908  -2.04939   0.41723   -34.75775   -33.72891    -1.02885
  -5.85174  -2.41314   0.41723   -35.40095   -34.43166    -0.96929
  -5.57296  -2.73224   0.41723   -35.66701   -34.96894    -0.69807
  -5.24167  -2.99643   0.41723   -35.63626   -35.37882    -0.25744
  -4.86853  -3.19723   0.41723   -35.43232   -35.70697     0.27464
  -4.46554  -3.32817   0.41723   -35.22085   -36.01439     0.79354
  -4.04564  -3.38505   0.41723   -35.20454   -36.38821     1.18367
  -3.62234  -3.36604   0.41723   -35.61869   -36.95584     1.33715
  -3.20923  -3.27175   0.41723   -36.72688   -37.89678     1.16990
  -2.81959  -3.10521   0.41723   -38.78887   -39.42348     0.63461
  -2.46596  -2.87178   0.41723   -41.90069   -41.62368    -0.27701
  -4.76045   1.23137   0.00047    -9.69690    -9.53385    -0.16305
  -5.13960   1.05457   0.00047   -14.72953   -14.75617     0.02664
  -5.48229   0.81462   0.00047   -18.63703   -19.01511     0.37808
  -5.77811   0.51880   0.00047   -21.87937   -22.48686     0.60749
  -6.01806   0.17611   0.00047   -24.71258   -25.32417     0.61159
  -6.19486  -0.20304   0.00047   -27.25274   -27.64711     0.39437
  -6.30314  -0.60713   0.00047   -29.52558   -29.54813     0.02255
  -6.33960  -1.02389   0.00047   -31.50600   -31.09867    -0.40733
  -6.30314  -1.44064   0.00047   -33.14819   -32.35482    -0.79337
  -6.19486  -1.84474   0.00047   -34.41137   -33.36183    -1.04954
  -6.01806  -2.22389   0.00047   -35.27356   -34.15790    -1.11566
  -5.77811  -2.56658   0.00047   -35.74608   -34.77750    -0.96858
  -5.48229  -2.86239   0.00047   -35.87974   -35.25497    -0.62476
  -5.13960  -3.10235   0.00047   -35.76553   -35.62892    -0.13661
  -4.76045  -3.27915   0.00047   -35.53775   -35.94794     0.41020
  -4.35636  -3.38743   0.00047   -35.36706   -36.27943     0.91237
  -3.93960  -3.42389   0.00047   -35.46433   -36.72221     1.25789
  -3.52285  -3.38743   0.00047   -36.07552   -37.42381     1.34829
  -3.11875  -3.27915   0.00047   -37.48993   -38.59733     1.10741
  -2.73960  -3.10235   0.00047   -40.02507   -40.50669     0.48162
  -4.86853   1.14945  -0.41628   -11.82165   -11.63662    -0.18503
  -5.24167   0.94866  -0.41628   -16.35917   -16.48354     0.12437
  -5.57296   0.68447  -0.41628   -19.98681   -20.45071     0.46391
  -5.85174   0.36537  -0.41628   -23.06788   -23.69000     0.62212
  -6.06908   0.00161  -0.41628   -25.79566   -26.33616     0.54050
  -6.21796  -0.39510  -0.41628   -28.24169   -28.49714     0.25544
  -6.29363  -0.81202  -0.41628   -30.40284   -30.25724    -0.14560
  -6.29363  -1.23575  -0.41628   -32.23956   -31.68250    -0.55706
  -6.21796  -1.65268  -0.41628   -33.70228   -32.82550    -0.87678
  -6.06908  -2.04939  -0.41628   -34.75775   -33.72956    -1.02819
  -5.85174  -2.41314  -0.41628   -35.40095   -34.43241    -0.96854
  -5.57296  -2.73224  -0.41628   -35.66701   -34.96982    -0.69719
  -5.24167  -2.99643  -0.41628   -35.63626   -35.37987    -0.25639
  -4.86853  -3.19723  -0.41628   -35.43295   -35.70826     0.27530
  -4.46554  -3.32817  -0.41628   -35.22211   -36.01602     0.79392
  -4.04564  -3.38505  -0.41628   -35.20642   -36.39036     1.18394
  -3.62234  -3.36604  -0.41628   -35.62120   -36.95880     1.33760
  -3.20923  -3.27175  -0.41628   -36.73064   -37.90106     1.17042
  -2.81959  -3.10521  -0.41628   -38.79452   -39.43002     0.63550
  -2.46596  -2.87178  -0.41628   -41.91073   -41.63408    -0.27666
  -4.67722   1.10734  -0.82038   -11.02158   -10.68176    -0.33982
  -5.06723   0.92923  -0.82038   -15.65134   -15.58158    -0.06977
  -5.41648   0.68053  -0.82038   -19.37624   -19.69430     0.31806
  -5.71236   0.37022  -0.82038   -22.53073   -23.08537     0.55464
  -5.94416   0.00953  -0.82038   -25.31122   -25.86153     0.55031
  -6.10351  -0.38851  -0.82038   -27.79616   -28.12389     0.32773
  -6.18465  -0.80951  -0.82038   -29.98303   -29.95730    -0.02573
  -6.18465  -1.23826  -0.82038   -31.82916   -31.43051    -0.39865
  -6.10351  -1.65927  -0.82038   -33.28059   -32.59927    -0.68132
  -5.94416  -2.05731  -0.82038   -34.30343   -33.50985    -0.79359
  -5.71236  -2.41800  -0.82038   -34.89706   -34.20274    -0.69432
  -5.41648  -2.72830  -0.82038   -35.10853   -34.71655    -0.39198
  -5.06723  -2.97700  -0.82038   -35.03448   -35.09244     0.05796
  -4.67722  -3.15511  -0.82038   -34.81736   -35.37976     0.56239
  -4.26056  -3.25619  -0.82038   -34.64103   -35.64306     1.00202
  -3.83229  -3.27660  -0.82038   -34.71194   -35.96967     1.25773
  -3.40790  -3.21558  -0.82038   -35.24219   -36.47136     1.22917
  -3.00273  -3.07535  -0.82038   -36.38928   -37.25587     0.86660
  -2.63142  -2.86097  -0.82038   -38.09422   -38.29405     0.19983
  -2.30739  -2.58020  -0.82038   -39.56447   -39.01676    -0.54771
  -4.85494   0.84216  -1.19953   -15.38089   -15.07401    -0.30688
  -5.21184   0.61971  -1.19953   -18.96710   -19.08118     0.11408
  -5.51665   0.32996  -1.19953   -22.04943   -22.47966     0.43024
  -5.75690  -0.01521  -1.19953   -24.77784   -25.30072     0.52288
  -5.92274  -0.40167  -1.19953   -27.21446   -27.61214     0.39768
  -6.00740  -0.81361  -1.19953   -29.35301   -29.48473     0.13172
  -6.00740  -1.23416  -1.19953   -31.14643   -30.98174    -0.16469
  -5.92274  -1.64610  -1.19953   -32.54013   -32.15708    -0.38305
  -5.75690  -2.03257  -1.19953   -33.50085   -33.05669    -0.44416
  -5.51665  -2.37774  -1.19953   -34.03486   -33.72109    -0.31377
  -5.21184  -2.66748  -1.19953   -34.19801   -34.18855    -0.00946
  -4.85494  -2.88994  -1.19953   -34.09698   -34.49868     0.40170
  -4.46057  -3.03600  -1.19953   -33.87924   -34.69582     0.81658
  -4.04487  -3.09968  -1.19953   -33.71609   -34.83083     1.11474
  -3.62487  -3.07838  -1.19953   -33.76566   -34.95461     1.18895
  -3.21774  -2.97297  -1.19953   -34.10953   -35.08623     0.97669
  -2.84017  -2.78776  -1.19953   -34.60652   -35.11371     0.50719
  -2.50761  -2.53034  -1.19953   -34.58644   -34.56969    -0.01675
  -4.46689   0.73738  -1.54222   -14.21623   -13.52004    -0.69618
  -4.85886   0.56830  -1.54222   -17.80621   -17.53424    -0.27197
  -5.20126   0.31339  -1.54222   -20.97513   -21.14429     0.16915
  -5.47565  -0.01361  -1.54222   -23.79140   -24.21502     0.42362
  -5.66723  -0.39508  -1.54222   -26.30018   -26.74397     0.44379
  -5.76568  -0.81045  -1.54222   -28.48642   -28.77784     0.29142
  -5.76568  -1.23733  -1.54222   -30.28863   -30.37510     0.08648
  -5.66723  -1.65269  -1.54222   -31.64342   -31.59199    -0.05143
  -5.47565  -2.03416  -1.54222   -32.51566   -32.47862    -0.03704
  -5.20126  -2.36117  -1.54222   -32.92919   -33.07940     0.15021
  -4.85886  -2.61608  -1.54222   -32.96935   -33.43458     0.46523
  -4.46689  -2.78516  -1.54222   -32.77670   -33.58089     0.80419
  -4.04650  -2.85928  -1.54222   -32.51064   -33.54665     1.03601
  -3.62035  -2.83446  -1.54222   -32.28787   -33.33150     1.04362
  -3.21141  -2.71203  -1.54222   -32.06762   -32.84900     0.78138
  -2.84172  -2.49860  -1.54222   -31.46709   -31.80754     0.34045
  -4.45622   0.42973  -1.83803   -16.96786   -16.27954    -0.68832
  -4.82924   0.23644  -1.83803   -20.00563   -19.81597    -0.18966
  -5.13628  -0.05032  -1.83803   -22.79930   -23.01242     0.21312
  -5.35457  -0.40928  -1.83803   -25.31185   -25.71082     0.39897
  -5.46792  -0.81383  -1.83803   -27.49245   -27.88372     0.39128
  -5.46792  -1.23395  -1.83803   -29.25700   -29.55994     0.30293
  -5.35457  -1.63850  -1.83803   -30.52708   -30.78577     0.25869
  -5.13628  -1.99746  -1.83803   -31.27068   -31.60818     0.33750
  -4.82924  -2.28422  -1.83803   -31.53110   -32.06766     0.53656
  -4.45622  -2.47751  -1.83803   -31.42003   -32.19251     0.77248
  -4.04488  -2.56298  -1.83803   -31.07239   -31.98614     0.91375
  -3.62573  -2.53431  -1.83803   -30.55156   -31.39523     0.84368
  -3.22986  -2.39362  -1.83803   -29.71069   -30.24711     0.53642
  -2.88663  -2.15134  -1.83803   -28.05156   -28.18893     0.13738
  -4.14798   0.15788  -2.07799   -17.48430   -16.57908    -0.90521
  -4.53960   0.01534  -2.07799   -20.20392   -19.80289    -0.40103
  -4.85886  -0.25254  -2.07799   -22.87523   -22.93883     0.06360
  -5.06723  -0.61346  -2.07799   -25.29930   -25.62737     0.32807
  -5.13960  -1.02389  -2.07799   -27.31925   -27.73072     0.41147
  -5.06723  -1.43431  -2.07799   -28.79076   -29.22991     0.43914
  -4.85886  -1.79523  -2.07799   -29.63100   -30.15004     0.51905
  -4.53960  -2.06312  -2.07799   -29.86380   -30.51799     0.65419
  -4.14798  -2.20566  -2.07799   -29.59084   -30.33115     0.74031
  -3.73122  -2.20566  -2.07799   -28.87673   -29.51687     0.64014
  -3.33960  -2.06312  -2.07799   -27.57151   -27.88556     0.31405
  -3.02035  -1.79523  -2.07799   -25.26479   -25.17575    -0.08904
  -3.93960  -0.20304  -2.25479   -18.92129   -18.02640    -0.89489
  -4.35003  -0.31301  -2.25479   -21.33846   -20.94368    -0.39478
  -4.65048  -0.61346  -2.25479   -23.93196   -24.00989     0.07793
  -4.76045  -1.02389  -2.25479   -26.13326   -26.46954     0.33628
  -4.65048  -1.43431  -2.25479   -27.54641   -28.00577     0.45936
  -4.35003  -1.73476  -2.25479   -27.99069   -28.52251     0.53182
  -3.93960  -1.84474  -2.25479   -27.48617   -27.94591     0.45974
  -3.52918  -1.73476  -2.25479   -25.99521   -26.12512     0.12991
  -3.22873  -1.43431  -2.25479   -23.35402   -23.02610    -0.32792
  -3.52285  -1.02389  -2.36307   -21.97413   -21.42858    -0.54555
  -3.73122  -0.66297  -2.36307   -20.76241   -20.04747    -0.71494
  -4.14798  -0.66297  -2.36307   -22.43033   -22.09923    -0.33110
  -4.35636  -1.02389  -2.36307   -24.87950   -24.99406     0.11456
  -4.14798  -1.38481  -2.36307   -25.89606   -26.12826     0.23220
  -3.73122  -1.38481  -2.36307   -24.68058   -24.62602    -0.05455
  -3.93960  -1.02389  -2.39953   -23.52219   -23.30788    -0.21432
  -1.76807   1.72864   2.39934    -1.79028    -2.41653     0.62624
  -1.35131   1.72864   2.36288    -1.42821    -2.55554     1.12733
  -1.55969   2.08956   2.36288     0.82266    -0.02545     0.84812
  -1.97645   2.08956   2.36288     0.84588     0.34125     0.50463
  -2.18482   1.72864   2.36288    -1.80472    -1.90895     0.10424
  -1.97645   1.36772   2.36288    -4.39194    -4.48951     0.09757
  -1.55969   1.36772   2.36288    -3.97402    -4.76549     0.79147
  -1.35764   2.43952   2.25461     3.45193     2.85068     0.60125
  -1.76807   2.54949   2.25461     4.56074     3.88264     0.67810
  -2.17849   2.43952   2.25461     3.88240     3.52075     0.36165
  -2.47894   2.13907   2.25461     1.72628     1.75129    -0.02501
  -2.58892   1.72864   2.25461    -1.34601    -1.08771    -0.25830
  -2.47894   1.31822   2.25461    -4.46097    -4.03162    -0.42935
  -1.05719   1.31822   2.25461    -3.09488    -4.80127     1.70640
  -1.55969   2.91041   2.07780     8.11495     7.54628     0.56867
  -1.97645   2.91041   2.07780     8.25175     7.67426     0.57749
  -2.36807   2.76787   2.07780     7.27786     7.11923     0.15862
  -2.68732   2.49999   2.07780     5.41164     5.64749    -0.23585
  -2.89570   2.13907   2.07780     2.75414     3.14222    -0.38808
  -2.96807   1.72864   2.07780    -0.39972    -0.01997    -0.37975
  -2.89570   1.31822   2.07780    -3.53978    -3.12068    -0.41910
  -1.87334   3.26774   1.83785    12.58157    11.85279     0.72878
  -2.28468   3.18226   1.83785    11.81914    11.50746     0.31168
  -2.65771   2.98897   1.83785    10.55032    10.79115    -0.24083
  -3.18304   2.34325   1.83785     5.93436     6.53565    -0.60130
  -3.29639   1.93870   1.83785     2.66503     3.05454    -0.38951
  -3.29639   1.51858   1.83785    -0.74109    -0.58362    -0.15747
  -3.18304   1.11403   1.83785    -3.71548    -3.64123    -0.07426
  -1.87497   3.56404   1.54203    17.20506    16.22213     0.98292
  -3.59414   1.51521   1.54203     0.64759     0.41388     0.23371
  -1.87334   3.80444   1.19934    21.91012    20.51675     1.39337
  -3.83587   1.51837   1.19934     1.99360     1.32860     0.66500
  -1.87334   3.80444  -1.20066    21.92957    20.52770     1.40187
  -3.83587   1.51837  -1.20066     1.99987     1.32949     0.67038
  -1.87497   3.56404  -1.54335    17.22953    16.23530     0.99423
  -3.59414   1.51521  -1.54335     0.65449     0.41471     0.23978
  -1.87334   3.26774  -1.83916    12.60980    11.86704     0.74276
  -2.28468   3.18226  -1.83916    11.84299    11.52085     0.32214
  -2.65771   2.98897  -1.83916    10.57165    10.80386    -0.23221
  -3.18304   2.34325  -1.83916     5.95130     6.54499    -0.59369
  -3.29639   1.93870  -1.83916     2.67821     3.06052    -0.38231
  -3.29639   1.51858  -1.83916    -0.73230    -0.58241    -0.14989
  -3.18304   1.11403  -1.83916    -3.71486    -3.64695    -0.06790
  -1.55969   2.91041  -2.07912     8.15135     7.56188     0.58947
  -1.97645   2.91041  -2.07912     8.27999     7.68801     0.59197
  -2.36807   2.76787  -2.07912     7.30107     7.13159     0.16949
  -2.68732   2.49999  -2.07912     5.43172     5.65816    -0.22644
  -2.89570   2.13907  -2.07912     2.77171     3.15032    -0.37861
  -2.96807   1.72864  -2.07912    -0.38655    -0.01562    -0.37093
  -2.89570   1.31822  -2.07912    -3.53162    -3.12131    -0.41031
  -1.35764   2.43952  -2.25592     3.49146     2.86607     0.62539
  -1.76807   2.54949  -2.25592     4.59149     3.89607     0.69541
  -2.17849   2.43952  -2.25592     3.90687     3.53213     0.37475
  -2.47894   2.13907  -2.25592     1.74636     1.76012    -0.01376
  -2.58892   1.72864  -2.25592    -1.32969    -1.08244    -0.24726
  -2.47894   1.31822  -2.25592    -4.44967    -4.03044    -0.41923
  -1.05719   1.31822  -2.25592    -3.07291    -4.79342     1.72050
  -1.35131   1.72864  -2.36419    -1.39935    -2.54516     1.14581
  -1.55969   2.08956  -2.36419     0.85341    -0.01347     0.86688
  -1.97645   2.08956  -2.36419     0.87098     0.35129     0.51969
  -2.18482   1.72864  -2.36419    -1.78526    -1.90238     0.11711
  -1.97645   1.36772  -2.36419    -4.37562    -4.48543     0.10980
  -1.55969   1.36772  -2.36419    -3.95456    -4.75944     0.80487
  -1.76807   1.72864  -2.40066    -1.76707    -2.40825     0.64118
  -0.46190   2.14860   2.40022     1.63027     2.16612    -0.53585
  -0.04515   2.14860   2.36376     2.11973     2.79658    -0.67685
  -0.25352   2.50952   2.36376     3.75062     5.08002    -1.32940
  -0.67028   2.50952   2.36376     3.53915     4.45301    -0.91386
  -0.87866   2.14860   2.36376     1.30522     1.20018     0.10504
  -0.67028   1.78768   2.36376    -0.14370    -0.63867     0.49497
  -0.25352   1.78768   2.36376     0.59864     0.58075     0.01789
   0.35895   2.14860   2.25548     2.48431     2.60807    -0.12376
   0.24898   2.55903   2.25548     4.48544     5.60644    -1.12101
  -0.05148   2.85948   2.25548     6.50351     8.31861    -1.81510
  -0.46190   2.96945   2.25548     7.23895     8.99083    -1.75188
  -0.87232   2.85948   2.25548     6.36169     7.34778    -0.98609
  -1.17278   2.55903   2.25548     4.20055     4.13268     0.06787
  -0.87232   1.43773   2.25548    -1.97603    -3.58067     1.60464
  -0.46190   1.32775   2.25548    -1.17219    -2.10663     0.93444
   0.66573   2.55903   2.07868     4.39068     4.47993    -0.08925
   0.45735   2.91995   2.07868     7.49184     8.74417    -1.25233
   0.13810   3.18783   2.07868    10.07843    12.05368    -1.97525
  -0.25352   3.33037   2.07868    11.36231    13.45418    -2.09186
  -0.67028   3.33037   2.07868    11.22426    12.84308    -1.61881
  -1.06190   3.18783   2.07868    10.01882    10.75843    -0.73961
  -1.38115   2.91995   2.07868     8.04028     7.77582     0.26446
   1.02358   2.56482   1.83873     2.94804     1.59355     1.35449
   0.85620   2.95016   1.83873     7.55333     7.66974    -0.11641
   0.59107   3.27606   1.83873    11.85742    13.09181    -1.23439
   0.24784   3.51834   1.83873    14.99120    16.87000    -1.87880
  -0.14803   3.65903   1.83873    16.49471    18.49811    -2.00340
  -0.56718   3.68770   1.83873    16.43636    18.06922    -1.63287
  -0.97852   3.60222   1.83873    15.34323    16.21016    -0.86692
  -1.35154   3.40894   1.83873    13.74434    13.66631     0.07803
   1.18105   2.97372   1.54291     6.23682     5.10858     1.12824
  -0.98919   3.90987   1.54291    20.66326    21.13749    -0.47423
  -1.38115   3.74080   1.54291    18.94012    18.52940     0.41071
  -1.37724   4.01466   1.20022    24.02985    23.18380     0.84605
  -1.58953   4.10172   0.82107    27.36318    25.64297     1.72021
  -1.76397   4.12115   0.41698    29.74019    27.41713     2.32306
  -1.76397   4.12115  -0.41653    29.76089    27.43184     2.32905
  -1.58953   4.10172  -0.82063    27.40020    25.66850     1.73170
  -1.37724   4.01466  -1.19978    24.07879    23.21622     0.86257
   1.18105   2.97372  -1.54247     6.26945     5.12565     1.14379
  -0.98919   3.90987  -1.54247    20.72036    21.17447    -0.45410
  -1.38115   3.74080  -1.54247    18.99409    18.56333     0.43075
   1.02358   2.56482  -1.83828     2.97879     1.60530     1.37348
   0.85620   2.95016  -1.83828     7.59286     7.69117    -0.09831
   0.59107   3.27606  -1.83828    11.90574    13.12220    -1.21647
   0.24784   3.51834  -1.83828    15.04768    16.90676    -1.85909
  -0.14803   3.65903  -1.83828    16.55433    18.53723    -1.98290
  -0.56718   3.68770  -1.83828    16.49597    18.10687    -1.61090
  -0.97852   3.60222  -1.83828    15.40034    16.24446    -0.84413
  -1.35154   3.40894  -1.83828    13.79956    13.69763     0.10193
   0.66573   2.55903  -2.07824     4.42708     4.49585    -0.06877
   0.45735   2.91995  -2.07824     7.53576     8.76806    -1.23229
   0.13810   3.18783  -2.07824    10.12989    12.08371    -1.95382
  -0.25352   3.33037  -2.07824    11.41754    13.48667    -2.06914
  -0.67028   3.33037  -2.07824    11.28011    12.87437    -1.59426
  -1.06190   3.18783  -2.07824    10.07278    10.78655    -0.71377
  -1.38115   2.91995  -2.07824     8.09174     7.80009     0.29164
   0.35895   2.14860  -2.25504     2.51820     2.61963    -0.10143
   0.24898   2.55903  -2.25504     4.52685     5.62467    -1.09782
  -0.05148   2.85948  -2.25504     6.55120     8.34250    -1.79130
  -0.46190   2.96945  -2.25504     7.28978     9.01632    -1.72655
  -0.87232   2.85948  -2.25504     6.41252     7.37073    -0.95821
  -1.17278   2.55903  -2.25504     4.24698     4.15039     0.09659
  -0.87232   1.43773  -2.25504    -1.94904    -3.58078     1.63174
  -0.46190   1.32775  -2.25504    -1.14834    -2.10571     0.95737
  -0.04515   2.14860  -2.36332     2.15675     2.80909    -0.65234
  -0.25352   2.50952  -2.36332     3.79392     5.09798    -1.30406
  -0.67028   2.50952  -2.36332     3.58433     4.47047    -0.88613
  -0.87866   2.14860  -2.36332     1.34538     1.21141     0.13397
  -0.67028   1.78768  -2.36332    -0.10981    -0.63234     0.52253
  -0.25352   1.78768  -2.36332     0.63190     0.58831     0.04359
  -0.46190   2.14860  -2.39978     1.66980     2.17832    -0.50852
   3.64879  -0.03001   2.40005     7.88591     8.43493    -0.54902
   4.06554  -0.03001   2.36359     9.01166     9.83691    -0.82525
   3.85717   0.33091   2.36359     7.53953     8.12819    -0.58866
   3.44041   0.33091   2.36359     6.63403     6.84206    -0.20803
   3.23203  -0.03001   2.36359     7.90034     7.98662    -0.08627
   3.44041  -0.39093   2.36359     9.44778     9.76537    -0.31758
   3.85717  -0.39093   2.36359     9.88829    10.61835    -0.73005
   4.46964  -0.03001   2.25532    11.17030    12.00694    -0.83665
   4.35967   0.38041   2.25532    10.04203    10.76814    -0.72610
   4.05921   0.68087   2.25532     8.55546     9.04865    -0.49318
   3.64879   0.79084   2.25532     6.65788     6.73977    -0.08190
   3.23837   0.68087   2.25532     5.54342     5.27472     0.26870
   3.23837  -0.74089   2.25532    11.99233    11.89651     0.09582
   3.64879  -0.85086   2.25532    12.90160    13.26336    -0.36176
   4.05921  -0.74089   2.25532    12.98129    13.77709    -0.79580
   4.35967  -0.44044   2.25532    12.24334    13.16158    -0.91824
   4.84879  -0.03001   2.07851    14.16665    14.74377    -0.57712
   4.77642   0.38041   2.07851    13.35968    13.89471    -0.53504
   4.56804   0.74133   2.07851    12.50752    13.03135    -0.52383
   4.24879   1.00922   2.07851    11.00840    11.35283    -0.34443
   3.85717   1.15176   2.07851     8.55546     8.49399     0.06148
   3.44041   1.15176   2.07851     5.64570     5.13406     0.51164
   3.04879   1.00922   2.07851     3.67344     2.91293     0.76051
   3.04879  -1.06924   2.07851    15.22589    14.64250     0.58339
   3.44041  -1.21178   2.07851    16.71936    16.50680     0.21256
   3.85717  -1.21178   2.07851    17.45606    17.83166    -0.37560
   4.24879  -1.06924   2.07851    17.33056    18.15142    -0.82086
   4.56804  -0.80136   2.07851    16.47024    17.38187    -0.91163
   4.77642  -0.44044   2.07851    15.25727    16.00535    -0.74809
   5.19148  -0.03001   1.83856    17.71836    17.81531    -0.09696
   5.13427   0.38620   1.83856    17.15485    17.25660    -0.10174
   4.96689   0.77155   1.83856    16.89005    17.14113    -0.25109
   4.70176   1.09744   1.83856    16.26128    16.58862    -0.32734
   3.96266   1.48041   1.83856    11.27007    10.99374     0.27634
   3.54351   1.50908   1.83856     6.80283     6.03893     0.76390
   3.54351  -1.56911   1.83856    22.63615    22.19406     0.44209
   3.96266  -1.54043   1.83856    23.28123    23.56307    -0.28184
   4.70176  -1.15746   1.83856    22.05445    22.99026    -0.93581
   4.96689  -0.83157   1.83856    20.47187    21.16888    -0.69701
   5.13427  -0.44622   1.83856    18.86858    19.20138    -0.33280
   5.48730  -0.03001   1.54274    21.46522    20.95176     0.51346
   5.43774   0.39398   1.54274    21.12197    20.64999     0.47198
   3.54189   1.80539   1.54274     7.38014     6.41541     0.96473
   3.54189  -1.86541   1.54274    29.87886    29.04802     0.83084
   5.43774  -0.45400   1.54274    22.71710    22.49270     0.22439
   5.72725  -0.03001   1.20005    24.99747    23.85181     1.14566
   5.68471   0.38838   1.20005    24.84561    23.76196     1.08365
   5.68471  -0.44840   1.20005    26.31587    25.48596     0.82991
   5.90405  -0.03001   0.82090    27.89844    26.20644     1.69201
   5.86330   0.39680   0.82090    27.91476    26.30548     1.60928
   5.86330  -0.45682   0.82090    29.34799    28.00403     1.34396
   6.01233  -0.03001   0.41681    29.80105    27.73990     2.06115
   5.97435   0.39201   0.41681    29.91338    27.94017     1.97321
   6.04879  -0.03001   0.00005    30.45115    28.25946     2.19170
   6.01233  -0.03001  -0.41670    29.76027    27.69710     2.06317
   5.97435   0.39201  -0.41670    29.87635    27.90088     1.97548
   5.90405  -0.03001  -0.82080    27.82189    26.12533     1.69656
   5.86330   0.39680  -0.82080    27.84448    26.23103     1.61345
   5.86330  -0.45682  -0.82080    29.25951    27.91030     1.34922
   5.72725  -0.03001  -1.19995    24.89205    23.74029     1.15175
   5.68471   0.38838  -1.19995    24.74897    23.65943     1.08955
   5.68471  -0.44840  -1.19995    26.19601    25.35862     0.83740
   5.48730  -0.03001  -1.54264    21.34034    20.81942     0.52092
   5.43774   0.39398  -1.54264    21.00776    20.52831     0.47945
   5.29174   0.79511  -1.54264    21.32842    21.12208     0.20634
   3.54189   1.80539  -1.54264     7.32304     6.33269     0.99034
   3.54189  -1.86541  -1.54264    29.76905    28.91593     0.85312
   5.43774  -0.45400  -1.54264    22.57654    22.34296     0.23358
   5.19148  -0.03001  -1.83845    17.58344    17.67182    -0.08838
   5.13427   0.38620  -1.83845    17.03186    17.12445    -0.09259
   4.96689   0.77155  -1.83845    16.77584    17.01566    -0.23982
   4.70176   1.09744  -1.83845    16.15586    16.46808    -0.31222
   4.35853   1.33972  -1.83845    14.41891    14.55331    -0.13440
   3.96266   1.48041  -1.83845    11.18975    10.89025     0.29950
   3.54351   1.50908  -1.83845     6.73820     5.94807     0.79013
   3.54351  -1.56911  -1.83845    22.51881    22.05471     0.46409
   3.96266  -1.54043  -1.83845    23.13188    23.39297    -0.26108
   4.35853  -1.39974  -1.83845    22.90786    23.70333    -0.79547
   4.70176  -1.15746  -1.83845    21.88063    22.80000    -0.91937
   4.96689  -0.83157  -1.83845    20.30746    20.99095    -0.68348
   5.13427  -0.44622  -1.83845    18.71924    19.04150    -0.32226
   4.84879  -0.03001  -2.07841    14.03048    14.59765    -0.56717
   4.77642   0.38041  -2.07841    13.23606    13.76015    -0.52409
   4.56804   0.74133  -2.07841    12.39582    12.90559    -0.50977
   4.24879   1.00922  -2.07841    10.90988    11.23584    -0.32596
   3.85717   1.15176  -2.07841     8.47138     8.38781     0.08357
   3.44041   1.15176  -2.07841     5.57793     5.03997     0.53796
   3.04879   1.00922  -2.07841     3.61822     2.82972     0.78850
   3.04879  -1.06924  -2.07841    15.14243    14.53692     0.60551
   3.44041  -1.21178  -2.07841    16.60829    16.37556     0.23274
   3.85717  -1.21178  -2.07841    17.31863    17.67513    -0.35650
   4.24879  -1.06924  -2.07841    17.17619    17.97999    -0.80380
   4.56804  -0.80136  -2.07841    16.31274    17.21062    -0.89788
   4.77642  -0.44044  -2.07841    15.10917    15.84524    -0.73606
   4.46964  -0.03001  -2.25521    11.04040    11.86501    -0.82461
   4.35967   0.38041  -2.25521     9.92595    10.63821    -0.71227
   4.05921   0.68087  -2.25521     8.45444     8.93038    -0.47595
   3.64879   0.79084  -2.25521     6.57316     6.63384    -0.06068
   3.23837   0.68087  -2.25521     5.47314     5.17987     0.29327
   3.23837  -0.74089  -2.25521    11.89695    11.78141     0.11554
   3.64879  -0.85086  -2.25521    12.78174    13.12606    -0.34432
   4.05921  -0.74089  -2.25521    12.84449    13.62472    -0.78023
   4.35967  -0.44044  -2.25521    12.10403    13.00934    -0.90531
   4.06554  -0.03001  -2.36349     8.89306     9.70422    -0.81115
   3.85717   0.33091  -2.36349     7.43724     8.00879    -0.57155
   3.44041   0.33091  -2.36349     6.54743     6.73522    -0.18778
   3.23203  -0.03001  -2.36349     7.81563     7.88143    -0.06580
   3.44041  -0.39093  -2.36349     9.34613     9.64625    -0.30012
   3.85717  -0.39093  -2.36349     9.76844    10.48327    -0.71483
   3.64879  -0.03001  -2.39995     7.78300     8.31491    -0.53191
   2.15558  -2.85684   1.72915    13.50275    13.35429     0.14846
   2.57211  -2.74523   1.72915    18.72928    18.64111     0.08816
   2.87703  -2.44032   1.72915    22.43284    22.28327     0.14957
   3.35268  -2.02379   1.50041    30.53210    29.58638     0.94573
   1.55703  -3.06051   1.50041     3.80585     3.31935     0.48649
   1.94771  -3.20270   1.50041    10.35579    10.02622     0.32957
   2.36346  -3.20270   1.50041    16.32717    16.01124     0.31593
   2.75413  -3.06051   1.50041    21.35478    21.02201     0.33277
   3.07261  -2.79327   1.50041    25.52144    25.14130     0.38014
   3.28049  -2.43322   1.50041    28.80018    28.27342     0.52676
   1.53200  -3.38925   1.19639     1.32907     1.27302     0.05605
   1.94195  -3.50962   1.19639     9.61784     9.32820     0.28964
   2.36921  -3.50962   1.19639    16.31776    15.87994     0.43781
   2.77917  -3.38925   1.19639    21.80909    21.29454     0.51456
   3.13860  -3.15825   1.19639    26.56499    26.00984     0.55514
   3.41840  -2.83535   1.19639    31.02156    30.42027     0.60129
   3.59589  -2.44670   1.19639    35.42354    34.70528     0.71825
   1.54217  -3.64123   0.83235    -0.18512     0.19580    -0.38092
   1.94707  -3.74103   0.83235     9.04680     8.84583     0.20097
   2.36409  -3.74103   0.83235    16.04981    15.55655     0.49326
   2.76900  -3.64123   0.83235    21.67606    21.04191     0.63415
   3.13825  -3.44743   0.83235    26.56059    25.86601     0.69459
   3.45040  -3.17090   0.83235    31.26943    30.55728     0.71214
   3.68730  -2.82769   0.83235    36.43571    35.72405     0.71166
   1.73905  -3.84872   0.42653     3.94515     4.17022    -0.22506
   2.15558  -3.89565   0.42653    12.46924    12.11679     0.35245
   2.57211  -3.84872   0.42653    18.93698    18.30930     0.62768
   2.96775  -3.71028   0.42653    24.26516    23.51128     0.75388
   3.32267  -3.48727   0.42653    29.11895    28.32074     0.79821
   3.61906  -3.19087   0.42653    34.16601    33.37463     0.79138
   3.84207  -2.83596   0.42653    40.34321    39.60479     0.73842
   1.84496  -3.91849  -0.00071     6.18160     6.26237    -0.08077
   2.25953  -3.94097  -0.00071    14.13151    13.69241     0.43911
   2.66924  -3.87380  -0.00071    20.25601    19.56867     0.68733
   3.05493  -3.72013  -0.00071    25.40409    24.60462     0.79947
   3.39856  -3.48714  -0.00071    30.21960    29.38628     0.83333
   3.68408  -3.18572  -0.00071    35.40095    34.58728     0.81367
   3.89813  -2.82997  -0.00071    42.02368    41.28473     0.73896
   1.73905  -3.84872  -0.42795     3.94452     4.16797    -0.22344
   2.15558  -3.89565  -0.42795    12.46736    12.11295     0.35441
   2.57211  -3.84872  -0.42795    18.93322    18.30338     0.62983
   2.96775  -3.71028  -0.42795    24.25889    23.50230     0.75659
   3.32267  -3.48727  -0.42795    29.10828    28.30673     0.80155
   3.61906  -3.19087  -0.42795    34.14656    33.35158     0.79498
   3.84207  -2.83596  -0.42795    40.30619    39.56350     0.74269
   1.54217  -3.64123  -0.83377    -0.18512     0.19258    -0.37770
   1.94707  -3.74103  -0.83377     9.04429     8.83971     0.20459
   2.36409  -3.74103  -0.83377    16.04479    15.54682     0.49797
   2.76900  -3.64123  -0.83377    21.66602    21.02701     0.63901
   3.13825  -3.44743  -0.83377    26.54302    25.84297     0.70006
   3.45040  -3.17090  -0.83377    31.23931    30.52019     0.71912
   3.68730  -2.82769  -0.83377    36.38049    35.66052     0.71997
   1.53200  -3.38925  -1.19781     1.32907     1.26797     0.06109
   1.94195  -3.50962  -1.19781     9.61470     9.31890     0.29580
   2.36921  -3.50962  -1.19781    16.30960    15.86488     0.44472
   2.77917  -3.38925  -1.19781    21.79278    21.27083     0.52194
   3.13860  -3.15825  -1.19781    26.53612    25.97199     0.56413
   3.41840  -2.83535  -1.19781    30.96948    30.35759     0.61188
   3.59589  -2.44670  -1.19781    35.32941    34.59748     0.73193
   3.35268  -2.02379  -1.50183    30.42103    29.45728     0.96375
   1.55703  -3.06051  -1.50183     3.80459     3.31212     0.49247
   1.94771  -3.20270  -1.50183    10.35077    10.01359     0.33718
   2.36346  -3.20270  -1.50183    16.31587    15.99064     0.32523
   2.75413  -3.06051  -1.50183    21.33219    20.98911     0.34308
   3.07261  -2.79327  -1.50183    25.48128    25.08843     0.39285
   3.28049  -2.43322  -1.50183    28.73052    28.18848     0.54204
   2.15558  -2.85684  -1.73057    13.49334    13.33376     0.15957
   2.57211  -2.74523  -1.73057    18.70731    18.60604     0.10127
   2.87703  -2.44032  -1.73057    22.39079    22.22544     0.16535
  -2.57833   3.25842   1.72898    12.88026    12.97309    -0.09283
  -2.99485   3.14681   1.72898    11.59010    12.08104    -0.49094
  -3.29977   2.84189   1.72898     9.56450    10.20287    -0.63837
  -3.41138   2.42536   1.72898     6.97038     7.58586    -0.61549
  -2.37045   3.60427   1.50024    16.50287    16.17260     0.33028
  -2.78620   3.60427   1.50024    15.17632    15.32250    -0.14618
  -3.17687   3.46208   1.50024    13.66025    14.04580    -0.38555
  -3.49536   3.19484   1.50024    11.89758    12.38561    -0.48803
  -3.70323   2.83479   1.50024     9.80546    10.31247    -0.50701
  -3.77542   2.42536   1.50024     7.40398     7.83865    -0.43467
  -3.70323   2.01593   1.50024     4.91152     5.11960    -0.20808
  -2.36469   3.91120   1.19622    19.39067    18.85930     0.53137
  -2.79196   3.91120   1.19622    17.49245    17.42334     0.06911
  -3.20191   3.79082   1.19622    15.81198    15.97571    -0.16372
  -3.56135   3.55983   1.19622    14.12900    14.39516    -0.26616
  -3.84114   3.23692   1.19622    12.26405    12.56461    -0.30057
  -4.01864   2.84827   1.19622    10.10981    10.39460    -0.28480
  -4.07944   2.42536   1.19622     7.66252     7.85502    -0.19250
  -4.01864   2.00245   1.19622     5.10479     5.05911     0.04568
  -1.96491   4.04281   0.83217    24.80420    23.28156     1.52263
  -2.36981   4.14261   0.83217    21.57880    20.84546     0.73333
  -2.78684   4.14261   0.83217    19.28588    19.00837     0.27751
  -3.19174   4.04281   0.83217    17.48681    17.44193     0.04488
  -3.56100   3.84901   0.83217    15.86281    15.92220    -0.05938
  -3.87314   3.57247   0.83217    14.19489    14.29383    -0.09894
  -4.11004   3.22927   0.83217    12.33621    12.44066    -0.10445
  -4.25792   2.83934   0.83217    10.20142    10.27401    -0.07259
  -4.30819   2.42536   0.83217     7.77045     7.74689     0.02356
  -4.25792   2.01138   0.83217     5.15750     4.92001     0.23749
  -4.11004   1.62145   0.83217     2.81250     2.13899     0.67350
  -2.16180   4.25029   0.42636    24.74458    23.48717     1.25742
  -2.57833   4.29722   0.42636    21.57440    20.95525     0.61915
  -2.99485   4.25029   0.42636    19.37185    19.09289     0.27896
  -3.39049   4.11185   0.42636    17.62235    17.50422     0.11813
  -3.74541   3.88884   0.42636    16.00965    15.95768     0.05197
  -4.04180   3.59245   0.42636    14.33106    14.30040     0.03066
  -4.26481   3.23753   0.42636    12.45230    12.41698     0.03531
  -4.40326   2.84189   0.42636    10.28488    10.21342     0.07146
  -4.45019   2.42536   0.42636     7.79367     7.62551     0.16816
  -4.40326   2.00883   0.42636     5.04204     4.67637     0.36567
  -4.26481   1.61319   0.42636     2.39583     1.66173     0.73410
  -2.06467   4.27537  -0.00088    26.37422    24.83352     1.54071
  -2.47438   4.34254  -0.00088    22.69263    21.89250     0.80013
  -2.88895   4.32007  -0.00088    20.24346    19.84679     0.39666
  -3.28899   4.20899  -0.00088    18.39481    18.19680     0.19801
  -3.65580   4.01452  -0.00088    16.78023    16.66747     0.11276
  -3.97224   3.74574  -0.00088    15.17004    15.08736     0.08268
  -4.22349   3.41522  -0.00088    13.41239    13.33317     0.07922
  -4.39782   3.03842  -0.00088    11.40373    11.30442     0.09931
  -4.48707   2.63295  -0.00088     9.08006     8.91822     0.16184
  -4.48707   2.21777  -0.00088     6.43260     6.13344     0.29916
  -4.39782   1.81230  -0.00088     3.59688     3.04771     0.54917
  -2.16180   4.25029  -0.42812    24.74772    23.48832     1.25940
  -2.57833   4.29722  -0.42812    21.57691    20.95631     0.62060
  -2.99485   4.25029  -0.42812    19.37436    19.09384     0.28052
  -3.39049   4.11185  -0.42812    17.62486    17.50507     0.11979
  -3.74541   3.88884  -0.42812    16.01153    15.95847     0.05306
  -4.04180   3.59245  -0.42812    14.33294    14.30116     0.03179
  -4.26481   3.23753  -0.42812    12.45418    12.41773     0.03645
  -4.40326   2.84189  -0.42812    10.28739    10.21419     0.07321
  -4.45019   2.42536  -0.42812     7.79555     7.62629     0.16926
  -4.40326   2.00883  -0.42812     5.04455     4.67705     0.36750
  -4.26481   1.61319  -0.42812     2.39771     1.66178     0.73593
  -1.96491   4.04281  -0.83394    24.81173    23.28446     1.52727
  -2.36981   4.14261  -0.83394    21.58507    20.84794     0.73713
  -2.78684   4.14261  -0.83394    19.29152    19.01048     0.28104
  -3.19174   4.04281  -0.83394    17.49183    17.44378     0.04805
  -3.56100   3.84901  -0.83394    15.86721    15.92386    -0.05666
  -3.87314   3.57247  -0.83394    14.19928    14.29539    -0.09610
  -4.11004   3.22927  -0.83394    12.34060    12.44217    -0.10157
  -4.25792   2.83934  -0.83394    10.20581    10.27551    -0.06969
  -4.30819   2.42536  -0.83394     7.77484     7.74833     0.02651
  -4.25792   2.01138  -0.83394     5.16127     4.92112     0.24015
  -4.11004   1.62145  -0.83394     2.81564     2.13862     0.67702
  -2.36469   3.91120  -1.19798    19.40071    18.86354     0.53717
  -2.79196   3.91120  -1.19798    17.50061    17.42673     0.07388
  -3.20191   3.79082  -1.19798    15.81951    15.97857    -0.15906
  -3.56135   3.55983  -1.19798    14.13591    14.39771    -0.26180
  -3.84114   3.23692  -1.19798    12.27032    12.56698    -0.29666
  -4.01864   2.84827  -1.19798    10.11608    10.39685    -0.28077
  -4.07944   2.42536  -1.19798     7.66942     7.85706    -0.18764
  -4.01864   2.00245  -1.19798     5.11106     5.06042     0.05064
  -2.37045   3.60427  -1.50200    16.51668    16.17890     0.33778
  -2.78620   3.60427  -1.50200    15.18761    15.32730    -0.13968
  -3.17687   3.46208  -1.50200    13.67029    14.04976    -0.37946
  -3.49536   3.19484  -1.50200    11.90637    12.38909    -0.48272
  -3.70323   2.83479  -1.50200     9.81425    10.31563    -0.50138
  -3.77542   2.42536  -1.50200     7.41214     7.84143    -0.42929
  -3.70323   2.01593  -1.50200     4.91905     5.12140    -0.20235
  -2.57833   3.25842  -1.73074    12.89532    12.98025    -0.08493
  -2.99485   3.14681  -1.73074    11.60265    12.08647    -0.48382
  -3.29977   2.84189  -1.73074     9.57579    10.20744    -0.63164
  -3.41138   2.42536  -1.73074     6.98104     7.58984    -0.60880
   0.57327   3.50874   1.72938    14.94539    16.18760    -1.24221
   0.26835   3.81366   1.72938    17.81437    19.20818    -1.39381
  -0.14818   3.92527   1.72938    19.04617    20.51454    -1.46837
  -0.56471   3.81366   1.72938    18.62762    20.11081    -1.48319
   0.97672   3.50164   1.50063    14.17920    14.35490    -0.17569
   0.76885   3.86169   1.50063    17.85453    18.37962    -0.52510
   0.45037   4.12893   1.50063    20.35013    21.02081    -0.67067
   0.05969   4.27113   1.50063    21.76328    22.49621    -0.73293
  -0.35606   4.27113   1.50063    22.26906    23.00340    -0.73435
  -0.74673   4.12893   1.50063    22.01366    22.63810    -0.62444
   1.29213   3.51513   1.19662    12.77672    12.14871     0.62801
   1.11464   3.90378   1.19662    17.50626    17.34265     0.16361
   0.83484   4.22668   1.19662    20.75864    20.79309    -0.03444
   0.47540   4.45768   1.19662    22.85829    22.98123    -0.12294
   0.06545   4.57805   1.19662    24.08695    24.24510    -0.15815
  -0.36181   4.57805   1.19662    24.66426    24.80124    -0.13698
  -0.77177   4.45768   1.19662    24.77972    24.78634    -0.00662
  -1.13121   4.22668   1.19662    24.61218    24.27293     0.33925
   1.53141   3.50619   0.83257    10.41164     9.35904     1.05259
   1.38353   3.89612   0.83257    16.34788    15.72131     0.62657
   1.14664   4.23932   0.83257    20.31437    19.88681     0.42756
   0.83449   4.51586   0.83257    22.95304    22.62301     0.33003
   0.46523   4.70966   0.83257    24.67054    24.38925     0.28129
   0.06033   4.80946   0.83257    25.72726    25.46230     0.26496
  -0.35669   4.80946   0.83257    26.31524    26.02026     0.29498
  -0.76160   4.70966   0.83257    26.61393    26.19600     0.41793
  -1.13086   4.51586   0.83257    26.83042    26.11616     0.71426
  -1.44300   4.23932   0.83257    27.23642    25.93137     1.30505
   1.53831   3.90438   0.42676    15.48317    14.65644     0.82673
   1.31530   4.25930   0.42676    20.02948    19.35349     0.67598
   1.01890   4.55569   0.42676    23.01077    22.41885     0.59193
   0.66399   4.77870   0.42676    24.97864    24.43264     0.54601
   0.26835   4.91714   0.42676    26.24872    25.72383     0.52489
  -0.14818   4.96407   0.42676    27.02934    26.49510     0.53424
  -0.56471   4.91714   0.42676    27.49684    26.89176     0.60508
  -0.96035   4.77870   0.42676    27.84511    27.05024     0.79487
  -1.31527   4.55569   0.42676    28.34460    27.15098     1.19363
  -1.61166   4.25930   0.42676    29.43396    27.50358     1.93038
   1.59436   3.89840  -0.00048    14.99183    14.11196     0.87987
   1.38032   4.25415  -0.00048    19.77157    19.01497     0.75660
   1.09480   4.55556  -0.00048    22.89468    22.21418     0.68050
   0.75116   4.78855  -0.00048    24.96860    24.33201     0.63659
   0.36547   4.94223  -0.00048    26.32967    25.71540     0.61427
  -0.04424   5.00939  -0.00048    27.19124    26.57457     0.61667
  -0.45880   4.98692  -0.00048    27.72400    27.05601     0.66799
  -0.85885   4.87585  -0.00048    28.10678    27.29087     0.81591
  -1.22566   4.68137  -0.00048    28.58055    27.44452     1.13603
  -1.54209   4.41259  -0.00048    29.53185    27.79807     1.73379
   1.53831   3.90438  -0.42772    15.48882    14.65871     0.83011
   1.31530   4.25930  -0.42772    20.03450    19.35520     0.67930
   1.01890   4.55569  -0.42772    23.01517    22.42039     0.59478
   0.66399   4.77870  -0.42772    24.98304    24.43418     0.54885
   0.26835   4.91714  -0.42772    26.25311    25.72550     0.52761
  -0.14818   4.96407  -0.42772    27.03436    26.49698     0.53738
  -0.56471   4.91714  -0.42772    27.50249    26.89399     0.60850
  -0.96035   4.77870  -0.42772    27.85138    27.05299     0.79840
  -1.31527   4.55569  -0.42772    28.35151    27.15458     1.19693
  -1.61166   4.25930  -0.42772    29.44275    27.50869     1.93405
   1.53141   3.50619  -0.83354    10.42419     9.36580     1.05838
   1.38353   3.89612  -0.83354    16.35855    15.72566     0.63289
   1.14664   4.23932  -0.83354    20.32441    19.89027     0.43414
   0.83449   4.51586  -0.83354    22.96246    22.62623     0.33623
   0.46523   4.70966  -0.83354    24.67995    24.39256     0.28739
   0.06033   4.80946  -0.83354    25.73730    25.46592     0.27138
  -0.35669   4.80946  -0.83354    26.32653    26.02443     0.30210
  -0.76160   4.70966  -0.83354    26.62648    26.20105     0.42544
  -1.13086   4.51586  -0.83354    26.84423    26.12260     0.72163
  -1.44300   4.23932  -0.83354    27.25337    25.94012     1.31324
   1.29213   3.51513  -1.19758    12.79429    12.15730     0.63699
   1.11464   3.90378  -1.19758    17.52195    17.34883     0.17311
   0.83484   4.22668  -1.19758    20.77307    20.79843    -0.02535
   0.47540   4.45768  -1.19758    22.87335    22.98650    -0.11315
   0.06545   4.57805  -1.19758    24.10264    24.25079    -0.14815
  -0.36181   4.57805  -1.19758    24.68120    24.80781    -0.12661
  -0.77177   4.45768  -1.19758    24.79980    24.79438     0.00542
  -1.13121   4.22668  -1.19758    24.63477    24.28337     0.35140
   0.97672   3.50164  -1.50160    14.20242    14.36513    -0.16271
   0.76885   3.86169  -1.50160    17.87586    18.38787    -0.51201
   0.45037   4.12893  -1.50160    20.37147    21.02852    -0.65705
   0.05969   4.27113  -1.50160    21.78587    22.50432    -0.71844
  -0.35606   4.27113  -1.50160    22.29353    23.01269    -0.71916
  -0.74673   4.12893  -1.50160    22.04190    22.64953    -0.60763
   0.57327   3.50874  -1.73034    14.97551    16.19955    -1.22404
   0.26835   3.81366  -1.73034    17.84386    19.21901    -1.37515
  -0.14818   3.92527  -1.73034    19.07754    20.52614    -1.44859
  -0.56471   3.81366  -1.73034    18.66402    20.12491    -1.46090
   4.15549  -1.71591   1.73210    26.14205    26.56557    -0.42353
   4.57201  -1.60430   1.73210    25.75362    26.53011    -0.77649
   4.87693  -1.29938   1.73210    24.46848    25.31455    -0.84607
   5.35259  -0.88286   1.50335    25.28738    25.52372    -0.23635
   3.55694  -1.91958   1.50335    30.89355    30.06805     0.82549
   3.94761  -2.06177   1.50335    30.70341    30.61943     0.08398
   4.36336  -2.06177   1.50335    29.93597    30.34256    -0.40660
   4.75404  -1.91958   1.50335    29.04992    29.71593    -0.66600
   5.07252  -1.65234   1.50335    28.04089    28.75361    -0.71272
   5.28039  -1.29229   1.50335    26.81285    27.37415    -0.56130
   5.65660  -0.88286   1.19934    27.86519    27.64712     0.21807
   3.94185  -2.36869   1.19934    35.10351    34.82162     0.28189
   4.36912  -2.36869   1.19934    33.22098    33.44728    -0.22630
   4.77907  -2.24832   1.19934    31.89631    32.41641    -0.52010
   5.13851  -2.01732   1.19934    30.84774    31.46729    -0.61955
   5.41831  -1.69442   1.19934    29.86945    30.40336    -0.53391
   5.59580  -1.30577   1.19934    28.87108    29.12825    -0.25717
   5.88534  -0.88286   0.83530    29.78537    29.20892     0.57645
   3.94697  -2.60010   0.83530    38.84158    38.38648     0.45510
   4.36400  -2.60010   0.83530    35.88225    35.95202    -0.06977
   4.76890  -2.50030   0.83530    34.09949    34.48632    -0.38682
   5.13816  -2.30650   0.83530    32.89970    33.42993    -0.53023
   5.45030  -2.02996   0.83530    31.95906    32.47445    -0.51539
   5.68720  -1.68676   0.83530    31.12698    31.46607    -0.33909
   5.83508  -1.29684   0.83530    30.37460    30.35806     0.01654
   6.02735  -0.88286   0.42948    30.95944    30.15694     0.80250
   5.98042  -0.46633   0.42948    31.14141    29.48865     1.65276
   4.15549  -2.75472   0.42948    39.26954    38.98306     0.28648
   4.57201  -2.70779   0.42948    36.39555    36.55381    -0.15826
   4.96766  -2.56934   0.42948    34.70316    35.10877    -0.40561
   5.32257  -2.34634   0.42948    33.56611    34.05854    -0.49243
   5.61896  -2.04994   0.42948    32.68383    33.11514    -0.43131
   5.84197  -1.69503   0.42948    31.93521    32.14796    -0.21274
   5.98042  -1.29938   0.42948    31.32025    31.13271     0.18755
   6.07549  -0.88286   0.00224    31.34849    30.46746     0.88103
   6.03060  -0.47011   0.00224    31.64907    29.90211     1.74695
   4.25943  -2.80004   0.00224    39.07439    38.87577     0.19862
   4.66914  -2.73287   0.00224    36.41187    36.61196    -0.20010
   5.05483  -2.57920   0.00224    34.82364    35.23650    -0.41286
   5.39847  -2.34621   0.00224    33.73993    34.21510    -0.47517
   5.68398  -2.04479   0.00224    32.89593    33.29014    -0.39421
   5.89803  -1.68904   0.00224    32.18747    32.34805    -0.16058
   6.03060  -1.29560   0.00224    31.62836    31.37522     0.25314
   6.02735  -0.88286  -0.42500    30.94061    30.13349     0.80712
   5.98042  -0.46633  -0.42500    31.12196    29.46186     1.66010
   4.15549  -2.75472  -0.42500    39.27582    38.98403     0.29179
   4.57201  -2.70779  -0.42500    36.39179    36.54657    -0.15478
   4.96766  -2.56934  -0.42500    34.69500    35.09742    -0.40242
   5.32257  -2.34634  -0.42500    33.55419    34.04462    -0.49043
   5.61896  -2.04994  -0.42500    32.67003    33.09914    -0.42912
   5.84197  -1.69503  -0.42500    31.91953    32.12985    -0.21032
   5.98042  -1.29938  -0.42500    31.30331    31.11218     0.19114
   5.88534  -0.88286  -0.83082    29.74709    29.16130     0.58579
   3.94697  -2.60010  -0.83082    38.85978    38.39238     0.46740
   4.36400  -2.60010  -0.83082    35.87786    35.93913    -0.06127
   4.76890  -2.50030  -0.83082    34.08381    34.46417    -0.38036
   5.13816  -2.30650  -0.83082    32.87711    33.40223    -0.52513
   5.45030  -2.02996  -0.83082    31.93208    32.44242    -0.51034
   5.68720  -1.68676  -0.83082    31.09561    31.42970    -0.33410
   5.83508  -1.29684  -0.83082    30.34008    30.31665     0.02344
   5.65660  -0.88286  -1.19486    27.80495    27.57405     0.23090
   3.94185  -2.36869  -1.19486    35.10853    34.81013     0.29840
   4.36912  -2.36869  -1.19486    33.20278    33.41739    -0.21461
   4.77907  -2.24832  -1.19486    31.86493    32.37620    -0.51127
   5.13851  -2.01732  -1.19486    30.80758    31.41981    -0.61223
   5.41831  -1.69442  -1.19486    29.82239    30.34897    -0.52658
   5.59580  -1.30577  -1.19486    28.81775    29.06570    -0.24796
   5.35259  -0.88286  -1.49888    25.20078    25.42384    -0.22306
   3.55694  -1.91958  -1.49888    30.89606    30.03921     0.85685
   3.94761  -2.06177  -1.49888    30.68082    30.57701     0.10381
   4.36336  -2.06177  -1.49888    29.89518    30.28795    -0.39277
   4.75404  -1.91958  -1.49888    28.99659    29.65187    -0.65528
   5.07252  -1.65234  -1.49888    27.97688    28.68040    -0.70351
   5.28039  -1.29229  -1.49888    26.73881    27.28970    -0.55089
   4.15549  -1.71591  -1.72762    26.07616    26.48180    -0.40564
   4.57201  -1.60430  -1.72762    25.67518    26.43852    -0.76334
   4.87693  -1.29938  -1.72762    24.37498    25.20941    -0.83443
   4.87019   1.24503   1.73070    18.51028    18.71172    -0.20144
   4.56527   1.54995   1.73070    17.07328    17.17032    -0.09704
   4.14874   1.66156   1.73070    13.94954    13.76155     0.18799
   5.34584   0.82850   1.50195    21.99672    21.74270     0.25401
   5.27365   1.23793   1.50195    21.94777    21.88468     0.06309
   5.06578   1.59798   1.50195    21.22237    21.24213    -0.01976
   4.74729   1.86522   1.50195    19.61406    19.59963     0.01444
   4.35662   2.00742   1.50195    16.87499    16.71634     0.15864
   3.94087   2.00742   1.50195    12.78802    12.36072     0.42730
   3.55019   1.86522   1.50195     7.48242     6.57665     0.90577
   5.64986   0.82850   1.19794    24.99433    24.30151     0.69282
   5.58905   1.25142   1.19794    24.60841    24.25214     0.35627
   5.41156   1.64007   1.19794    23.95078    23.78798     0.16280
   5.13177   1.96297   1.19794    22.76855    22.67683     0.09172
   4.77233   2.19397   1.19794    20.80257    20.69038     0.11218
   4.36237   2.31434   1.19794    17.73342    17.53834     0.19508
   3.93511   2.31434   1.19794    13.11871    12.80967     0.30904
   3.52516   2.19397   1.19794     6.43197     5.98690     0.44507
   5.87860   0.82850   0.83389    27.18497    26.14387     1.04110
   5.82834   1.24249   0.83389    26.54993    25.93266     0.61727
   5.68046   1.63241   0.83389    25.90045    25.54771     0.35274
   5.44356   1.97561   0.83389    24.97802    24.76514     0.21287
   5.13142   2.25215   0.83389    23.56298    23.40091     0.16207
   4.76216   2.44595   0.83389    21.41251    21.24749     0.16502
   4.35726   2.54575   0.83389    18.18962    18.00797     0.18165
   3.94023   2.54575   0.83389    13.34085    13.20044     0.14041
   6.02061   0.82850   0.42808    28.51089    27.24902     1.26188
   5.97367   1.24503   0.42808    27.71145    26.92828     0.78317
   5.83523   1.64067   0.42808    27.01868    26.54149     0.47719
   5.61222   1.99559   0.42808    26.15836    25.85486     0.30350
   5.31583   2.29198   0.42808    24.91338    24.69227     0.22111
   4.96091   2.51499   0.42808    23.06411    22.87086     0.19325
   4.56527   2.65343   0.42808    20.31813    20.13985     0.17828
   4.14874   2.70036   0.42808    16.19539    16.09027     0.10513
   3.73222   2.65343   0.42808     9.80295     9.98324    -0.18029
   5.97367   0.41197   0.42808    29.83808    27.90044     1.93764
   6.06874   0.82850   0.00084    28.94764    27.60989     1.33775
   6.02385   1.24124   0.00084    28.10176    27.25663     0.84513
   5.89129   1.63469   0.00084    27.40146    26.87417     0.52729
   5.67724   1.99044   0.00084    26.57314    26.23170     0.34144
   5.39173   2.29185   0.00084    25.40786    25.16042     0.24744
   5.04809   2.52484   0.00084    23.70103    23.49172     0.20932
   4.66240   2.67852   0.00084    21.18911    21.00198     0.18714
   4.25269   2.74569   0.00084    17.45104    17.33379     0.11725
   3.83812   2.72321   0.00084    11.70682    11.84606    -0.13924
   6.02385   0.41576   0.00084    30.36393    28.33184     2.03209
   6.02061   0.82850  -0.42640    28.48956    27.22504     1.26452
   5.97367   1.24503  -0.42640    27.69450    26.90899     0.78551
   5.83523   1.64067  -0.42640    27.00487    26.52514     0.47973
   5.61222   1.99559  -0.42640    26.14581    25.84035     0.30546
   5.31583   2.29198  -0.42640    24.90271    24.67882     0.22389
   4.96091   2.51499  -0.42640    23.05407    22.85784     0.19623
   4.56527   2.65343  -0.42640    20.30872    20.12664     0.18208
   4.14874   2.70036  -0.42640    16.18535    16.07608     0.10927
   3.73222   2.65343  -0.42640     9.79229     9.96679    -0.17450
   5.97367   0.41197  -0.42640    29.81047    27.86875     1.94172
   5.87860   0.82850  -0.83222    27.14355    26.09641     1.04714
   5.82834   1.24249  -0.83222    26.51667    25.89444     0.62223
   5.68046   1.63241  -0.83222    25.87284    25.51523     0.35761
   5.44356   1.97561  -0.83222    24.95417    24.73615     0.21802
   5.13142   2.25215  -0.83222    23.54165    23.37378     0.16787
   4.76216   2.44595  -0.83222    21.39305    21.22085     0.17221
   4.35726   2.54575  -0.83222    18.17017    17.98039     0.18978
   3.94023   2.54575  -0.83222    13.32014    13.16999     0.15016
   5.64986   0.82850  -1.19626    24.93283    24.23153     0.70130
   5.58905   1.25142  -1.19626    24.55947    24.19603     0.36343
   5.41156   1.64007  -1.19626    23.91062    23.74010     0.17052
   5.13177   1.96297  -1.19626    22.73341    22.63349     0.09992
   4.77233   2.19397  -1.19626    20.77056    20.64878     0.12179
   4.36237   2.31434  -1.19626    17.70267    17.49584     0.20683
   3.93511   2.31434  -1.19626    13.08734    12.76311     0.32423
   3.52516   2.19397  -1.19626     6.39683     5.93145     0.46538
   5.34584   0.82850  -1.50028    21.91577    21.65174     0.26403
   5.27365   1.23793  -1.50028    21.88439    21.81128     0.07311
   5.06578   1.59798  -1.50028    21.16966    21.17856    -0.00890
   4.74729   1.86522  -1.50028    19.56763    19.54048     0.02715
   4.35662   2.00742  -1.50028    16.83169    16.65713     0.17456
   3.94087   2.00742  -1.50028    12.74472    12.29676     0.44796
   3.55019   1.86522  -1.50028     7.43599     6.50230     0.93368
   4.87019   1.24503  -1.72902    18.43497    18.62324    -0.18826
   4.56527   1.54995  -1.72902    17.00990    17.09070    -0.08080
   4.14874   1.66156  -1.72902    13.88992    13.68099     0.20894
   1.64507  -1.16672   2.70000     4.92218     5.08952    -0.16734
   2.06744  -1.16672   2.66676     7.09462     7.29608    -0.20145
   1.85625  -0.80093   2.66676     6.32969     6.44533    -0.11564
   1.43388  -0.80093   2.66676     4.56388     4.65433    -0.09046
   1.22269  -1.16672   2.66676     3.07731     3.11616    -0.03885
   1.43388  -1.53250   2.66676     3.35969     3.41981    -0.06012
   1.85625  -1.53250   2.66676     5.71096     5.92364    -0.21268
   2.47941  -1.16672   2.56785     9.57266     9.67330    -0.10064
   1.22789  -0.44416   2.56785     4.38064     4.40240    -0.02176
   0.92250  -0.74955   2.56785     2.81626     2.94085    -0.12459
   1.22789  -1.88928   2.56785     1.43700     1.26789     0.16911
   1.64507  -2.00106   2.56785     4.04242     4.09716    -0.05475
   2.06224  -1.88928   2.56785     7.11470     7.32592    -0.21122
   2.36763  -1.58389   2.56785     9.15599     9.36083    -0.20483
   2.87084  -1.16672   2.40572    12.26091    12.16263     0.09827
   1.03218  -0.10517   2.40572     4.09073     4.10659    -0.01586
   1.43221  -2.37387   2.40572     1.79781     1.62052     0.17730
   1.85792  -2.37387   2.40572     5.68586     5.72703    -0.04116
   2.25795  -2.22827   2.40572     9.24133     9.40457    -0.16323
   2.58406  -1.95463   2.40572    11.71937    11.86303    -0.14366
   2.79692  -1.58596   2.40572    12.73342    12.75552    -0.02210
   1.23431  -2.69966   2.18435    -1.45331    -1.78168     0.32837
   1.64507  -2.75374   2.18435     3.41302     3.25779     0.15523
   2.05582  -2.69966   2.18435     8.14821     8.14172     0.00649
   2.43858  -2.54112   2.18435    12.12160    12.19243    -0.07083
   2.76726  -2.28891   2.18435    15.00752    15.04490    -0.03738
   3.01947  -1.96023   2.18435    16.60955    16.52041     0.08914
   3.17801  -1.57747   2.18435    16.67795    16.45434     0.22361
   1.64507  -3.07591   1.90919     3.07542     2.88886     0.18657
   3.13773  -2.35708   1.90919    20.77872    20.58503     0.19369
   3.36519  -1.99509   1.90919    22.08896    21.76042     0.32854
   1.64507  -3.07591  -1.90918     3.07542     2.88081     0.19461
   3.13773  -2.35708  -1.90918    20.74170    20.53316     0.20854
   3.36519  -1.99509  -1.90918    22.01994    21.67318     0.34675
   1.23431  -2.69966  -2.18434    -1.46084    -1.79719     0.33634
   1.64507  -2.75374  -2.18434     3.41051     3.24519     0.16533
   2.05582  -2.69966  -2.18434     8.14507     8.12742     0.01765
   2.43858  -2.54112  -2.18434    12.11219    12.16994    -0.05775
   2.76726  -2.28891  -2.18434    14.98367    15.00641    -0.02274
   3.01947  -1.96023  -2.18434    16.56437    16.45851     0.10586
   3.17801  -1.57747  -2.18434    16.60829    16.36566     0.24263
   2.87084  -1.16672  -2.40572    12.20255    12.08609     0.11646
   1.03218  -0.10517  -2.40572     4.08069     4.08416    -0.00347
   1.43221  -2.37387  -2.40572     1.79091     1.60324     0.18767
   1.85792  -2.37387  -2.40572     5.67833     5.70811    -0.02978
   2.25795  -2.22827  -2.40572     9.22815     9.37773    -0.14957
   2.58406  -1.95463  -2.40572    11.69301    11.82115    -0.12814
   2.79692  -1.58596  -2.40572    12.68950    12.69450    -0.00500
   2.47941  -1.16672  -2.56785     9.53501     9.61856    -0.08356
   1.22789  -0.44416  -2.56785     4.36747     4.37611    -0.00864
   0.92250  -0.74955  -2.56785     2.80497     2.91887    -0.11391
   1.22789  -1.88928  -2.56785     1.42696     1.24726     0.17969
   1.64507  -2.00106  -2.56785     4.03238     4.07491    -0.04254
   2.06224  -1.88928  -2.56785     7.09901     7.29634    -0.19732
   2.36763  -1.58389  -2.56785     9.12901     9.31802    -0.18901
   2.06744  -1.16672  -2.66676     7.07015     7.25590    -0.18575
   1.85625  -0.80093  -2.66676     6.30710     6.40719    -0.10009
   1.43388  -0.80093  -2.66676     4.54882     4.62535    -0.07653
   1.22269  -1.16672  -2.66676     3.06538     3.09182    -0.02644
   1.43388  -1.53250  -2.66676     3.34776     3.39525    -0.04749
   1.85625  -1.53250  -2.66676     5.69465     5.89288    -0.19824
   1.64507  -1.16672  -2.70000     4.90587     5.05902    -0.15315
   2.30436   0.02285   2.70007     6.49535     6.31569     0.17966
   2.72673   0.02285   2.66683     7.21385     7.07635     0.13750
   2.51554   0.38864   2.66683     5.54279     5.33141     0.21138
   2.09317   0.38864   2.66683     4.75025     4.49482     0.25543
   1.88198   0.02285   2.66683     5.63566     5.43557     0.20009
   2.09317  -0.34293   2.66683     7.01869     6.92829     0.09040
   2.51554  -0.34293   2.66683     8.03589     7.92076     0.11513
   2.72153   0.74542   2.56792     4.40574     4.16826     0.23749
   1.47001   0.02285   2.56792     4.81237     4.58980     0.22258
   2.72153  -0.69971   2.56792     9.72765     9.64431     0.08334
   1.07858   0.02285   2.40578     4.07065     3.97932     0.09134
   2.91724  -1.03870   2.40578    12.05509    11.92543     0.12965
   1.07858   0.02285  -2.40565     4.06187     3.95711     0.10476
   2.91724  -1.03870  -2.40565    11.99296    11.84420     0.14876
   2.72153   0.74542  -2.56779     4.36496     4.10637     0.25858
   1.47001   0.02285  -2.56779     4.79794     4.55966     0.23828
   2.72153  -0.69971  -2.56779     9.67494     9.57338     0.10156
   2.72673   0.02285  -2.66669     7.16490     7.00786     0.15704
   2.51554   0.38864  -2.66669     5.50451     5.27375     0.23077
   2.09317   0.38864  -2.66669     4.72452     4.45060     0.27392
   1.88198   0.02285  -2.66669     5.61307     5.39546     0.21761
   2.09317  -0.34293  -2.66669     6.98983     6.88162     0.10821
   2.51554  -0.34293  -2.66669     7.99322     7.85929     0.13392
   2.30436   0.02285  -2.69993     6.46147     6.26303     0.19843
   1.71049   1.16994   2.70006     0.93436     0.51153     0.42283
   2.13286   1.16994   2.66682     1.32656     1.05441     0.27215
   1.92167   1.53572   2.66682     0.12111    -0.22452     0.34563
   1.49930   1.53572   2.66682     0.17884    -0.38490     0.56374
   1.28812   1.16994   2.66682     0.80321     0.23163     0.57158
   1.49930   0.80415   2.66682     1.91516     1.48766     0.42750
   1.92167   0.80415   2.66682     2.47364     2.14811     0.32553
   2.54483   1.16994   2.56791     2.05886     1.84414     0.21472
   2.43305   1.58711   2.56791     0.48444     0.32846     0.15598
   2.12766   1.89250   2.56791    -0.44992    -0.66301     0.21309
   1.71049   2.00428   2.56791    -0.35203    -0.79805     0.44601
   1.29332   1.89250   2.56791     0.24661    -0.44125     0.68787
   1.29332   0.44737   2.56791     2.94992     2.61175     0.33818
   2.93626   1.16994   2.40578     3.16641     2.87942     0.28699
   2.86234   1.58918   2.40578     1.60580     1.44737     0.15843
   2.64949   1.95785   2.40578     0.08660     0.06446     0.02213
   2.32337   2.23149   2.40578    -0.74925    -0.78801     0.03876
   1.92334   2.37709   2.40578    -0.55284    -0.80254     0.24970
   1.49763   2.37709   2.40578     0.36082    -0.16359     0.52441
   1.09760   2.23149   2.40578     1.19164     0.50344     0.68820
   3.24343   1.58069   2.18440     3.58182     3.26225     0.31958
   3.08489   1.96345   2.18440     1.76456     1.70153     0.06303
   2.83268   2.29213   2.18440     0.07091     0.21514    -0.14423
   2.50400   2.54434   2.18440    -0.78627    -0.62316    -0.16311
   2.12124   2.70288   2.18440    -0.52272    -0.54812     0.02541
   1.71049   2.75696   2.18440     0.68901     0.37574     0.31327
   1.29974   2.70288   2.18440     2.22578     1.72765     0.49812
   3.43061   1.99830   1.90925     4.49862     4.27638     0.22224
   3.20315   2.36030   1.90925     1.84551     1.99682    -0.15131
   2.90085   2.66260   1.90925    -0.04957     0.32089    -0.37047
   2.53885   2.89005   1.90925    -0.64508    -0.30600    -0.33908
   2.13532   3.03126   1.90925     0.17382     0.25626    -0.08244
   1.71049   3.07912   1.90925     2.17244     1.92485     0.24759
   1.28565   3.03126   1.90925     4.68185     4.30146     0.38039
   3.54808   2.35088   1.58708     5.44615     5.42187     0.02428
   3.29137   2.67731   1.58708     2.12286     2.50809    -0.38522
   2.97753   2.94925   1.58708     0.13931     0.72634    -0.58703
   2.61790   3.15689   1.58708    -0.28991     0.23426    -0.52417
   2.22547   3.29271   1.58708     0.85279     1.08628    -0.23349
   1.81442   3.35181   1.58708     3.44314     3.29127     0.15187
   1.39962   3.33205   1.58708     7.10655     6.72704     0.37950
   3.55337   2.71630   1.22583     4.96486     5.29668    -0.33183
   3.25685   3.01282   1.22583     1.59136     2.28198    -0.69061
   2.91335   3.25335   1.22583     0.12174     0.89737    -0.77564
   2.53329   3.43057   1.22583     0.51519     1.09121    -0.57603
   2.12824   3.53911   1.22583     2.75602     2.91708    -0.16106
   1.71049   3.57565   1.22583     6.84676     6.53716     0.30960
   3.44965   3.05917   0.83440     3.27246     4.00099    -0.72853
   3.11497   3.31966   0.83440     0.81953     1.74591    -0.92638
   2.74198   3.52151   0.83440     0.53527     1.34668    -0.81141
   2.34086   3.65921   0.83440     2.36383     2.78077    -0.41695
   1.92254   3.72902   0.83440     6.45331     6.29741     0.15589
   3.59617   3.05562   0.42243     5.14558     5.83392    -0.68834
   3.27797   3.32739   0.42243     1.70683     2.69560    -0.98877
   2.92117   3.54604   0.42243     0.64131     1.61765    -0.97634
   2.53456   3.70617   0.42243     1.76895     2.42898    -0.66003
   2.12766   3.80386   0.42243     5.21272     5.30933    -0.09661
   3.65590   3.04220   0.00006     6.11508     6.76236    -0.64728
   3.34730   3.31723   0.00006     2.21009     3.20240    -0.99231
   3.00033   3.54192   0.00006     0.75552     1.78719    -1.03167
   2.62313   3.71101   0.00006     1.49849     2.26318    -0.76469
   2.22454   3.82055   0.00006     4.51493     4.74909    -0.23416
   3.59617   3.05562  -0.42231     5.13805     5.82265    -0.68460
   3.27797   3.32739  -0.42231     1.70306     2.68845    -0.98539
   2.92117   3.54604  -0.42231     0.63943     1.61331    -0.97388
   2.53456   3.70617  -0.42231     1.76958     2.42697    -0.65739
   2.12766   3.80386  -0.42231     5.21586     5.30980    -0.09395
   3.44965   3.05917  -0.83429     3.26117     3.98226    -0.72110
   3.11497   3.31966  -0.83429     0.81388     1.73404    -0.92016
   2.74198   3.52151  -0.83429     0.53401     1.33981    -0.80580
   2.34086   3.65921  -0.83429     2.36697     2.77837    -0.41141
   1.92254   3.72902  -0.83429     6.46209     6.30016     0.16193
   3.55337   2.71630  -1.22572     4.94164     5.26192    -0.32028
   3.25685   3.01282  -1.22572     1.57819     2.25929    -0.68110
   2.91335   3.25335  -1.22572     0.11609     0.88295    -0.76686
   2.53329   3.43057  -1.22572     0.51581     1.08329    -0.56748
   2.12824   3.53911  -1.22572     2.76292     2.91538    -0.15245
   1.71049   3.57565  -1.22572     6.86182     6.54287     0.31895
   3.54808   2.35088  -1.58696     5.41164     5.37119     0.04045
   3.29137   2.67731  -1.58696     2.10153     2.47395    -0.37242
   2.97753   2.94925  -1.58696     0.12801     0.70368    -0.57567
   2.61790   3.15689  -1.58696    -0.29305     0.22024    -0.51328
   2.22547   3.29271  -1.58696     0.85655     1.07969    -0.22314
   1.81442   3.35181  -1.58696     3.45507     3.29231     0.16276
   1.39962   3.33205  -1.58696     7.12914     6.73723     0.39190
   3.43061   1.99830  -1.90913     4.45783     4.21605     0.24178
   3.20315   2.36030  -1.90913     1.81978     1.95497    -0.13519
   2.90085   2.66260  -1.90913    -0.06401     0.29268    -0.35669
   2.53885   2.89005  -1.90913    -0.65010    -0.32387    -0.32623
   2.13532   3.03126  -1.90913     0.17696     0.24706    -0.07011
   1.71049   3.07912  -1.90913     2.18436     1.92397     0.26039
   1.28565   3.03126  -1.90913     4.70444     4.30939     0.39505
   3.24343   1.58069  -2.18429     3.53727     3.19611     0.34116
   3.08489   1.96345  -2.18429     1.73444     1.65243     0.08201
   2.83268   2.29213  -2.18429     0.05271     0.18039    -0.12768
   2.50400   2.54434  -2.18429    -0.79505    -0.64647    -0.14858
   2.12124   2.70288  -2.18429    -0.52272    -0.56206     0.03935
   1.71049   2.75696  -2.18429     0.69779     0.37004     0.32775
   1.29974   2.70288  -2.18429     2.24272     1.72951     0.51321
   2.93626   1.16994  -2.40566     3.12437     2.81566     0.30871
   2.86234   1.58918  -2.40566     1.57505     1.39669     0.17836
   2.64949   1.95785  -2.40566     0.06714     0.02756     0.03958
   2.32337   2.23149  -2.40566    -0.75866    -0.81293     0.05427
   1.92334   2.37709  -2.40566    -0.55284    -0.81763     0.26479
   1.49763   2.37709  -2.40566     0.36960    -0.17069     0.54029
   1.09760   2.23149  -2.40566     1.20670     0.50213     0.70457
   2.54483   1.16994  -2.56779     2.03062     1.79563     0.23499
   2.43305   1.58711  -2.56779     0.46498     0.29063     0.17436
   2.12766   1.89250  -2.56779    -0.45934    -0.68896     0.22963
   1.71049   2.00428  -2.56779    -0.35203    -0.81417     0.46214
   1.29332   1.89250  -2.56779     0.25289    -0.45099     0.70388
   1.29332   0.44737  -2.56779     2.94051     2.58743     0.35307
   2.13286   1.16994  -2.66670     1.30836     1.01810     0.29026
   1.92167   1.53572  -2.66670     0.11170    -0.25093     0.36263
   1.49930   1.53572  -2.66670     0.17696    -0.40279     0.57975
   1.28812   1.16994  -2.66670     0.80070     0.21369     0.58701
   1.49930   0.80415  -2.66670     1.90512     1.46203     0.44309
   1.92167   0.80415  -2.66670     2.45607     2.11261     0.34346
   1.71049   1.16994  -2.69994     0.92495     0.48521     0.43974
   0.36004   1.07707   2.69990     0.17947     0.19772    -0.01826
   0.78241   1.07707   2.66666     0.80635     0.46740     0.33895
   0.57122   1.44286   2.66666     0.83835     0.47228     0.36607
   0.14885   1.44286   2.66666     0.42984     0.32874     0.10110
  -0.06234   1.07707   2.66666    -0.83522    -0.66111    -0.17411
   0.14885   0.71129   2.66666    -0.95193    -0.34278    -0.60915
   0.57122   0.71129   2.66666     0.46247     0.66999    -0.20751
   0.77721   1.79964   2.56776     1.15148     0.55918     0.59230
   0.36004   1.91142   2.56776     1.64156     1.52222     0.11935
  -0.47431   1.07707   2.56776    -2.06137    -2.11555     0.05418
   0.77721   0.35451   2.56776     1.53238     1.80486    -0.27248
   0.97292   0.01552   2.40562     3.57618     3.65123    -0.07506
   0.97292   0.01552  -2.40581     3.56614     3.62931    -0.06318
   0.77721   1.79964  -2.56795     1.16591     0.55719     0.60872
   0.36004   1.91142  -2.56795     1.66353     1.52547     0.13806
  -0.47431   1.07707  -2.56795    -2.05007    -2.11859     0.06851
   0.77721   0.35451  -2.56795     1.52610     1.78742    -0.26132
   0.78241   1.07707  -2.66685     0.80886     0.45659     0.35227
   0.57122   1.44286  -2.66685     0.84839     0.46761     0.38079
   0.14885   1.44286  -2.66685     0.44428     0.32724     0.11704
  -0.06234   1.07707  -2.66685    -0.82580    -0.66568    -0.16013
   0.14885   0.71129  -2.66685    -0.95068    -0.35218    -0.59850
   0.57122   0.71129  -2.66685     0.46122     0.65756    -0.19634
   0.36004   1.07707  -2.70010     0.18574     0.19060    -0.00486
  -0.41479  -0.05781   2.69976    -4.62726    -3.26735    -1.35991
   0.00759  -0.05781   2.66652    -2.50502    -1.09742    -1.40760
  -0.20360   0.30797   2.66652    -3.16453    -1.90731    -1.25722
  -0.62597   0.30797   2.66652    -4.88830    -3.86469    -1.02361
  -0.83716  -0.05781   2.66652    -6.42695    -5.36419    -1.06277
  -0.62597  -0.42360   2.66652    -6.13830    -4.95836    -1.17994
  -0.20360  -0.42360   2.66652    -3.91189    -2.58323    -1.32866
   0.41956  -0.05781   2.56761    -0.03138     1.06572    -1.09709
  -0.83196   0.66475   2.56761    -4.73770    -4.40213    -0.33557
  -1.13735  -0.47499   2.56761    -8.43498    -7.77114    -0.66384
  -0.83196  -0.78038   2.56761    -7.88215    -7.12231    -0.75984
   0.30778  -0.47499   2.56761    -0.60241     0.43103    -1.03344
  -1.35379  -0.84572   2.40548   -10.37273   -10.32129    -0.05144
  -1.02768  -1.11936   2.40548   -10.17883    -9.98673    -0.19211
  -1.35379  -0.84572  -2.40596   -10.39030   -10.33981    -0.05050
  -1.02768  -1.11936  -2.40596   -10.19766   -10.00707    -0.19059
   0.41956  -0.05781  -2.56809    -0.04079     1.04784    -1.08863
  -0.83196   0.66475  -2.56809    -4.73456    -4.40877    -0.32579
  -1.13735  -0.47499  -2.56809    -8.44816    -7.78702    -0.66114
  -0.83196  -0.78038  -2.56809    -7.89783    -7.14038    -0.75746
   0.30778  -0.47499  -2.56809    -0.61496     0.41158    -1.02654
   0.00759  -0.05781  -2.66700    -2.51318    -1.11293    -1.40025
  -0.20360   0.30797  -2.66700    -3.16767    -1.91901    -1.24866
  -0.62597   0.30797  -2.66700    -4.89081    -3.87516    -1.01565
  -0.83716  -0.05781  -2.66700    -6.43511    -5.37726    -1.05785
  -0.62597  -0.42360  -2.66700    -6.14959    -4.97432    -1.17527
  -0.20360  -0.42360  -2.66700    -3.92319    -2.60030    -1.32288
  -0.41479  -0.05781  -2.70024    -4.63479    -3.28127    -1.35351
   0.24421  -1.33226   2.69985    -2.80936    -2.74495    -0.06441
   0.66658  -1.33226   2.66660    -0.13617    -0.23598     0.09981
   0.45540  -0.96647   2.66660    -0.37211    -0.09633    -0.27579
   0.03303  -0.96647   2.66660    -3.03903    -2.47045    -0.56858
  -0.17816  -1.33226   2.66660    -5.61496    -5.37793    -0.23702
   0.03303  -1.69805   2.66660    -6.01782    -6.10200     0.08418
   0.45540  -1.69805   2.66660    -3.02020    -3.24825     0.22805
   0.66138  -0.60970   2.56770     1.57505     1.99819    -0.42314
  -0.47835  -0.91509   2.56770    -6.23242    -5.40674    -0.82568
  -0.59013  -1.33226   2.56770    -8.41741    -8.14574    -0.27167
  -0.47835  -1.74943   2.56770   -10.18887   -10.17937    -0.00950
  -0.17296  -2.05482   2.56770   -10.20456   -10.31873     0.11417
   0.24421  -2.16661   2.56770    -7.64683    -7.89989     0.25306
   0.66138  -2.05482   2.56770    -3.45758    -3.82274     0.36517
   0.96678  -1.74943   2.56770     0.27359    -0.01562     0.28922
  -0.98156  -1.33226   2.40556   -11.04228   -10.98710    -0.05518
  -0.90764  -1.75150   2.40556   -13.58746   -13.65268     0.06522
   0.85710  -2.39381   2.40556    -3.88679    -4.28390     0.39711
  -1.28873  -1.74301   2.18419   -16.60390   -16.94418     0.34028
   1.03772  -2.70666   2.18419    -4.06877    -4.42492     0.35615
  -1.28873  -1.74301  -2.18450   -16.62586   -16.96800     0.34214
   1.03772  -2.70666  -2.18450    -4.07881    -4.44207     0.36326
  -0.98156  -1.33226  -2.40587   -11.06236   -11.00888    -0.05349
  -0.90764  -1.75150  -2.40587   -13.60817   -13.67626     0.06809
   0.85710  -2.39381  -2.40587    -3.89934    -4.30376     0.40441
   0.66138  -0.60970  -2.56801     1.56313     1.97704    -0.41391
  -0.47835  -0.91509  -2.56801    -6.24811    -5.42620    -0.82192
  -0.59013  -1.33226  -2.56801    -8.43561    -8.16703    -0.26858
  -0.47835  -1.74943  -2.56801   -10.20832   -10.20239    -0.00593
  -0.17296  -2.05482  -2.56801   -10.22401   -10.34258     0.11857
   0.24421  -2.16661  -2.56801    -7.66440    -7.92284     0.25844
   0.66138  -2.05482  -2.56801    -3.47201    -3.84402     0.37201
   0.96678  -1.74943  -2.56801     0.26230    -0.03672     0.29902
   0.66658  -1.33226  -2.66691    -0.14935    -0.25756     0.10821
   0.45540  -0.96647  -2.66691    -0.38529    -0.11710    -0.26819
   0.03303  -0.96647  -2.66691    -3.05283    -2.49033    -0.56251
  -0.17816  -1.33226  -2.66691    -5.63127    -5.39896    -0.23231
   0.03303  -1.69805  -2.66691    -6.03476    -6.12409     0.08933
   0.45540  -1.69805  -2.66691    -3.03526    -3.26985     0.23459
   0.24421  -1.33226  -2.70016    -2.82442    -2.76602    -0.05840
  -0.21598  -2.43462   2.51948   -13.52973   -13.58953     0.05980
   0.19879  -2.43462   2.48511   -10.32881   -10.52012     0.19132
  -0.63076  -2.43462   2.48511   -16.52421   -16.52424     0.00003
  -0.42337  -2.79382   2.48511   -17.13101   -17.11218    -0.01883
  -0.00860  -2.79382   2.48511   -14.18736   -14.20760     0.02024
  -0.92460  -2.02549   2.38294   -16.05295   -16.11281     0.05986
  -1.03423  -2.43462   2.38294   -19.38440   -19.38360    -0.00080
  -0.92460  -2.84374   2.38294   -20.80633   -20.78110    -0.02523
  -0.62511  -3.14324   2.38294   -20.24597   -20.22054    -0.02542
  -0.21598  -3.25286   2.38294   -18.06600   -18.01005    -0.05595
   0.19314  -3.14324   2.38294   -14.61909   -14.56561    -0.05347
   0.49263  -2.84374   2.38294   -10.50263   -10.60221     0.09958
  -1.34304  -2.02440   2.21575   -19.09386   -19.27804     0.18418
  -1.41537  -2.43462   2.21575   -22.21070   -22.23699     0.02630
  -1.34304  -2.84483   2.21575   -23.78010   -23.76026    -0.01984
  -1.13477  -3.20557   2.21575   -23.89368   -23.90450     0.01082
  -0.81568  -3.47332   2.21575   -22.89406   -22.92254     0.02848
  -0.42426  -3.61578   2.21575   -21.01780   -20.99573    -0.02208
  -0.00771  -3.61578   2.21575   -18.32892   -18.21221    -0.11672
   0.38371  -3.47332   2.21575   -14.82679   -14.66673    -0.16006
   0.70280  -3.20557   2.21575   -10.66954   -10.61743    -0.05212
   0.91107  -2.84483   2.21575    -6.42695    -6.64708     0.22013
  -1.63566  -1.81796   1.98811   -19.72200   -20.27844     0.55645
  -1.74938  -2.22386   1.98811   -23.72300   -23.87665     0.15366
  -1.74938  -2.64538   1.98811   -26.14267   -26.12559    -0.01709
  -1.63566  -3.05127   1.98811   -26.97789   -26.96592    -0.01197
  -1.41664  -3.41143   1.98811   -26.66476   -26.72961     0.06485
  -1.10858  -3.69914   1.98811   -25.58921   -25.71207     0.12286
  -0.73432  -3.89306   1.98811   -23.95329   -24.05255     0.09926
  -0.32161  -3.97882   1.98811   -21.79089   -21.77326    -0.01763
   0.09893  -3.95006   1.98811   -19.01668   -18.83916    -0.17752
   0.49611  -3.80890   1.98811   -15.50199   -15.21546    -0.28654
   0.84048  -3.56582   1.98811   -11.19540   -10.95027    -0.24513
   1.10650  -3.23884   1.98811    -6.33094    -6.32186    -0.00908
  -2.05747  -2.64986   1.70623   -29.36054   -29.30446    -0.05609
  -1.95820  -3.06873   1.70623   -29.99119   -29.96029    -0.03090
  -1.76500  -3.45342   1.70623   -29.50801   -29.58674     0.07874
  -1.48829  -3.78318   1.70623   -28.39606   -28.59130     0.19524
  -1.14300  -4.04025   1.70623   -26.89506   -27.14235     0.24730
  -0.74772  -4.21075   1.70623   -25.07277   -25.26296     0.19019
  -0.32379  -4.28550   1.70623   -22.87711   -22.90168     0.02457
   0.10596  -4.26047   1.70623   -20.16753   -19.96837    -0.19915
   0.51836  -4.13701   1.70623   -16.74446   -16.35467    -0.38980
   0.89116  -3.92177   1.70623   -12.40586   -11.96382    -0.44204
   1.20428  -3.62636   1.70623    -7.06701    -6.78850    -0.27851
   1.44083  -3.26670   1.70623    -1.01970    -1.10823     0.08852
  -2.22889  -3.06617   1.37779   -33.11179   -33.06781    -0.04398
  -2.06056  -3.45844   1.37779   -32.26403   -32.34054     0.07651
  -1.81671  -3.80879   1.37779   -30.95191   -31.17743     0.22552
  -1.50732  -4.10288   1.37779   -29.41137   -29.75476     0.34339
  -1.14507  -4.32868   1.37779   -27.71647   -28.08657     0.37010
  -0.74478  -4.47693   1.37779   -25.84210   -26.11807     0.27598
  -0.32284  -4.54157   1.37779   -23.69225   -23.76135     0.06910
   0.10348  -4.51995   1.37779   -21.10628   -20.90424    -0.20204
   0.51671  -4.41295   1.37779   -17.86457   -17.40836    -0.45621
   0.89995  -4.22497   1.37779   -13.70041   -13.10557    -0.59485
   1.23750  -3.96368   1.37779    -8.33082    -7.80687    -0.52394
   1.51555  -3.63980   1.37779    -1.55873    -1.36395    -0.19478
  -2.36790  -3.26827   1.01175   -35.55720   -35.59580     0.03860
  -2.17807  -3.64949   1.01175   -33.96458   -34.13079     0.16621
  -1.92143  -3.98934   1.01175   -32.24897   -32.57470     0.32573
  -1.60671  -4.27624   1.01175   -30.50700   -30.95882     0.45182
  -1.24464  -4.50043   1.01175   -28.73680   -29.22249     0.48569
  -0.84753  -4.65427   1.01175   -26.88313   -27.27678     0.39365
  -0.42892  -4.73252   1.01175   -24.83996   -25.01994     0.17998
  -0.00305  -4.73252   1.01175   -22.45292   -22.33464    -0.11828
   0.41556  -4.65427   1.01175   -19.50739   -19.07689    -0.43049
   0.81267  -4.50043   1.01175   -15.72476   -15.05805    -0.66671
   1.17475  -4.27624   1.01175   -10.74359   -10.01827    -0.72532
   1.48946  -3.98934   1.01175    -4.10642    -3.59093    -0.51550
  -2.51155  -3.27013   0.61810   -37.87083   -37.98663     0.11581
  -2.33159  -3.65606   0.61810   -35.77055   -35.96527     0.19472
  -2.08735  -4.00488   0.61810   -33.75311   -34.10211     0.34900
  -1.78624  -4.30598   0.61810   -31.84673   -32.34528     0.49855
  -1.43743  -4.55022   0.61810   -30.01315   -30.58523     0.57208
  -1.05150  -4.73018   0.61810   -28.18208   -28.70869     0.52662
  -0.64019  -4.84039   0.61810   -26.25562   -26.60519     0.34957
  -0.21598  -4.87751   0.61810   -24.09574   -24.15923     0.06349
   0.20822  -4.84039   0.61810   -21.51667   -21.23673    -0.27994
   0.61953  -4.73018   0.61810   -18.26617   -17.66502    -0.60116
   1.00546  -4.55022   0.61810   -14.00538   -13.20083    -0.80455
   1.35427  -4.30598   0.61810    -8.25803    -7.47329    -0.78474
  -2.50444  -3.46906   0.20758   -37.97374   -38.16012     0.18639
  -2.29670  -3.84093   0.20758   -35.64317   -35.92765     0.28448
  -2.02910  -4.17235   0.20758   -33.53411   -33.97920     0.44509
  -1.70934  -4.45377   0.20758   -31.59071   -32.16879     0.57808
  -1.34662  -4.67710   0.20758   -29.73768   -30.35578     0.61810
  -0.95138  -4.83593   0.20758   -27.88715   -28.41633     0.52918
  -0.53498  -4.92567   0.20758   -25.92493   -26.23484     0.30992
  -0.10940  -4.94375   0.20758   -23.69915   -23.69015    -0.00900
   0.31311  -4.88964   0.20758   -21.00776   -20.63838    -0.36939
   0.72041  -4.76491   0.20758   -17.57780   -16.88804    -0.68976
   1.10076  -4.57314   0.20758   -13.02772   -12.15820    -0.86953
   1.44323  -4.31985   0.20758    -6.79718    -5.99680    -0.80039
  -2.50444  -3.46906  -0.20862   -37.97311   -38.15991     0.18680
  -2.29670  -3.84093  -0.20862   -35.64254   -35.92779     0.28525
  -2.02910  -4.17235  -0.20862   -33.53411   -33.97953     0.44543
  -1.70934  -4.45377  -0.20862   -31.59071   -32.16925     0.57854
  -1.34662  -4.67710  -0.20862   -29.73830   -30.35631     0.61801
  -0.95138  -4.83593  -0.20862   -27.88778   -28.41694     0.52916
  -0.53498  -4.92567  -0.20862   -25.92493   -26.23551     0.31058
  -0.10940  -4.94375  -0.20862   -23.69978   -23.69087    -0.00890
   0.31311  -4.88964  -0.20862   -21.00839   -20.63917    -0.36922
   0.72041  -4.76491  -0.20862   -17.57780   -16.88891    -0.68889
   1.10076  -4.57314  -0.20862   -13.02835   -12.15914    -0.86921
   1.44323  -4.31985  -0.20862    -6.79718    -5.99777    -0.79941
  -2.51155  -3.27013  -0.61915   -37.86957   -37.98588     0.11631
  -2.33159  -3.65606  -0.61915   -35.76992   -35.96558     0.19565
  -2.08735  -4.00488  -0.61915   -33.75311   -34.10305     0.34994
  -1.78624  -4.30598  -0.61915   -31.84736   -32.34661     0.49924
  -1.43743  -4.55022  -0.61915   -30.01315   -30.58681     0.57366
  -1.05150  -4.73018  -0.61915   -28.18271   -28.71048     0.52777
  -0.64019  -4.84039  -0.61915   -26.25625   -26.60716     0.35091
  -0.21598  -4.87751  -0.61915   -24.09699   -24.16138     0.06439
   0.20822  -4.84039  -0.61915   -21.51730   -21.23909    -0.27821
   0.61953  -4.73018  -0.61915   -18.26743   -17.66760    -0.59983
   1.00546  -4.55022  -0.61915   -14.00664   -13.20363    -0.80301
   1.35427  -4.30598  -0.61915    -8.25928    -7.47623    -0.78305
  -2.36790  -3.26827  -1.01279   -35.55594   -35.59617     0.04023
  -2.17807  -3.64949  -1.01279   -33.96458   -34.13217     0.16759
  -1.92143  -3.98934  -1.01279   -32.24960   -32.57677     0.32718
  -1.60671  -4.27624  -1.01279   -30.50763   -30.96136     0.45373
  -1.24464  -4.50043  -1.01279   -28.73805   -29.22537     0.48732
  -0.84753  -4.65427  -1.01279   -26.88439   -27.27996     0.39557
  -0.42892  -4.73252  -1.01279   -24.84185   -25.02342     0.18157
  -0.00305  -4.73252  -1.01279   -22.45417   -22.33844    -0.11573
   0.41556  -4.65427  -1.01279   -19.50927   -19.08106    -0.42821
   0.81267  -4.50043  -1.01279   -15.72727   -15.06260    -0.66467
   1.17475  -4.27624  -1.01279   -10.74610   -10.02315    -0.72295
   1.48946  -3.98934  -1.01279    -4.10830    -3.59586    -0.51244
  -2.22889  -3.06617  -1.37883   -33.11179   -33.07008    -0.04171
  -2.06056  -3.45844  -1.37883   -32.26466   -32.34335     0.07869
  -1.81671  -3.80879  -1.37883   -30.95253   -31.18082     0.22829
  -1.50732  -4.10288  -1.37883   -29.41325   -29.75862     0.34537
  -1.14507  -4.32868  -1.37883   -27.71835   -28.09083     0.37248
  -0.74478  -4.47693  -1.37883   -25.84398   -26.12272     0.27874
  -0.32284  -4.54157  -1.37883   -23.69413   -23.76642     0.07229
   0.10348  -4.51995  -1.37883   -21.10879   -20.90978    -0.19901
   0.51671  -4.41295  -1.37883   -17.86771   -17.41444    -0.45327
   0.89995  -4.22497  -1.37883   -13.70418   -13.11220    -0.59198
   1.23750  -3.96368  -1.37883    -8.33458    -7.81394    -0.52064
   1.51555  -3.63980  -1.37883    -1.56124    -1.37090    -0.19034
  -2.05747  -2.64986  -1.70727   -29.36368   -29.31055    -0.05313
  -1.95820  -3.06873  -1.70727   -29.99370   -29.96540    -0.02830
  -1.76500  -3.45342  -1.70727   -29.51052   -29.59184     0.08133
  -1.48829  -3.78318  -1.70727   -28.39857   -28.59669     0.19812
  -1.14300  -4.04025  -1.70727   -26.89757   -27.14811     0.25054
  -0.74772  -4.21075  -1.70727   -25.07591   -25.26914     0.19323
  -0.32379  -4.28550  -1.70727   -22.88088   -22.90838     0.02750
   0.10596  -4.26047  -1.70727   -20.17129   -19.97569    -0.19560
   0.51836  -4.13701  -1.70727   -16.74886   -16.36271    -0.38615
   0.89116  -3.92177  -1.70727   -12.41026   -11.97263    -0.43762
   1.20428  -3.62636  -1.70727    -7.07140    -6.79790    -0.27351
   1.44083  -3.26670  -1.70727    -1.02284    -1.11752     0.09468
  -1.63566  -1.81796  -1.98916   -19.73831   -20.29507     0.55676
  -1.74938  -2.22386  -1.98916   -23.73304   -23.88872     0.15568
  -1.74938  -2.64538  -1.98916   -26.14958   -26.13465    -0.01492
  -1.63566  -3.05127  -1.98916   -26.98291   -26.97367    -0.00924
  -1.41664  -3.41143  -1.98916   -26.66915   -26.73702     0.06786
  -1.10858  -3.69914  -1.98916   -25.59360   -25.71959     0.12599
  -0.73432  -3.89306  -1.98916   -23.95769   -24.06044     0.10275
  -0.32161  -3.97882  -1.98916   -21.79529   -21.78171    -0.01358
   0.09893  -3.95006  -1.98916   -19.02232   -18.84836    -0.17397
   0.49611  -3.80890  -1.98916   -15.50827   -15.22558    -0.28269
   0.84048  -3.56582  -1.98916   -11.20167   -10.96141    -0.24027
   1.10650  -3.23884  -1.98916    -6.33722    -6.33386    -0.00336
  -1.34304  -2.02440  -2.21680   -19.10829   -19.29406     0.18577
  -1.41537  -2.43462  -2.21680   -22.22074   -22.24970     0.02896
  -1.34304  -2.84483  -2.21680   -23.78763   -23.77093    -0.01670
  -1.13477  -3.20557  -2.21680   -23.89995   -23.91434     0.01439
  -0.81568  -3.47332  -2.21680   -22.89970   -22.93232     0.03262
  -0.42426  -3.61578  -2.21680   -21.02408   -21.00594    -0.01814
  -0.00771  -3.61578  -2.21680   -18.33583   -18.22324    -0.11259
   0.38371  -3.47332  -2.21680   -14.83432   -14.67890    -0.15542
   0.70280  -3.20557  -2.21680   -10.67833   -10.63095    -0.04738
   0.91107  -2.84483  -2.21680    -6.43574    -6.66201     0.22628
  -0.92460  -2.02549  -2.38398   -16.06864   -16.13079     0.06215
  -1.03423  -2.43462  -2.38398   -19.39632   -19.39834     0.00202
  -0.92460  -2.84374  -2.38398   -20.81575   -20.79388    -0.02187
  -0.62511  -3.14324  -2.38398   -20.25412   -20.23278    -0.02134
  -0.21598  -3.25286  -2.38398   -18.07478   -18.02280    -0.05198
   0.19314  -3.14324  -2.38398   -14.62850   -14.57967    -0.04883
   0.49263  -2.84374  -2.38398   -10.51329   -10.61815     0.10485
   0.19879  -2.43462  -2.48615   -10.34324   -10.53868     0.19544
  -0.63076  -2.43462  -2.48615   -16.53739   -16.54071     0.00333
  -0.42337  -2.79382  -2.48615   -17.14168   -17.12712    -0.01456
  -0.00860  -2.79382  -2.48615   -14.19866   -14.22355     0.02489
  -0.21598  -2.43462  -2.52052   -13.54291   -13.60734     0.06443
  -1.78752   0.37551   2.70014    -7.32304    -6.99346    -0.32958
  -1.36514   0.37551   2.66690    -6.74384    -6.35692    -0.38692
  -1.57633   0.74130   2.66690    -5.94063    -5.78514    -0.15549
  -1.99870   0.74130   2.66690    -6.43762    -6.11049    -0.32713
  -2.20989   0.37551   2.66690    -7.85705    -7.47100    -0.38604
  -1.99870   0.00973   2.66690    -8.72552    -8.44991    -0.27561
  -1.57633   0.00973   2.66690    -8.08107    -7.70564    -0.37543
  -1.06495   0.79269   2.56799    -4.91905    -4.93861     0.01956
  -2.51008   0.79269   2.56799    -6.63905    -6.14378    -0.49527
  -2.62186   0.37551   2.56799    -8.44063    -7.95124    -0.48939
  -1.78752  -0.45883   2.56799    -9.90775    -9.82760    -0.08015
  -1.37034  -0.34705   2.56799    -8.77070    -8.32606    -0.44464
  -1.57466  -0.83164   2.40586   -10.93247   -11.08782     0.15535
  -1.57466  -0.83164  -2.40558   -10.95067   -11.10787     0.15720
  -1.06495   0.79269  -2.56771    -4.91591    -4.94683     0.03092
  -2.51008   0.79269  -2.56771    -6.63842    -6.15021    -0.48821
  -2.62186   0.37551  -2.56771    -8.44377    -7.96077    -0.48300
  -1.78752  -0.45883  -2.56771    -9.92093    -9.84446    -0.07646
  -1.37034  -0.34705  -2.56771    -8.78451    -8.34302    -0.44149
  -1.36514   0.37551  -2.66662    -6.74886    -6.36872    -0.38015
  -1.57633   0.74130  -2.66662    -5.94063    -5.79379    -0.14684
  -1.99870   0.74130  -2.66662    -6.43762    -6.11857    -0.31905
  -2.20989   0.37551  -2.66662    -7.86144    -7.48151    -0.37993
  -1.99870   0.00973  -2.66662    -8.73430    -8.46333    -0.27098
  -1.57633   0.00973  -2.66662    -8.09048    -7.71981    -0.37067
  -1.78752   0.37551  -2.69986    -7.32806    -7.00473    -0.32332
  -2.97578  -0.42200   2.70052   -13.12499   -12.62614    -0.49885
  -2.55341  -0.42200   2.66728   -11.60642   -11.30998    -0.29644
  -2.76460  -0.05622   2.66728   -10.55032   -10.08924    -0.46108
  -3.18697  -0.05622   2.66728   -11.98480   -11.37209    -0.61272
  -3.39816  -0.42200   2.66728   -15.09788   -14.47256    -0.62532
  -3.18697  -0.78779   2.66728   -16.26505   -15.76562    -0.49943
  -2.76460  -0.78779   2.66728   -14.28588   -13.95023    -0.33565
  -2.14144  -0.42200   2.56838   -10.54906   -10.46451    -0.08455
  -2.97578   0.41234   2.56838    -8.87926    -8.31231    -0.56695
  -3.39296   0.30056   2.56838   -10.74045   -10.07819    -0.66226
  -3.69835  -0.00483   2.56838   -14.03927   -13.32807    -0.71120
  -2.97578  -1.25635   2.56838   -18.27057   -17.96705    -0.30352
  -2.55861  -1.14456   2.56838   -15.62436   -15.48288    -0.14148
  -2.25322  -0.83917   2.56838   -12.73656   -12.72616    -0.01040
  -3.18864   0.78515   2.40624    -7.25213    -6.69006    -0.56207
  -3.58867   0.63955   2.40624    -9.28149    -8.64618    -0.63532
  -3.91478   0.36591   2.40624   -12.63804   -11.92859    -0.70945
  -2.76293  -1.62915   2.40624   -20.07528   -19.95796    -0.11732
  -2.36290  -1.48355   2.40624   -17.36193   -17.41947     0.05754
  -2.03679  -1.20991   2.40624   -14.32981   -14.59378     0.26398
  -3.38654   1.11094   2.18487    -5.22527    -4.77750    -0.44777
  -3.76929   0.95240   2.18487    -7.51380    -6.98209    -0.53170
  -4.09798   0.70019   2.18487   -11.00903   -10.37110    -0.63793
  -2.56503  -1.95494   2.18487   -22.33808   -22.36723     0.02915
  -2.18227  -1.79640   2.18487   -19.83934   -20.05472     0.21538
  -1.85359  -1.54419   2.18487   -16.72438   -17.23224     0.50786
  -1.60139  -1.21551   2.18487   -13.31952   -13.97821     0.65870
  -3.80415   1.29812   1.90971    -4.23757    -3.92481    -0.31276
  -4.16614   1.07066   1.90971    -7.98067    -7.50792    -0.47274
  -2.14742  -2.14212   1.90971   -24.34109   -24.50226     0.16116
  -1.78542  -1.91466   1.90971   -21.65786   -22.14700     0.48913
  -4.06796   1.46970   1.58754    -2.82066    -2.66473    -0.15593
  -4.40623   1.22882   1.58754    -7.39457    -7.04281    -0.35176
  -4.52215   1.42089   1.22630    -5.48506    -5.30596    -0.17910
  -4.71494   1.46723   0.83487    -5.84462    -5.74982    -0.09480
  -4.77216   1.59369   0.00052    -4.07756    -4.14252     0.06496
  -4.71494   1.46723  -0.83382    -5.83521    -5.74467    -0.09054
  -4.52215   1.42089  -1.22525    -5.47188    -5.29919    -0.17269
  -4.06796   1.46970  -1.58650    -2.80246    -2.65463    -0.14782
  -4.40623   1.22882  -1.58650    -7.38265    -7.03782    -0.34483
  -3.80415   1.29812  -1.90867    -4.22251    -3.91812    -0.30439
  -4.16614   1.07066  -1.90867    -7.97000    -7.50476    -0.46524
  -2.14742  -2.14212  -1.90867   -24.36619   -24.53057     0.16437
  -1.78542  -1.91466  -1.90867   -21.68861   -22.18063     0.49202
  -3.38654   1.11094  -2.18382    -5.21460    -4.77553    -0.43907
  -3.76929   0.95240  -2.18382    -7.50501    -6.98109    -0.52392
  -4.09798   0.70019  -2.18382   -11.00212   -10.37197    -0.63015
  -2.56503  -1.95494  -2.18382   -22.35440   -22.38774     0.03334
  -2.18227  -1.79640  -2.18382   -19.86005   -20.07905     0.21901
  -1.85359  -1.54419  -2.18382   -16.74760   -17.25878     0.51118
  -1.60139  -1.21551  -2.18382   -13.34211   -14.00426     0.66216
  -3.18864   0.78515  -2.40519    -7.24773    -6.69345    -0.55429
  -3.58867   0.63955  -2.40519    -9.27647    -8.64909    -0.62738
  -3.91478   0.36591  -2.40519   -12.63428   -11.93248    -0.70179
  -2.76293  -1.62915  -2.40519   -20.08783   -19.97526    -0.11257
  -2.36290  -1.48355  -2.40519   -17.37699   -17.43957     0.06257
  -2.03679  -1.20991  -2.40519   -14.34675   -14.61530     0.26855
  -2.14144  -0.42200  -2.56733   -10.56098   -10.48149    -0.07950
  -2.97578   0.41234  -2.56733    -8.87989    -8.31999    -0.55990
  -3.39296   0.30056  -2.56733   -10.73920   -10.08444    -0.65476
  -3.69835  -0.00483  -2.56733   -14.03864   -13.33481    -0.70383
  -2.97578  -1.25635  -2.56733   -18.27935   -17.98165    -0.29771
  -2.55861  -1.14456  -2.56733   -15.63565   -15.49979    -0.13587
  -2.25322  -0.83917  -2.56733   -12.74911   -12.74397    -0.00514
  -2.55341  -0.42200  -2.66624   -11.61520   -11.32413    -0.29107
  -2.76460  -0.05622  -2.66624   -10.55596   -10.10064    -0.45533
  -3.18697  -0.05622  -2.66624   -11.98731   -11.38121    -0.60610
  -3.39816  -0.42200  -2.66624   -15.10102   -14.48229    -0.61873
  -3.18697  -0.78779  -2.66624   -16.27069   -15.77759    -0.49311
  -2.76460  -0.78779  -2.66624   -14.29404   -13.96446    -0.32958
  -2.97578  -0.42200  -2.69948   -13.13064   -12.63786    -0.49278
  -3.93960  -1.02389   2.70047   -20.05520   -19.85358    -0.20162
  -3.51723  -1.02389   2.66723   -18.97087   -18.59615    -0.37472
  -3.72841  -0.65810   2.66723   -17.88026   -17.38892    -0.49134
  -4.15079  -0.65810   2.66723   -19.06876   -18.78419    -0.28457
  -4.36197  -1.02389   2.66723   -21.05671   -21.04082    -0.01589
  -4.15079  -1.38967   2.66723   -21.98291   -22.05074     0.06783
  -3.72841  -1.38967   2.66723   -21.10377   -21.01272    -0.09106
  -3.93960  -0.18954   2.56833   -16.28826   -15.67301    -0.61525
  -4.35677  -0.30132   2.56833   -18.09047   -17.75581    -0.33466
  -4.66217  -0.60671   2.56833   -20.17631   -20.12416    -0.05216
  -4.77395  -1.02389   2.56833   -21.99986   -22.12705     0.12720
  -4.66217  -1.44106   2.56833   -23.22287   -23.44741     0.22454
  -4.35677  -1.74645   2.56833   -23.70103   -23.97212     0.27108
  -3.93960  -1.85823   2.56833   -23.41175   -23.63375     0.22200
  -3.52243  -1.74645   2.56833   -22.28914   -22.32337     0.03423
  -3.21704  -1.44106   2.56833   -20.25412   -20.03224    -0.22188
  -4.15245   0.18326   2.40619   -15.01756   -14.38261    -0.63494
  -4.55249   0.03766   2.40619   -17.08018   -16.73309    -0.34709
  -4.87860  -0.23598   2.40619   -19.23379   -19.16331    -0.07048
  -5.09145  -0.60465   2.40619   -21.22363   -21.33670     0.11308
  -5.16538  -1.02389   2.40619   -22.89280   -23.09488     0.20208
  -5.09145  -1.44313   2.40619   -24.13841   -24.39070     0.25229
  -4.87860  -1.81180   2.40619   -24.91401   -25.22798     0.31397
  -4.55249  -2.08544   2.40619   -25.23655   -25.62311     0.38656
  -4.15245  -2.23104   2.40619   -25.15748   -25.57582     0.41833
  -3.72675  -2.23104   2.40619   -24.68873   -25.03414     0.34540
  -3.32671  -2.08544   2.40619   -23.69915   -23.85903     0.15988
  -3.00060  -1.81180   2.40619   -21.92581   -21.86790    -0.05791
  -4.35035   0.50906   2.18482   -13.73744   -13.14642    -0.59102
  -4.73311   0.35051   2.18482   -16.01969   -15.69597    -0.32372
  -5.06179   0.09830   2.18482   -18.26617   -18.20293    -0.06325
  -5.31400  -0.23038   2.18482   -20.34198   -20.45853     0.11656
  -5.47255  -0.61314   2.18482   -22.17995   -22.37557     0.19562
  -5.52662  -1.02389   2.18482   -23.73178   -23.93547     0.20369
  -5.47255  -1.43464   2.18482   -24.95543   -25.15199     0.19656
  -5.31400  -1.81740   2.18482   -25.82955   -26.05156     0.22201
  -5.06179  -2.14608   2.18482   -26.36293   -26.66370     0.30077
  -4.73311  -2.39829   2.18482   -26.60138   -27.01566     0.41428
  -4.35035  -2.55683   2.18482   -26.61205   -27.12629     0.51424
  -3.93960  -2.61091   2.18482   -26.45266   -26.99307     0.54040
  -3.52885  -2.55683   2.18482   -26.11067   -26.56472     0.45405
  -3.14609  -2.39829   2.18482   -25.42919   -25.69825     0.26905
  -2.81741  -2.14608   2.18482   -24.06687   -24.14052     0.07365
  -4.76797   0.69623   1.90966   -14.02923   -13.67088    -0.35835
  -5.12996   0.46878   1.90966   -16.62022   -16.52288    -0.09733
  -5.43226   0.16647   1.90966   -18.98028   -19.08911     0.10883
  -5.65972  -0.19552   1.90966   -21.08746   -21.29673     0.20927
  -5.80092  -0.59905   1.90966   -22.93422   -23.14091     0.20669
  -5.84879  -1.02389   1.90966   -24.50174   -24.64523     0.14349
  -5.80092  -1.44872   1.90966   -25.76491   -25.84288     0.07797
  -5.65972  -1.85225   1.90966   -26.70743   -26.76869     0.06126
  -5.43226  -2.21425   1.90966   -27.33494   -27.45667     0.12173
  -5.12996  -2.51655   1.90966   -27.68384   -27.93975     0.25592
  -4.76797  -2.74401   1.90966   -27.82252   -28.25028     0.42776
  -4.36444  -2.88521   1.90966   -27.83820   -28.41875     0.58054
  -3.93960  -2.93308   1.90966   -27.81499   -28.46703     0.65205
  -3.51477  -2.88521   1.90966   -27.78800   -28.38690     0.59890
  -3.11124  -2.74401   1.90966   -27.66878   -28.08960     0.42082
  -2.74924  -2.51655   1.90966   -27.12975   -27.32097     0.19123
  -4.65403   1.04032   1.58749   -10.78438   -10.39413    -0.39025
  -5.03177   0.86781   1.58749   -13.80082   -13.60338    -0.19744
  -5.37004   0.62693   1.58749   -16.49032   -16.51763     0.02731
  -5.65661   0.32639   1.58749   -18.86796   -19.05958     0.19162
  -5.88113  -0.02296   1.58749   -20.97639   -21.22851     0.25212
  -6.03547  -0.40849   1.58749   -22.84009   -23.05283     0.21274
  -6.11406  -0.81625   1.58749   -24.46346   -24.56922     0.10576
  -6.11406  -1.23152   1.58749   -25.83394   -25.81433    -0.01960
  -6.03547  -1.63929   1.58749   -26.93585   -26.82213    -0.11371
  -5.88113  -2.02481   1.58749   -27.76228   -27.62365    -0.13862
  -5.65661  -2.37416   1.58749   -28.32327   -28.24799    -0.07528
  -5.37004  -2.67471   1.58749   -28.65208   -28.72395     0.07187
  -5.03177  -2.91559   1.58749   -28.80645   -29.08213     0.27568
  -4.65403  -3.08810   1.58749   -28.86544   -29.35701     0.49157
  -4.25047  -3.18600   1.58749   -28.92442   -29.58852     0.66410
  -3.83567  -3.20576   1.58749   -29.07754   -29.82002     0.74248
  -3.42462  -3.14666   1.58749   -29.39568   -30.08584     0.69015
  -3.03219  -3.01084   1.58749   -29.86882   -30.37197     0.50314
  -2.67256  -2.80320   1.58749   -30.29177   -30.52140     0.22963
  -2.35872  -2.53126   1.58749   -30.06837   -30.07397     0.00559
  -4.76241   1.23675   1.22625    -9.24635    -8.98574    -0.26061
  -5.14246   1.05952   1.22625   -12.74848   -12.63207    -0.11641
  -5.48597   0.81900   1.22625   -15.72288   -15.80988     0.08700
  -5.78249   0.52248   1.22625   -18.28061   -18.52099     0.24038
  -6.02301   0.17897   1.22625   -20.51831   -20.81089     0.29259
  -6.20024  -0.20108   1.22625   -22.49684   -22.73338     0.23654
  -6.30877  -0.60614   1.22625   -24.23881   -24.33879     0.09998
  -6.34532  -1.02389   1.22625   -25.74420   -25.67111    -0.07309
  -6.30877  -1.44164   1.22625   -27.00111   -26.76797    -0.23314
  -6.20024  -1.84669   1.22625   -27.99634   -27.66197    -0.33436
  -6.02301  -2.22675   1.22625   -28.72989   -28.38220    -0.34770
  -5.78249  -2.57025   1.22625   -29.21621   -28.95625    -0.25996
  -5.48597  -2.86677   1.22625   -29.49295   -29.41244    -0.08050
  -5.14246  -3.10730   1.22625   -29.62033   -29.78260     0.16227
  -4.76241  -3.28452   1.22625   -29.68120   -30.10572     0.42452
  -4.35735  -3.39306   1.22625   -29.78035   -30.43248     0.65213
  -3.93960  -3.42961   1.22625   -30.03762   -30.83021     0.79258
  -3.52185  -3.39306   1.22625   -30.58481   -31.38531     0.80050
  -3.11680  -3.28452   1.22625   -31.54051   -32.19291     0.65240
  -2.73674  -3.10730   1.22625   -32.95241   -33.30417     0.35177
  -2.39324  -2.86677   1.22625   -34.61531   -34.56091    -0.05440
  -4.97110   1.32768   0.83482    -9.29655    -9.16930    -0.12726
  -5.34408   1.12583   0.83482   -13.01643   -13.03310     0.01667
  -5.67876   0.86534   0.83482   -16.06926   -16.26666     0.19740
  -5.96600   0.55332   0.83482   -18.65523   -18.96715     0.31192
  -6.19796   0.19828   0.83482   -20.90611   -21.22329     0.31718
  -6.36832  -0.19011   0.83482   -22.89406   -23.10830     0.21424
  -6.47243  -0.60123   0.83482   -24.64732   -24.68117     0.03385
  -6.50745  -1.02389   0.83482   -26.16715   -25.98948    -0.17766
  -6.47243  -1.44654   0.83482   -27.44350   -27.07213    -0.37137
  -6.36832  -1.85767   0.83482   -28.46446   -27.96182    -0.50264
  -6.19796  -2.24605   0.83482   -29.22751   -28.68730    -0.54021
  -5.96600  -2.60110   0.83482   -29.74395   -29.27547    -0.46848
  -5.67876  -2.91312   0.83482   -30.04704   -29.75384    -0.29319
  -5.34408  -3.17361   0.83482   -30.19199   -30.15350    -0.03849
  -4.97110  -3.37546   0.83482   -30.25600   -30.51309     0.25709
  -4.56997  -3.51317   0.83482   -30.34259   -30.88466     0.54207
  -4.15165  -3.58297   0.83482   -30.58042   -31.34213     0.76170
  -3.72755  -3.58297   0.83482   -31.12886   -31.99311     0.86425
  -3.30923  -3.51317   0.83482   -32.18371   -32.99321     0.80951
  -2.90811  -3.37546   0.83482   -33.98089   -34.55320     0.57231
  -2.53512  -3.17361   0.83482   -36.76704   -36.89864     0.13160
  -5.15028   1.35221   0.42285    -9.95418    -9.92422    -0.02996
  -5.50708   1.13356   0.42285   -13.59625   -13.71464     0.11839
  -5.82528   0.86179   0.42285   -16.56311   -16.83727     0.27416
  -6.09705   0.54359   0.42285   -19.07692   -19.42875     0.35183
  -6.31570   0.18680   0.42285   -21.27069   -21.59069     0.32000
  -6.47584  -0.19981   0.42285   -23.21346   -23.39958     0.18612
  -6.57353  -0.60671   0.42285   -24.93221   -24.91400    -0.01821
  -6.60636  -1.02389   0.42285   -26.42945   -26.17996    -0.24948
  -6.57353  -1.44106   0.42285   -27.69576   -27.23445    -0.46131
  -6.47584  -1.84796   0.42285   -28.71923   -28.10830    -0.61093
  -6.31570  -2.23457   0.42285   -29.49608   -28.82831    -0.66777
  -6.09705  -2.59137   0.42285   -30.03637   -29.41949    -0.61688
  -5.82528  -2.90957   0.42285   -30.36581   -29.90702    -0.45879
  -5.50708  -3.18134   0.42285   -30.53147   -30.31907    -0.21240
  -5.15028  -3.39999   0.42285   -30.60050   -30.69034     0.08984
  -4.76367  -3.56013   0.42285   -30.66576   -31.06725     0.40149
  -4.35677  -3.65781   0.42285   -30.84335   -31.51618     0.67283
  -3.93960  -3.69065   0.42285   -31.28449   -32.13609     0.85161
  -3.52243  -3.65781   0.42285   -32.18496   -33.07852     0.89356
  -3.11553  -3.56013   0.42285   -33.81398   -34.57666     0.76269
  -2.72892  -3.39999   0.42285   -36.55494   -36.97922     0.42428
  -5.04409   1.43987   0.00047    -8.28313    -8.25885    -0.02428
  -5.40723   1.24240   0.00047   -12.26907   -12.34709     0.07802
  -5.73598   0.99181   0.00047   -15.45054   -15.68856     0.23802
  -6.02262   0.69397   0.00047   -18.10428   -18.45044     0.34617
  -6.26044   0.35586   0.00047   -20.39782   -20.75132     0.35350
  -6.44386  -0.01458   0.00047   -22.42217   -22.67756     0.25539
  -6.56858  -0.40868   0.00047   -24.22124   -24.29391     0.07267
  -6.63168  -0.81720   0.00047   -25.80696   -25.65020    -0.15676
  -6.63168  -1.23057   0.00047   -27.17430   -26.78590    -0.38840
  -6.56858  -1.63909   0.00047   -28.31135   -27.73321    -0.57814
  -6.44386  -2.03319   0.00047   -29.21119   -28.51945    -0.69174
  -6.26044  -2.40364   0.00047   -29.87384   -29.16912    -0.70472
  -6.02262  -2.74174   0.00047   -30.31561   -29.70578    -0.60983
  -5.73598  -3.03958   0.00047   -30.56913   -30.15426    -0.41487
  -5.40723  -3.29018   0.00047   -30.68584   -30.54345    -0.14239
  -5.04409  -3.48765   0.00047   -30.73918   -30.91018     0.17100
  -4.65505  -3.62737   0.00047   -30.82578   -31.30513     0.47936
  -4.24925  -3.70607   0.00047   -31.06862   -31.80211     0.73349
  -3.83618  -3.72191   0.00047   -31.62836   -32.51295     0.88458
  -3.42555  -3.67450   0.00047   -32.71960   -33.61149     0.89189
  -3.02696  -3.56497   0.00047   -34.64982   -35.37076     0.72094
  -2.64976  -3.39587   0.00047   -37.88338   -38.21153     0.32816
  -5.15028   1.35221  -0.42190    -9.95105    -9.92271    -0.02833
  -5.50708   1.13356  -0.42190   -13.59437   -13.71393     0.11956
  -5.82528   0.86179  -0.42190   -16.56186   -16.83699     0.27513
  -6.09705   0.54359  -0.42190   -19.07566   -19.42872     0.35306
  -6.31570   0.18680  -0.42190   -21.27006   -21.59082     0.32076
  -6.47584  -0.19981  -0.42190   -23.21283   -23.39982     0.18699
  -6.57353  -0.60671  -0.42190   -24.93221   -24.91432    -0.01789
  -6.60636  -1.02389  -0.42190   -26.42945   -26.18035    -0.24910
  -6.57353  -1.44106  -0.42190   -27.69513   -27.23489    -0.46024
  -6.47584  -1.84796  -0.42190   -28.71860   -28.10881    -0.60979
  -6.31570  -2.23457  -0.42190   -29.49608   -28.82889    -0.66720
  -6.09705  -2.59137  -0.42190   -30.03637   -29.42015    -0.61622
  -5.82528  -2.90957  -0.42190   -30.36581   -29.90777    -0.45804
  -5.50708  -3.18134  -0.42190   -30.53147   -30.31996    -0.21152
  -5.15028  -3.39999  -0.42190   -30.60113   -30.69140     0.09028
  -4.76367  -3.56013  -0.42190   -30.66639   -31.06856     0.40217
  -4.35677  -3.65781  -0.42190   -30.84460   -31.51783     0.67323
  -3.93960  -3.69065  -0.42190   -31.28574   -32.13826     0.85252
  -3.52243  -3.65781  -0.42190   -32.18747   -33.08149     0.89402
  -3.11553  -3.56013  -0.42190   -33.81774   -34.58095     0.76320
  -2.72892  -3.39999  -0.42190   -36.56121   -36.98576     0.42455
  -4.97110   1.32768  -0.83387    -9.28965    -9.16621    -0.12344
  -5.34408   1.12583  -0.83387   -13.01204   -13.03163     0.01959
  -5.67876   0.86534  -0.83387   -16.06613   -16.26609     0.19996
  -5.96600   0.55332  -0.83387   -18.65335   -18.96710     0.31376
  -6.19796   0.19828  -0.83387   -20.90485   -21.22357     0.31872
  -6.36832  -0.19011  -0.83387   -22.89280   -23.10879     0.21599
  -6.47243  -0.60123  -0.83387   -24.64606   -24.68183     0.03577
  -6.50745  -1.02389  -0.83387   -26.16652   -25.99027    -0.17625
  -6.47243  -1.44654  -0.83387   -27.44350   -27.07304    -0.37046
  -6.36832  -1.85767  -0.83387   -28.46446   -27.96285    -0.50160
  -6.19796  -2.24605  -0.83387   -29.22751   -28.68848    -0.53903
  -5.96600  -2.60110  -0.83387   -29.74458   -29.27682    -0.46775
  -5.67876  -2.91312  -0.83387   -30.04766   -29.75542    -0.29224
  -5.34408  -3.17361  -0.83387   -30.19262   -30.15537    -0.03725
  -4.97110  -3.37546  -0.83387   -30.25725   -30.51535     0.25810
  -4.56997  -3.51317  -0.83387   -30.34448   -30.88748     0.54300
  -4.15165  -3.58297  -0.83387   -30.58293   -31.34575     0.76282
  -3.72755  -3.58297  -0.83387   -31.13263   -31.99796     0.86533
  -3.30923  -3.51317  -0.83387   -32.18935   -32.99998     0.81063
  -2.90811  -3.37546  -0.83387   -33.98968   -34.56313     0.57345
  -2.53512  -3.17361  -0.83387   -36.78147   -36.91390     0.13243
  -4.76241   1.23675  -1.22530    -9.23694    -8.98185    -0.25509
  -5.14246   1.05952  -1.22530   -12.74221   -12.63017    -0.11204
  -5.48597   0.81900  -1.22530   -15.71849   -15.80917     0.09069
  -5.78249   0.52248  -1.22530   -18.27747   -18.52101     0.24354
  -6.02301   0.17897  -1.22530   -20.51642   -20.81138     0.29496
  -6.20024  -0.20108  -1.22530   -22.49496   -22.73418     0.23922
  -6.30877  -0.60614  -1.22530   -24.23755   -24.33983     0.10227
  -6.34532  -1.02389  -1.22530   -25.74358   -25.67234    -0.07124
  -6.30877  -1.44164  -1.22530   -27.00048   -26.76938    -0.23109
  -6.20024  -1.84669  -1.22530   -27.99634   -27.66358    -0.33275
  -6.02301  -2.22675  -1.22530   -28.72989   -28.38404    -0.34586
  -5.78249  -2.57025  -1.22530   -29.21684   -28.95837    -0.25847
  -5.48597  -2.86677  -1.22530   -29.49357   -29.41492    -0.07865
  -5.14246  -3.10730  -1.22530   -29.62159   -29.78555     0.16397
  -4.76241  -3.28452  -1.22530   -29.68308   -30.10933     0.42624
  -4.35735  -3.39306  -1.22530   -29.78286   -30.43701     0.65415
  -3.93960  -3.42961  -1.22530   -30.04202   -30.83608     0.79407
  -3.52185  -3.39306  -1.22530   -30.59109   -31.39321     0.80212
  -3.11680  -3.28452  -1.22530   -31.54992   -32.20391     0.65399
  -2.73674  -3.10730  -1.22530   -32.96684   -33.32000     0.35316
  -2.39324  -2.86677  -1.22530   -34.63727   -34.58397    -0.05330
  -4.65403   1.04032  -1.58655   -10.77497   -10.39143    -0.38354
  -5.03177   0.86781  -1.58655   -13.79454   -13.60219    -0.19235
  -5.37004   0.62693  -1.58655   -16.48530   -16.51747     0.03217
  -5.65661   0.32639  -1.58655   -18.86482   -19.06010     0.19529
  -5.88113  -0.02296  -1.58655   -20.97388   -21.22950     0.25563
  -6.03547  -0.40849  -1.58655   -22.83821   -23.05416     0.21595
  -6.11406  -0.81625  -1.58655   -24.46220   -24.57082     0.10862
  -6.11406  -1.23152  -1.58655   -25.83268   -25.81619    -0.01650
  -6.03547  -1.63929  -1.58655   -26.93522   -26.82425    -0.11097
  -5.88113  -2.02481  -1.58655   -27.76228   -27.62607    -0.13621
  -5.65661  -2.37416  -1.58655   -28.32390   -28.25077    -0.07312
  -5.37004  -2.67471  -1.58655   -28.65334   -28.72721     0.07387
  -5.03177  -2.91559  -1.58655   -28.80833   -29.08602     0.27768
  -4.65403  -3.08810  -1.58655   -28.86857   -29.36176     0.49319
  -4.25047  -3.18600  -1.58655   -28.92819   -29.59449     0.66630
  -3.83567  -3.20576  -1.58655   -29.08318   -29.82772     0.74454
  -3.42462  -3.14666  -1.58655   -29.40384   -30.09607     0.69223
  -3.03219  -3.01084  -1.58655   -29.88012   -30.38587     0.50575
  -2.67256  -2.80320  -1.58655   -30.30871   -30.54037     0.23166
  -2.35872  -2.53126  -1.58655   -30.09159   -30.09914     0.00755
  -4.76797   0.69623  -1.90872   -14.02233   -13.67063    -0.35170
  -5.12996   0.46878  -1.90872   -16.61520   -16.52343    -0.09177
  -5.43226   0.16647  -1.90872   -18.97651   -19.09028     0.11376
  -5.65972  -0.19552  -1.90872   -21.08495   -21.29835     0.21340
  -5.80092  -0.59905  -1.90872   -22.93296   -23.14290     0.20993
  -5.84879  -1.02389  -1.90872   -24.50048   -24.64754     0.14706
  -5.80092  -1.44872  -1.90872   -25.76429   -25.84554     0.08125
  -5.65972  -1.85225  -1.90872   -26.70743   -26.77174     0.06431
  -5.43226  -2.21425  -1.90872   -27.33557   -27.46022     0.12465
  -5.12996  -2.51655  -1.90872   -27.68572   -27.94396     0.25824
  -4.76797  -2.74401  -1.90872   -27.82503   -28.25538     0.43036
  -4.36444  -2.88521  -1.90872   -27.84197   -28.42511     0.58314
  -3.93960  -2.93308  -1.90872   -27.82063   -28.47517     0.65454
  -3.51477  -2.88521  -1.90872   -27.79616   -28.39755     0.60139
  -3.11124  -2.74401  -1.90872   -27.67944   -28.10367     0.42423
  -2.74924  -2.51655  -1.90872   -27.14481   -27.33929     0.19448
  -4.35035   0.50906  -2.18387   -13.73179   -13.14786    -0.58393
  -4.73311   0.35051  -2.18387   -16.01467   -15.69753    -0.31714
  -5.06179   0.09830  -2.18387   -18.26241   -18.20484    -0.05757
  -5.31400  -0.23038  -2.18387   -20.33947   -20.46082     0.12136
  -5.47255  -0.61314  -2.18387   -22.17870   -22.37822     0.19953
  -5.52662  -1.02389  -2.18387   -23.73053   -23.93850     0.20797
  -5.47255  -1.43464  -2.18387   -24.95543   -25.15543     0.20001
  -5.31400  -1.81740  -2.18387   -25.83017   -26.05552     0.22535
  -5.06179  -2.14608  -2.18387   -26.36418   -26.66836     0.30417
  -4.73311  -2.39829  -2.18387   -26.60327   -27.02126     0.41800
  -4.35035  -2.55683  -2.18387   -26.61582   -27.13319     0.51737
  -3.93960  -2.61091  -2.18387   -26.45768   -27.00176     0.54407
  -3.52885  -2.55683  -2.18387   -26.11820   -26.57580     0.45760
  -3.14609  -2.39829  -2.18387   -25.43924   -25.71229     0.27305
  -2.81741  -2.14608  -2.18387   -24.07942   -24.15766     0.07824
  -4.15245   0.18326  -2.40525   -15.01442   -14.38636    -0.62806
  -4.55249   0.03766  -2.40525   -17.07642   -16.73628    -0.34013
  -4.87860  -0.23598  -2.40525   -19.23128   -19.16653    -0.06475
  -5.09145  -0.60465  -2.40525   -21.22237   -21.34019     0.11782
  -5.16538  -1.02389  -2.40525   -22.89217   -23.09877     0.20659
  -5.09145  -1.44313  -2.40525   -24.13841   -24.39514     0.25673
  -4.87860  -1.81180  -2.40525   -24.91526   -25.23321     0.31795
  -4.55249  -2.08544  -2.40525   -25.23906   -25.62946     0.39040
  -4.15245  -2.23104  -2.40525   -25.16125   -25.58374     0.42249
  -3.72675  -2.23104  -2.40525   -24.69438   -25.04416     0.34978
  -3.32671  -2.08544  -2.40525   -23.70668   -23.87155     0.16487
  -3.00060  -1.81180  -2.40525   -21.93522   -21.88273    -0.05249
  -3.93960  -0.18954  -2.56738   -16.28701   -15.67904    -0.60797
  -4.35677  -0.30132  -2.56738   -18.08859   -17.76065    -0.32794
  -4.66217  -0.60671  -2.56738   -20.17506   -20.12877    -0.04628
  -4.77395  -1.02389  -2.56738   -21.99923   -22.13201     0.13278
  -4.66217  -1.44106  -2.56738   -23.22413   -23.45315     0.22902
  -4.35677  -1.74645  -2.56738   -23.70354   -23.97912     0.27558
  -3.93960  -1.85823  -2.56738   -23.41614   -23.64259     0.22644
  -3.52243  -1.74645  -2.56738   -22.29541   -22.33437     0.03895
  -3.21704  -1.44106  -2.56738   -20.26103   -20.04486    -0.21617
  -3.51723  -1.02389  -2.66629   -18.97463   -18.60625    -0.36838
  -3.72841  -0.65810  -2.66629   -17.88151   -17.39720    -0.48431
  -4.15079  -0.65810  -2.66629   -19.06939   -18.79064    -0.27875
  -4.36197  -1.02389  -2.66629   -21.05734   -21.04713    -0.01021
  -4.15079  -1.38967  -2.66629   -21.98542   -22.05831     0.07288
  -3.72841  -1.38967  -2.66629   -21.10816   -21.02221    -0.08595
  -3.93960  -1.02389  -2.69953   -20.05709   -19.86156    -0.19553
  -1.76807   1.72864   2.69934    -1.45582    -1.66993     0.21411
  -1.34569   1.72864   2.66610    -1.08434    -1.51706     0.43272
  -1.55688   2.09443   2.66610     0.73481     0.42325     0.31156
  -1.97925   2.09443   2.66610     0.58107     0.42345     0.15762
  -2.19044   1.72864   2.66610    -1.64094    -1.59368    -0.04726
  -1.97925   1.36286   2.66610    -3.63830    -3.58099    -0.05731
  -1.55688   1.36286   2.66610    -3.22289    -3.48517     0.26228
  -1.35090   2.45121   2.56720     2.97502     2.82073     0.15430
  -1.76807   2.56299   2.56720     3.61006     3.39237     0.21770
  -2.18524   2.45121   2.56720     2.87211     2.78111     0.09100
  -2.49063   2.14582   2.56720     0.98205     1.09154    -0.10949
  -2.60241   1.72864   2.56720    -1.59011    -1.32962    -0.26048
  -2.49063   1.31147   2.56720    -4.09199    -3.72299    -0.36900
  -1.04550   1.31147   2.56720    -2.65750    -3.25196     0.59446
  -1.55522   2.93579   2.40506     6.45080     6.35023     0.10056
  -1.98092   2.93579   2.40506     6.35479     6.18144     0.17335
  -2.38096   2.79019   2.40506     5.38591     5.38119     0.00473
  -2.70707   2.51656   2.40506     3.69227     3.89103    -0.19876
  -2.91992   2.14788   2.40506     1.38429     1.70070    -0.31641
  -2.99384   1.72864   2.40506    -1.30585    -0.93128    -0.37457
  -2.91992   1.30940   2.40506    -3.96900    -3.51199    -0.45700
  -1.76807   3.31566   2.18369     9.77848     9.58520     0.19328
  -2.17882   3.26159   2.18369     9.17042     9.02974     0.14069
  -2.56158   3.10304   2.18369     8.09174     8.18597    -0.09423
  -2.89026   2.85084   2.18369     6.55183     6.86804    -0.31621
  -3.14247   2.52215   2.18369     4.50175     4.92578    -0.42403
  -3.30101   2.13939   2.18369     1.98042     2.39785    -0.41743
  -3.35509   1.72864   2.18369    -0.83773    -0.46189    -0.37583
  -3.30101   1.31789   2.18369    -3.65524    -3.25318    -0.40206
  -1.76807   3.63783   1.90853    13.34901    13.04046     0.30855
  -2.19290   3.58996   1.90853    12.44916    12.22484     0.22432
  -2.59643   3.44876   1.90853    11.36608    11.43536    -0.06928
  -3.62939   2.15348   1.90853     2.94741     3.35205    -0.40464
  -3.67726   1.72864   1.90853    -0.26983     0.00976    -0.27958
  -2.07893   3.89075   1.58636    16.11570    15.65364     0.46206
  -2.07893   3.89075  -1.58768    16.13390    15.66276     0.47113
  -1.76807   3.63783  -1.90984    13.37285    13.05091     0.32195
  -2.19290   3.58996  -1.90984    12.46924    12.23484     0.23440
  -2.59643   3.44876  -1.90984    11.38428    11.44511    -0.06083
  -3.62939   2.15348  -1.90984     2.95933     3.35769    -0.39836
  -3.67726   1.72864  -1.90984    -0.25979     0.01292    -0.27271
  -1.76807   3.31566  -2.18500     9.80421     9.59612     0.20809
  -2.17882   3.26159  -2.18500     9.19239     9.03989     0.15250
  -2.56158   3.10304  -2.18500     8.11056     8.19549    -0.08493
  -2.89026   2.85084  -2.18500     6.56877     6.87676    -0.30799
  -3.14247   2.52215  -2.18500     4.51681     4.93326    -0.41645
  -3.30101   2.13939  -2.18500     1.99360     2.40351    -0.40991
  -3.35509   1.72864  -2.18500    -0.82706    -0.45877    -0.36828
  -3.30101   1.31789  -2.18500    -3.64709    -3.25357    -0.39352
  -1.55522   2.93579  -2.40637     6.48029     6.36139     0.11890
  -1.98092   2.93579  -2.40637     6.37863     6.19148     0.18715
  -2.38096   2.79019  -2.40637     5.40599     5.39019     0.01581
  -2.70707   2.51656  -2.40637     3.70984     3.89875    -0.18891
  -2.91992   2.14788  -2.40637     1.39872     1.70658    -0.30786
  -2.99384   1.72864  -2.40637    -1.29392    -0.92799    -0.36593
  -2.91992   1.30940  -2.40637    -3.96021    -3.51212    -0.44809
  -1.35090   2.45121  -2.56851     3.00577     2.83112     0.17465
  -1.76807   2.56299  -2.56851     3.63516     3.40184     0.23333
  -2.18524   2.45121  -2.56851     2.89282     2.78924     0.10358
  -2.49063   2.14582  -2.56851     0.99900     1.09784    -0.09884
  -2.60241   1.72864  -2.56851    -1.57630    -1.32592    -0.25039
  -2.49063   1.31147  -2.56851    -4.08132    -3.72233    -0.35899
  -1.04550   1.31147  -2.56851    -2.63993    -3.24818     0.60824
  -1.34569   1.72864  -2.66741    -1.06237    -1.51074     0.44837
  -1.55688   2.09443  -2.66741     0.75866     0.43120     0.32746
  -1.97925   2.09443  -2.66741     0.60115     0.43034     0.17081
  -2.19044   1.72864  -2.66741    -1.62462    -1.58931    -0.03532
  -1.97925   1.36286  -2.66741    -3.62449    -3.57879    -0.04571
  -1.55688   1.36286  -2.66741    -3.20720    -3.48202     0.27482
  -1.76807   1.72864  -2.70066    -1.43762    -1.66469     0.22706
  -0.46190   2.14860   2.70022     1.77899     2.08925    -0.31026
  -0.03953   2.14860   2.66698     2.14734     2.51846    -0.37113
  -0.25071   2.51439   2.66698     3.56112     4.28807    -0.72695
  -0.67309   2.51439   2.66698     3.36408     3.89097    -0.52689
  -0.88427   2.14860   2.66698     1.42633     1.44363    -0.01730
  -0.67309   1.78282   2.66698     0.07781    -0.08364     0.16145
  -0.25071   1.78282   2.66698     0.70156     0.74792    -0.04637
   0.37245   2.14860   2.56808     2.32743     2.42777    -0.10034
   0.26066   2.56578   2.56808     4.01732     4.64787    -0.63056
  -0.04473   2.87117   2.56808     5.60429     6.62709    -1.02281
  -0.46190   2.98295   2.56808     6.18913     7.19561    -1.00649
  -0.87907   2.87117   2.56808     5.48130     6.09178    -0.61049
  -1.18447   2.56578   2.56808     3.66654     3.74431    -0.07777
  -0.87907   1.42604   2.56808    -1.78213    -2.35862     0.57650
  -0.46190   1.31426   2.56808    -1.20796    -1.46332     0.25536
   0.68995   2.56784   2.40594     3.78765     3.91485    -0.12720
   0.47710   2.93652   2.40594     6.10567     6.86119    -0.75553
   0.15099   3.21015   2.40594     8.03024     9.19480    -1.16456
  -0.24905   3.35575   2.40594     9.03614    10.28005    -1.24391
  -0.67475   3.35575   2.40594     9.00790    10.00437    -0.99648
  -1.07479   3.21015   2.40594     8.09676     8.63324    -0.53648
  -1.40090   2.93652   2.40594     6.45268     6.48606    -0.03338
   0.91250   2.94211   2.18457     5.63566     5.77545    -0.13978
   0.66029   3.27080   2.18457     8.60692     9.35290    -0.74598
   0.33161   3.52300   2.18457    10.89858    12.03882    -1.14023
  -0.05115   3.68155   2.18457    12.23142    13.50250    -1.27109
  -0.46190   3.73562   2.18457    12.57968    13.71513    -1.13544
  -0.87265   3.68155   2.18457    12.12850    12.91164    -0.78314
  -1.25541   3.52300   2.18457    11.11947    11.44027    -0.32080
   1.03076   3.33896   1.90941     8.83345     9.04088    -0.20743
   0.72846   3.64127   1.90941    12.40524    13.12369    -0.71845
  -0.46190   4.05779   1.90941    16.39871    17.34179    -0.94308
  -0.88674   4.00992   1.90941    15.81387    16.41154    -0.59767
  -1.29027   3.86872   1.90941    14.79354    14.94346    -0.14992
  -1.65226   3.64127   1.90941    13.55672    13.30107     0.25565
   1.37569   3.32955   1.58724     7.34625     6.96762     0.37863
  -1.17633   4.21281   1.58724    18.83972    18.85427    -0.01456
  -1.55407   4.04030   1.58724    17.73342    17.36181     0.37160
  -1.66476   4.23202   1.22600    20.84775    20.09892     0.74883
  -1.86638   4.29832   0.83457    23.23479    22.10313     1.13166
  -1.86638   4.29832  -0.83412    23.26115    22.12224     1.13891
  -1.66476   4.23202  -1.22555    20.88289    20.12296     0.75993
   1.37569   3.32955  -1.58680     7.37135     6.97937     0.39198
  -1.17633   4.21281  -1.58680    18.88113    18.88134    -0.00020
  -1.55407   4.04030  -1.58680    17.77358    17.38833     0.38525
   1.03076   3.33896  -1.90897     8.86420     9.05712    -0.19292
   0.72846   3.64127  -1.90897    12.44289    13.14644    -0.70355
  -0.46190   4.05779  -1.90897    16.44451    17.37099    -0.92647
  -0.88674   4.00992  -1.90897    15.85842    16.43941    -0.58099
  -1.29027   3.86872  -1.90897    14.83683    14.97002    -0.13319
  -1.65226   3.64127  -1.90897    13.59939    13.32741     0.27198
   0.91250   2.94211  -2.18412     5.66390     5.78718    -0.12328
   0.66029   3.27080  -2.18412     8.64143     9.37115    -0.72972
   0.33161   3.52300  -2.18412    10.93812    12.06196    -1.12385
  -0.05115   3.68155  -2.18412    12.27471    13.52834    -1.25362
  -0.46190   3.73562  -2.18412    12.62424    13.74149    -1.11725
  -0.87265   3.68155  -2.18412    12.17243    12.93711    -0.76469
  -1.25541   3.52300  -2.18412    11.16277    11.46444    -0.30167
   0.68995   2.56784  -2.40549     3.81400     3.92337    -0.10937
   0.47710   2.93652  -2.40549     6.13830     6.87590    -0.73761
   0.15099   3.21015  -2.40549     8.06789     9.21433    -1.14644
  -0.24905   3.35575  -2.40549     9.07755    10.30203    -1.22448
  -0.67475   3.35575  -2.40549     9.04931    10.02648    -0.97717
  -1.07479   3.21015  -2.40549     8.13817     8.65397    -0.51580
  -1.40090   2.93652  -2.40549     6.49221     6.50451    -0.01229
   0.37245   2.14860  -2.56763     2.35253     2.43339    -0.08085
   0.26066   2.56578  -2.56763     4.04744     4.65886    -0.61142
  -0.04473   2.87117  -2.56763     5.64006     6.64275    -1.00270
  -0.46190   2.98295  -2.56763     6.22740     7.21321    -0.98581
  -0.87907   2.87117  -2.56763     5.51957     6.10838    -0.58881
  -1.18447   2.56578  -2.56763     3.70168     3.75763    -0.05595
  -0.87907   1.42604  -2.56763    -1.76330    -2.35949     0.59619
  -0.46190   1.31426  -2.56763    -1.19101    -1.46464     0.27363
  -0.03953   2.14860  -2.66654     2.17495     2.52564    -0.35069
  -0.25071   2.51439  -2.66654     3.59375     4.29982    -0.70607
  -0.67309   2.51439  -2.66654     3.39796     3.90316    -0.50520
  -0.88427   2.14860  -2.66654     1.45645     1.45157     0.00488
  -0.67309   1.78282  -2.66654     0.10228    -0.07997     0.18225
  -0.25071   1.78282  -2.66654     0.72540     0.75155    -0.02615
  -0.46190   2.14860  -2.69978     1.80785     2.09705    -0.28919
   3.64879  -0.03001   2.70005     8.18461     8.52716    -0.34255
   4.07116  -0.03001   2.66681     9.24510     9.75203    -0.50694
   3.85998   0.33577   2.66681     7.93737     8.30294    -0.36557
   3.43760   0.33577   2.66681     6.94779     7.10529    -0.15751
   3.22642  -0.03001   2.66681     7.70080     7.80098    -0.10018
   3.43760  -0.39580   2.66681     9.12524     9.36097    -0.23572
   3.85998  -0.39580   2.66681     9.80860    10.26509    -0.45649
   4.48314  -0.03001   2.56790    10.85215    11.39967    -0.54752
   4.37135   0.38716   2.56790     9.83872    10.30450    -0.46578
   4.06596   0.69255   2.56790     8.47263     8.79314    -0.32051
   3.64879   0.80434   2.56790     6.82793     6.93166    -0.10373
   3.23162   0.69255   2.56790     5.75112     5.67469     0.07643
   3.23162  -0.75258   2.56790    10.62499    10.68632    -0.06133
   3.64879  -0.86436   2.56790    11.69176    11.97753    -0.28577
   4.06596  -0.75258   2.56790    12.03061    12.54112    -0.51051
   4.37135  -0.44718   2.56790    11.64469    12.23342    -0.58873
   4.87456  -0.03001   2.40577    12.92732    13.37472    -0.44740
   4.80064   0.38923   2.40577    12.15109    12.54926    -0.39816
   4.58779   0.75790   2.40577    11.22489    11.58000    -0.35511
   4.26168   1.03154   2.40577     9.83119    10.07069    -0.23950
   3.86164   1.17714   2.40577     7.84512     7.88022    -0.03509
   3.43594   1.17714   2.40577     5.62500     5.45124     0.17375
   3.03590   1.03154   2.40577     4.07379     3.78015     0.29365
   3.03590  -1.09156   2.40577    12.52383    12.40662     0.11722
   3.43594  -1.23716   2.40577    13.98656    14.01835    -0.03179
   3.86164  -1.23716   2.40577    14.82617    15.12883    -0.30266
   4.26168  -1.09156   2.40577    14.95481    15.48786    -0.53305
   4.58779  -0.81792   2.40577    14.50739    15.10940    -0.60200
   4.80064  -0.44925   2.40577    13.74120    14.27856    -0.53735
   5.23581  -0.03001   2.18440    15.34072    15.56030    -0.21958
   5.18173   0.38074   2.18440    14.74647    14.93799    -0.19152
   5.02319   0.76350   2.18440    14.20933    14.43303    -0.22370
   4.77098   1.09218   2.18440    13.41364    13.64703    -0.23339
   4.44230   1.34439   2.18440    12.00551    12.15702    -0.15151
   4.05954   1.50293   2.18440     9.78727     9.75792     0.02935
   3.64879   1.55701   2.18440     6.85491     6.62114     0.23377
   3.23804  -1.56296   2.18440    16.85051    16.63129     0.21922
   3.64879  -1.61703   2.18440    18.15134    18.14976     0.00158
   4.05954  -1.56296   2.18440    18.68284    18.99914    -0.31630
   4.44230  -1.40441   2.18440    18.59499    19.14570    -0.55071
   4.77098  -1.15220   2.18440    18.00513    18.61139    -0.60626
   5.02319  -0.82352   2.18440    17.10152    17.60492    -0.50341
   5.18173  -0.44076   2.18440    16.14268    16.48257    -0.33989
   5.55798  -0.03001   1.90924    17.91853    17.81775     0.10078
   5.51011   0.39482   1.90924    17.44665    17.33410     0.11255
   5.36891   0.79836   1.90924    17.21008    17.19079     0.01929
   5.14145   1.16035   1.90924    16.88001    16.96875    -0.08874
   3.64879   1.87918   1.90924     7.13227     6.81587     0.31640
   3.64879  -1.93920   1.90924    22.75475    22.57058     0.18417
   5.14145  -1.22037   1.90924    21.24684    21.77857    -0.53172
   5.36891  -0.85838   1.90924    19.95104    20.24856    -0.29752
   5.51011  -0.45485   1.90924    18.76944    18.82054    -0.05110
   5.83314  -0.03001   1.58707    20.45681    19.99017     0.46664
   5.79366   0.38338   1.58707    20.10603    19.63705     0.46899
   5.67667   0.78183   1.58707    20.14180    19.80204     0.33976
   5.67667  -0.84185   1.58707    22.60917    22.60084     0.00832
   5.79366  -0.44340   1.58707    21.30332    21.00183     0.30149
   6.05451  -0.03001   1.22583    22.73530    21.91131     0.82399
   6.01796   0.38774   1.22583    22.47739    21.65955     0.81784
   6.01796  -0.44776   1.22583    23.62385    22.98164     0.64221
   6.21664  -0.03001   0.83440    24.54315    23.42028     1.12287
   6.18162   0.39264   0.83440    24.35929    23.24859     1.11070
   6.18162  -0.45266   0.83440    25.47500    24.54758     0.92742
   6.31555  -0.03001   0.42243    25.70153    24.38092     1.32061
   6.28272   0.38716   0.42243    25.56097    24.25406     1.30691
   6.28272  -0.44718   0.42243    26.63652    25.51287     1.12365
   6.34879  -0.03001   0.00005    26.09247    24.70173     1.39074
   6.31715   0.38214   0.00005    25.96509    24.58755     1.37754
   6.31715  -0.44216   0.00005    27.01679    25.82166     1.19513
   6.31555  -0.03001  -0.42232    25.67392    24.35115     1.32278
   6.28272   0.38716  -0.42232    25.53524    24.22638     1.30886
   6.28272  -0.44718  -0.42232    26.60578    25.47970     1.12608
   6.21664  -0.03001  -0.83429    24.48919    23.36308     1.12610
   6.18162   0.39264  -0.83429    24.30909    23.19543     1.11366
   6.18162  -0.45266  -0.83429    25.41539    24.48394     0.93145
   6.05451  -0.03001  -1.22572    22.66000    21.83096     0.82904
   6.01796   0.38774  -1.22572    22.40774    21.58475     0.82299
   6.01796  -0.44776  -1.22572    23.54039    22.89277     0.64762
   5.83314  -0.03001  -1.58697    20.36519    19.89218     0.47301
   5.79366   0.38338  -1.58697    20.02132    19.54568     0.47563
   5.67667   0.78183  -1.58697    20.06085    19.71450     0.34636
   5.67667  -0.84185  -1.58697    22.49810    22.48131     0.01679
   5.79366  -0.44340  -1.58697    21.20292    20.89422     0.30870
   5.55798  -0.03001  -1.90914    17.81688    17.70804     0.10883
   5.51011   0.39482  -1.90914    17.35252    17.23188     0.12064
   5.36891   0.79836  -1.90914    17.12160    17.09340     0.02819
   5.14145   1.16035  -1.90914    16.79655    16.87462    -0.07807
   3.64879   1.87918  -1.90914     7.08144     6.74509     0.33636
   3.64879  -1.93920  -1.90914    22.66502    22.46272     0.20230
   4.07362  -1.89133  -1.90914    23.06474    23.24782    -0.18308
   5.14145  -1.22037  -1.90914    21.11695    21.63687    -0.51992
   5.36891  -0.85838  -1.90914    19.82930    20.11703    -0.28773
   5.51011  -0.45485  -1.90914    18.65837    18.70062    -0.04225
   5.23581  -0.03001  -2.18429    15.23405    15.44461    -0.21057
   5.18173   0.38074  -2.18429    14.64795    14.82993    -0.18197
   5.02319   0.76350  -2.18429    14.11771    14.33071    -0.21301
   4.77098   1.09218  -2.18429    13.32830    13.54961    -0.22131
   4.44230   1.34439  -2.18429    11.92896    12.06504    -0.13609
   4.05954   1.50293  -2.18429     9.71949     9.67277     0.04673
   3.64879   1.55701  -2.18429     6.79844     6.54402     0.25441
   3.23804  -1.56296  -2.18429    16.77709    16.53919     0.23790
   3.64879  -1.61703  -2.18429    18.05659    18.03771     0.01887
   4.05954  -1.56296  -2.18429    18.56989    18.87023    -0.30034
   4.44230  -1.40441  -2.18429    18.47074    19.00704    -0.53630
   4.77098  -1.15220  -2.18429    17.87837    18.47154    -0.59316
   5.02319  -0.82352  -2.18429    16.97852    17.47078    -0.49225
   5.18173  -0.44076  -2.18429    16.02785    16.35758    -0.32973
   4.87456  -0.03001  -2.40567    12.82127    13.25810    -0.43682
   4.80064   0.38923  -2.40567    12.05320    12.44056    -0.38736
   4.58779   0.75790  -2.40567    11.13578    11.47830    -0.34252
   4.26168   1.03154  -2.40567     9.75213     9.97604    -0.22392
   3.86164   1.17714  -2.40567     7.77610     7.79351    -0.01741
   3.43594   1.17714  -2.40567     5.56664     5.37296     0.19368
   3.03590   1.03154  -2.40567     4.02547     3.70943     0.31604
   3.03590  -1.09156  -2.40567    12.45606    12.31999     0.13608
   3.43594  -1.23716  -2.40567    13.90059    13.91524    -0.01464
   3.86164  -1.23716  -2.40567    14.72263    15.00973    -0.28710
   4.26168  -1.09156  -2.40567    14.83997    15.35883    -0.51886
   4.58779  -0.81792  -2.40567    14.38942    14.97906    -0.58964
   4.80064  -0.44925  -2.40567    13.62762    14.15371    -0.52609
   4.48314  -0.03001  -2.56780    10.75112    11.28628    -0.53516
   4.37135   0.38716  -2.56780     9.74648    10.19936    -0.45288
   4.06596   0.69255  -2.56780     8.39168     8.69666    -0.30498
   3.64879   0.80434  -2.56780     6.75828     6.84412    -0.08584
   3.23162   0.69255  -2.56780     5.69151     5.59498     0.09653
   3.23162  -0.75258  -2.56780    10.54843    10.59275    -0.04431
   3.64879  -0.86436  -2.56780    11.59951    11.86936    -0.26985
   4.06596  -0.75258  -2.56780    11.92582    12.42273    -0.49692
   4.37135  -0.44718  -2.56780    11.53739    12.11405    -0.57666
   4.07116  -0.03001  -2.66671     9.15160     9.64514    -0.49354
   3.85998   0.33577  -2.66671     7.85516     8.20527    -0.35010
   3.43760   0.33577  -2.66671     6.87625     7.01661    -0.14036
   3.22642  -0.03001  -2.66671     7.63114     7.71353    -0.08239
   3.43760  -0.39580  -2.66671     9.04429     9.26403    -0.21974
   3.85998  -0.39580  -2.66671     9.71510    10.15719    -0.44209
   3.64879  -0.03001  -2.69995     8.10240     8.42915    -0.32675
   2.56888  -2.73964   1.99487    14.71071    14.68531     0.02540
   1.94720  -3.20559   1.79526     7.42155     7.25559     0.16597
   2.36397  -3.20559   1.79526    12.41402    12.25138     0.16264
   2.75560  -3.06304   1.79526    16.72501    16.54784     0.17717
   3.07486  -2.79515   1.79526    20.28362    20.07862     0.20500
   3.28324  -2.43422   1.79526    22.93171    22.65995     0.27176
   1.64410  -3.46295   1.52664     2.02999     1.98200     0.04800
   2.05135  -3.54758   1.52664     8.14884     7.98192     0.16692
   2.46633  -3.51919   1.52664    13.34650    13.09606     0.25044
   2.85826  -3.37990   1.52664    17.77421    17.47569     0.29851
   3.19808  -3.14003   1.52664    21.66351    21.33867     0.32484
   3.46058  -2.81737   1.52664    25.19074    24.84649     0.34425
   3.62630  -2.43586   1.52664    28.30131    27.92216     0.37915
   1.64049  -3.74431   1.19932     0.65324     0.82709    -0.17386
   2.05116  -3.81672   1.19932     7.53639     7.41070     0.12569
   2.46745  -3.79248   1.19932    13.08295    12.78746     0.29549
   2.86693  -3.67288   1.19932    17.73342    17.34874     0.38468
   3.22806  -3.46438   1.19932    21.86745    21.44403     0.42342
   3.53138  -3.17822   1.19932    25.83080    25.40267     0.42813
   3.76052  -2.82982   1.19932    29.94413    29.54306     0.40106
   1.94699  -4.00843   0.82589     5.32567     5.34437    -0.01869
   2.36418  -4.00843   0.82589    11.48656    11.21991     0.26665
   2.77225  -3.92170   0.82589    16.49785    16.08025     0.41760
   3.15337  -3.75201   0.82589    20.85653    20.36710     0.48944
   3.49089  -3.50679   0.82589    24.97990    24.47197     0.50793
   3.77004  -3.19676   0.82589    29.30846    28.82877     0.47969
   1.74228  -4.10158   0.42069     1.03978     1.39323    -0.35345
   2.15558  -4.14228   0.42069     8.28564     8.16826     0.11738
   2.56888  -4.10158   0.42069    13.92381    13.55654     0.36727
   2.96630  -3.98102   0.42069    18.62260    18.12567     0.49693
   3.33256  -3.78525   0.42069    22.85829    22.30629     0.55200
   3.65359  -3.52179   0.42069    27.07076    26.51841     0.55235
   3.91705  -3.20076   0.42069    31.79779    31.30289     0.49490
   1.84818  -4.16180  -0.00071     2.94051     3.17332    -0.23281
   2.25836  -4.18134  -0.00071     9.70632     9.51794     0.18838
   2.66482  -4.12290  -0.00071    15.04893    14.63561     0.41333
   3.05288  -3.98859  -0.00071    19.57516    19.04677     0.52839
   3.40851  -3.78327  -0.00071    23.73680    23.16279     0.57401
   3.71885  -3.51436  -0.00071    27.97375    27.40864     0.56511
   3.97269  -3.19157  -0.00071    32.86205    32.36708     0.49497
   1.74228  -4.10158  -0.42211     1.03853     1.39084    -0.35232
   2.15558  -4.14228  -0.42211     8.28375     8.16469     0.11906
   2.56888  -4.10158  -0.42211    13.92067    13.55149     0.36918
   2.96630  -3.98102  -0.42211    18.61695    18.11851     0.49844
   3.33256  -3.78525  -0.42211    22.85013    22.29592     0.55421
   3.65359  -3.52179  -0.42211    27.05758    26.50277     0.55481
   3.91705  -3.20076  -0.42211    31.77583    31.27785     0.49798
   1.94699  -4.00843  -0.82731     5.32316     5.33837    -0.01520
   2.36418  -4.00843  -0.82731    11.48154    11.21127     0.27027
   2.77225  -3.92170  -0.82731    16.48907    16.06797     0.42110
   3.15337  -3.75201  -0.82731    20.84273    20.34939     0.49334
   3.49089  -3.50679  -0.82731    24.95794    24.44557     0.51237
   3.77004  -3.19676  -0.82731    29.27269    28.78740     0.48529
   1.64049  -3.74431  -1.20074     0.65073     0.82027    -0.16954
   2.05116  -3.81672  -1.20074     7.53137     7.40056     0.13081
   2.46745  -3.79248  -1.20074    13.07353    12.77292     0.30061
   2.86693  -3.67288  -1.20074    17.71836    17.32785     0.39051
   3.22806  -3.46438  -1.20074    21.84361    21.41333     0.43028
   3.53138  -3.17822  -1.20074    25.79190    25.35585     0.43604
   3.76052  -2.82982  -1.20074    29.87886    29.46834     0.41053
   1.64410  -3.46295  -1.52806     2.02623     1.97243     0.05380
   2.05135  -3.54758  -1.52806     8.14131     7.96802     0.17328
   2.46633  -3.51919  -1.52806    13.33332    13.07600     0.25732
   2.85826  -3.37990  -1.52806    17.75287    17.44644     0.30643
   3.19808  -3.14003  -1.52806    21.62900    21.29500     0.33400
   3.46058  -2.81737  -1.52806    25.13489    24.77950     0.35539
   3.62630  -2.43586  -1.52806    28.21094    27.81774     0.39320
   1.94720  -3.20559  -1.79668     7.41340     7.23931     0.17409
   2.36397  -3.20559  -1.79668    12.39896    12.22762     0.17134
   2.75560  -3.06304  -1.79668    16.69991    16.51255     0.18736
   3.07486  -2.79515  -1.79668    20.24220    20.02541     0.21679
   3.28324  -2.43422  -1.79668    22.86582    22.58006     0.28576
   2.56888  -2.73964  -1.99629    14.68623    14.64815     0.03808
  -2.99162   3.14121   1.99470     8.94766     9.30446    -0.35680
  -3.29418   2.83866   1.99470     7.06764     7.54625    -0.47861
  -2.78671   3.60716   1.79509    12.08019    12.21590    -0.13572
  -3.17834   3.46462   1.79509    10.68084    10.99583    -0.31499
  -3.49760   3.19672   1.79509     9.01794     9.42624    -0.40830
  -3.70599   2.83579   1.79509     7.05760     7.49737    -0.43977
  -3.77836   2.42536   1.79509     4.81990     5.23583    -0.41593
  -2.26758   3.92076   1.52647    16.08056    15.71418     0.36638
  -2.68256   3.94915   1.52647    14.55320    14.48907     0.06413
  -3.08980   3.86452   1.52647    13.07102    13.20652    -0.13549
  -3.45912   3.67316   1.52647    11.56626    11.81729    -0.25104
  -3.76311   3.38925   1.52647     9.93473    10.24356    -0.30883
  -3.97923   3.03386   1.52647     8.08797     8.41353    -0.32556
  -4.09145   2.63333   1.52647     5.98017     6.28385    -0.30368
  -4.09145   2.21738   1.52647     3.64709     3.88133    -0.23424
  -2.26646   4.19405   1.19915    18.35089    17.82089     0.53000
  -2.68275   4.21829   1.19915    16.34725    16.13258     0.21467
  -3.09342   4.14588   1.19915    14.67494    14.66522     0.00972
  -3.47631   3.98072   1.19915    13.15072    13.25924    -0.10852
  -3.81080   3.73170   1.19915    11.61897    11.78983    -0.17086
  -4.07884   3.41226   1.19915     9.96109    10.15756    -0.19648
  -4.26599   3.03962   1.19915     8.08671     8.28083    -0.19412
  -4.36216   2.63386   1.19915     5.94000     6.09943    -0.15942
  -4.36216   2.21686   1.19915     3.51531     3.60182    -0.08652
  -4.26599   1.81110   1.19915     0.92997     0.90402     0.02595
  -1.96166   4.32327   0.82571    22.47237    21.44026     1.03211
  -2.36973   4.41001   0.82571    19.41828    18.82854     0.58974
  -2.78692   4.41001   0.82571    17.20066    16.91624     0.28443
  -3.19499   4.32327   0.82571    15.44928    15.35276     0.09653
  -3.57612   4.15358   0.82571    13.91189    13.92077    -0.00889
  -3.91363   3.90836   0.82571    12.41214    12.47541    -0.06327
  -4.19278   3.59833   0.82571    10.82266    10.90912    -0.08647
  -4.40138   3.23703   0.82571     9.04680     9.13248    -0.08568
  -4.53030   2.84026   0.82571     7.00552     7.06602    -0.06050
  -4.57390   2.42536   0.82571     4.64169     4.64603    -0.00434
  -4.53030   2.01045   0.82571     1.94151     1.86030     0.08122
  -2.16503   4.50315   0.42051    21.98919    21.07447     0.91472
  -2.57833   4.54386   0.42051    19.12084    18.60443     0.51641
  -2.99162   4.50315   0.42051    17.04190    16.77756     0.26434
  -3.38904   4.38259   0.42051    15.37273    15.25536     0.11737
  -3.75530   4.18682   0.42051    13.87549    13.83758     0.03791
  -4.07633   3.92336   0.42051    12.39080    12.39148    -0.00067
  -4.33979   3.60233   0.42051    10.80195    10.81640    -0.01445
  -4.53556   3.23607   0.42051     9.01668     9.02487    -0.00819
  -4.65611   2.83866   0.42051     6.95406     6.93332     0.02074
  -4.69682   2.42536   0.42051     4.54066     4.46326     0.07740
  -4.65611   2.01206   0.42051     1.72189     1.56586     0.15603
  -2.06909   4.52447  -0.00088    23.29190    22.20891     1.08298
  -2.47555   4.58291  -0.00088    20.05960    19.42369     0.63591
  -2.88572   4.56337  -0.00088    17.79115    17.44227     0.34888
  -3.28479   4.46656  -0.00088    16.03412    15.85652     0.17760
  -3.65832   4.29597  -0.00088    14.51806    14.43517     0.08289
  -3.99282   4.05778  -0.00088    13.06663    13.03174     0.03489
  -4.27620   3.76058  -0.00088    11.55496    11.54057     0.01439
  -4.49821   3.41513  -0.00088     9.88704     9.87373     0.01331
  -4.65083   3.03390  -0.00088     7.98004     7.94837     0.03167
  -4.72854   2.63068  -0.00088     5.75614     5.68166     0.07449
  -4.72854   2.22004  -0.00088     3.14131     2.99789     0.14343
  -4.65083   1.81682  -0.00088     0.08346    -0.12985     0.21331
  -2.16503   4.50315  -0.42228    21.99170    21.07516     0.91654
  -2.57833   4.54386  -0.42228    19.12335    18.60515     0.51820
  -2.99162   4.50315  -0.42228    17.04379    16.77824     0.26555
  -3.38904   4.38259  -0.42228    15.37461    15.25600     0.11861
  -3.75530   4.18682  -0.42228    13.87737    13.83819     0.03919
  -4.07633   3.92336  -0.42228    12.39269    12.39207     0.00062
  -4.33979   3.60233  -0.42228    10.80383    10.81700    -0.01317
  -4.53556   3.23607  -0.42228     9.01857     9.02550    -0.00694
  -4.65611   2.83866  -0.42228     6.95594     6.93402     0.02193
  -4.69682   2.42536  -0.42228     4.54254     4.46406     0.07848
  -4.65611   2.01206  -0.42228     1.72440     1.56678     0.15761
  -1.96166   4.32327  -0.82748    22.47802    21.44184     1.03618
  -2.36973   4.41001  -0.82748    19.42330    18.83013     0.59317
  -2.78692   4.41001  -0.82748    17.20506    16.91772     0.28734
  -3.19499   4.32327  -0.82748    15.45305    15.35412     0.09893
  -3.57612   4.15358  -0.82748    13.91502    13.92204    -0.00701
  -3.91363   3.90836  -0.82748    12.41528    12.47662    -0.06134
  -4.19278   3.59833  -0.82748    10.82642    10.91032    -0.08390
  -4.40138   3.23703  -0.82748     9.05057     9.13372    -0.08315
  -4.53030   2.84026  -0.82748     7.00928     7.06734    -0.05806
  -4.57390   2.42536  -0.82748     4.64545     4.64748    -0.00203
  -4.53030   2.01045  -0.82748     1.94591     1.86185     0.08406
  -2.26646   4.19405  -1.20091    18.35905    17.82374     0.53531
  -2.68275   4.21829  -1.20091    16.35415    16.13505     0.21910
  -3.09342   4.14588  -1.20091    14.68121    14.66741     0.01381
  -3.47631   3.98072  -1.20091    13.15636    13.26122    -0.10486
  -3.81080   3.73170  -1.20091    11.62461    11.79170    -0.16709
  -4.07884   3.41226  -1.20091     9.96611    10.15940    -0.19329
  -4.26599   3.03962  -1.20091     8.09236     8.28269    -0.19033
  -4.36216   2.63386  -1.20091     5.94503     6.10135    -0.15632
  -4.36216   2.21686  -1.20091     3.52096     3.60374    -0.08279
  -4.26599   1.81110  -1.20091     0.93624     0.90550     0.03075
  -2.26758   3.92076  -1.52823    16.09248    15.71860     0.37389
  -2.68256   3.94915  -1.52823    14.56261    14.49264     0.06997
  -3.08980   3.86452  -1.52823    13.07918    13.20956    -0.13038
  -3.45912   3.67316  -1.52823    11.57379    11.82002    -0.24623
  -3.76311   3.38925  -1.52823     9.94163    10.24610    -0.30447
  -3.97923   3.03386  -1.52823     8.09487     8.41599    -0.32111
  -4.09145   2.63333  -1.52823     5.98707     6.28625    -0.29918
  -4.09145   2.21738  -1.52823     3.65399     3.88349    -0.22951
  -2.78671   3.60716  -1.79686    12.09148    12.22040    -0.12892
  -3.17834   3.46462  -1.79686    10.69088    10.99960    -0.30872
  -3.49760   3.19672  -1.79686     9.02672     9.42961    -0.40289
  -3.70599   2.83579  -1.79686     7.06638     7.50049    -0.43411
  -3.77836   2.42536  -1.79686     4.82869     5.23866    -0.40997
  -2.99162   3.14121  -1.99646     8.96021     9.30937    -0.34916
  -3.29418   2.83866  -1.99646     7.07893     7.55044    -0.47151
   0.77110   3.86358   1.79549    14.01354    14.58041    -0.56687
   0.45183   4.13147   1.79549    16.06738    16.74449    -0.67711
   0.06020   4.27401   1.79549    17.26279    17.98527    -0.72249
  -0.35657   4.27401   1.79549    17.71397    18.43111    -0.71715
   1.32253   3.50428   1.52687     9.70192     9.47207     0.22985
   1.15682   3.88580   1.52687    13.42306    13.49728    -0.07422
   0.89432   4.20845   1.52687    16.10127    16.32443    -0.22316
   0.55450   4.44832   1.52687    17.91540    18.21202    -0.29662
   0.16257   4.58762   1.52687    19.05056    19.37671    -0.32615
  -0.25241   4.61600   1.52687    19.65611    19.97162    -0.31551
  -0.65966   4.53137   1.52687    19.85252    20.09909    -0.24658
  -1.02898   4.34001   1.52687    19.73392    19.81744    -0.08352
   1.45676   3.89824   1.19955    12.44979    12.19447     0.25532
   1.22761   4.24664   1.19955    15.76869    15.64696     0.12173
   0.92430   4.53280   1.19955    18.04655    17.99972     0.04682
   0.56317   4.74130   1.19955    19.58332    19.57566     0.00765
   0.16369   4.86090   1.19955    20.57792    20.58183    -0.00391
  -0.25261   4.88515   1.19955    21.17343    21.15647     0.01696
  -0.66327   4.81274   1.19955    21.49220    21.40201     0.09019
  -1.04617   4.64757   1.19955    21.65598    21.40814     0.24784
  -1.38065   4.39856   1.19955    21.79152    21.26483     0.52669
   1.67487   3.90389   0.82611    11.29329    10.89694     0.39635
   1.46628   4.26518   0.82611    15.26354    14.92897     0.33457
   1.18712   4.57522   0.82611    17.93799    17.65430     0.28369
   0.84961   4.82043   0.82611    19.76529    19.51459     0.25071
   0.46849   4.99012   0.82611    21.00525    20.77044     0.23481
   0.06041   5.07686   0.82611    21.82415    21.58559     0.23856
  -0.35678   5.07686   0.82611    22.35001    22.07491     0.27509
  -0.76485   4.99012   0.82611    22.70078    22.33577     0.36502
  -1.14597   4.82043   0.82611    23.01517    22.47535     0.53981
  -1.48349   4.57522   0.82611    23.47450    22.64405     0.83045
   1.80905   3.90293   0.42091    10.28865     9.87973     0.40891
   1.61328   4.26918   0.42091    14.77471    14.34071     0.43400
   1.34982   4.59021   0.42091    17.74095    17.32461     0.41634
   1.02879   4.85368   0.42091    19.76404    19.36892     0.39512
   0.66253   5.04945   0.42091    21.15648    20.77565     0.38083
   0.26512   5.17000   0.42091    22.10779    21.72723     0.38055
  -0.14818   5.21071   0.42091    22.74785    22.34600     0.40185
  -0.56148   5.17000   0.42091    23.19087    22.72909     0.46177
  -0.95890   5.04945   0.42091    23.56173    22.97617     0.58556
  -1.32516   4.85368   0.42091    24.02483    23.22245     0.80238
  -1.64619   4.59021   0.42091    24.83432    23.69572     1.13859
   1.85709   3.89500  -0.00048     9.78287     9.39018     0.39270
   1.66892   4.26000  -0.00048    14.47413    14.01359     0.46054
   1.41508   4.58278  -0.00048    17.55960    17.10091     0.45869
   1.10474   4.85169  -0.00048    19.66552    19.22229     0.44323
   0.74911   5.05702  -0.00048    21.12511    20.69383     0.43127
   0.36106   5.19132  -0.00048    22.13352    21.70431     0.42920
  -0.04541   5.24977  -0.00048    22.82252    22.37799     0.44453
  -0.45558   5.23023  -0.00048    23.30319    22.81038     0.49281
  -0.85465   5.13341  -0.00048    23.68911    23.09446     0.59465
  -1.22818   4.96283  -0.00048    24.12837    23.35022     0.77814
  -1.56268   4.72463  -0.00048    24.84373    23.77319     1.07054
   1.80905   3.90293  -0.42188    10.29241     9.88112     0.41129
   1.61328   4.26918  -0.42188    14.77848    14.34171     0.43677
   1.34982   4.59021  -0.42188    17.74409    17.32551     0.41857
   1.02879   4.85368  -0.42188    19.76718    19.36986     0.39732
   0.66253   5.04945  -0.42188    21.16025    20.77668     0.38357
   0.26512   5.17000  -0.42188    22.11092    21.72839     0.38253
  -0.14818   5.21071  -0.42188    22.75161    22.34734     0.40427
  -0.56148   5.17000  -0.42188    23.19526    22.73068     0.46458
  -0.95890   5.04945  -0.42188    23.56612    22.97811     0.58801
  -1.32516   4.85368  -0.42188    24.02985    23.22492     0.80493
  -1.64619   4.59021  -0.42188    24.84059    23.69906     1.14153
   1.67487   3.90389  -0.82708    11.30145    10.89963     0.40181
   1.46628   4.26518  -0.82708    15.27044    14.93102     0.33942
   1.18712   4.57522  -0.82708    17.94489    17.65622     0.28867
   0.84961   4.82043  -0.82708    19.77220    19.51660     0.25560
   0.46849   4.99012  -0.82708    21.01216    20.77266     0.23950
   0.06041   5.07686  -0.82708    21.83168    21.58812     0.24356
  -0.35678   5.07686  -0.82708    22.35816    22.07787     0.28029
  -0.76485   4.99012  -0.82708    22.71020    22.33934     0.37086
  -1.14597   4.82043  -0.82708    23.02521    22.47981     0.54539
  -1.48349   4.57522  -0.82708    23.48643    22.64991     0.83652
   1.45676   3.89824  -1.20051    12.46108    12.19841     0.26267
   1.22761   4.24664  -1.20051    15.77935    15.65023     0.12912
   0.92430   4.53280  -1.20051    18.05721    18.00291     0.05430
   0.56317   4.74130  -1.20051    19.59398    19.57906     0.01493
   0.16369   4.86090  -1.20051    20.58921    20.58563     0.00359
  -0.25261   4.88515  -1.20051    21.18598    21.16086     0.02512
  -0.66327   4.81274  -1.20051    21.50601    21.40727     0.09874
  -1.04617   4.64757  -1.20051    21.67104    21.41468     0.25636
  -1.38065   4.39856  -1.20051    21.80972    21.27333     0.53639
   1.32253   3.50428  -1.52783     9.71949     9.47903     0.24047
   1.15682   3.88580  -1.52783    13.43874    13.50254    -0.06380
   0.89432   4.20845  -1.52783    16.11633    16.32918    -0.21285
   0.55450   4.44832  -1.52783    17.93046    18.21685    -0.28639
   0.16257   4.58762  -1.52783    19.06688    19.38201    -0.31513
  -0.25241   4.61600  -1.52783    19.67305    19.97772    -0.30467
  -0.65966   4.53137  -1.52783    19.87197    20.10642    -0.23445
  -1.02898   4.34001  -1.52783    19.75588    19.82662    -0.07074
   0.77110   3.86358  -1.79646    14.03425    14.58724    -0.55299
   0.45183   4.13147  -1.79646    16.08746    16.75116    -0.66370
   0.06020   4.27401  -1.79646    17.28412    17.99250    -0.70837
  -0.35657   4.27401  -1.79646    17.73718    18.43950    -0.70231
   4.56878  -1.59871   1.99782    21.50350    22.07564    -0.57214
   3.94710  -2.06466   1.79821    24.85691    24.87050    -0.01359
   4.36387  -2.06466   1.79821    24.56700    24.88013    -0.31313
   4.75550  -1.92211   1.79821    24.03299    24.52460    -0.49161
   5.07476  -1.65422   1.79821    23.33080    23.86929    -0.53849
   5.28315  -1.29329   1.79821    22.42907    22.89442    -0.46535
   4.05126  -2.40665   1.52959    27.92857    27.88270     0.04587
   4.46623  -2.37826   1.52959    26.97099    27.20762    -0.23664
   4.85817  -2.23897   1.52959    26.18660    26.59586    -0.40926
   5.19798  -1.99910   1.52959    25.49132    25.95779    -0.46647
   5.46048  -1.67644   1.52959    24.80294    25.21221    -0.40927
   5.62620  -1.29493   1.52959    24.07942    24.32336    -0.24394
   5.95146  -0.88286   1.20227    25.00688    24.70833     0.29855
   4.05106  -2.67579   1.20227    30.79189    30.60945     0.18244
   4.46735  -2.65155   1.20227    29.15221    29.27283    -0.12062
   4.86683  -2.53195   1.20227    28.05469    28.37055    -0.31586
   5.22797  -2.32345   1.20227    27.25337    27.65714    -0.40378
   5.53128  -2.03729   1.20227    26.59323    26.97970    -0.38647
   5.76043  -1.68889   1.20227    25.99772    26.26108    -0.26337
   5.90305  -1.29704   1.20227    25.45430    25.48713    -0.03284
   6.15106  -0.88286   0.82883    26.25123    25.73236     0.51887
   4.36408  -2.86750   0.82883    31.35790    31.30949     0.04841
   4.77215  -2.78077   0.82883    29.76717    29.96294    -0.19577
   5.15328  -2.61108   0.82883    28.73366    29.06469    -0.33103
   5.49079  -2.36586   0.82883    27.98692    28.35227    -0.36535
   5.76994  -2.05583   0.82883    27.38702    27.68893    -0.30190
   5.97854  -1.69453   0.82883    26.88000    27.01671    -0.13671
   6.10746  -1.29776   0.82883    26.47651    26.34010     0.13641
   6.27398  -0.88286   0.42363    27.01052    26.35274     0.65777
   4.15549  -3.00135   0.42363    33.98466    33.68034     0.30432
   4.56878  -2.96065   0.42363    31.53298    31.55694    -0.02396
   4.96620  -2.84009   0.42363    30.06900    30.29573    -0.22673
   5.33246  -2.64432   0.42363    29.11017    29.43589    -0.32572
   5.65349  -2.38086   0.42363    28.41363    28.74315    -0.32952
   5.91695  -2.05983   0.42363    27.86142    28.10131    -0.23989
   6.11272  -1.69357   0.42363    27.41589    27.46676    -0.05087
   6.23328  -1.29615   0.42363    27.10214    26.85535     0.24678
   6.31548  -0.88286   0.00224    27.26090    26.55531     0.70558
   4.25826  -3.04041   0.00224    33.72236    33.48158     0.24078
   4.66472  -2.98197   0.00224    31.46709    31.52668    -0.05959
   5.05278  -2.84766   0.00224    30.10226    30.34295    -0.24069
   5.40841  -2.64234   0.00224    29.19551    29.51817    -0.32266
   5.71875  -2.37343   0.00224    28.53035    28.84355    -0.31321
   5.97259  -2.05064   0.00224    28.00387    28.21660    -0.21274
   6.16076  -1.68565   0.00224    27.58657    27.60141    -0.01484
   6.27645  -1.29164   0.00224    27.30733    27.01830     0.28903
   6.27398  -0.88286  -0.41916    26.99671    26.33568     0.66103
   4.15549  -3.00135  -0.41916    33.99156    33.68334     0.30822
   4.56878  -2.96065  -0.41916    31.53235    31.55317    -0.02082
   4.96620  -2.84009  -0.41916    30.06398    30.28844    -0.22446
   5.33246  -2.64432  -0.41916    29.10264    29.42646    -0.32382
   5.65349  -2.38086  -0.41916    28.40422    28.73216    -0.32794
   5.91695  -2.05983  -0.41916    27.85075    28.08894    -0.23818
   6.11272  -1.69357  -0.41916    27.40459    27.45297    -0.04838
   6.23328  -1.29615  -0.41916    27.08959    26.84002     0.24956
   6.15106  -0.88286  -0.82436    26.22362    25.69789     0.52573
   4.36408  -2.86750  -0.82436    31.35979    31.30404     0.05575
   4.77215  -2.78077  -0.82436    29.75901    29.94930    -0.19029
   5.15328  -2.61108  -0.82436    28.71985    29.04627    -0.32642
   5.49079  -2.36586  -0.82436    27.96873    28.33049    -0.36176
   5.76994  -2.05583  -0.82436    27.36632    27.66426    -0.29795
   5.97854  -1.69453  -0.82436    26.85678    26.98914    -0.13236
   6.10746  -1.29776  -0.82436    26.45141    26.30931     0.14210
   5.95146  -0.88286  -1.19779    24.96358    24.65584     0.30774
   4.05106  -2.67579  -1.19779    30.80005    30.60588     0.19417
   4.46735  -2.65155  -1.19779    29.14280    29.25455    -0.11175
   4.86683  -2.53195  -1.19779    28.03524    28.34390    -0.30866
   5.22797  -2.32345  -1.19779    27.22764    27.62492    -0.39728
   5.53128  -2.03729  -1.19779    26.56248    26.94289    -0.38041
   5.76043  -1.68889  -1.19779    25.96258    26.21972    -0.25714
   5.90305  -1.29704  -1.19779    25.41539    25.44065    -0.02527
   4.05126  -2.40665  -1.52511    27.92166    27.86165     0.06001
   4.46623  -2.37826  -1.52511    26.94840    27.17385    -0.22545
   4.85817  -2.23897  -1.52511    26.15334    26.55373    -0.40039
   5.19798  -1.99910  -1.52511    25.45053    25.90912    -0.45859
   5.46048  -1.67644  -1.52511    24.75588    25.15718    -0.40130
   5.62620  -1.29493  -1.52511    24.02608    24.26107    -0.23499
   3.94710  -2.06466  -1.79374    24.83181    24.82804     0.00376
   4.36387  -2.06466  -1.79374    24.52809    24.82819    -0.30010
   4.75550  -1.92211  -1.79374    23.98341    24.46445    -0.48104
   5.07476  -1.65422  -1.79374    23.27182    23.80105    -0.52923
   5.28315  -1.29329  -1.79374    22.36067    22.81660    -0.45593
   4.56204   1.54436   1.99642    14.00350    14.09804    -0.09454
   5.27640   1.23894   1.79681    18.07039    18.07676    -0.00636
   5.06802   1.59987   1.79681    17.29667    17.33279    -0.03612
   4.74876   1.86776   1.79681    15.84712    15.85730    -0.01018
   4.35713   2.01030   1.79681    13.55672    13.48080     0.07591
   3.94036   2.01030   1.79681    10.31249    10.09027     0.22222
   5.61945   1.24058   1.52819    20.29742    20.08639     0.21103
   5.45374   1.62209   1.52819    19.64607    19.54358     0.10249
   5.19124   1.94475   1.52819    18.62699    18.57512     0.05188
   4.85142   2.18461   1.52819    17.07328    17.02216     0.05112
   4.45949   2.32391   1.52819    14.79165    14.70541     0.08624
   4.04451   2.35229   1.52819    11.53802    11.40432     0.13370
   5.94472   0.82850   1.20087    22.68635    22.03786     0.64849
   5.89631   1.24268   1.20087    22.05696    21.63868     0.41828
   5.75368   1.63453   1.20087    21.40184    21.14940     0.25243
   5.52454   1.98293   1.20087    20.55282    20.40132     0.15150
   5.22122   2.26910   1.20087    19.35616    19.25383     0.10233
   4.86009   2.47760   1.20087    17.64682    17.55969     0.08713
   4.46061   2.59719   1.20087    15.20832    15.12880     0.07952
   4.04432   2.62144   1.20087    11.71874    11.68184     0.03690
   6.14432   0.82850   0.82743    24.10452    23.23861     0.86591
   6.10072   1.24341   0.82743    23.32955    22.74520     0.58435
   5.97180   1.64018   0.82743    22.64117    22.26178     0.37939
   5.76320   2.00147   0.82743    21.86118    21.61558     0.24560
   5.48405   2.31151   0.82743    20.84210    20.67515     0.16695
   5.14653   2.55673   0.82743    19.43899    19.31494     0.12405
   4.76541   2.72641   0.82743    17.47551    17.38283     0.09268
   4.35734   2.81315   0.82743    14.69188    14.65744     0.03444
   3.94015   2.81315   0.82743    10.65197    10.77706    -0.12509
   6.26724   0.82850   0.42223    24.96107    23.95921     1.00186
   6.22653   1.24180   0.42223    24.10076    23.40851     0.69224
   6.10598   1.63922   0.42223    23.38728    22.92148     0.46580
   5.91021   2.00548   0.42223    22.63615    22.32407     0.31208
   5.64675   2.32651   0.42223    21.70681    21.49000     0.21681
   5.32572   2.58997   0.42223    20.46497    20.30576     0.15921
   4.95946   2.78574   0.42223    18.75814    18.64144     0.11670
   4.56204   2.90629   0.42223    16.37047    16.31533     0.05514
   4.14874   2.94700   0.42223    12.94803    13.03480    -0.08677
   3.73545   2.90629   0.42223     7.84010     8.28044    -0.44034
   6.30874   0.82850   0.00084    25.24282    24.19373     1.04909
   6.26971   1.23728   0.00084    24.36243    23.62939     0.73303
   6.15402   1.63129   0.00084    23.64519    23.14545     0.49973
   5.96585   1.99629   0.00084    22.91225    22.57159     0.34067
   5.71201   2.31907   0.00084    22.02433    21.78594     0.23838
   5.40167   2.58799   0.00084    20.85716    20.68167     0.17549
   5.04604   2.79331   0.00084    19.27019    19.14021     0.12998
   4.65798   2.92762   0.00084    17.07140    17.00008     0.07131
   4.25152   2.98606   0.00084    13.95142    14.00685    -0.05543
   3.84134   2.96652   0.00084     9.35428     9.71543    -0.36114
   6.26724   0.82850  -0.42056    24.94539    23.94068     1.00471
   6.22653   1.24180  -0.42056    24.08758    23.39319     0.69439
   6.10598   1.63922  -0.42056    23.37598    22.90831     0.46768
   5.91021   2.00548  -0.42056    22.62674    22.31233     0.31441
   5.64675   2.32651  -0.42056    21.69802    21.47920     0.21882
   5.32572   2.58997  -0.42056    20.45681    20.29549     0.16132
   4.95946   2.78574  -0.42056    18.75061    18.63135     0.11926
   4.56204   2.90629  -0.42056    16.36357    16.30505     0.05852
   4.14874   2.94700  -0.42056    12.94050    13.02383    -0.08333
   3.73545   2.90629  -0.42056     7.83132     8.26800    -0.43668
   6.14432   0.82850  -0.82576    24.07189    23.20189     0.87001
   6.10072   1.24341  -0.82576    23.30319    22.71485     0.58834
   5.97180   1.64018  -0.82576    22.61921    22.23566     0.38354
   5.76320   2.00147  -0.82576    21.84172    21.59225     0.24948
   5.48405   2.31151  -0.82576    20.82453    20.65356     0.17097
   5.14653   2.55673  -0.82576    19.42267    19.29425     0.12842
   4.76541   2.72641  -0.82576    17.46045    17.36226     0.09819
   4.35734   2.81315  -0.82576    14.67682    14.63612     0.04070
   3.94015   2.81315  -0.82576    10.63629    10.75376    -0.11748
   5.94472   0.82850  -1.19920    22.63866    21.98361     0.65505
   5.89631   1.24268  -1.19920    22.01743    21.59385     0.42358
   5.75368   1.63453  -1.19920    21.36858    21.11071     0.25787
   5.52454   1.98293  -1.19920    20.52395    20.36653     0.15742
   5.22122   2.26910  -1.19920    19.33043    19.22129     0.10914
   4.86009   2.47760  -1.19920    17.62298    17.52801     0.09497
   4.46061   2.59719  -1.19920    15.18510    15.09659     0.08851
   4.04432   2.62144  -1.19920    11.69489    11.64740     0.04750
   5.61945   1.24058  -1.52651    20.24659    20.02788     0.21872
   5.45374   1.62209  -1.52651    19.60277    19.49278     0.10999
   5.19124   1.94475  -1.52651    18.58934    18.52888     0.06046
   4.85142   2.18461  -1.52651    17.03939    16.97802     0.06137
   4.45949   2.32391  -1.52651    14.75902    14.66112     0.09790
   4.04451   2.35229  -1.52651    11.50539    11.35741     0.14797
   5.27640   1.23894  -1.79514    18.00890    18.00572     0.00318
   5.06802   1.59987  -1.79514    17.24459    17.27038    -0.02579
   4.74876   1.86776  -1.79514    15.80132    15.79896     0.00236
   4.35713   2.01030  -1.79514    13.51342    13.42266     0.09075
   3.94036   2.01030  -1.79514    10.26919    10.02843     0.24076
   4.56204   1.54436  -1.99474    13.94326    14.02352    -0.08026
   1.64507  -1.16672   3.00000     4.02861     4.12804    -0.09943
   2.05357  -1.16672   2.97206     5.87035     5.98142    -0.11107
   1.84932  -0.81295   2.97206     5.15060     5.22449    -0.07389
   1.44082  -0.81295   2.97206     3.56488     3.65046    -0.08558
   1.23657  -1.16672   2.97206     2.29355     2.36064    -0.06709
   1.44082  -1.52049   2.97206     2.67884     2.73038    -0.05154
   1.84932  -1.52049   2.97206     4.71197     4.82336    -0.11139
   2.45446  -1.16672   2.88876     7.83697     7.92001    -0.08304
   1.24037  -0.46577   2.88876     3.18900     3.27943    -0.09042
   0.94411  -0.76202   2.88876     1.76393     1.92769    -0.16376
   1.24037  -1.86767   2.88876     1.00715     0.95449     0.05267
   1.64507  -1.97611   2.88876     3.20595     3.24295    -0.03700
   2.04976  -1.86767   2.88876     5.71473     5.82514    -0.11041
   2.34602  -1.57142   2.88876     7.42532     7.54489    -0.11957
   2.84027  -1.16672   2.75164     9.91465     9.94503    -0.03038
   1.04746  -0.13164   2.75164     2.75728     2.89633    -0.13906
   1.43752  -2.34376   2.75164     1.27322     1.20246     0.07076
   1.85261  -2.34376   2.75164     4.29279     4.32141    -0.02862
   2.24267  -2.20180   2.75164     7.10215     7.19207    -0.08992
   2.56065  -1.93498   2.75164     9.13905     9.23518    -0.09613
   2.76819  -1.57550   2.75164    10.08596    10.15136    -0.06540
   1.12307  -2.63547   2.56326    -2.24586    -2.42287     0.17702
   1.53869  -2.72184   2.56326     1.33722     1.25183     0.08539
   1.96220  -2.69287   2.56326     5.08032     5.07514     0.00517
   2.36219  -2.55071   2.56326     8.41051     8.45524    -0.04473
   2.70900  -2.30591   2.56326    10.97138    11.02144    -0.05007
   2.97689  -1.97662   2.56326    12.53262    12.55332    -0.02070
   3.14602  -1.58727   2.56326    12.91101    12.90691     0.00410
   1.33877  -3.03504   2.32714    -1.61584    -1.72141     0.10558
   1.74757  -3.05721   2.32714     2.85329     2.78217     0.07112
   2.15157  -2.99097   2.32714     7.00614     6.96901     0.03713
   2.53189  -2.83944   2.32714    10.56036    10.54468     0.01568
   2.87074  -2.60969   2.32714    13.37160    13.35073     0.02087
   3.15228  -2.31247   2.32714    15.34386    15.29734     0.04652
   3.36335  -1.96168   2.32714    16.32905    16.26666     0.06239
   1.74939  -3.35674   2.04766     2.50188     2.43972     0.06216
   2.16197  -3.29742   2.04766     7.49874     7.40977     0.08896
   3.23186  -2.67972   2.04766    17.91477    17.78614     0.12863
   3.48952  -2.35208   2.04766    19.80734    19.67126     0.13608
   1.74939  -3.35674  -2.04766     2.49812     2.42859     0.06952
   2.16197  -3.29742  -2.04766     7.49497     7.39796     0.09701
   3.23186  -2.67972  -2.04766    17.88339    17.74263     0.14076
   3.48952  -2.35208  -2.04766    19.75400    19.60344     0.15056
   1.33877  -3.03504  -2.32713    -1.62462    -1.73737     0.11275
   1.74757  -3.05721  -2.32713     2.84701     2.76744     0.07957
   2.15157  -2.99097  -2.32713     6.99861     6.95215     0.04646
   2.53189  -2.83944  -2.32713    10.54781    10.52131     0.02650
   2.87074  -2.60969  -2.32713    13.34838    13.31561     0.03277
   3.15228  -2.31247  -2.32713    15.30496    15.24479     0.06017
   3.36335  -1.96168  -2.32713    16.26944    16.19184     0.07760
   1.12307  -2.63547  -2.56326    -2.25715    -2.44197     0.18482
   1.53869  -2.72184  -2.56326     1.32781     1.23381     0.09400
   1.96220  -2.69287  -2.56326     5.07028     5.05513     0.01515
   2.36219  -2.55071  -2.56326     8.39545     8.42879    -0.03334
   2.70900  -2.30591  -2.56326    10.94628    10.98337    -0.03709
   2.97689  -1.97662  -2.56326    12.49183    12.49902    -0.00719
   3.14602  -1.58727  -2.56326    12.85453    12.83476     0.01977
   2.84027  -1.16672  -2.75163     9.86633     9.88056    -0.01423
   1.04746  -0.13164  -2.75163     2.74535     2.87296    -0.12761
   1.43752  -2.34376  -2.75163     1.26192     1.18171     0.08021
   1.85261  -2.34376  -2.75163     4.27961     4.29806    -0.01844
   2.24267  -2.20180  -2.75163     7.08395     7.16196    -0.07801
   2.56065  -1.93498  -2.75163     9.11081     9.19399    -0.08318
   2.76819  -1.57550  -2.75163    10.04643    10.09710    -0.05067
   2.45446  -1.16672  -2.88875     7.80245     7.87081    -0.06836
   1.24037  -0.46577  -2.88875     3.17457     3.25286    -0.07829
   0.94411  -0.76202  -2.88875     1.75138     1.90475    -0.15337
   1.24037  -1.86767  -2.88875     0.99460     0.93190     0.06270
   1.64507  -1.97611  -2.88875     3.19214     3.21803    -0.02589
   2.04976  -1.86767  -2.88875     5.69590     5.79394    -0.09804
   2.34602  -1.57142  -2.88875     7.39771     7.50392    -0.10621
   2.05357  -1.16672  -2.97206     5.84588     5.94314    -0.09726
   1.84932  -0.81295  -2.97206     5.12801     5.18817    -0.06016
   1.44082  -0.81295  -2.97206     3.54857     3.62150    -0.07293
   1.23657  -1.16672  -2.97206     2.27911     2.33538    -0.05627
   1.44082  -1.52049  -2.97206     2.66378     2.70446    -0.04068
   1.84932  -1.52049  -2.97206     4.69252     4.79204    -0.09952
   1.64507  -1.16672  -3.00000     4.01104     4.09749    -0.08645
   2.30436   0.02285   3.00007     5.51581     5.42685     0.08895
   2.71286   0.02285   2.97212     6.35667     6.30402     0.05266
   2.50861   0.37662   2.97212     5.07655     4.96146     0.11509
   2.10011   0.37662   2.97212     4.26581     4.11591     0.14990
   1.89586   0.02285   2.97212     4.63165     4.53451     0.09714
   2.10011  -0.33092   2.97212     5.72916     5.69398     0.03519
   2.50861  -0.33092   2.97212     6.73820     6.70325     0.03495
   2.70905   0.72380   2.88882     4.53125     4.40188     0.12937
   1.49496   0.02285   2.88882     3.74686     3.67344     0.07342
   2.70905  -0.67810   2.88882     8.10052     8.10591    -0.00539
   2.90196   1.05793   2.75170     4.02547     3.88025     0.14523
   1.10915   0.02285   2.75170     2.84889     2.90795    -0.05906
   2.90196  -1.01222   2.75170     9.82868     9.84651    -0.01783
   2.90196   1.05793  -2.75157     3.98657     3.82352     0.16305
   1.10915   0.02285  -2.75157     2.83823     2.88454    -0.04632
   2.90196  -1.01222  -2.75157     9.77597     9.77805    -0.00208
   2.70905   0.72380  -2.88869     4.49422     4.34770     0.14652
   1.49496   0.02285  -2.88869     3.73117     3.64358     0.08759
   2.70905  -0.67810  -2.88869     8.05471     8.04476     0.00995
   2.71286   0.02285  -2.97199     6.31400     6.24489     0.06912
   2.50861   0.37662  -2.97199     5.04204     4.91037     0.13166
   2.10011   0.37662  -2.97199     4.24134     4.07507     0.16626
   1.89586   0.02285  -2.97199     4.60906     4.49673     0.11233
   2.10011  -0.33092  -2.97199     5.70155     5.65085     0.05070
   2.50861  -0.33092  -2.97199     6.70055     6.64910     0.05145
   2.30436   0.02285  -2.99993     5.48443     5.37943     0.10500
   1.71049   1.16994   3.00006     1.69114     1.43267     0.25847
   2.11899   1.16994   2.97212     2.19252     1.99544     0.19708
   1.91474   1.52371   2.97212     1.39307     1.15923     0.23384
   1.50624   1.52371   2.97212     1.16842     0.85177     0.31665
   1.30199   1.16994   2.97212     1.31275     1.01517     0.29758
   1.50624   0.81616   2.97212     2.05698     1.82334     0.23364
   1.91474   0.81616   2.97212     2.69515     2.48439     0.21076
   2.51988   1.16994   2.88881     2.87274     2.71976     0.15298
   2.41144   1.57463   2.88881     1.88943     1.75045     0.13898
   2.11518   1.87089   2.88881     1.21423     1.04207     0.17216
   1.71049   1.97933   2.88881     1.07681     0.80876     0.26805
   1.30579   1.87089   2.88881     1.16466     0.81068     0.35398
   1.00953   1.57463   2.88881     1.07743     0.71268     0.36476
   1.30579   0.46898   2.88881     2.41842     2.27582     0.14260
   2.90569   1.16994   2.75169     3.76882     3.62706     0.14176
   2.83361   1.57872   2.75169     2.76041     2.65312     0.10730
   2.62607   1.93820   2.75169     1.78150     1.71444     0.06706
   2.30809   2.20501   2.75169     1.18348     1.09948     0.08400
   1.91803   2.34698   2.75169     1.15273     0.98044     0.17230
   1.50294   2.34698   2.75169     1.48971     1.21719     0.27251
   1.11289   2.20501   2.75169     1.72691     1.40784     0.31906
   1.11289   0.13486   2.75169     2.71084     2.73315    -0.02231
   3.21144   1.59048   2.56332     4.03489     3.90791     0.12698
   3.04232   1.97984   2.56332     2.84199     2.80019     0.04180
   2.77442   2.30913   2.56332     1.78213     1.80898    -0.02685
   2.42762   2.55393   2.56332     1.26882     1.28251    -0.01369
   2.02763   2.69609   2.56332     1.44327     1.36279     0.08048
   1.60412   2.72505   2.56332     2.10906     1.92597     0.18309
   1.18849   2.63869   2.56332     2.77736     2.58116     0.19620
   3.42877   1.96490   2.32719     4.74272     4.65044     0.09228
   3.21770   2.31569   2.32719     3.24422     3.28497    -0.04075
   2.93616   2.61291   2.32719     2.06011     2.19346    -0.13335
   2.59731   2.84266   2.32719     1.53363     1.66593    -0.13230
   2.21699   2.99419   2.32719     1.77334     1.81568    -0.04234
   1.81299   3.06042   2.32719     2.66817     2.59390     0.07427
   1.40419   3.03826   2.32719     3.87613     3.76597     0.11016
   3.55494   2.35530   2.04772     5.33258     5.33685    -0.00427
   3.29728   2.68294   2.04772     3.42432     3.59801    -0.17369
   2.98227   2.95590   2.04772     2.21072     2.47050    -0.25978
   2.62129   3.16431   2.04772     1.90324     2.13364    -0.23040
   2.22739   3.30064   2.04772     2.53451     2.64210    -0.10759
   1.81481   3.35996   2.04772     3.97904     3.95020     0.02884
   1.39846   3.34013   2.04772     5.90549     5.86176     0.04373
   3.61738   2.70965   1.73010     5.63880     5.78600    -0.14720
   3.32974   3.00977   1.73010     3.53100     3.85064    -0.31965
   2.99552   3.25696   1.73010     2.44540     2.82338    -0.37798
   2.62433   3.44411   1.73010     2.45482     2.76315    -0.30833
   2.22684   3.56584   1.73010     3.55108     3.69686    -0.14578
   1.81451   3.61864   1.73010     5.65010     5.62609     0.02400
   3.59398   3.05343   1.38025     5.28865     5.62083    -0.33218
   3.27614   3.32488   1.38025     3.37663     3.84253    -0.46591
   2.91976   3.54327   1.38025     2.74222     3.20148    -0.45926
   2.53360   3.70322   1.38025     3.37600     3.69495    -0.31895
   2.12718   3.80080   1.38025     5.28112     5.37596    -0.09484
   1.71049   3.83359   1.38025     8.46071     8.34725     0.11346
   3.81580   3.05630   1.00470     7.58596     7.88021    -0.29425
   3.51870   3.34273   1.00470     4.71071     5.20812    -0.49740
   3.18307   3.58286   1.00470     3.30698     3.87095    -0.56397
   2.81606   3.77155   1.00470     3.28438     3.76595    -0.48157
   2.42547   3.90480   1.00470     4.63918     4.90857    -0.26939
   2.01966   3.97976   1.00470     7.45607     7.43795     0.01812
   3.67589   3.35274   0.61043     5.97138     6.47079    -0.49941
   3.35298   3.60503   0.61043     3.94829     4.56566    -0.61737
   2.99809   3.80992   0.61043     3.42557     4.00644    -0.58087
   2.61815   3.96343   0.61043     4.34990     4.74577    -0.39587
   2.22054   4.06257   0.61043     6.80722     6.90173    -0.09451
   3.71320   3.39417   0.20479     6.32592     6.84689    -0.52097
   3.38416   3.65125   0.20479     4.13968     4.78642    -0.64674
   3.02253   3.86003   0.20479     3.57994     4.18784    -0.60790
   2.63538   4.01645   0.20479     4.57768     4.98649    -0.40881
   2.23022   4.11747   0.20479     7.24711     7.32530    -0.07820
   3.71320   3.39417  -0.20467     6.32279     6.84294    -0.52015
   3.38416   3.65125  -0.20467     4.13780     4.78377    -0.64597
   3.02253   3.86003  -0.20467     3.57931     4.18617    -0.60686
   2.63538   4.01645  -0.20467     4.57768     4.98567    -0.40798
   2.23022   4.11747  -0.20467     7.24773     7.32537    -0.07763
   3.67589   3.35274  -0.61031     5.96385     6.45928    -0.49543
   3.35298   3.60503  -0.61031     3.94390     4.55788    -0.61398
   2.99809   3.80992  -0.61031     3.42369     4.00146    -0.57777
   2.61815   3.96343  -0.61031     4.35052     4.74321    -0.39269
   2.22054   4.06257  -0.61031     6.81099     6.90172    -0.09074
   3.81580   3.05630  -1.00458     7.56965     7.85630    -0.28665
   3.51870   3.34273  -1.00458     4.70067     5.19180    -0.49113
   3.18307   3.58286  -1.00458     3.30133     3.85997    -0.55864
   2.81606   3.77155  -1.00458     3.28313     3.75919    -0.47606
   2.42547   3.90480  -1.00458     4.64169     4.90568    -0.26399
   2.01966   3.97976  -1.00458     7.46360     7.43935     0.02425
   3.59398   3.05343  -1.38014     5.27171     5.59453    -0.32283
   3.27614   3.32488  -1.38014     3.36659     3.82450    -0.45791
   2.91976   3.54327  -1.38014     2.73782     3.18965    -0.45183
   2.53360   3.70322  -1.38014     3.37663     3.68839    -0.31176
   2.12718   3.80080  -1.38014     5.28740     5.37465    -0.08725
   1.71049   3.83359  -1.38014     8.47389     8.35213     0.12176
   3.61738   2.70965  -1.72998     5.61370     5.74857    -0.13487
   3.32974   3.00977  -1.72998     3.51531     3.82436    -0.30906
   2.99552   3.25696  -1.72998     2.43725     2.80538    -0.36813
   2.62433   3.44411  -1.72998     2.45293     2.75180    -0.29886
   2.22684   3.56584  -1.72998     3.55547     3.69156    -0.13609
   1.81451   3.61864  -1.72998     5.66076     5.62714     0.03363
   3.55494   2.35530  -2.04760     5.30057     5.29019     0.01038
   3.29728   2.68294  -2.04760     3.40361     3.56449    -0.16088
   2.98227   2.95590  -2.04760     2.19879     2.44696    -0.24816
   2.62129   3.16431  -2.04760     1.89822     2.11802    -0.21980
   2.22739   3.30064  -2.04760     2.53639     2.63335    -0.09696
   1.81481   3.35996  -2.04760     3.98782     3.94810     0.03973
   1.39846   3.34013  -2.04760     5.92306     5.86671     0.05635
   3.42877   1.96490  -2.32708     4.70569     4.59675     0.10894
   3.21770   2.31569  -2.32708     3.21912     3.24494    -0.02582
   2.93616   2.61291  -2.32708     2.04443     2.16446    -0.12003
   2.59731   2.84266  -2.32708     1.52548     1.64581    -0.12034
   2.21699   2.99419  -2.32708     1.77271     1.80305    -0.03034
   1.81299   3.06042  -2.32708     2.67445     2.58805     0.08640
   1.40419   3.03826  -2.32708     3.89056     3.76659     0.12397
   3.21144   1.59048  -2.56320     3.99661     3.85209     0.14451
   3.04232   1.97984  -2.56320     2.81501     2.75745     0.05756
   2.77442   2.30913  -2.56320     1.76518     1.77776    -0.01258
   2.42762   2.55393  -2.56320     1.26067     1.26087    -0.00020
   2.02763   2.69609  -2.56320     1.44327     1.34915     0.09412
   1.60412   2.72505  -2.56320     2.11596     1.91920     0.19676
   1.18849   2.63869  -2.56320     2.79116     2.58017     0.21099
   2.90569   1.16994  -2.75158     3.73243     3.57248     0.15995
   2.83361   1.57872  -2.75158     2.73218     2.60836     0.12382
   2.62607   1.93820  -2.75158     1.76267     1.68040     0.08227
   2.30809   2.20501  -2.75158     1.17344     1.07515     0.09829
   1.91803   2.34698  -2.75158     1.15022     0.96425     0.18598
   1.50294   2.34698  -2.75158     1.49473     1.20749     0.28724
   1.11289   2.20501  -2.75158     1.73695     1.40262     0.33433
   1.11289   0.13486  -2.75158     2.70017     2.71010    -0.00992
   2.51988   1.16994  -2.88869     2.84638     2.67667     0.16971
   2.41144   1.57463  -2.88869     1.87061     1.71574     0.15486
   2.11518   1.87089  -2.88869     1.20419     1.01694     0.18726
   1.71049   1.97933  -2.88869     1.07430     0.79166     0.28264
   1.30579   1.87089  -2.88869     1.16717     0.79873     0.36844
   1.00953   1.57463  -2.88869     1.08183     0.70208     0.37975
   1.30579   0.46898  -2.88869     2.40775     2.25147     0.15629
   2.11899   1.16994  -2.97200     2.17495     1.96187     0.21308
   1.91474   1.52371  -2.97200     1.38240     1.13368     0.24872
   1.50624   1.52371  -2.97200     1.16403     0.83314     0.33089
   1.30199   1.16994  -2.97200     1.30773     0.99641     0.31132
   1.50624   0.81616  -2.97200     2.04631     1.79815     0.24815
   1.91474   0.81616  -2.97200     2.67758     2.45131     0.22628
   1.71049   1.16994  -2.99994     1.68110     1.40710     0.27400
   0.36004   1.07707   2.99990     0.20833     0.28424    -0.07591
   0.76854   1.07707   2.97196     0.85655     0.73496     0.12159
   0.56429   1.43085   2.97196     0.89357     0.75838     0.13519
   0.15579   1.43085   2.97196     0.43612     0.44961    -0.01349
  -0.04846   1.07707   2.97196    -0.65386    -0.47071    -0.18315
   0.15579   0.72330   2.97196    -0.75301    -0.36138    -0.39163
   0.56429   0.72330   2.97196     0.37274     0.54779    -0.17505
   0.76473   1.77803   2.88866     1.37048     1.11271     0.25777
   0.36004   1.88646   2.88866     1.56501     1.54049     0.02452
  -0.44935   1.07707   2.88866    -1.66227    -1.53323    -0.12904
   0.36004   0.26768   2.88866    -0.49259     0.15005    -0.64264
   0.76473   0.37612   2.88866     1.02535     1.25514    -0.22979
   1.06099   0.67238   2.88866     1.55685     1.43774     0.11911
   0.95764   2.11215   2.75154     1.73004     1.41357     0.31648
   0.95764   0.04200   2.75154     2.23833     2.42165    -0.18333
   0.95764   2.11215  -2.75173     1.74197     1.41024     0.33173
   0.95764   0.04200  -2.75173     2.22766     2.39963    -0.17197
   0.76473   1.77803  -2.88885     1.37989     1.10739     0.27250
   0.36004   1.88646  -2.88885     1.58070     1.53970     0.04100
  -0.44935   1.07707  -2.88885    -1.65412    -1.53777    -0.11634
   0.36004   0.26768  -2.88885    -0.49824     0.13507    -0.63331
   0.76473   0.37612  -2.88885     1.01845     1.23734    -0.21889
   1.06099   0.67238  -2.88885     1.55058     1.41857     0.13201
   0.76854   1.07707  -2.97215     0.85718     0.72267     0.13451
   0.56429   1.43085  -2.97215     0.90048     0.75124     0.14924
   0.15579   1.43085  -2.97215     0.44616     0.44545     0.00071
  -0.04846   1.07707  -2.97215    -0.64759    -0.47700    -0.17059
   0.15579   0.72330  -2.97215    -0.75238    -0.37177    -0.38061
   0.56429   0.72330  -2.97215     0.37086     0.53443    -0.16357
   0.36004   1.07707  -3.00010     0.21210     0.27542    -0.06333
  -0.41479  -0.05781   2.99976    -3.97778    -3.13679    -0.84099
  -0.00629  -0.05781   2.97182    -2.30296    -1.45212    -0.85084
  -0.21054   0.29596   2.97182    -2.66315    -1.88967    -0.77348
  -0.61904   0.29596   2.97182    -4.07756    -3.39345    -0.68410
  -0.82329  -0.05781   2.97182    -5.49573    -4.78333    -0.71239
  -0.61904  -0.41158   2.97182    -5.43298    -4.66823    -0.76475
  -0.21054  -0.41158   2.97182    -3.64520    -2.81696    -0.82825
   0.39460  -0.05781   2.88851    -0.46310     0.23760    -0.70070
  -0.41479   0.75158   2.88851    -2.47992    -2.05166    -0.42826
  -0.81948   0.64314   2.88851    -3.94076    -3.56676    -0.37400
  -1.11574  -0.46251   2.88851    -7.50376    -6.97273    -0.53103
  -0.81948  -0.75876   2.88851    -7.13039    -6.56573    -0.56466
   0.28617  -0.46251   2.88851    -1.20356    -0.51323    -0.69033
   0.78041  -0.05781   2.75139     1.54744     1.93836    -0.39092
  -1.33037  -0.82607   2.75139    -9.50238    -9.26092    -0.24145
  -1.01239  -1.09289   2.75139    -9.23568    -8.95403    -0.28165
   0.78041  -0.05781  -2.75187     1.53677     1.91722    -0.38045
  -1.33037  -0.82607  -2.75187    -9.51493    -9.27673    -0.23820
  -1.01239  -1.09289  -2.75187    -9.25012    -8.97160    -0.27851
   0.39460  -0.05781  -2.88899    -0.47189     0.21995    -0.69184
  -0.41479   0.75158  -2.88899    -2.47678    -2.05895    -0.41783
  -0.81948   0.64314  -2.88899    -3.93825    -3.57398    -0.36426
  -1.11574  -0.46251  -2.88899    -7.51380    -6.98686    -0.52694
  -0.81948  -0.75876  -2.88899    -7.14231    -6.58189    -0.56042
   0.28617  -0.46251  -2.88899    -1.21486    -0.53207    -0.68279
  -0.00629  -0.05781  -2.97230    -2.31049    -1.46730    -0.84319
  -0.21054   0.29596  -2.97230    -2.66629    -1.90156    -0.76472
  -0.61904   0.29596  -2.97230    -4.08007    -3.40392    -0.67615
  -0.82329  -0.05781  -2.97230    -5.50200    -4.79564    -0.70637
  -0.61904  -0.41158  -2.97230    -5.44239    -4.68305    -0.75934
  -0.21054  -0.41158  -2.97230    -3.65524    -2.83313    -0.82211
  -0.41479  -0.05781  -3.00024    -3.98406    -3.15023    -0.83383
   0.24421  -1.33226   2.99985    -3.13253    -2.99893    -0.13360
   0.65271  -1.33226   2.97190    -0.89044    -0.85083    -0.03960
   0.44846  -0.97849   2.97190    -1.13956    -0.87877    -0.26079
   0.03996  -0.97849   2.97190    -3.30509    -2.89200    -0.41309
  -0.16429  -1.33226   2.97190    -5.41101    -5.18585    -0.22517
   0.03996  -1.68603   2.97190    -5.58483    -5.55798    -0.02685
   0.44846  -1.68603   2.97190    -3.15888    -3.20611     0.04723
   0.64891  -0.63131   2.88860     0.50766     0.85932    -0.35167
  -0.45674  -0.92757   2.88860    -5.85843    -5.29891    -0.55952
  -0.56518  -1.33226   2.88860    -7.69389    -7.44080    -0.25309
  -0.45674  -1.73696   2.88860    -8.86922    -8.79984    -0.06938
  -0.16048  -2.03321   2.88860    -8.58810    -8.61590     0.02781
   0.24421  -2.14165   2.88860    -6.49472    -6.59865     0.10393
   0.64891  -2.03321   2.88860    -3.28752    -3.43267     0.14515
   0.94516  -1.73696   2.88860    -0.35580    -0.45222     0.09643
  -0.95099  -1.33226   2.75148    -9.92908    -9.75964    -0.16944
  -0.87891  -1.74104   2.75148   -11.61081   -11.57363    -0.03718
  -0.67137  -2.10052   2.75148   -12.55019   -12.55036     0.00017
   0.45176  -2.50931   2.75148    -7.14608    -7.28219     0.13612
   0.84181  -2.36734   2.75148    -3.40236    -3.58509     0.18273
  -1.30002  -1.54451   2.56310   -13.17707   -13.26722     0.09015
   0.96134  -2.71625   2.56310    -4.12839    -4.29519     0.16681
  -1.30002  -1.54451  -2.56341   -13.19401   -13.28669     0.09267
   0.96134  -2.71625  -2.56341    -4.14031    -4.31422     0.17391
  -0.95099  -1.33226  -2.75179    -9.94477    -9.77853    -0.16624
  -0.87891  -1.74104  -2.75179   -11.62712   -11.59368    -0.03345
  -0.67137  -2.10052  -2.75179   -12.56776   -12.57153     0.00377
   0.45176  -2.50931  -2.75179    -7.16114    -7.30307     0.14193
   0.84181  -2.36734  -2.75179    -3.41553    -3.60544     0.18991
   0.64891  -0.63131  -2.88891     0.49573     0.83809    -0.34236
  -0.45674  -0.92757  -2.88891    -5.87161    -5.31683    -0.55478
  -0.56518  -1.33226  -2.88891    -7.70895    -7.45981    -0.24914
  -0.45674  -1.73696  -2.88891    -8.88553    -8.81999    -0.06554
  -0.16048  -2.03321  -2.88891    -8.60441    -8.63681     0.03240
   0.24421  -2.14165  -2.88891    -6.50978    -6.61961     0.10983
   0.64891  -2.03321  -2.88891    -3.30133    -3.45366     0.15233
   0.94516  -1.73696  -2.88891    -0.36898    -0.47429     0.10531
   0.65271  -1.33226  -2.97221    -0.90361    -0.87238    -0.03123
   0.44846  -0.97849  -2.97221    -1.15211    -0.89927    -0.25283
   0.03996  -0.97849  -2.97221    -3.31764    -2.91102    -0.40662
  -0.16429  -1.33226  -2.97221    -5.42482    -5.20526    -0.21956
   0.03996  -1.68603  -2.97221    -5.59989    -5.57832    -0.02158
   0.44846  -1.68603  -2.97221    -3.17332    -3.22700     0.05368
   0.24421  -1.33226  -3.00016    -3.14571    -3.01912    -0.12658
  -0.21598  -2.43462   2.79948   -11.34600   -11.38206     0.03606
  -0.63330  -2.43462   2.76820   -13.89369   -13.89674     0.00306
  -0.42464  -2.79603   2.76820   -14.17669   -14.17533    -0.00136
  -0.00733  -2.79603   2.76820   -11.64783   -11.67232     0.02449
  -0.93073  -2.02196   2.67508   -13.84537   -13.85803     0.01266
  -1.04130  -2.43462   2.67508   -16.36670   -16.37586     0.00916
  -0.93073  -2.84727   2.67508   -17.35252   -17.35067    -0.00185
  -0.62864  -3.14936   2.67508   -16.71811   -16.71036    -0.00775
  -0.21598  -3.25993   2.67508   -14.75275   -14.72928    -0.02347
   0.19667  -3.14936   2.67508   -11.81412   -11.80136    -0.01276
   0.49876  -2.84727   2.67508    -8.49773    -8.57108     0.07334
  -1.35759  -2.01911   2.52219   -16.51793   -16.61171     0.09378
  -1.43086  -2.43462   2.52219   -18.85478   -18.89369     0.03891
  -1.35759  -2.85013   2.52219   -19.98053   -19.99560     0.01507
  -1.14663  -3.21552   2.52219   -19.93598   -19.95567     0.01969
  -0.82342  -3.48673   2.52219   -18.95957   -18.97708     0.01751
  -0.42694  -3.63103   2.52219   -17.23329   -17.21913    -0.01416
  -0.00502  -3.63103   2.52219   -14.83746   -14.77732    -0.06014
   0.39145  -3.48673   2.52219   -11.83608   -11.76452    -0.07156
   0.71466  -3.21552   2.52219    -8.43436    -8.43051    -0.00384
   0.92562  -2.85013   2.52219    -5.12801    -5.25961     0.13161
  -1.73954  -2.02638   2.31295   -19.20242   -19.38881     0.18640
  -1.79328  -2.43462   2.31295   -21.48781   -21.55737     0.06956
  -1.73954  -2.84285   2.31295   -22.59850   -22.63083     0.03233
  -1.58196  -3.22326   2.31295   -22.69702   -22.74096     0.04394
  -1.33130  -3.54993   2.31295   -22.06323   -22.13070     0.06747
  -1.00463  -3.80059   2.31295   -20.89983   -20.97018     0.07035
  -0.62422  -3.95817   2.31295   -19.29905   -19.33182     0.03276
  -0.21598  -4.01191   2.31295   -17.26467   -17.22498    -0.03968
   0.19225  -3.95817   2.31295   -14.75149   -14.63713    -0.11436
   0.57266  -3.80059   2.31295   -11.72313   -11.57752    -0.14561
   0.89933  -3.54993   2.31295    -8.23543    -8.13826    -0.09718
   1.14999  -3.22326   2.31295    -4.55007    -4.58062     0.03054
  -2.10930  -2.64053   2.05202   -25.10164   -25.15477     0.05314
  -2.02077  -3.04272   2.05202   -25.52081   -25.57340     0.05259
  -1.84785  -3.41648   2.05202   -25.12799   -25.21279     0.08480
  -1.59863  -3.74433   2.05202   -24.23504   -24.35970     0.12465
  -1.28476  -4.01094   2.05202   -23.01203   -23.15641     0.14438
  -0.92091  -4.20384   2.05202   -21.52232   -21.64297     0.12065
  -0.52409  -4.31401   2.05202   -19.75463   -19.80283     0.04820
  -0.11288  -4.33631   2.05202   -17.64933   -17.59126    -0.05807
   0.29352  -4.26968   2.05202   -15.11796   -14.95292    -0.16503
   0.67609  -4.11725   2.05202   -12.06638   -11.83948    -0.22690
   1.01695  -3.88614   2.05202    -8.44628    -8.24044    -0.20584
   1.30016  -3.58716   2.05202    -4.33609    -4.24582    -0.09028
  -2.31644  -3.05136   1.74525   -28.51529   -28.60412     0.08883
  -2.16176  -3.43773   1.74525   -27.77671   -27.89736     0.12065
  -1.93676  -3.78785   1.74525   -26.66288   -26.83205     0.16918
  -1.64956  -4.08905   1.74525   -25.35138   -25.56370     0.21232
  -1.31055  -4.33046   1.74525   -23.89995   -24.12295     0.22299
  -0.93198  -4.50334   1.74525   -22.30043   -22.48247     0.18204
  -0.52753  -4.60146   1.74525   -20.50262   -20.58848     0.08586
  -0.11182  -4.62127   1.74525   -18.42242   -18.37290    -0.04952
   0.30012  -4.56204   1.74525   -15.94753   -15.75727    -0.19025
   0.69341  -4.42592   1.74525   -12.94929   -12.65540    -0.29389
   1.05384  -4.21783   1.74525    -9.29718    -8.98182    -0.31536
   1.36836  -3.94529   1.74525    -4.90587    -4.67903    -0.22684
   1.62563  -3.61815   1.74525     0.17131     0.20956    -0.03825
  -2.42560  -3.43342   1.39948   -30.49822   -30.68227     0.18405
  -2.22501  -3.79248   1.39948   -29.02671   -29.24076     0.21405
  -1.96664  -4.11248   1.39948   -27.51755   -27.78066     0.26311
  -1.65789  -4.38421   1.39948   -25.99960   -26.29969     0.30009
  -1.30767  -4.59985   1.39948   -24.45216   -24.74840     0.29623
  -0.92604  -4.75320   1.39948   -22.82566   -23.06230     0.23664
  -0.52399  -4.83985   1.39948   -21.05106   -21.17108     0.12002
  -0.11307  -4.85730   1.39948   -19.03487   -18.99846    -0.03642
   0.29489  -4.80506   1.39948   -16.66100   -16.45841    -0.20260
   0.68815  -4.68463   1.39948   -13.78889   -13.44974    -0.33915
   1.05539  -4.49946   1.39948   -10.25288    -9.85078    -0.40210
   1.38607  -4.25490   1.39948    -5.87035    -5.51779    -0.35256
   1.67065  -3.95797   1.39948    -0.47251    -0.29947    -0.17305
  -2.53834  -3.61792   1.02243   -32.09021   -32.36655     0.27634
  -2.32464  -3.96665   1.02243   -30.20580   -30.49350     0.28771
  -2.05902  -4.27765   1.02243   -28.47011   -28.80234     0.33223
  -1.74802  -4.54328   1.02243   -26.83544   -27.20458     0.36913
  -1.39929  -4.75698   1.02243   -25.24282   -25.60938     0.36655
  -1.02142  -4.91350   1.02243   -23.62636   -23.93320     0.30684
  -0.62372  -5.00897   1.02243   -21.90949   -22.09777     0.18828
  -0.21598  -5.04106   1.02243   -20.00124   -20.02422     0.02299
   0.19175  -5.00897   1.02243   -17.78927   -17.62610    -0.16316
   0.58945  -4.91350   1.02243   -15.13553   -14.80048    -0.33505
   0.96732  -4.75698   1.02243   -11.86558   -11.41660    -0.44898
   1.31605  -4.54328   1.02243    -7.76167    -7.30005    -0.46162
   1.62705  -4.27765   1.02243    -2.54706    -2.21162    -0.33544
  -2.56244  -3.82959   0.62254   -32.57151   -32.91242     0.34091
  -2.32199  -4.17143   0.62254   -30.44613   -30.79899     0.35286
  -2.03219  -4.47256   0.62254   -28.57553   -28.97255     0.39703
  -1.69981  -4.72592   0.62254   -26.85678   -27.28197     0.42519
  -1.33266  -4.92557   0.62254   -25.20392   -25.60805     0.40413
  -0.93933  -5.06683   0.62254   -23.53223   -23.85289     0.32065
  -0.52905  -5.14640   0.62254   -21.75262   -21.92877     0.17616
  -0.11143  -5.16241   0.62254   -19.76153   -19.74794    -0.01359
   0.30375  -5.11448   0.62254   -17.43033   -17.21206    -0.21827
   0.70673  -5.00374   0.62254   -14.59838   -14.19962    -0.39876
   1.08809  -4.83278   0.62254   -11.05546   -10.54772    -0.50774
   1.43889  -4.60561   0.62254    -6.51920    -6.02294    -0.49626
   1.75089  -4.32755   0.62254    -0.58923    -0.27061    -0.31863
  -2.52298  -4.00750   0.20872   -32.26152   -32.63234     0.37082
  -2.26279  -4.33377   0.20872   -30.13803   -30.53344     0.39541
  -1.95687  -4.61762   0.20872   -28.27809   -28.71555     0.43746
  -1.61207  -4.85271   0.20872   -26.56687   -27.01865     0.45178
  -1.23608  -5.03377   0.20872   -24.91150   -25.32285     0.41135
  -0.83730  -5.15678   0.20872   -23.22475   -23.53101     0.30625
  -0.42464  -5.21898   0.20872   -21.41251   -21.55524     0.14274
  -0.00733  -5.21898   0.20872   -19.36557   -19.30563    -0.05994
   0.40533  -5.15678   0.20872   -16.94903   -16.67863    -0.27040
   0.80411  -5.03377   0.20872   -13.98907   -13.54241    -0.44666
   1.18010  -4.85271   0.20872   -10.25539    -9.71453    -0.54086
   1.52491  -4.61762   0.20872    -5.42607    -4.92346    -0.50261
  -2.52298  -4.00750  -0.20977   -32.26089   -32.63228     0.37139
  -2.26279  -4.33377  -0.20977   -30.13803   -30.53361     0.39558
  -1.95687  -4.61762  -0.20977   -28.27809   -28.71586     0.43777
  -1.61207  -4.85271  -0.20977   -26.56687   -27.01905     0.45218
  -1.23608  -5.03377  -0.20977   -24.91150   -25.32332     0.41182
  -0.83730  -5.15678  -0.20977   -23.22475   -23.53154     0.30679
  -0.42464  -5.21898  -0.20977   -21.41313   -21.55584     0.14270
  -0.00733  -5.21898  -0.20977   -19.36620   -19.30628    -0.05991
   0.40533  -5.15678  -0.20977   -16.94903   -16.67935    -0.26968
   0.80411  -5.03377  -0.20977   -13.98907   -13.54322    -0.44585
   1.18010  -4.85271  -0.20977   -10.25602    -9.71544    -0.54058
   1.52491  -4.61762  -0.20977    -5.42670    -4.92448    -0.50222
  -2.56244  -3.82959  -0.62358   -32.57025   -32.91206     0.34180
  -2.32199  -4.17143  -0.62358   -30.44613   -30.79939     0.35326
  -2.03219  -4.47256  -0.62358   -28.57553   -28.97341     0.39789
  -1.69981  -4.72592  -0.62358   -26.85741   -27.28312     0.42572
  -1.33266  -4.92557  -0.62358   -25.20392   -25.60943     0.40551
  -0.93933  -5.06683  -0.62358   -23.53286   -23.85445     0.32159
  -0.52905  -5.14640  -0.62358   -21.75324   -21.93051     0.17727
  -0.11143  -5.16241  -0.62358   -19.76216   -19.74986    -0.01230
   0.30375  -5.11448  -0.62358   -17.43159   -17.21419    -0.21739
   0.70673  -5.00374  -0.62358   -14.59964   -14.20199    -0.39764
   1.08809  -4.83278  -0.62358   -11.05672   -10.55039    -0.50633
   1.43889  -4.60561  -0.62358    -6.52108    -6.02593    -0.49514
   1.75089  -4.32755  -0.62358    -0.59049    -0.27393    -0.31655
  -2.53834  -3.61792  -1.02348   -32.08895   -32.36605     0.27710
  -2.32464  -3.96665  -1.02348   -30.20517   -30.49419     0.28902
  -2.05902  -4.27765  -1.02348   -28.47011   -28.80376     0.33365
  -1.74802  -4.54328  -1.02348   -26.83607   -27.20649     0.37042
  -1.39929  -4.75698  -1.02348   -25.24408   -25.61165     0.36757
  -1.02142  -4.91350  -1.02348   -23.62762   -23.93578     0.30816
  -0.62372  -5.00897  -1.02348   -21.91075   -22.10062     0.18988
  -0.21598  -5.04106  -1.02348   -20.00249   -20.02737     0.02488
   0.19175  -5.00897  -1.02348   -17.79115   -17.62959    -0.16156
   0.58945  -4.91350  -1.02348   -15.13741   -14.80436    -0.33305
   0.96732  -4.75698  -1.02348   -11.86809   -11.42093    -0.44716
   1.31605  -4.54328  -1.02348    -7.76418    -7.30492    -0.45926
   1.62705  -4.27765  -1.02348    -2.54957    -2.21706    -0.33251
  -2.42560  -3.43342  -1.40052   -30.49696   -30.68264     0.18567
  -2.22501  -3.79248  -1.40052   -29.02671   -29.24229     0.21558
  -1.96664  -4.11248  -1.40052   -27.51817   -27.78300     0.26483
  -1.65789  -4.38421  -1.40052   -26.00086   -26.30262     0.30176
  -1.30767  -4.59985  -1.40052   -24.45342   -24.75177     0.29835
  -0.92604  -4.75320  -1.40052   -22.82754   -23.06607     0.23853
  -0.52399  -4.83985  -1.40052   -21.05294   -21.17524     0.12229
  -0.11307  -4.85730  -1.40052   -19.03676   -19.00304    -0.03371
   0.29489  -4.80506  -1.40052   -16.66414   -16.46349    -0.20065
   0.68815  -4.68463  -1.40052   -13.79203   -13.45542    -0.33661
   1.05539  -4.49946  -1.40052   -10.25602    -9.85715    -0.39886
   1.38607  -4.25490  -1.40052    -5.87412    -5.52496    -0.34916
   1.67065  -3.95797  -1.40052    -0.47628    -0.30745    -0.16883
  -2.31644  -3.05136  -1.74629   -28.51529   -28.60608     0.09079
  -2.16176  -3.43773  -1.74629   -27.77671   -27.90001     0.12330
  -1.93676  -3.78785  -1.74629   -26.66413   -26.83543     0.17130
  -1.64956  -4.08905  -1.74629   -25.35327   -25.56768     0.21442
  -1.31055  -4.33046  -1.74629   -23.90184   -24.12744     0.22560
  -0.93198  -4.50334  -1.74629   -22.30294   -22.48744     0.18450
  -0.52753  -4.60146  -1.74629   -20.50576   -20.59394     0.08818
  -0.11182  -4.62127  -1.74629   -18.42556   -18.37892    -0.04664
   0.30012  -4.56204  -1.74629   -15.95129   -15.76395    -0.18734
   0.69341  -4.42592  -1.74629   -12.95305   -12.66288    -0.29017
   1.05384  -4.21783  -1.74629    -9.30220    -8.99026    -0.31194
   1.36836  -3.94529  -1.74629    -4.91089    -4.68855    -0.22234
   1.62563  -3.61815  -1.74629     0.16629     0.19895    -0.03266
  -2.10930  -2.64053  -2.05307   -25.10415   -25.16029     0.05615
  -2.02077  -3.04272  -2.05307   -25.52269   -25.57825     0.05556
  -1.84785  -3.41648  -2.05307   -25.13050   -25.21776     0.08726
  -1.59863  -3.74433  -2.05307   -24.23755   -24.36504     0.12748
  -1.28476  -4.01094  -2.05307   -23.01517   -23.16219     0.14703
  -0.92091  -4.20384  -2.05307   -21.52546   -21.64925     0.12379
  -0.52409  -4.31401  -2.05307   -19.75839   -19.80967     0.05128
  -0.11288  -4.33631  -2.05307   -17.65372   -17.59877    -0.05495
   0.29352  -4.26968  -2.05307   -15.12235   -14.96126    -0.16109
   0.67609  -4.11725  -2.05307   -12.07203   -11.84883    -0.22320
   1.01695  -3.88614  -2.05307    -8.45255    -8.25101    -0.20155
   1.30016  -3.58716  -2.05307    -4.34237    -4.25776    -0.08461
  -1.73954  -2.02638  -2.31399   -19.21246   -19.40089     0.18843
  -1.79328  -2.43462  -2.31399   -21.49408   -21.56660     0.07252
  -1.73954  -2.84285  -2.31399   -22.60289   -22.63855     0.03566
  -1.58196  -3.22326  -2.31399   -22.70141   -22.74820     0.04679
  -1.33130  -3.54993  -2.31399   -22.06763   -22.13800     0.07038
  -1.00463  -3.80059  -2.31399   -20.90422   -20.97783     0.07360
  -0.62422  -3.95817  -2.31399   -19.30407   -19.34000     0.03592
  -0.21598  -4.01191  -2.31399   -17.26969   -17.23390    -0.03579
   0.19225  -3.95817  -2.31399   -14.75714   -14.64700    -0.11014
   0.57266  -3.80059  -2.31399   -11.73004   -11.58861    -0.14143
   0.89933  -3.54993  -2.31399    -8.24296    -8.15082    -0.09215
   1.14999  -3.22326  -2.31399    -4.55823    -4.59484     0.03661
  -1.35759  -2.01911  -2.52324   -16.52923   -16.62569     0.09646
  -1.43086  -2.43462  -2.52324   -18.86294   -18.90512     0.04218
  -1.35759  -2.85013  -2.52324   -19.98743   -20.00552     0.01809
  -1.14663  -3.21552  -2.52324   -19.94162   -19.96507     0.02345
  -0.82342  -3.48673  -2.52324   -18.96522   -18.98663     0.02141
  -0.42694  -3.63103  -2.52324   -17.24020   -17.22927    -0.01093
  -0.00502  -3.63103  -2.52324   -14.84499   -14.78846    -0.05654
   0.39145  -3.48673  -2.52324   -11.84361   -11.77705    -0.06656
   0.71466  -3.21552  -2.52324    -8.44377    -8.44481     0.00104
   0.92562  -2.85013  -2.52324    -5.13805    -5.27592     0.13787
  -0.93073  -2.02196  -2.67613   -13.85792   -13.87383     0.01591
  -1.04130  -2.43462  -2.67613   -16.37674   -16.38917     0.01243
  -0.93073  -2.84727  -2.67613   -17.36068   -17.36255     0.00187
  -0.62864  -3.14936  -2.67613   -16.72564   -16.72203    -0.00361
  -0.21598  -3.25993  -2.67613   -14.76091   -14.74168    -0.01923
   0.19667  -3.14936  -2.67613   -11.82353   -11.81527    -0.00827
   0.49876  -2.84727  -2.67613    -8.50903    -8.58706     0.07803
  -0.63330  -2.43462  -2.76925   -13.90498   -13.91170     0.00672
  -0.42464  -2.79603  -2.76925   -14.18611   -14.18930     0.00319
  -0.00733  -2.79603  -2.76925   -11.65850   -11.68752     0.02902
  -0.21598  -2.43462  -2.80052   -11.35855   -11.39846     0.03991
  -1.78752   0.37551   3.00014    -6.52296    -6.22527    -0.29769
  -1.37902   0.37551   2.97220    -5.85215    -5.50736    -0.34479
  -1.58327   0.72928   2.97220    -5.12111    -4.91618    -0.20493
  -1.99177   0.72928   2.97220    -5.69151    -5.42039    -0.27113
  -2.19602   0.37551   2.97220    -7.19189    -6.86726    -0.32463
  -1.99177   0.02174   2.97220    -8.02208    -7.73448    -0.28760
  -1.58327   0.02174   2.97220    -7.24836    -6.90274    -0.34562
  -1.08656   0.78021   2.88889    -4.17043    -3.99873    -0.17170
  -2.48847   0.78021   2.88889    -6.14646    -5.77496    -0.37150
  -2.59691   0.37551   2.88889    -7.93172    -7.53633    -0.39539
  -1.78752  -0.43388   2.88889    -9.19050    -8.97697    -0.21353
  -1.38282  -0.32544   2.88889    -7.91729    -7.51514    -0.40215
  -2.91064   0.78430   2.75177    -6.71372    -6.26001    -0.45372
  -1.57997  -0.80153   2.75177   -10.16942   -10.05021    -0.11921
  -2.91064   0.78430  -2.75149    -6.70996    -6.26408    -0.44588
  -1.57997  -0.80153  -2.75149   -10.18322   -10.06730    -0.11592
  -1.08656   0.78021  -2.88861    -4.16792    -4.00635    -0.16157
  -2.48847   0.78021  -2.88861    -6.14457    -5.78029    -0.36428
  -2.59691   0.37551  -2.88861    -7.93298    -7.54404    -0.38894
  -1.78752  -0.43388  -2.88861    -9.20054    -8.99128    -0.20926
  -1.38282  -0.32544  -2.88861    -7.92796    -7.52984    -0.39812
  -1.37902   0.37551  -2.97192    -5.85529    -5.51770    -0.33759
  -1.58327   0.72928  -2.97192    -5.11985    -4.92371    -0.19614
  -1.99177   0.72928  -2.97192    -5.69026    -5.42723    -0.26303
  -2.19602   0.37551  -2.97192    -7.19440    -6.87600    -0.31840
  -1.99177   0.02174  -2.97192    -8.02773    -7.74576    -0.28197
  -1.58327   0.02174  -2.97192    -7.25464    -6.91494    -0.33970
  -1.78752   0.37551  -2.99986    -6.52547    -6.23489    -0.29058
  -2.97578  -0.42200   3.00052   -12.05069   -11.68512    -0.36558
  -2.56728  -0.42200   2.97258   -10.92055   -10.63961    -0.28094
  -2.77153  -0.06823   2.97258    -9.98242    -9.60838    -0.37404
  -3.18003  -0.06823   2.97258   -11.07554   -10.63553    -0.44002
  -3.38428  -0.42200   2.97258   -13.44816   -13.02908    -0.41908
  -3.18003  -0.77577   2.97258   -14.43962   -14.10326    -0.33636
  -2.77153  -0.77577   2.97258   -13.04843   -12.78252    -0.26591
  -2.16639  -0.42200   2.88928   -10.05333    -9.85235    -0.20098
  -2.97578   0.38739   2.88928    -8.55233    -8.10736    -0.44497
  -3.38048   0.27895   2.88928   -10.04329    -9.56108    -0.48221
  -3.67674  -0.01730   2.88928   -12.52258   -12.04108    -0.48150
  -2.97578  -1.23139   2.88928   -16.07742   -15.87010    -0.20732
  -2.57109  -1.12295   2.88928   -14.16728   -14.01860    -0.14868
  -2.27483  -0.82670   2.88928   -11.93021   -11.80117    -0.12904
  -3.18333   0.75505   2.75216    -7.25338    -6.78871    -0.46467
  -3.57339   0.61308   2.75216    -8.88553    -8.39775    -0.48778
  -3.89136   0.34626   2.75216   -11.39055   -10.89419    -0.49637
  -2.76824  -1.59905   2.75216   -17.53764   -17.45170    -0.08594
  -2.37818  -1.45708   2.75216   -15.54341   -15.51750    -0.02591
  -2.06021  -1.19026   2.75216   -13.23794   -13.25790     0.01996
  -1.85266  -0.83078   2.75216   -11.04919   -11.00910    -0.04009
  -3.49778   1.04675   2.56378    -6.19540    -5.75333    -0.44207
  -3.87469   0.85145   2.56378    -8.36596    -7.90165    -0.46431
  -4.18493   0.56171   2.56378   -11.26882   -10.79922    -0.46960
  -2.65865  -1.94815   2.56378   -19.64920   -19.66247     0.01327
  -2.25866  -1.80599   2.56378   -17.74032   -17.80901     0.06869
  -1.91185  -1.56119   2.56378   -15.35014   -15.50463     0.15449
  -1.64396  -1.23190   2.56378   -12.68259   -12.83051     0.14792
  -3.67655   1.33680   2.32766    -4.46787    -4.08763    -0.38024
  -4.03826   1.14503   2.32766    -6.83609    -6.43388    -0.40221
  -4.35028   0.88000   2.32766    -9.83684    -9.41586    -0.42098
  -2.46928  -2.24626   2.32766   -21.87247   -21.95447     0.08200
  -2.08896  -2.09472   2.32766   -20.28989   -20.41854     0.12864
  -1.75011  -1.86497   2.32766   -18.04278   -18.28441     0.24163
  -4.07204   1.47677   2.04818    -4.10454    -3.79819    -0.30635
  -4.41157   1.23499   2.04818    -7.34876    -7.00860    -0.34017
  -4.43318   1.54852   1.73056    -4.44277    -4.21209    -0.23068
  -4.54144   1.73294   1.38072    -2.60103    -2.47834    -0.12269
  -4.54144   1.73294  -1.37967    -2.58597    -2.46910    -0.11687
  -4.43318   1.54852  -1.72952    -4.42959    -4.20463    -0.22496
  -4.07204   1.47677  -2.04714    -4.09011    -3.79102    -0.29909
  -4.41157   1.23499  -2.04714    -7.33872    -7.00488    -0.33385
  -3.67655   1.33680  -2.32661    -4.45532    -4.08292    -0.37240
  -4.03826   1.14503  -2.32661    -6.82668    -6.43126    -0.39541
  -4.35028   0.88000  -2.32661    -9.82931    -9.41540    -0.41391
  -2.46928  -2.24626  -2.32661   -21.89004   -21.97561     0.08556
  -2.08896  -2.09472  -2.32661   -20.31186   -20.44385     0.13199
  -1.75011  -1.86497  -2.32661   -18.06725   -18.31266     0.24541
  -3.49778   1.04675  -2.56273    -6.18724    -5.75295    -0.43429
  -3.87469   0.85145  -2.56273    -8.35968    -7.90221    -0.45747
  -4.18493   0.56171  -2.56273   -11.26442   -10.80126    -0.46317
  -2.65865  -1.94815  -2.56273   -19.66301   -19.68034     0.01733
  -2.25866  -1.80599  -2.56273   -17.75726   -17.82990     0.07263
  -1.91185  -1.56119  -2.56273   -15.36896   -15.52736     0.15840
  -1.64396  -1.23190  -2.56273   -12.70142   -12.85307     0.15165
  -3.18333   0.75505  -2.75111    -7.24962    -6.79228    -0.45734
  -3.57339   0.61308  -2.75111    -8.88177    -8.40099    -0.48078
  -3.89136   0.34626  -2.75111   -11.38804   -10.89818    -0.48987
  -2.76824  -1.59905  -2.75111   -17.54893   -17.46745    -0.08148
  -2.37818  -1.45708  -2.75111   -15.55659   -15.53541    -0.02118
  -2.06021  -1.19026  -2.75111   -13.25237   -13.27681     0.02444
  -1.85266  -0.83078  -2.75111   -11.06362   -11.02756    -0.03606
  -2.16639  -0.42200  -2.88823   -10.06337    -9.86712    -0.19625
  -2.97578   0.38739  -2.88823    -8.55233    -8.11434    -0.43798
  -3.38048   0.27895  -2.88823   -10.04266    -9.56704    -0.47562
  -3.67674  -0.01730  -2.88823   -12.52258   -12.04748    -0.47510
  -2.97578  -1.23139  -2.88823   -16.08558   -15.88346    -0.20212
  -2.57109  -1.12295  -2.88823   -14.17732   -14.03381    -0.14351
  -2.27483  -0.82670  -2.88823   -11.94088   -11.81695    -0.12393
  -2.56728  -0.42200  -2.97153   -10.92745   -10.65220    -0.27525
  -2.77153  -0.06823  -2.97153    -9.98681    -9.61855    -0.36827
  -3.18003  -0.06823  -2.97153   -11.07805   -10.64392    -0.43413
  -3.38428  -0.42200  -2.97153   -13.45129   -13.03807    -0.41322
  -3.18003  -0.77577  -2.97153   -14.44464   -14.11426    -0.33038
  -2.77153  -0.77577  -2.97153   -13.05596   -12.79539    -0.26057
  -2.97578  -0.42200  -2.99948   -12.05571   -11.69576    -0.35995
  -3.93960  -1.02389   3.00047   -17.33307   -17.17540    -0.15767
  -3.53110  -1.02389   2.97253   -16.58445   -16.33637    -0.24808
  -3.73535  -0.67012   2.97253   -15.65636   -15.33114    -0.32522
  -4.14385  -0.67012   2.97253   -16.48656   -16.27111    -0.21545
  -4.34810  -1.02389   2.97253   -18.05470   -17.99961    -0.05509
  -4.14385  -1.37766   2.97253   -18.85666   -18.85999     0.00333
  -3.73535  -1.37766   2.97253   -18.22915   -18.14548    -0.08367
  -3.93960  -0.21450   2.88922   -14.33734   -13.92694    -0.41040
  -4.34430  -0.32294   2.88922   -15.65134   -15.39723    -0.25411
  -4.64055  -0.61919   2.88922   -17.27659   -17.18986    -0.08673
  -4.74899  -1.02389   2.88922   -18.74998   -18.78337     0.03339
  -4.64055  -1.42858   2.88922   -19.78035   -19.88574     0.10539
  -4.34430  -1.72484   2.88922   -20.23655   -20.37355     0.13700
  -3.93960  -1.83328   2.88922   -20.07277   -20.17896     0.10618
  -3.53491  -1.72484   2.88922   -19.22564   -19.22554    -0.00010
  -3.23865  -1.42858   2.88922   -17.68071   -17.53364    -0.14707
  -4.14715   0.15316   2.75211   -13.27873   -12.84333    -0.43540
  -4.53720   0.01119   2.75211   -14.79730   -14.52669    -0.27061
  -4.85518  -0.25563   2.75211   -16.47024   -16.36347    -0.10677
  -5.06273  -0.61510   2.75211   -18.05910   -18.07583     0.01673
  -5.13481  -1.02389   2.75211   -19.41577   -19.50933     0.09356
  -5.06273  -1.43267   2.75211   -20.45618   -20.60039     0.14420
  -4.85518  -1.79215   2.75211   -21.14393   -21.33426     0.19033
  -4.53720  -2.05897   2.75211   -21.48342   -21.71351     0.23010
  -4.14715  -2.20093   2.75211   -21.49346   -21.73236     0.23890
  -3.73206  -2.20093   2.75211   -21.15899   -21.34951     0.19052
  -3.34200  -2.05897   2.75211   -20.38402   -20.46896     0.08494
  -3.02402  -1.79215   2.75211   -19.02421   -18.98473    -0.03948
  -4.46160   0.44486   2.56373   -12.71522   -12.33793    -0.37729
  -4.83850   0.24957   2.56373   -14.51555   -14.30676    -0.20879
  -5.14874  -0.04018   2.56373   -16.31274   -16.25649    -0.05624
  -5.36931  -0.40288   2.56373   -17.97187   -18.02044     0.04857
  -5.48384  -0.81164   2.56373   -19.41891   -19.52208     0.10317
  -5.48384  -1.23614   2.56373   -20.60992   -20.73903     0.12911
  -5.36931  -1.64490   2.56373   -21.52169   -21.67663     0.15494
  -5.14874  -2.00760   2.56373   -22.15360   -22.35253     0.19894
  -4.83850  -2.29734   2.56373   -22.52885   -22.78771     0.25886
  -4.46160  -2.49264   2.56373   -22.68635   -22.99893     0.31258
  -4.04597  -2.57901   2.56373   -22.65874   -22.98743     0.32869
  -3.62246  -2.55004   2.56373   -22.43409   -22.71785     0.28375
  -3.22247  -2.40788   2.56373   -21.90573   -22.08864     0.18292
  -2.87567  -2.16308   2.56373   -20.85716   -20.92457     0.06741
  -4.64037   0.73491   2.32761   -11.68360   -11.34368    -0.33992
  -5.00208   0.54315   2.32761   -13.61319   -13.42524    -0.18796
  -5.31410   0.27811   2.32761   -15.47376   -15.42659    -0.04716
  -5.56186  -0.04781   2.32761   -17.18749   -17.24006     0.05258
  -5.73376  -0.41937   2.32761   -18.71924   -18.82192     0.10268
  -5.82177  -0.81919   2.32761   -20.05207   -20.16372     0.11165
  -5.82177  -1.22859   2.32761   -21.17217   -21.27456     0.10239
  -5.73376  -1.62841   2.32761   -22.07139   -22.17153     0.10014
  -5.56186  -1.99997   2.32761   -22.75161   -22.87498     0.12337
  -5.31410  -2.32588   2.32761   -23.22789   -23.40655     0.17865
  -5.00208  -2.59092   2.32761   -23.53098   -23.78815     0.25718
  -4.64037  -2.78269   2.32761   -23.70166   -24.04088     0.33922
  -4.24590  -2.89221   2.32761   -23.78512   -24.18164     0.39652
  -3.83710  -2.91438   2.32761   -23.81085   -24.21460     0.40375
  -3.43310  -2.84814   2.32761   -23.76316   -24.11226     0.34911
  -3.05278  -2.69661   2.32761   -23.53851   -23.78253     0.24402
  -2.71393  -2.46686   2.32761   -22.90284   -23.03431     0.13147
  -4.65670   1.04803   2.04813    -9.76593    -9.43904    -0.32689
  -5.03586   0.87488   2.04813   -12.00363   -11.80615    -0.19748
  -5.37539   0.63310   2.04813   -14.11269   -14.05435    -0.05834
  -5.66303   0.33143   2.04813   -16.03224   -16.08366     0.05142
  -5.88838  -0.01922   2.04813   -17.75036   -17.86186     0.11150
  -6.04330  -0.40619   2.04813   -19.27019   -19.38980     0.11961
  -6.12218  -0.81548   2.04813   -20.59235   -20.68284     0.09049
  -6.12218  -1.23230   2.04813   -21.71371   -21.76182     0.04811
  -6.04330  -1.64159   2.04813   -22.63113   -22.64904     0.01791
  -5.88838  -2.02855   2.04813   -23.34649   -23.36681     0.02032
  -5.66303  -2.37921   2.04813   -23.87234   -23.93741     0.06507
  -5.37539  -2.68088   2.04813   -24.23442   -24.38366     0.14924
  -5.03586  -2.92266   2.04813   -24.47162   -24.72988     0.25826
  -4.65670  -3.09581   2.04813   -24.63540   -25.00258     0.36718
  -4.25163  -3.19408   2.04813   -24.78161   -25.22988     0.44828
  -3.83528  -3.21391   2.04813   -24.96107   -25.43708     0.47600
  -3.42270  -3.15459   2.04813   -25.19827   -25.63293     0.43466
  -3.02880  -3.01826   2.04813   -25.44802   -25.77685     0.32883
  -2.66782  -2.80985   2.04813   -25.52646   -25.71715     0.19070
  -2.35281  -2.53689   2.04813   -25.02884   -25.11864     0.08980
  -5.04301   1.16459   1.73051   -10.19954   -10.01614    -0.18340
  -5.39699   0.94664   1.73051   -12.60102   -12.54012    -0.06090
  -5.70905   0.67199   1.73051   -14.73769   -14.79004     0.05235
  -5.97020   0.34856   1.73051   -16.63026   -16.75448     0.12422
  -6.17294  -0.01436   1.73051   -18.30633   -18.44868     0.14235
  -6.31143  -0.40631   1.73051   -19.78600   -19.89710     0.11110
  -6.38168  -0.81604   1.73051   -21.07804   -21.12594     0.04789
  -6.38168  -1.23174   1.73051   -22.18372   -22.16036    -0.02335
  -6.31143  -1.64146   1.73051   -23.10302   -23.02369    -0.07933
  -6.17294  -2.03342   1.73051   -23.83720   -23.73762    -0.09958
  -5.97020  -2.39634   1.73051   -24.39569   -24.32299    -0.07270
  -5.70905  -2.71977   1.73051   -24.79792   -24.80086     0.00294
  -5.39699  -2.99441   1.73051   -25.07591   -25.19392     0.11801
  -5.04301  -3.21237   1.73051   -25.27420   -25.52824     0.25404
  -4.65728  -3.36737   1.73051   -25.44865   -25.83532     0.38668
  -4.25091  -3.45495   1.73051   -25.66639   -26.15389     0.48750
  -3.83558  -3.47259   1.73051   -25.99709   -26.53022     0.53313
  -3.42325  -3.41979   1.73051   -26.50663   -27.01290     0.50627
  -3.02576  -3.29806   1.73051   -27.22952   -27.63248     0.40296
  -2.65457  -3.11091   1.73051   -28.10615   -28.34557     0.23942
  -5.14888   1.34945   1.38067    -9.16164    -9.04306    -0.11857
  -5.50526   1.13105   1.38067   -11.84173   -11.82721    -0.01452
  -5.82309   0.85960   1.38067   -14.15222   -14.24079     0.08857
  -6.09454   0.54177   1.38067   -16.16276   -16.31639     0.15363
  -6.31294   0.18539   1.38067   -17.92857   -18.09411     0.16553
  -6.47289  -0.20077   1.38067   -19.48794   -19.61224     0.12430
  -6.57046  -0.60720   1.38067   -20.86030   -20.90469     0.04439
  -6.60326  -1.02389   1.38067   -22.05319   -22.00080    -0.05240
  -6.57046  -1.44058   1.38067   -23.06913   -22.92596    -0.14317
  -6.47289  -1.84700   1.38067   -23.90686   -23.70263    -0.20423
  -6.31294  -2.23316   1.38067   -24.57139   -24.35129    -0.22010
  -6.09454  -2.58955   1.38067   -25.07340   -24.89169    -0.18171
  -5.82309  -2.90738   1.38067   -25.43484   -25.34422    -0.09062
  -5.50526  -3.17883   1.38067   -25.68898   -25.73159     0.04261
  -5.14888  -3.39722   1.38067   -25.88037   -26.08108     0.20071
  -4.76272  -3.55717   1.38067   -26.06863   -26.42755     0.35893
  -4.35629  -3.65475   1.38067   -26.32779   -26.81733     0.48954
  -3.93960  -3.68754   1.38067   -26.74508   -27.31320     0.56812
  -3.52291  -3.65475   1.38067   -27.42530   -27.99893     0.57363
  -3.11649  -3.55717   1.38067   -28.48391   -28.97895     0.49504
  -2.73033  -3.39722   1.38067   -30.02758   -30.35796     0.33037
  -5.23213   1.49009   1.00511    -8.25928    -8.20396    -0.05532
  -5.58439   1.27511   1.00511   -11.16214   -11.18988     0.02774
  -5.90160   1.01112   1.00511   -13.60064   -13.72002     0.11937
  -6.17699   0.70377   1.00511   -15.69088   -15.87060     0.17973
  -6.40470   0.35959   1.00511   -17.51505   -17.70368     0.18864
  -6.57986  -0.01407   1.00511   -19.12398   -19.26880     0.14482
  -6.69876  -0.40926   1.00511   -20.54843   -20.60566     0.05723
  -6.75884  -0.81755   1.00511   -21.80094   -21.74648    -0.05445
  -6.75884  -1.23023   1.00511   -22.88715   -22.71794    -0.16922
  -6.69876  -1.63852   1.00511   -23.80708   -23.54266    -0.26442
  -6.57986  -2.03370   1.00511   -24.56198   -24.24057    -0.32141
  -6.40470  -2.40737   1.00511   -25.15686   -24.82999    -0.32687
  -6.17699  -2.75154   1.00511   -25.60553   -25.32891    -0.27661
  -5.90160  -3.05890   1.00511   -25.92869   -25.75634    -0.17235
  -5.58439  -3.32288   1.00511   -26.15899   -26.13402    -0.02497
  -5.23213  -3.53786   1.00511   -26.34159   -26.48876     0.14717
  -4.85231  -3.69927   1.00511   -26.53298   -26.85578     0.32279
  -4.45305  -3.80365   1.00511   -26.80846   -27.28357     0.47511
  -4.04284  -3.84878   1.00511   -27.26027   -27.84108     0.58081
  -3.63043  -3.83371   1.00511   -28.01077   -28.62817     0.61740
  -3.22461  -3.75875   1.00511   -29.21810   -29.78950     0.57140
  -2.83403  -3.62551   1.00511   -31.09623   -31.52871     0.43248
  -5.03992   1.69949   0.61084    -5.10040    -5.09039    -0.01000
  -5.40823   1.51985   0.61084    -8.67532    -8.68715     0.01183
  -5.74795   1.29070   0.61084   -11.56124   -11.65143     0.09020
  -6.05248   1.01650   0.61084   -13.96209   -14.12921     0.16713
  -6.31589   0.70258   0.61084   -16.01279   -16.22120     0.20842
  -6.53304   0.35507   0.61084   -17.80182   -17.99937     0.19755
  -6.69972  -0.01929   0.61084   -19.38251   -19.51706     0.13455
  -6.81267  -0.41320   0.61084   -20.78437   -20.81514     0.03077
  -6.86970  -0.81900   0.61084   -22.02056   -21.92581    -0.09475
  -6.86970  -1.22878   0.61084   -23.09674   -22.87521    -0.22154
  -6.81267  -1.63458   0.61084   -24.01353   -23.68522    -0.32831
  -6.69972  -2.02849   0.61084   -24.77157   -24.37490    -0.39666
  -6.53304  -2.40284   0.61084   -25.37523   -24.96164    -0.41359
  -6.31589  -2.75036   0.61084   -25.83582   -25.46230    -0.37352
  -6.05248  -3.06428   0.61084   -26.17154   -25.89457    -0.27696
  -5.74795  -3.33847   0.61084   -26.41187   -26.27847    -0.13341
  -5.40823  -3.56762   0.61084   -26.59574   -26.63842     0.04269
  -5.03992  -3.74726   0.61084   -26.77583   -27.00646     0.23063
  -4.65019  -3.87389   0.61084   -27.01930   -27.42671     0.40741
  -4.24663  -3.94505   0.61084   -27.41526   -27.96261     0.54735
  -3.83709  -3.95935   0.61084   -28.07854   -28.70834     0.62980
  -3.42955  -3.91652   0.61084   -29.17229   -29.80713     0.63485
  -3.03194  -3.81738   0.61084   -30.92932   -31.48058     0.55127
  -5.06080   1.75118   0.20520    -4.50803    -4.53905     0.03102
  -5.43611   1.56813   0.20520    -8.34399    -8.38085     0.03686
  -5.78228   1.33463   0.20520   -11.37800   -11.48645     0.10845
  -6.09259   1.05523   0.20520   -13.86921   -14.05158     0.18237
  -6.36099   0.73536   0.20520   -15.98078   -16.20047     0.21969
  -6.58227   0.38124   0.20520   -17.81374   -18.01722     0.20348
  -6.75211  -0.00022   0.20520   -19.42895   -19.56186     0.13292
  -6.86720  -0.40161   0.20520   -20.85904   -20.87921     0.02017
  -6.92532  -0.81511   0.20520   -22.11908   -22.00392    -0.11516
  -6.92532  -1.23267   0.20520   -23.21471   -22.96375    -0.25096
  -6.86720  -1.64617   0.20520   -24.14657   -23.78171    -0.36486
  -6.75211  -2.04756   0.20520   -24.91652   -24.47764    -0.43888
  -6.58227  -2.42902   0.20520   -25.52771   -25.06960    -0.45812
  -6.36099  -2.78313   0.20520   -25.99207   -25.57511    -0.41696
  -6.09259  -3.10301   0.20520   -26.32967   -26.01252    -0.31715
  -5.78228  -3.38241   0.20520   -26.56938   -26.40276    -0.16662
  -5.43611  -3.61591   0.20520   -26.75324   -26.77158     0.01834
  -5.06080  -3.79896   0.20520   -26.93710   -27.15313     0.21603
  -4.66367  -3.92799   0.20520   -27.19250   -27.59510     0.40260
  -4.25246  -4.00050   0.20520   -27.61544   -28.16730     0.55186
  -3.83515  -4.01507   0.20520   -28.33519   -28.97567     0.64048
  -3.41987  -3.97142   0.20520   -29.53687   -30.18614     0.64927
  -3.01471  -3.87041   0.20520   -31.50223   -32.06623     0.56399
  -5.06080   1.75118  -0.20425    -4.50552    -4.53777     0.03225
  -5.43611   1.56813  -0.20425    -8.34274    -8.38019     0.03745
  -5.78228   1.33463  -0.20425   -11.37675   -11.48611     0.10936
  -6.09259   1.05523  -0.20425   -13.86859   -14.05143     0.18284
  -6.36099   0.73536  -0.20425   -15.98016   -16.20043     0.22027
  -6.58227   0.38124  -0.20425   -17.81374   -18.01724     0.20350
  -6.75211  -0.00022  -0.20425   -19.42895   -19.56194     0.13299
  -6.86720  -0.40161  -0.20425   -20.85842   -20.87932     0.02091
  -6.92532  -0.81511  -0.20425   -22.11908   -22.00406    -0.11502
  -6.92532  -1.23267  -0.20425   -23.21471   -22.96392    -0.25079
  -6.86720  -1.64617  -0.20425   -24.14657   -23.78190    -0.36467
  -6.75211  -2.04756  -0.20425   -24.91652   -24.47785    -0.43867
  -6.58227  -2.42902  -0.20425   -25.52771   -25.06984    -0.45788
  -6.36099  -2.78313  -0.20425   -25.99207   -25.57538    -0.41669
  -6.09259  -3.10301  -0.20425   -26.32967   -26.01284    -0.31683
  -5.78228  -3.38241  -0.20425   -26.56938   -26.40312    -0.16626
  -5.43611  -3.61591  -0.20425   -26.75387   -26.77200     0.01814
  -5.06080  -3.79896  -0.20425   -26.93773   -27.15364     0.21591
  -4.66367  -3.92799  -0.20425   -27.19312   -27.59573     0.40260
  -4.25246  -4.00050  -0.20425   -27.61607   -28.16810     0.55203
  -3.83515  -4.01507  -0.20425   -28.33645   -28.97671     0.64026
  -3.41987  -3.97142  -0.20425   -29.53813   -30.18756     0.64943
  -3.01471  -3.87041  -0.20425   -31.50411   -32.06826     0.56415
  -5.03992   1.69949  -0.60990    -5.09475    -5.08698    -0.00777
  -5.40823   1.51985  -0.60990    -8.67155    -8.68534     0.01378
  -5.74795   1.29070  -0.60990   -11.55872   -11.65051     0.09178
  -6.05248   1.01650  -0.60990   -13.96020   -14.12880     0.16859
  -6.31589   0.70258  -0.60990   -16.01153   -16.22110     0.20957
  -6.53304   0.35507  -0.60990   -17.80119   -17.99947     0.19828
  -6.69972  -0.01929  -0.60990   -19.38189   -19.51731     0.13542
  -6.81267  -0.41320  -0.60990   -20.78374   -20.81549     0.03175
  -6.86970  -0.81900  -0.60990   -22.01994   -21.92624    -0.09369
  -6.86970  -1.22878  -0.60990   -23.09674   -22.87571    -0.22103
  -6.81267  -1.63458  -0.60990   -24.01291   -23.68580    -0.32711
  -6.69972  -2.02849  -0.60990   -24.77094   -24.37555    -0.39538
  -6.53304  -2.40284  -0.60990   -25.37523   -24.96237    -0.41286
  -6.31589  -2.75036  -0.60990   -25.83582   -25.46313    -0.37269
  -6.05248  -3.06428  -0.60990   -26.17217   -25.89552    -0.27665
  -5.74795  -3.33847  -0.60990   -26.41250   -26.27955    -0.13295
  -5.40823  -3.56762  -0.60990   -26.59636   -26.63970     0.04334
  -5.03992  -3.74726  -0.60990   -26.77646   -27.00799     0.23153
  -4.65019  -3.87389  -0.60990   -27.02056   -27.42858     0.40802
  -4.24663  -3.94505  -0.60990   -27.41652   -27.96496     0.54844
  -3.83709  -3.95935  -0.60990   -28.08105   -28.71139     0.63033
  -3.42955  -3.91652  -0.60990   -29.17543   -29.81125     0.63582
  -3.03194  -3.81738  -0.60990   -30.93496   -31.48640     0.55143
  -5.23213   1.49009  -1.00417    -8.25363    -8.20093    -0.05270
  -5.58439   1.27511  -1.00417   -11.15775   -11.18832     0.03057
  -5.90160   1.01112  -1.00417   -13.59750   -13.71932     0.12182
  -6.17699   0.70377  -1.00417   -15.68899   -15.87044     0.18145
  -6.40470   0.35959  -1.00417   -17.51316   -17.70386     0.19070
  -6.57986  -0.01407  -1.00417   -19.12272   -19.26923     0.14650
  -6.69876  -0.40926  -1.00417   -20.54717   -20.60626     0.05908
  -6.75884  -0.81755  -1.00417   -21.80031   -21.74722    -0.05309
  -6.75884  -1.23023  -1.00417   -22.88653   -22.71880    -0.16773
  -6.69876  -1.63852  -1.00417   -23.80708   -23.54365    -0.26344
  -6.57986  -2.03370  -1.00417   -24.56198   -24.24168    -0.32030
  -6.40470  -2.40737  -1.00417   -25.15748   -24.83124    -0.32624
  -6.17699  -2.75154  -1.00417   -25.60553   -25.33034    -0.27519
  -5.90160  -3.05890  -1.00417   -25.92932   -25.75798    -0.17134
  -5.58439  -3.32288  -1.00417   -26.16024   -26.13591    -0.02433
  -5.23213  -3.53786  -1.00417   -26.34285   -26.49101     0.14816
  -4.85231  -3.69927  -1.00417   -26.53487   -26.85848     0.32362
  -4.45305  -3.80365  -1.00417   -26.81097   -27.28692     0.47594
  -4.04284  -3.84878  -1.00417   -27.26403   -27.84534     0.58131
  -3.63043  -3.83371  -1.00417   -28.01516   -28.63378     0.61862
  -3.22461  -3.75875  -1.00417   -29.22437   -29.79718     0.57281
  -2.83403  -3.62551  -1.00417   -31.10627   -31.53971     0.43343
  -5.14888   1.34945  -1.37972    -9.15411    -9.04000    -0.11411
  -5.50526   1.13105  -1.37972   -11.83671   -11.82570    -0.01101
  -5.82309   0.85960  -1.37972   -14.14908   -14.24024     0.09116
  -6.09454   0.54177  -1.37972   -16.16025   -16.31646     0.15620
  -6.31294   0.18539  -1.37972   -17.92669   -18.09458     0.16789
  -6.47289  -0.20077  -1.37972   -19.48668   -19.61299     0.12631
  -6.57046  -0.60720  -1.37972   -20.85904   -20.90567     0.04663
  -6.60326  -1.02389  -1.37972   -22.05257   -22.00196    -0.05060
  -6.57046  -1.44058  -1.37972   -23.06850   -22.92730    -0.14120
  -6.47289  -1.84700  -1.37972   -23.90686   -23.70415    -0.20271
  -6.31294  -2.23316  -1.37972   -24.57139   -24.35301    -0.21838
  -6.09454  -2.58955  -1.37972   -25.07402   -24.89365    -0.18038
  -5.82309  -2.90738  -1.37972   -25.43610   -25.34647    -0.08963
  -5.50526  -3.17883  -1.37972   -25.68961   -25.73422     0.04460
  -5.14888  -3.39722  -1.37972   -25.88163   -26.08420     0.20257
  -4.76272  -3.55717  -1.37972   -26.07114   -26.43133     0.36019
  -4.35629  -3.65475  -1.37972   -26.33093   -26.82203     0.49110
  -3.93960  -3.68754  -1.37972   -26.74947   -27.31921     0.56973
  -3.52291  -3.65475  -1.37972   -27.43158   -28.00685     0.57528
  -3.11649  -3.55717  -1.37972   -28.49332   -28.98977     0.49644
  -2.73033  -3.39722  -1.37972   -30.04139   -30.37325     0.33186
  -5.04301   1.16459  -1.72957   -10.19264   -10.01375    -0.17889
  -5.39699   0.94664  -1.72957   -12.59600   -12.53908    -0.05692
  -5.70905   0.67199  -1.72957   -14.73392   -14.78991     0.05598
  -5.97020   0.34856  -1.72957   -16.62775   -16.75494     0.12720
  -6.17294  -0.01436  -1.72957   -18.30445   -18.44957     0.14512
  -6.31143  -0.40631  -1.72957   -19.78475   -19.89830     0.11355
  -6.38168  -0.81604  -1.72957   -21.07679   -21.12739     0.05060
  -6.38168  -1.23174  -1.72957   -22.18309   -22.16205    -0.02104
  -6.31143  -1.64146  -1.72957   -23.10239   -23.02561    -0.07678
  -6.17294  -2.03342  -1.72957   -23.83720   -23.73980    -0.09740
  -5.97020  -2.39634  -1.72957   -24.39631   -24.32547    -0.07084
  -5.70905  -2.71977  -1.72957   -24.79918   -24.80371     0.00454
  -5.39699  -2.99441  -1.72957   -25.07779   -25.19725     0.11946
  -5.04301  -3.21237  -1.72957   -25.27608   -25.53220     0.25612
  -4.65728  -3.36737  -1.72957   -25.45179   -25.84013     0.38835
  -4.25091  -3.45495  -1.72957   -25.67016   -26.15987     0.48971
  -3.83558  -3.47259  -1.72957   -26.00274   -26.53784     0.53510
  -3.42325  -3.41979  -1.72957   -26.51479   -27.02287     0.50809
  -3.02576  -3.29806  -1.72957   -27.24019   -27.64585     0.40567
  -2.65457  -3.11091  -1.72957   -28.12184   -28.36379     0.24195
  -4.65670   1.04803  -2.04719    -9.75777    -9.43697    -0.32080
  -5.03586   0.87488  -2.04719   -11.99735   -11.80529    -0.19206
  -5.37539   0.63310  -2.04719   -14.10830   -14.05441    -0.05388
  -5.66303   0.33143  -2.04719   -16.02848   -16.08440     0.05592
  -5.88838  -0.01922  -2.04719   -17.74785   -17.86307     0.11522
  -6.04330  -0.40619  -2.04719   -19.26893   -19.39138     0.12245
  -6.12218  -0.81548  -2.04719   -20.59172   -20.68474     0.09301
  -6.12218  -1.23230  -2.04719   -21.71308   -21.76401     0.05093
  -6.04330  -1.64159  -2.04719   -22.63050   -22.65153     0.02103
  -5.88838  -2.02855  -2.04719   -23.34649   -23.36965     0.02316
  -5.66303  -2.37921  -2.04719   -23.87297   -23.94067     0.06769
  -5.37539  -2.68088  -2.04719   -24.23567   -24.38745     0.15178
  -5.03586  -2.92266  -2.04719   -24.47413   -24.73437     0.26024
  -4.65670  -3.09581  -2.04719   -24.63853   -25.00801     0.36947
  -4.25163  -3.19408  -2.04719   -24.78600   -25.23659     0.45059
  -3.83528  -3.21391  -2.04719   -24.96735   -25.44555     0.47820
  -3.42270  -3.15459  -2.04719   -25.20643   -25.64386     0.43743
  -3.02880  -3.01826  -2.04719   -25.45932   -25.79111     0.33180
  -2.66782  -2.80985  -2.04719   -25.54152   -25.73569     0.19417
  -2.35281  -2.53689  -2.04719   -25.04955   -25.14194     0.09239
  -4.64037   0.73491  -2.32666   -11.67732   -11.34371    -0.33361
  -5.00208   0.54315  -2.32666   -13.60880   -13.42588    -0.18292
  -5.31410   0.27811  -2.32666   -15.47062   -15.42781    -0.04281
  -5.56186  -0.04781  -2.32666   -17.18498   -17.24175     0.05677
  -5.73376  -0.41937  -2.32666   -18.71735   -18.82399     0.10664
  -5.82177  -0.81919  -2.32666   -20.05081   -20.16614     0.11533
  -5.82177  -1.22859  -2.32666   -21.17154   -21.27733     0.10579
  -5.73376  -1.62841  -2.32666   -22.07139   -22.17467     0.10328
  -5.56186  -1.99997  -2.32666   -22.75224   -22.87857     0.12634
  -5.31410  -2.32588  -2.32666   -23.22977   -23.41071     0.18094
  -5.00208  -2.59092  -2.32666   -23.53286   -23.79306     0.26020
  -4.64037  -2.78269  -2.32666   -23.70480   -24.04677     0.34197
  -4.24590  -2.89221  -2.32666   -23.78951   -24.18885     0.39934
  -3.83710  -2.91438  -2.32666   -23.81712   -24.22360     0.40647
  -3.43310  -2.84814  -2.32666   -23.77131   -24.12362     0.35231
  -3.05278  -2.69661  -2.32666   -23.54918   -23.79685     0.24767
  -2.71393  -2.46686  -2.32666   -22.91727   -23.05195     0.13467
  -4.46160   0.44486  -2.56279   -12.71083   -12.33973    -0.37110
  -4.83850   0.24957  -2.56279   -14.51178   -14.30871    -0.20307
  -5.14874  -0.04018  -2.56279   -16.31023   -16.25878    -0.05144
  -5.36931  -0.40288  -2.56279   -17.97062   -18.02310     0.05248
  -5.48384  -0.81164  -2.56279   -19.41828   -19.52512     0.10684
  -5.48384  -1.23614  -2.56279   -20.60929   -20.74250     0.13320
  -5.36931  -1.64490  -2.56279   -21.52232   -21.68061     0.15829
  -5.14874  -2.00760  -2.56279   -22.15485   -22.35716     0.20231
  -4.83850  -2.29734  -2.56279   -22.53136   -22.79321     0.26185
  -4.46160  -2.49264  -2.56279   -22.69012   -23.00562     0.31550
  -4.04597  -2.57901  -2.56279   -22.66376   -22.99570     0.33194
  -3.62246  -2.55004  -2.56279   -22.44099   -22.72821     0.28722
  -3.22247  -2.40788  -2.56279   -21.91451   -22.10153     0.18701
  -2.87567  -2.16308  -2.56279   -20.86846   -20.94003     0.07158
  -4.14715   0.15316  -2.75116   -13.27622   -12.84714    -0.42908
  -4.53720   0.01119  -2.75116   -14.79479   -14.53003    -0.26476
  -4.85518  -0.25563  -2.75116   -16.46836   -16.36684    -0.10152
  -5.06273  -0.61510  -2.75116   -18.05784   -18.07946     0.02161
  -5.13481  -1.02389  -2.75116   -19.41577   -19.51337     0.09760
  -5.06273  -1.43267  -2.75116   -20.45681   -20.60498     0.14817
  -4.85518  -1.79215  -2.75116   -21.14582   -21.33963     0.19381
  -4.53720  -2.05897  -2.75116   -21.48593   -21.71995     0.23403
  -4.14715  -2.20093  -2.75116   -21.49722   -21.74024     0.24302
  -3.73206  -2.20093  -2.75116   -21.16464   -21.35925     0.19461
  -3.34200  -2.05897  -2.75116   -20.39155   -20.48078     0.08923
  -3.02402  -1.79215  -2.75116   -19.03299   -18.99836    -0.03463
  -3.93960  -0.21450  -2.88828   -14.33671   -13.93271    -0.40400
  -4.34430  -0.32294  -2.88828   -15.65071   -15.40202    -0.24869
  -4.64055  -0.61919  -2.88828   -17.27596   -17.19450    -0.08146
  -4.74899  -1.02389  -2.88828   -18.74998   -18.78836     0.03838
  -4.64055  -1.42858  -2.88828   -19.78161   -19.89149     0.10988
  -4.34430  -1.72484  -2.88828   -20.23969   -20.38049     0.14080
  -3.93960  -1.83328  -2.88828   -20.07654   -20.18752     0.11098
  -3.53491  -1.72484  -2.88828   -19.23128   -19.23592     0.00463
  -3.23865  -1.42858  -2.88828   -17.68761   -17.54527    -0.14234
  -3.53110  -1.02389  -2.97159   -16.58821   -16.34574    -0.24247
  -3.73535  -0.67012  -2.97159   -15.65824   -15.33889    -0.31935
  -4.14385  -0.67012  -2.97159   -16.48781   -16.27733    -0.21049
  -4.34810  -1.02389  -2.97159   -18.05596   -18.00578    -0.05018
  -4.14385  -1.37766  -2.97159   -18.85917   -18.86732     0.00815
  -3.73535  -1.37766  -2.97159   -18.23292   -18.15447    -0.07845
  -3.93960  -1.02389  -2.99953   -17.33495   -17.18301    -0.15194
  -1.76807   1.72864   2.99934    -1.24498    -1.27989     0.03491
  -1.35957   1.72864   2.97140    -0.85592    -0.98239     0.12647
  -1.56382   2.08241   2.97140     0.55472     0.47407     0.08065
  -1.97232   2.08241   2.97140     0.29116     0.27861     0.01255
  -2.17657   1.72864   2.97140    -1.54054    -1.45090    -0.08963
  -1.97232   1.37487   2.97140    -3.05597    -2.95670    -0.09927
  -1.56382   1.37487   2.97140    -2.62299    -2.66303     0.04004
  -1.36337   2.42959   2.88810     2.38642     2.38397     0.00245
  -1.76807   2.53803   2.88810     2.70833     2.67454     0.03379
  -2.17276   2.42959   2.88810     1.97979     1.99534    -0.01555
  -2.46902   2.13334   2.88810     0.36960     0.48720    -0.11760
  -2.57746   1.72864   2.88810    -1.72942    -1.51942    -0.21000
  -2.46902   1.32395   2.88810    -3.69540    -3.42287    -0.27253
  -1.06712   1.32395   2.88810    -2.16177    -2.31349     0.15172
  -1.56052   2.90569   2.75098     4.91152     4.95645    -0.04494
  -1.97561   2.90569   2.75098     4.69565     4.68369     0.01196
  -2.36567   2.76372   2.75098     3.80083     3.85041    -0.04959
  -2.68365   2.49690   2.75098     2.32932     2.48084    -0.15152
  -2.89119   2.13743   2.75098     0.39157     0.62552    -0.23395
  -2.96327   1.72864   2.75098    -1.81664    -1.51939    -0.29725
  -2.89119   1.31986   2.75098    -3.97088    -3.60619    -0.36469
  -1.87444   3.28376   2.56260     7.17055     7.16360     0.00695
  -2.29006   3.19739   2.56260     6.45582     6.47270    -0.01689
  -2.66697   3.00210   2.56260     5.29744     5.42419    -0.12675
  -2.97721   2.71235   2.56260     3.71360     3.94659    -0.23299
  -3.19777   2.34965   2.56260     1.72000     2.01345    -0.29344
  -3.31230   1.94089   2.56260    -0.60053    -0.27832    -0.32221
  -3.31230   1.51639   2.56260    -3.06099    -2.69694    -0.36405
  -1.66557   3.61913   2.32648     9.95732     9.97415    -0.01683
  -2.07437   3.59696   2.32648     9.35177     9.30020     0.05157
  -2.46884   3.48744   2.32648     8.46887     8.49916    -0.03029
  -2.83054   3.29568   2.32648     7.33057     7.49551    -0.16494
  -3.14257   3.03064   2.32648     5.88980     6.16869    -0.27888
  -3.39033   2.70472   2.32648     4.09513     4.43272    -0.33759
  -3.56223   2.33316   2.32648     1.94340     2.28576    -0.34236
  -3.65023   1.93334   2.32648    -0.50703    -0.17795    -0.32908
  -3.65023   1.52394   2.32648    -3.12751    -2.77774    -0.34977
  -2.08010   3.89883   2.04700    11.87373    11.73820     0.13554
  -2.48517   3.80056   2.04700    10.88729    10.85757     0.02972
  -3.87176   2.34634   2.04700     2.44415     2.77681    -0.33266
  -3.95065   1.93705   2.04700    -0.31124    -0.02366    -0.28758
  -2.07938   4.15970   1.72939    14.39570    14.12806     0.26764
  -4.21015   1.93649   1.72939    -0.14746     0.06082    -0.20828
  -2.18476   4.35950   1.37954    16.39431    15.99546     0.39885
  -2.18476   4.35950  -1.38085    16.40624    16.00111     0.40513
  -2.07938   4.15970  -1.73070    14.41013    14.13477     0.27536
  -4.21015   1.93649  -1.73070    -0.13805     0.06486    -0.20291
  -2.08010   3.89883  -2.04832    11.89068    11.74564     0.14504
  -2.48517   3.80056  -2.04832    10.90235    10.86489     0.03746
  -3.87176   2.34634  -2.04832     2.45482     2.78182    -0.32700
  -3.95065   1.93705  -2.04832    -0.30120    -0.01975    -0.28145
  -1.66557   3.61913  -2.32779     9.97928     9.98227    -0.00298
  -2.07437   3.59696  -2.32779     9.37060     9.30793     0.06267
  -2.46884   3.48744  -2.32779     8.48518     8.50660    -0.02142
  -2.83054   3.29568  -2.32779     7.34563     7.50262    -0.15700
  -3.14257   3.03064  -2.32779     5.90361     6.17533    -0.27172
  -3.39033   2.70472  -2.32779     4.10830     4.43866    -0.33035
  -3.56223   2.33316  -2.32779     1.95469     2.29071    -0.33602
  -3.65023   1.93334  -2.32779    -0.49636    -0.17427    -0.32209
  -3.65023   1.52394  -2.32779    -3.11809    -2.77573    -0.34236
  -1.87444   3.28376  -2.56391     7.19126     7.17141     0.01985
  -2.29006   3.19739  -2.56391     6.47339     6.48001    -0.00663
  -2.66697   3.00210  -2.56391     5.31312     5.43095    -0.11783
  -2.97721   2.71235  -2.56391     3.72803     3.95261    -0.22458
  -3.19777   2.34965  -2.56391     1.73255     2.01842    -0.28586
  -3.31230   1.94089  -2.56391    -0.58923    -0.27479    -0.31444
  -3.31230   1.51639  -2.56391    -3.05158    -2.69535    -0.35623
  -1.56052   2.90569  -2.75229     4.93473     4.96411    -0.02937
  -1.97561   2.90569  -2.75229     4.71511     4.69078     0.02433
  -2.36567   2.76372  -2.75229     3.81777     3.85682    -0.03905
  -2.68365   2.49690  -2.75229     2.34438     2.48635    -0.14197
  -2.89119   2.13743  -2.75229     0.40474     0.62976    -0.22501
  -2.96327   1.72864  -2.75229    -1.80597    -1.51688    -0.28909
  -2.89119   1.31986  -2.75229    -3.96209    -3.60592    -0.35618
  -1.36337   2.42959  -2.88941     2.40901     2.39055     0.01846
  -1.76807   2.53803  -2.88941     2.72841     2.68088     0.04753
  -2.17276   2.42959  -2.88941     1.99674     2.00093    -0.00419
  -2.46902   2.13334  -2.88941     0.38404     0.49154    -0.10750
  -2.57746   1.72864  -2.88941    -1.71749    -1.51687    -0.20062
  -2.46902   1.32395  -2.88941    -3.68599    -3.42250    -0.26349
  -1.06712   1.32395  -2.88941    -2.14797    -2.31244     0.16448
  -1.35957   1.72864  -2.97271    -0.83898    -0.97905     0.14007
  -1.56382   2.08241  -2.97271     0.57354     0.47894     0.09461
  -1.97232   2.08241  -2.97271     0.30748     0.28307     0.02441
  -2.17657   1.72864  -2.97271    -1.52736    -1.44818    -0.07918
  -1.97232   1.37487  -2.97271    -3.04468    -2.95577    -0.08891
  -1.56382   1.37487  -2.97271    -2.61044    -2.66186     0.05142
  -1.76807   1.72864  -3.00066    -1.22992    -1.27690     0.04698
  -0.46190   2.14860   3.00022     1.73255     1.94401    -0.21145
  -0.05340   2.14860   2.97228     2.05384     2.28818    -0.23434
  -0.25765   2.50237   2.97228     3.17771     3.59809    -0.42038
  -0.66615   2.50237   2.97228     2.97440     3.30305    -0.32865
  -0.87040   2.14860   2.97228     1.39244     1.47530    -0.08286
  -0.66615   1.79483   2.97228     0.27046     0.27429    -0.00383
  -0.25765   1.79483   2.97228     0.79003     0.87726    -0.08723
   0.34749   2.14860   2.88897     2.23895     2.34593    -0.10697
   0.23905   2.55330   2.88897     3.55233     3.93175    -0.37942
  -0.05721   2.84956   2.88897     4.70381     5.29467    -0.59086
  -0.46190   2.95799   2.88897     5.10479     5.69699    -0.59220
  -0.86660   2.84956   2.88897     4.51995     4.91506    -0.39511
  -1.16285   2.55330   2.88897     3.06162     3.18987    -0.12825
  -0.86660   1.44765   2.88897    -1.32844    -1.47469     0.14625
  -0.46190   1.33921   2.88897    -0.91365    -0.92006     0.00640
   0.66122   2.55739   2.75186     3.45632     3.60145    -0.14513
   0.45368   2.91687   2.75186     5.05396     5.52861    -0.47465
   0.13570   3.18368   2.75186     6.38114     7.07964    -0.69849
  -0.25436   3.32565   2.75186     7.09086     7.83990    -0.74905
  -0.66944   3.32565   2.75186     7.06701     7.69263    -0.62562
  -1.05950   3.18368   2.75186     6.35479     6.74441    -0.38962
  -1.37748   2.91687   2.75186     5.03325     5.16519    -0.13194
   0.86993   2.95851   2.56348     4.95607     5.17034    -0.21427
   0.60203   3.28780   2.56348     6.94465     7.49028    -0.54564
   0.25523   3.53260   2.56348     8.46008     9.21367    -0.75358
  -0.14476   3.67475   2.56348     9.30597    10.11034    -0.80438
  -0.56827   3.70372   2.56348     9.46033    10.15987    -0.69954
  -0.98390   3.61735   2.56348     9.01480     9.49694    -0.48214
  -1.36080   3.42206   2.56348     8.07667     8.30217    -0.22549
   1.04531   3.29436   2.32736     6.58069     6.80235    -0.22166
   0.76377   3.59158   2.32736     8.85479     9.36586    -0.51107
   0.42492   3.82133   2.32736    10.56036    11.26181    -0.70145
   0.04460   3.97286   2.32736    11.60328    12.37368    -0.77040
  -0.35940   4.03909   2.32736    11.99484    12.70937    -0.71452
  -0.76820   4.01693   2.32736    11.83608    12.38754    -0.55145
  -1.16267   3.90740   2.32736    11.26442    11.58942    -0.32500
  -1.52438   3.71564   2.32736    10.38779    10.48480    -0.09701
   1.12489   3.66161   2.04788     9.09701     9.33224    -0.23524
   0.80988   3.93457   2.04788    11.58508    12.04735    -0.46227
  -0.35758   4.33863   2.04788    14.66490    15.23791    -0.57302
  -0.77393   4.31879   2.04788    14.44276    14.85641    -0.41365
  -1.17900   4.22053   2.04788    13.86294    14.05934    -0.19640
  -1.55815   4.04737   2.04788    13.07730    13.05907     0.01823
   1.44500   3.68831   1.73026     8.63328     8.60840     0.02488
  -1.17958   4.49208   1.73026    16.41502    16.43262    -0.01760
  -1.56531   4.33708   1.73026    15.67205    15.49413     0.17792
  -1.67117   4.52194   1.38042    17.81813    17.41096     0.40717
  -1.75442   4.66258   1.00486    19.62975    19.01507     0.61468
  -1.93053   4.69234   0.61059    20.81826    20.02715     0.79110
  -1.95840   4.74062   0.20495    21.54240    20.66828     0.87412
  -1.95840   4.74062  -0.20450    21.54679    20.67181     0.87498
  -1.93053   4.69234  -0.61015    20.83269    20.03729     0.79540
  -1.75442   4.66258  -1.00442    19.65109    19.03021     0.62088
  -1.67117   4.52194  -1.37997    17.84574    17.42975     0.41599
   1.44500   3.68831  -1.72982     8.65336     8.61720     0.03616
  -1.17958   4.49208  -1.72982    16.44640    16.45331    -0.00692
  -1.56531   4.33708  -1.72982    15.70405    15.51482     0.18924
   1.12489   3.66161  -2.04744     9.12085     9.34384    -0.22299
   0.80988   3.93457  -2.04744    11.61395    12.06348    -0.44954
  -0.35758   4.33863  -2.04744    14.69941    15.25956    -0.56015
  -0.77393   4.31879  -2.04744    14.47727    14.87786    -0.40059
  -1.17900   4.22053  -2.04744    13.89683    14.08039    -0.18357
  -1.55815   4.04737  -2.04744    13.11118    13.08011     0.03107
   1.04531   3.29436  -2.32691     6.60328     6.81081    -0.20753
   0.76377   3.59158  -2.32691     8.88177     9.37926    -0.49749
   0.42492   3.82133  -2.32691    10.59111    11.27885    -0.68775
   0.04460   3.97286  -2.32691    11.63654    12.39296    -0.75642
  -0.35940   4.03909  -2.32691    12.02936    12.72961    -0.70025
  -0.76820   4.01693  -2.32691    11.87060    12.40785    -0.53725
  -1.16267   3.90740  -2.32691    11.29894    11.60943    -0.31049
  -1.52438   3.71564  -2.32691    10.42168    10.50460    -0.08292
   0.86993   2.95851  -2.56304     4.97741     5.17653    -0.19912
   0.60203   3.28780  -2.56304     6.97100     7.50156    -0.53055
   0.25523   3.53260  -2.56304     8.49020     9.22873    -0.73852
  -0.14476   3.67475  -2.56304     9.33860    10.12763    -0.78903
  -0.56827   3.70372  -2.56304     9.49359    10.17798    -0.68439
  -0.98390   3.61735  -2.56304     9.04806     9.51493    -0.46687
  -1.36080   3.42206  -2.56304     8.10993     8.31958    -0.20964
   0.66122   2.55739  -2.75141     3.47640     3.60497    -0.12857
   0.45368   2.91687  -2.75141     5.07781     5.53693    -0.45913
   0.13570   3.18368  -2.75141     6.40938     7.09182    -0.68244
  -0.25436   3.32565  -2.75141     7.12161     7.85439    -0.73279
  -0.66944   3.32565  -2.75141     7.09901     7.70786    -0.60885
  -1.05950   3.18368  -2.75141     6.38679     6.75918    -0.37238
  -1.37748   2.91687  -2.75141     5.06337     5.17854    -0.11517
   0.34749   2.14860  -2.88853     2.25715     2.34751    -0.09036
   0.23905   2.55330  -2.88853     3.57492     3.93759    -0.36267
  -0.05721   2.84956  -2.88853     4.73017     5.30435    -0.57418
  -0.46190   2.95799  -2.88853     5.13366     5.70864    -0.57499
  -0.86660   2.84956  -2.88853     4.54882     4.92655    -0.37774
  -1.16285   2.55330  -2.88853     3.08860     3.19931    -0.11070
  -0.86660   1.44765  -2.88853    -1.31400    -1.47621     0.16220
  -0.46190   1.33921  -2.88853    -0.90173    -0.92280     0.02107
  -0.05340   2.14860  -2.97183     2.07455     2.29150    -0.21695
  -0.25765   2.50237  -2.97183     3.20218     3.60517    -0.40299
  -0.66615   2.50237  -2.97183     2.99950     3.31104    -0.31154
  -0.87040   2.14860  -2.97183     1.41503     1.48043    -0.06539
  -0.66615   1.79483  -2.97183     0.28865     0.27587     0.01279
  -0.25765   1.79483  -2.97183     0.80760     0.87810    -0.07050
  -0.46190   2.14860  -2.99978     1.75452     1.94841    -0.19389
   3.64879  -0.03001   3.00005     7.93988     8.16062    -0.22074
   4.05729  -0.03001   2.97211     8.87110     9.18708    -0.31598
   3.85304   0.32376   2.97211     7.79869     8.03141    -0.23272
   3.44454   0.32376   2.97211     6.88566     7.00447    -0.11881
   3.24029  -0.03001   2.97211     7.28288     7.37581    -0.09293
   3.44454  -0.38378   2.97211     8.45506     8.62922    -0.17416
   3.85304  -0.38378   2.97211     9.19364     9.48530    -0.29166
   4.45818  -0.03001   2.88881    10.07278    10.42822    -0.35544
   4.34974   0.37468   2.88881     9.22941     9.52989    -0.30048
   4.05348   0.67094   2.88881     8.08107     8.29321    -0.21214
   3.64879   0.77938   2.88881     6.76706     6.86256    -0.09550
   3.24409   0.67094   2.88881     5.85906     5.85569     0.00336
   3.24409  -0.73096   2.88881     9.27585     9.37825    -0.10240
   3.64879  -0.83940   2.88881    10.29680    10.51417    -0.21736
   4.05348  -0.73096   2.88881    10.76116    11.09296    -0.33180
   4.34974  -0.43471   2.88881    10.62562    11.00302    -0.37740
   4.84399  -0.03001   2.75169    11.51794    11.84496    -0.32702
   4.77191   0.37877   2.75169    10.84023    11.12703    -0.28680
   4.56437   0.73825   2.75169     9.98430    10.22779    -0.24349
   4.24639   1.00507   2.75169     8.81149     8.98144    -0.16995
   3.85634   1.14703   2.75169     7.30547     7.36987    -0.06440
   3.44125   1.14703   2.75169     5.72853     5.68561     0.04292
   3.05119   1.00507   2.75169     4.62035     4.50015     0.12021
   3.05119  -1.06509   2.75169    10.32441    10.35625    -0.03184
   3.44125  -1.20706   2.75169    11.57692    11.68523    -0.10831
   3.85634  -1.20706   2.75169    12.40461    12.63996    -0.23535
   4.24639  -1.06509   2.75169    12.70330    13.05446    -0.35116
   4.56437  -0.79827   2.75169    12.55082    12.94702    -0.39621
   4.77191  -0.43879   2.75169    12.10466    12.47843    -0.37377
   5.20754  -0.03001   2.56331    13.15574    13.38599    -0.23025
   5.14974   0.39054   2.56331    12.57780    12.77630    -0.19850
   4.98062   0.77989   2.56331    11.93586    12.12565    -0.18979
   4.71272   1.10918   2.56331    11.04793    11.21597    -0.16803
   4.36592   1.35398   2.56331     9.73581     9.84130    -0.10549
   3.96593   1.49614   2.56331     7.94364     7.95079    -0.00715
   3.54242   1.52511   2.56331     5.82956     5.73913     0.09043
   3.54242  -1.58513   2.56331    14.04053    14.10384    -0.06332
   3.96593  -1.55616   2.56331    14.80671    15.01639    -0.20967
   4.36592  -1.41400   2.56331    15.04203    15.38597    -0.34394
   4.71272  -1.16920   2.56331    14.85064    15.25112    -0.40048
   4.98062  -0.83991   2.56331    14.37122    14.74188    -0.37065
   5.14974  -0.45056   2.56331    13.76379    14.06016    -0.29637
   5.54205  -0.03001   2.32719    14.91402    14.98850    -0.07448
   5.49779   0.37698   2.32719    14.44401    14.49383    -0.04981
   5.36707   0.76495   2.32719    14.01793    14.08585    -0.06792
   5.15600   1.11574   2.32719    13.48330    13.57943    -0.09613
   4.87446   1.41296   2.32719    12.64432    12.74326    -0.09894
   4.53561   1.64271   2.32719    11.32404    11.38157    -0.05753
   4.15529   1.79424   2.32719     9.43147     9.41216     0.01931
   3.75129   1.86048   2.32719     7.00426     6.90907     0.09519
   3.75129  -1.92050   2.32719    17.25149    17.29479    -0.04330
   4.15529  -1.85427   2.32719    17.71961    17.93298    -0.21337
   4.53561  -1.70273   2.32719    17.75789    18.10964    -0.35174
   4.87446  -1.47298   2.32719    17.44727    17.85149    -0.40422
   5.15600  -1.17577   2.32719    16.88063    17.24534    -0.36471
   5.36707  -0.82497   2.32719    16.18724    16.45126    -0.26402
   5.49779  -0.43701   2.32719    15.50074    15.65324    -0.15250
   5.84130  -0.03001   2.04771    16.70179    16.57978     0.12201
   5.80168   0.38492   2.04771    16.29768    16.15639     0.14128
   5.68424   0.78486   2.04771    16.02471    15.92444     0.10027
   5.49325   1.15535   2.04771    15.73417    15.70149     0.03268
   5.23558   1.48299   2.04771    15.21585    15.23735    -0.02150
   4.16569   2.10069   2.04771    10.28112    10.21891     0.06221
   3.75311   2.16001   2.04771     7.20946     7.11521     0.09425
   3.75311  -2.22003   2.04771    20.56474    20.50601     0.05873
   4.16569  -2.16072   2.04771    20.88791    21.02951    -0.14160
   5.23558  -1.54301   2.04771    19.81236    20.19720    -0.38484
   5.49325  -1.21537   2.04771    18.97212    19.24429    -0.27216
   5.68424  -0.84488   2.04771    18.09047    18.20613    -0.11566
   5.80168  -0.44495   2.04771    17.30420    17.27406     0.03014
   6.09970  -0.03001   1.73009    18.41740    18.08011     0.33730
   6.06444   0.38420   1.73009    18.07604    17.72277     0.35326
   5.95970   0.78648   1.73009    17.94112    17.64573     0.29539
   5.78847   1.16528   1.73009    17.87963    17.68270     0.19693
   5.78847  -1.22531   1.73009    20.91991    21.05353    -0.13361
   5.95970  -0.84651   1.73009    19.88515    19.81936     0.06579
   6.06444  -0.44422   1.73009    19.02483    18.78849     0.23635
   6.31244  -0.03001   1.38025    19.95417    19.40728     0.54689
   6.27965   0.38668   1.38025    19.66301    19.10242     0.56059
   6.18208   0.79310   1.38025    19.64544    19.15659     0.48885
   6.18208  -0.85313   1.38025    21.51228    21.26528     0.24700
   6.27965  -0.44670   1.38025    20.57478    20.13699     0.43779
   6.47557  -0.03001   1.00469    21.21170    20.48266     0.72904
   6.44545   0.38157   1.00469    20.96007    20.21958     0.74049
   6.35572   0.78438   1.00469    21.03035    20.36713     0.66322
   6.35572  -0.84440   1.00469    22.80872    22.39273     0.41599
   6.44545  -0.44159   1.00469    21.83106    21.21459     0.61647
   6.58604  -0.03001   0.61042    22.10088    21.23834     0.86254
   6.55746   0.37878   0.61042    21.87624    21.00301     0.87322
   6.47226   0.77961   0.61042    22.00613    21.21406     0.79207
   6.55746  -0.43880   0.61042    22.72149    21.97375     0.74774
   6.64180  -0.03001   0.20478    22.55771    21.62422     0.93349
   6.61267   0.38653   0.20478    22.34687    21.40377     0.94309
   6.61267  -0.44656   0.20478    23.19777    22.38386     0.81391
   6.64180  -0.03001  -0.20467    22.54830    21.61391     0.93439
   6.61267   0.38653  -0.20467    22.33808    21.39408     0.94400
   6.61267  -0.44656  -0.20467    23.18710    22.37266     0.81445
   6.58604  -0.03001  -0.61031    22.07265    21.20799     0.86465
   6.55746   0.37878  -0.61031    21.84988    20.97445     0.87543
   6.47226   0.77961  -0.61031    21.98040    21.18658     0.79382
   6.55746  -0.43880  -0.61031    22.69074    21.94087     0.74988
   6.47557  -0.03001  -1.00459    21.16652    20.43395     0.73257
   6.44545   0.38157  -1.00459    20.91740    20.17374     0.74367
   6.35572   0.78438  -1.00459    20.98957    20.32306     0.66650
   6.35572  -0.84440  -1.00459    22.75475    22.33498     0.41977
   6.44545  -0.44159  -1.00459    21.78211    21.16188     0.62023
   6.31244  -0.03001  -1.38014    19.89456    19.34277     0.55179
   6.27965   0.38668  -1.38014    19.60653    19.04169     0.56485
   6.18208   0.79310  -1.38014    19.59210    19.09830     0.49380
   6.18208  -0.85313  -1.38014    21.44200    21.18923     0.25277
   6.27965  -0.44670  -1.38014    20.51015    20.06730     0.44285
   6.09970  -0.03001  -1.72999    18.34587    18.00294     0.34293
   6.06444   0.38420  -1.72999    18.00890    17.65005     0.35885
   5.95970   0.78648  -1.72999    17.87712    17.57605     0.30107
   5.78847   1.16528  -1.72999    17.81813    17.61498     0.20315
   5.78847  -1.22531  -1.72999    20.83018    20.95643    -0.12625
   5.95970  -0.84651  -1.72999    19.80232    19.72942     0.07290
   6.06444  -0.44422  -1.72999    18.94765    18.70547     0.24218
   5.84130  -0.03001  -2.04761    16.62210    16.49339     0.12871
   5.80168   0.38492  -2.04761    16.22300    16.07491     0.14810
   5.68424   0.78486  -2.04761    15.95443    15.84657     0.10786
   5.49325   1.15535  -2.04761    15.66703    15.62627     0.04076
   5.23558   1.48299  -2.04761    15.15184    15.16446    -0.01262
   4.16569   2.10069  -2.04761    10.23342    10.15690     0.07653
   3.75311   2.16001  -2.04761     7.16867     7.05869     0.10998
   3.75311  -2.22003  -2.04761    20.49446    20.42157     0.07289
   4.16569  -2.16072  -2.04761    20.80319    20.93143    -0.12823
   5.23558  -1.54301  -2.04761    19.71258    20.08683    -0.37425
   5.49325  -1.21537  -2.04761    18.87549    19.13840    -0.26291
   5.68424  -0.84488  -2.04761    17.99885    18.10670    -0.10784
   5.80168  -0.44495  -2.04761    17.21886    17.18150     0.03736
   5.54205  -0.03001  -2.32708    14.82930    14.89632    -0.06701
   5.49779   0.37698  -2.32708    14.36495    14.40673    -0.04178
   5.36707   0.76495  -2.32708    13.94326    14.00284    -0.05958
   5.15600   1.11574  -2.32708    13.41364    13.49984    -0.08619
   4.87446   1.41296  -2.32708    12.57906    12.66704    -0.08799
   4.53561   1.64271  -2.32708    11.26442    11.30925    -0.04483
   4.15529   1.79424  -2.32708     9.37813     9.34458     0.03355
   3.75129   1.86048  -2.32708     6.95845     6.84699     0.11146
   3.75129  -1.92050  -2.32708    17.17619    17.20511    -0.02892
   4.15529  -1.85427  -2.32708    17.63176    17.83183    -0.20006
   4.53561  -1.70273  -2.32708    17.66188    18.00120    -0.33932
   4.87446  -1.47298  -2.32708    17.34750    17.74062    -0.39312
   5.15600  -1.17577  -2.32708    16.78211    17.13635    -0.35424
   5.36707  -0.82497  -2.32708    16.09248    16.34706    -0.25458
   5.49779  -0.43701  -2.32708    15.41101    15.55509    -0.14409
   5.20754  -0.03001  -2.56321    13.07040    13.29121    -0.22081
   5.14974   0.39054  -2.56321    12.49748    12.68691    -0.18943
   4.98062   0.77989  -2.56321    11.86118    12.04099    -0.17981
   4.71272   1.10918  -2.56321    10.97953    11.13579    -0.15626
   4.36592   1.35398  -2.56321     9.67369     9.76595    -0.09226
   3.96593   1.49614  -2.56321     7.88905     7.88094     0.00811
   3.54242   1.52511  -2.56321     5.78250     5.67526     0.10724
   3.54242  -1.58513  -2.56321    13.96962    14.01805    -0.04843
   3.96593  -1.55616  -2.56321    14.72326    14.91922    -0.19597
   4.36592  -1.41400  -2.56321    14.94979    15.28124    -0.33145
   4.71272  -1.16920  -2.56321    14.75526    15.14385    -0.38859
   4.98062  -0.83991  -2.56321    14.27584    14.63660    -0.36075
   5.14974  -0.45056  -2.56321    13.67218    13.95967    -0.28750
   4.84399  -0.03001  -2.75158    11.43385    11.75042    -0.31657
   4.77191   0.37877  -2.75158    10.76179    11.03782    -0.27603
   4.56437   0.73825  -2.75158     9.91214    10.14387    -0.23173
   4.24639   1.00507  -2.75158     8.74623     8.90297    -0.15674
   3.85634   1.14703  -2.75158     7.24836     7.29723    -0.04887
   3.44125   1.14703  -2.75158     5.67833     5.61890     0.05943
   3.05119   1.00507  -2.75158     4.57705     4.43868     0.13838
   3.05119  -1.06509  -2.75158    10.26668    10.28303    -0.01635
   3.44125  -1.20706  -2.75158    11.50790    11.60159    -0.09370
   3.85634  -1.20706  -2.75158    12.32429    12.54634    -0.22205
   4.24639  -1.06509  -2.75158    12.61545    12.95429    -0.33884
   4.56437  -0.79827  -2.75158    12.46046    12.84521    -0.38475
   4.77191  -0.43879  -2.75158    12.01618    12.37914    -0.36296
   4.45818  -0.03001  -2.88870     9.99183    10.33634    -0.34450
   4.34974   0.37468  -2.88870     9.15474     9.44356    -0.28883
   4.05348   0.67094  -2.88870     8.01455     8.21316    -0.19861
   3.64879   0.77938  -2.88870     6.70870     6.78893    -0.08023
   3.24409   0.67094  -2.88870     5.80760     5.78755     0.02005
   3.24409  -0.73096  -2.88870     9.21309     9.30050    -0.08740
   3.64879  -0.83940  -2.88870    10.22338    10.42696    -0.20358
   4.05348  -0.73096  -2.88870    10.67958    10.99894    -0.31936
   4.34974  -0.43471  -2.88870    10.54216    10.90773    -0.36557
   4.05729  -0.03001  -2.97201     8.79643     9.09981    -0.30338
   3.85304   0.32376  -2.97201     7.73154     7.95044    -0.21890
   3.44454   0.32376  -2.97201     6.82605     6.92982    -0.10377
   3.24029  -0.03001  -2.97201     7.22452     7.30203    -0.07751
   3.44454  -0.38378  -2.97201     8.38917     8.54905    -0.15987
   3.85304  -0.38378  -2.97201     9.11960     9.39772    -0.27813
   3.64879  -0.03001  -2.99995     7.87273     8.07952    -0.20678
   2.75558  -3.06302   2.07775    13.37474    13.27783     0.09691
   3.07484  -2.79513   2.07775    16.41690    16.30814     0.10876
   2.05031  -3.56288   1.83780     5.94440     5.85748     0.08692
   2.46945  -3.53421   1.83780    10.35704    10.21568     0.14136
   2.86532  -3.39352   1.83780    14.19050    14.01551     0.17499
   3.20855  -3.15124   1.83780    17.54454    17.35488     0.18966
   3.47369  -2.82534   1.83780    20.47438    20.28369     0.19069
   2.04868  -3.85918   1.54198     5.28363     5.22966     0.05397
   2.47484  -3.83436   1.54198    10.04831     9.88065     0.16766
   2.88378  -3.71193   1.54198    14.12649    13.89483     0.23166
   3.25346  -3.49849   1.54198    17.75726    17.49784     0.25943
   3.56396  -3.20556   1.54198    21.15084    20.89458     0.25626
   3.79853  -2.84891   1.54198    24.45091    24.23161     0.21930
   2.05031  -4.09958   1.19929     4.71636     4.70977     0.00659
   2.47032  -4.07828   1.19929     9.65486     9.48131     0.17355
   2.87744  -3.97287   1.19929    13.83156    13.56249     0.26908
   3.25501  -3.78766   1.19929    17.55019    17.23597     0.31422
   3.58757  -3.53024   1.19929    21.08118    20.76184     0.31935
   3.86151  -3.21115   1.19929    24.69313    24.40933     0.28379
   1.83462  -4.25609   0.82014     1.12889     1.33262    -0.20373
   2.26289  -4.27649   0.82014     6.96536     6.88504     0.08031
   2.68728  -4.21548   0.82014    11.70117    11.45708     0.24409
   3.09245  -4.07525   0.82014    15.76618    15.43464     0.33154
   3.46376  -3.86087   0.82014    19.49923    19.13302     0.36621
   3.78779  -3.58010   0.82014    23.22162    22.86649     0.35513
   4.05283  -3.24307   0.82014    27.30984    27.02064     0.28920
   2.04954  -4.38494   0.41605     3.93009     4.00653    -0.07644
   2.47285  -4.36593   0.41605     9.21435     9.04649     0.16786
   2.88596  -4.27165   0.41605    13.59562    13.28887     0.30675
   3.27559  -4.10511   0.41605    17.46422    17.08659     0.37763
   3.62923  -3.87168   0.41605    21.14582    20.74870     0.39712
   3.93550  -3.57885   0.41605    24.98617    24.61772     0.36846
   2.15558  -4.42379  -0.00071     5.26920     5.28039    -0.01119
   2.57234  -4.38733  -0.00071    10.26041    10.05197     0.20843
   2.97643  -4.27905  -0.00071    14.45845    14.12518     0.33327
   3.35558  -4.10225  -0.00071    18.22288    17.82866     0.39421
   3.69827  -3.86229  -0.00071    21.86996    21.46344     0.40652
   3.99409  -3.56648  -0.00071    25.75048    25.38032     0.37016
   2.04954  -4.38494  -0.41747     3.92884     4.00354    -0.07471
   2.47285  -4.36593  -0.41747     9.21184     9.04244     0.16940
   2.88596  -4.27165  -0.41747    13.59186    13.28340     0.30846
   3.27559  -4.10511  -0.41747    17.45794    17.07907     0.37888
   3.62923  -3.87168  -0.41747    21.13703    20.73805     0.39898
   3.93550  -3.57885  -0.41747    24.97300    24.60197     0.37103
   1.83462  -4.25609  -0.82156     1.12638     1.32747    -0.20109
   2.26289  -4.27649  -0.82156     6.96096     6.87797     0.08300
   2.68728  -4.21548  -0.82156    11.69427    11.44749     0.24678
   3.09245  -4.07525  -0.82156    15.75614    15.42148     0.33466
   3.46376  -3.86087  -0.82156    19.48417    19.11449     0.36968
   3.78779  -3.58010  -0.82156    23.19903    22.83939     0.35964
   4.05283  -3.24307  -0.82156    27.27345    26.97891     0.29453
   2.05031  -4.09958  -1.20071     4.71071     4.70046     0.01025
   2.47032  -4.07828  -1.20071     9.64670     9.46874     0.17797
   2.87744  -3.97287  -1.20071    13.81901    13.54538     0.27364
   3.25501  -3.78766  -1.20071    17.53136    17.21220     0.31916
   3.58757  -3.53024  -1.20071    21.05294    20.72778     0.32517
   3.86151  -3.21115  -1.20071    24.64920    24.35854     0.29066
   2.04868  -3.85918  -1.54340     5.27610     5.21690     0.05920
   2.47484  -3.83436  -1.54340    10.03639     9.86330     0.17309
   2.88378  -3.71193  -1.54340    14.10892    13.87088     0.23804
   3.25346  -3.49849  -1.54340    17.73028    17.46396     0.26632
   3.56396  -3.20556  -1.54340    21.10942    20.84516     0.26426
   3.79853  -2.84891  -1.54340    24.38690    24.15714     0.22976
   2.05031  -3.56288  -1.83922     5.93436     5.84099     0.09337
   2.46945  -3.53421  -1.83922    10.34136    10.19325     0.14811
   2.86532  -3.39352  -1.83922    14.16728    13.98430     0.18298
   3.20855  -3.15124  -1.83922    17.50940    17.31041     0.19899
   3.47369  -2.82534  -1.83922    20.42041    20.21903     0.20139
   2.75558  -3.06302  -2.07917    13.34838    13.24156     0.10682
   3.07484  -2.79513  -2.07917    16.37612    16.25631     0.11980
  -3.17833   3.46459   2.07758     8.47201     8.71117    -0.23916
  -3.49758   3.19670   2.07758     6.92331     7.23954    -0.31622
  -3.70596   2.83578   2.07758     5.10040     5.45269    -0.35230
  -2.68360   3.96445   1.83762    11.92017    11.90519     0.01498
  -3.09494   3.87898   1.83762    10.60679    10.72827    -0.12148
  -3.46796   3.68569   1.83762     9.20933     9.42339    -0.21406
  -3.77501   3.39893   1.83762     7.67193     7.93941    -0.26748
  -3.99330   3.03997   1.83762     5.93185     6.22260    -0.29075
  -4.10665   2.63542   1.83762     3.95268     4.24164    -0.28896
  -4.10665   2.21530   1.83762     1.75765     2.02564    -0.26799
  -2.68522   4.26076   1.54181    13.56801    13.44772     0.12029
  -3.10561   4.18663   1.54181    12.08583    12.10834    -0.02251
  -3.49758   4.01755   1.54181    10.66703    10.78566    -0.11863
  -3.83999   3.76264   1.54181     9.21058     9.38755    -0.17697
  -4.11438   3.43563   1.54181     7.62738     7.83299    -0.20561
  -4.30596   3.05417   1.54181     5.83960     6.05192    -0.21232
  -4.40440   2.63880   1.54181     3.79267     3.99140    -0.19873
  -4.40440   2.21192   1.54181     1.46900     1.63990    -0.17090
  -2.26359   4.47985   1.19912    16.88001    16.45077     0.42924
  -2.68360   4.50115   1.19912    14.93159    14.70378     0.22781
  -3.09930   4.43747   1.19912    13.32014    13.24251     0.07764
  -3.49367   4.29141   1.19912    11.88252    11.90634    -0.02382
  -3.85056   4.06896   1.19912    10.49259    10.57836    -0.08577
  -4.15537   3.77921   1.19912     9.04806     9.16765    -0.11959
  -4.39562   3.43404   1.19912     7.46360     7.59677    -0.13318
  -4.56147   3.04757   1.19912     5.66578     5.79462    -0.12884
  -4.64612   2.63563   1.19912     3.58747     3.69599    -0.10852
  -4.64612   2.21508   1.19912     1.17721     1.25450    -0.07729
  -2.04663   4.61705   0.81997    19.61908    18.93540     0.68369
  -2.47102   4.67807   0.81997    16.98731    16.56214     0.42517
  -2.89928   4.65767   0.81997    15.00689    14.77797     0.22892
  -3.31595   4.55658   0.81997    13.39294    13.29703     0.09591
  -3.70596   4.37847   0.81997    11.95343    11.94108     0.01234
  -4.05521   4.12977   0.81997    10.55157    10.58862    -0.03705
  -4.35108   3.81947   0.81997     9.08508     9.14661    -0.06153
  -4.58288   3.45878   0.81997     7.46548     7.53389    -0.06841
  -4.74223   3.06074   0.81997     5.61244     5.67091    -0.05846
  -4.82338   2.63973   0.81997     3.44126     3.47459    -0.03332
  -4.82338   2.21098   0.81997     0.86220     0.86227    -0.00007
  -2.26106   4.76751   0.41587    18.97777    18.35287     0.62490
  -2.68437   4.78652   0.41587    16.57002    16.18886     0.38116
  -3.10426   4.72964   0.41587    14.73455    14.52321     0.21134
  -3.50725   4.59870   0.41587    13.20656    13.10581     0.10075
  -3.88039   4.39791   0.41587    11.81475    11.78134     0.03341
  -4.21168   4.13371   0.41587    10.43737    10.44213    -0.00477
  -4.49047   3.81461   0.41587     8.98092     9.00316    -0.02224
  -4.70780   3.45086   0.41587     7.36257     7.38704    -0.02447
  -4.85669   3.05415   0.41587     5.50263     5.51382    -0.01118
  -4.93235   2.63722   0.41587     3.31011     3.29375     0.01637
  -4.93235   2.21349   0.41587     0.67583     0.62458     0.05124
  -2.16157   4.78890  -0.00088    19.97174    19.24585     0.72589
  -2.57833   4.82536  -0.00088    17.32930    16.87152     0.45779
  -2.99508   4.78890  -0.00088    15.36771    15.09835     0.26936
  -3.39917   4.68062  -0.00088    13.78074    13.63647     0.14427
  -3.77832   4.50382  -0.00088    12.37825    12.31196     0.06630
  -4.12101   4.26387  -0.00088    11.02973    11.00893     0.02080
  -4.41683   3.96805  -0.00088     9.63729     9.64007    -0.00278
  -4.65679   3.62536  -0.00088     8.11997     8.12968    -0.00970
  -4.83359   3.24621  -0.00088     6.39934     6.40251    -0.00317
  -4.94186   2.84211  -0.00088     4.39382     4.37524     0.01859
  -4.97832   2.42536  -0.00088     2.00176     1.94983     0.05193
  -4.94186   2.00860  -0.00088    -0.90675    -0.98730     0.08055
  -2.26106   4.76751  -0.41764    18.97965    18.35330     0.62635
  -2.68437   4.78652  -0.41764    16.57190    16.18934     0.38256
  -3.10426   4.72964  -0.41764    14.73581    14.52370     0.21211
  -3.50725   4.59870  -0.41764    13.20845    13.10629     0.10216
  -3.88039   4.39791  -0.41764    11.81600    11.78180     0.03420
  -4.21168   4.13371  -0.41764    10.43862    10.44260    -0.00398
  -4.49047   3.81461  -0.41764     8.98217     9.00364    -0.02147
  -4.70780   3.45086  -0.41764     7.36445     7.38756    -0.02311
  -4.85669   3.05415  -0.41764     5.50451     5.51442    -0.00991
  -4.93235   2.63722  -0.41764     3.31200     3.29448     0.01751
  -4.93235   2.21349  -0.41764     0.67771     0.62554     0.05217
  -2.04663   4.61705  -0.82173    19.62410    18.93631     0.68780
  -2.47102   4.67807  -0.82173    16.99107    16.56317     0.42790
  -2.89928   4.65767  -0.82173    15.01065    14.77899     0.23166
  -3.31595   4.55658  -0.82173    13.39607    13.29801     0.09806
  -3.70596   4.37847  -0.82173    11.95594    11.94203     0.01391
  -4.05521   4.12977  -0.82173    10.55471    10.58956    -0.03485
  -4.35108   3.81947  -0.82173     9.08759     9.14757    -0.05998
  -4.58288   3.45878  -0.82173     7.46862     7.53492    -0.06630
  -4.74223   3.06074  -0.82173     5.61558     5.67206    -0.05648
  -4.82338   2.63973  -0.82173     3.44440     3.47596    -0.03156
  -4.82338   2.21098  -0.82173     0.86596     0.86399     0.00197
  -2.26359   4.47985  -1.20088    16.88628    16.45255     0.43373
  -2.68360   4.50115  -1.20088    14.93724    14.70546     0.23177
  -3.09930   4.43747  -1.20088    13.32454    13.24408     0.08045
  -3.49367   4.29141  -1.20088    11.88754    11.90782    -0.02028
  -3.85056   4.06896  -1.20088    10.49698    10.57979    -0.08282
  -4.15537   3.77921  -1.20088     9.05182     9.16908    -0.11726
  -4.39562   3.43404  -1.20088     7.46799     7.59827    -0.13028
  -4.56147   3.04757  -1.20088     5.67018     5.79625    -0.12607
  -4.64612   2.63563  -1.20088     3.59249     3.69784    -0.10535
  -4.64612   2.21508  -1.20088     1.18223     1.25667    -0.07444
  -2.68522   4.26076  -1.54357    13.57554    13.45019     0.12536
  -3.10561   4.18663  -1.54357    12.09211    12.11055    -0.01844
  -3.49758   4.01755  -1.54357    10.67268    10.78771    -0.11503
  -3.83999   3.76264  -1.54357     9.21686     9.38952    -0.17266
  -4.11438   3.43563  -1.54357     7.63303     7.83495    -0.20192
  -4.30596   3.05417  -1.54357     5.84525     6.05396    -0.20871
  -4.40440   2.63880  -1.54357     3.79894     3.99359    -0.19465
  -4.40440   2.21192  -1.54357     1.47590     1.64224    -0.16633
  -2.68360   3.96445  -1.83939    11.92958    11.90853     0.02105
  -3.09494   3.87898  -1.83939    10.61495    10.73117    -0.11622
  -3.46796   3.68569  -1.83939     9.21749     9.42603    -0.20854
  -3.77501   3.39893  -1.83939     7.67946     7.94192    -0.26246
  -3.99330   3.03997  -1.83939     5.93938     6.22508    -0.28570
  -4.10665   2.63542  -1.83939     3.96021     4.24414    -0.28392
  -4.10665   2.21530  -1.83939     1.76518     2.02805    -0.26287
  -3.17833   3.46459  -2.07934     8.48205     8.71462    -0.23257
  -3.49758   3.19670  -2.07934     6.93272     7.24267    -0.30995
  -3.70596   2.83578  -2.07934     5.10918     5.45566    -0.34648
   0.45182   4.13144   2.07798    13.04718    13.64677    -0.59959
   0.06020   4.27398   2.07798    14.03927    14.67292    -0.63365
   1.16992   3.89377   1.83802    10.90925    11.09404    -0.18479
   0.90478   4.21967   1.83802    13.07730    13.36978    -0.29248
   0.56156   4.46194   1.83802    14.57893    14.92675    -0.34782
   0.16569   4.60264   1.83802    15.53525    15.90355    -0.36829
  -0.25346   4.63130   1.83802    16.04981    16.40703    -0.35722
  -0.66480   4.54583   1.83802    16.20418    16.51053    -0.30635
   1.49477   3.91733   1.54221    10.15875    10.11390     0.04485
   1.26019   4.27398   1.54221    12.84575    12.89242    -0.04667
   0.94970   4.56692   1.54221    14.73518    14.83562    -0.10044
   0.58001   4.78036   1.54221    16.03224    16.16123    -0.12899
   0.17107   4.90279   1.54221    16.88377    17.01874    -0.13497
  -0.25508   4.92761   1.54221    17.39770    17.51243    -0.11473
  -0.67547   4.85348   1.54221    17.66251    17.72065    -0.05814
  -1.06744   4.68441   1.54221    17.75789    17.70842     0.04947
   1.55774   4.27957   1.19952    12.22389    12.10718     0.11671
   1.28381   4.59867   1.19952    14.48355    14.39603     0.08751
   0.95125   4.85608   1.19952    16.06989    16.00423     0.06566
   0.57368   5.04129   1.19952    17.17619    17.12185     0.05434
   0.16655   5.14670   1.19952    17.93108    17.87293     0.05816
  -0.25346   5.16800   1.19952    18.42933    18.34576     0.08357
  -0.66915   5.10432   1.19952    18.75375    18.61291     0.14084
  -1.06352   4.95826   1.19952    18.98906    18.74724     0.24183
  -1.42042   4.73581   1.19952    19.23505    18.83700     0.39805
   1.74906   4.31150   0.82037    11.84989    11.65802     0.19186
   1.48403   4.64852   0.82037    14.41703    14.21298     0.20405
   1.16000   4.92929   0.82037    16.19916    16.00066     0.19850
   0.78869   5.14367   0.82037    17.45104    17.25794     0.19310
   0.38351   5.28390   0.82037    18.32704    18.13101     0.19603
  -0.04087   5.34492   0.82037    18.93259    18.71897     0.21362
  -0.46914   5.32452   0.82037    19.35553    19.09964     0.25589
  -0.88581   5.22344   0.82037    19.68372    19.34881     0.33491
  -1.27581   5.04533   0.82037    20.02383    19.56047     0.46335
  -1.62507   4.79662   0.82037    20.52270    19.87616     0.64654
   1.88079   4.30447   0.41627    11.32341    11.11451     0.20890
   1.63173   4.64727   0.41627    14.12775    13.86473     0.26302
   1.32546   4.94010   0.41627    16.06613    15.79064     0.27549
   0.97182   5.17353   0.41627    17.43598    17.15937     0.27661
   0.58219   5.34007   0.41627    18.41050    18.13091     0.27959
   0.16908   5.43436   0.41627    19.10202    18.80993     0.29208
  -0.25422   5.45337   0.41627    19.59587    19.27428     0.32159
  -0.67412   5.39649   0.41627    19.97425    19.59414     0.38011
  -1.07711   5.26555   0.41627    20.32817    19.85002     0.47815
  -1.45025   5.06476   0.41627    20.78437    20.15751     0.62686
   1.93028   4.29221  -0.00048    11.03350    10.82780     0.20570
   1.69032   4.63490  -0.00048    13.93385    13.65482     0.27903
   1.39451   4.93072  -0.00048    15.93811    15.63805     0.30007
   1.05182   5.17067  -0.00048    17.35942    17.05466     0.30476
   0.67266   5.34747  -0.00048    18.37724    18.06923     0.30802
   0.26857   5.45575  -0.00048    19.10641    18.78808     0.31833
  -0.14818   5.49221  -0.00048    19.63163    19.28857     0.34307
  -0.56494   5.45575  -0.00048    20.03010    19.63767     0.39243
  -0.96903   5.34747  -0.00048    20.38590    19.90852     0.47739
  -1.34818   5.17067  -0.00048    20.81010    20.20140     0.60870
  -1.69087   4.93072  -0.00048    21.47024    20.68047     0.78976
   1.88079   4.30447  -0.41724    11.32655    11.11485     0.21170
   1.63173   4.64727  -0.41724    14.13026    13.86511     0.26515
   1.32546   4.94010  -0.41724    16.06864    15.79111     0.27753
   0.97182   5.17353  -0.41724    17.43849    17.15995     0.27854
   0.58219   5.34007  -0.41724    18.41301    18.13161     0.28140
   0.16908   5.43436  -0.41724    19.10453    18.81077     0.29375
  -0.25422   5.45337  -0.41724    19.59900    19.27528     0.32372
  -0.67412   5.39649  -0.41724    19.97739    19.59536     0.38204
  -1.07711   5.26555  -0.41724    20.33194    19.85151     0.48042
  -1.45025   5.06476  -0.41724    20.78876    20.15941     0.62935
   1.74906   4.31150  -0.82133    11.85491    11.65884     0.19607
   1.48403   4.64852  -0.82133    14.42205    14.21387     0.20819
   1.16000   4.92929  -0.82133    16.20418    16.00173     0.20245
   0.78869   5.14367  -0.82133    17.45669    17.25924     0.19745
   0.38351   5.28390  -0.82133    18.33269    18.13256     0.20013
  -0.04087   5.34492  -0.82133    18.93886    18.72082     0.21804
  -0.46914   5.32452  -0.82133    19.36181    19.10188     0.25993
  -0.88581   5.22344  -0.82133    19.69125    19.35154     0.33971
  -1.27581   5.04533  -0.82133    20.03199    19.56391     0.46808
  -1.62507   4.79662  -0.82133    20.53148    19.88065     0.65084
   1.55774   4.27957  -1.20048    12.23204    12.10868     0.12337
   1.28381   4.59867  -1.20048    14.49108    14.39764     0.09344
   0.95125   4.85608  -1.20048    16.07742    16.00610     0.07132
   0.57368   5.04129  -1.20048    17.18435    17.12405     0.06030
   0.16655   5.14670  -1.20048    17.93987    17.87553     0.06434
  -0.25346   5.16800  -1.20048    18.43874    18.34886     0.08988
  -0.66915   5.10432  -1.20048    18.76379    18.61666     0.14713
  -1.06352   4.95826  -1.20048    19.00036    18.75187     0.24849
  -1.42042   4.73581  -1.20048    19.24823    18.84290     0.40532
   1.49477   3.91733  -1.54317    10.17005    10.11656     0.05349
   1.26019   4.27398  -1.54317    12.85641    12.89488    -0.03846
   0.94970   4.56692  -1.54317    14.74585    14.83828    -0.09243
   0.58001   4.78036  -1.54317    16.04291    16.16428    -0.12137
   0.17107   4.90279  -1.54317    16.89507    17.02232    -0.12725
  -0.25508   4.92761  -1.54317    17.41025    17.51669    -0.10644
  -0.67547   4.85348  -1.54317    17.67632    17.72582    -0.04950
  -1.06744   4.68441  -1.54317    17.77358    17.71486     0.05872
   1.16992   3.89377  -1.83899    10.92369    11.09782    -0.17413
   0.90478   4.21967  -1.83899    13.09173    13.37349    -0.28176
   0.56156   4.46194  -1.83899    14.59336    14.93080    -0.33744
   0.16569   4.60264  -1.83899    15.55031    15.90820    -0.35789
  -0.25346   4.63130  -1.83899    16.06613    16.41253    -0.34641
  -0.66480   4.54583  -1.83899    16.22238    16.51721    -0.29484
   0.45182   4.13144  -2.07894    13.06538    13.65214    -0.58676
   0.06020   4.27398  -2.07894    14.05872    14.67898    -0.62026
   4.75549  -1.92209   2.08070    20.29177    20.65876    -0.36698
   5.07474  -1.65420   2.08070    19.83809    20.24598    -0.40789
   4.05021  -2.42195   1.84075    22.90723    22.91374    -0.00650
   4.46936  -2.39328   1.84075    22.45731    22.64374    -0.18643
   4.86522  -2.25259   1.84075    22.00488    22.31154    -0.30667
   5.20845  -2.01031   1.84075    21.55244    21.90410    -0.35166
   5.47359  -1.68441   1.84075    21.06863    21.39106    -0.32243
   4.04859  -2.71825   1.54493    25.16564    25.06788     0.09776
   4.47474  -2.69343   1.54493    24.23504    24.33442    -0.09937
   4.88368  -2.57100   1.54493    23.54980    23.78667    -0.23687
   5.25337  -2.35757   1.54493    23.01517    23.31821    -0.30304
   5.56386  -2.06462   1.54493    22.55332    22.84932    -0.29600
   5.79843  -1.70798   1.54493    22.12285    22.33942    -0.21658
   5.94443  -1.30685   1.54493    21.71685    21.78715    -0.07030
   4.05021  -2.95865   1.20224    27.23642    27.03471     0.20171
   4.47022  -2.93735   1.20224    25.80570    25.82147    -0.01577
   4.87735  -2.83194   1.20224    24.86695    25.03632    -0.16937
   5.25492  -2.64673   1.20224    24.21371    24.46858    -0.25487
   5.58748  -2.38931   1.20224    23.71609    23.98938    -0.27329
   5.86141  -2.07022   1.20224    23.30508    23.52881    -0.22373
   6.06550  -1.70251   1.20224    22.95367    23.06082    -0.10715
   6.19140  -1.30125   1.20224    22.67255    22.59784     0.07471
   6.41075  -0.88286   0.82309    23.34963    22.89587     0.45376
   4.26280  -3.13556   0.82309    27.87272    27.70700     0.16572
   4.68718  -3.07455   0.82309    26.35791    26.40273    -0.04482
   5.09236  -2.93431   0.82309    25.40284    25.58187    -0.17903
   5.46367  -2.71994   0.82309    24.75274    24.99529    -0.24255
   5.78770  -2.43917   0.82309    24.26956    24.50827    -0.23872
   6.05273  -2.10214   0.82309    23.88615    24.05396    -0.16781
   6.24920  -1.72105   0.82309    23.58432    23.61210    -0.02779
   6.36999  -1.30967   0.82309    23.38477    23.20338     0.18139
   6.51902  -0.88286   0.41899    23.86105    23.31980     0.54125
   4.47275  -3.22500   0.41899    27.83946    27.73909     0.10037
   4.88586  -3.13072   0.41899    26.47714    26.55988    -0.08274
   5.27549  -2.96418   0.41899    25.60804    25.79955    -0.19152
   5.62913  -2.73075   0.41899    25.00876    25.24141    -0.23265
   5.93540  -2.43792   0.41899    24.56198    24.77173    -0.20975
   6.18446  -2.09511   0.41899    24.21496    24.33665    -0.12169
   6.36831  -1.71334   0.41899    23.95643    23.92424     0.03219
   6.48104  -1.30488   0.41899    23.81524    23.56093     0.25431
   6.55548  -0.88286   0.00224    24.02985    23.45777     0.57208
   4.57224  -3.24639   0.00224    27.71396    27.64775     0.06621
   4.97633  -3.13812   0.00224    26.45455    26.55543    -0.10088
   5.35548  -2.96132   0.00224    25.64004    25.83646    -0.19642
   5.69817  -2.72136   0.00224    25.07151    25.29858    -0.22706
   5.99399  -2.42555   0.00224    24.64544    24.84106    -0.19562
   6.23395  -2.08286   0.00224    24.31537    24.41720    -0.10184
   6.41075  -1.70370   0.00224    24.07628    24.01900     0.05728
   6.51902  -1.29961   0.00224    23.95706    23.67475     0.28230
   6.51902  -0.88286  -0.41452    23.85101    23.30704     0.54397
   4.47275  -3.22500  -0.41452    27.84134    27.73818     0.10316
   4.88586  -3.13072  -0.41452    26.47463    26.55560    -0.08097
   5.27549  -2.96418  -0.41452    25.60364    25.79328    -0.18964
   5.62913  -2.73075  -0.41452    25.00249    25.23379    -0.23130
   5.93540  -2.43792  -0.41452    24.55507    24.76304    -0.20796
   6.18446  -2.09511  -0.41452    24.20681    24.32699    -0.12018
   6.36831  -1.71334  -0.41452    23.94765    23.91361     0.03404
   6.48104  -1.30488  -0.41452    23.80583    23.54927     0.25656
   6.41075  -0.88286  -0.81861    23.32892    22.87017     0.45875
   4.26280  -3.13556  -0.81861    27.87962    27.70774     0.17188
   4.68718  -3.07455  -0.81861    26.35540    26.39542    -0.04002
   5.09236  -2.93431  -0.81861    25.39468    25.56997    -0.17529
   5.46367  -2.71994  -0.81861    24.74082    24.98040    -0.23958
   5.78770  -2.43917  -0.81861    24.25512    24.49111    -0.23598
   6.05273  -2.10214  -0.81861    23.87046    24.03477    -0.16431
   6.24920  -1.72105  -0.81861    23.56675    23.59090    -0.02415
   6.36999  -1.30967  -0.81861    23.36532    23.18002     0.18530
   4.05021  -2.95865  -1.19776    27.24835    27.03742     0.21092
   4.47022  -2.93735  -1.19776    25.80319    25.81141    -0.00822
   4.87735  -2.83194  -1.19776    24.85565    25.01892    -0.16326
   5.25492  -2.64673  -1.19776    24.19677    24.44644    -0.24967
   5.58748  -2.38931  -1.19776    23.69539    23.96370    -0.26831
   5.86141  -2.07022  -1.19776    23.28060    23.50002    -0.21942
   6.06550  -1.70251  -1.19776    22.92669    23.02893    -0.10224
   6.19140  -1.30125  -1.19776    22.64305    22.56260     0.08045
   4.04859  -2.71825  -1.54045    25.16941    25.05996     0.10944
   4.47474  -2.69343  -1.54045    24.22438    24.31420    -0.08982
   4.88368  -2.57100  -1.54045    23.52972    23.75878    -0.22906
   5.25337  -2.35757  -1.54045    22.98818    23.28492    -0.29673
   5.56386  -2.06462  -1.54045    22.52132    22.81153    -0.29021
   5.79843  -1.70798  -1.54045    22.08708    22.29722    -0.21014
   5.94443  -1.30685  -1.54045    21.67732    21.74014    -0.06282
   4.05021  -2.42195  -1.83627    22.89657    22.89003     0.00653
   4.46936  -2.39328  -1.83627    22.43409    22.61010    -0.17600
   4.86522  -2.25259  -1.83627    21.97287    22.27071    -0.29784
   5.20845  -2.01031  -1.83627    21.51354    21.85738    -0.34384
   5.47359  -1.68441  -1.83627    21.02408    21.33862    -0.31454
   4.75549  -1.92209  -2.07622    20.24659    20.60365    -0.35705
   4.74874   1.86773   2.07930    13.29191    13.31294    -0.02104
   5.46685   1.63006   1.83934    16.51291    16.45478     0.05813
   5.20171   1.95596   1.83934    15.56475    15.53739     0.02735
   4.85848   2.19823   1.83934    14.20493    14.18134     0.02359
   4.46261   2.33893   1.83934    12.29856    12.25984     0.03872
   4.04347   2.36760   1.83934     9.69753     9.63856     0.05898
   5.93769   1.25249   1.54353    18.68472    18.41291     0.27181
   5.79169   1.65362   1.54353    18.03400    17.86245     0.17154
   5.55712   2.01027   1.54353    17.22451    17.12046     0.10404
   5.24662   2.30321   1.54353    16.13954    16.07379     0.06575
   4.87694   2.51665   1.54353    14.65423    14.60763     0.04660
   4.46800   2.63908   1.54353    12.61357    12.58371     0.02986
   4.04184   2.66390   1.54353     9.80295     9.81578    -0.01283
   6.18466   1.24689   1.20084    19.89958    19.48445     0.41513
   6.05876   1.64815   1.20084    19.24321    18.95899     0.28421
   5.85467   2.01586   1.20084    18.52220    18.33298     0.18922
   5.58073   2.33496   1.20084    17.63176    17.50589     0.12587
   5.24817   2.59238   1.20084    16.46899    16.38453     0.08446
   4.87060   2.77758   1.20084    14.91527    14.86418     0.05110
   4.46348   2.88300   1.20084    12.80684    12.80539     0.00145
   4.04347   2.90430   1.20084     9.89771     9.99911    -0.10140
   6.40401   0.82850   0.82169    21.56813    20.85246     0.71566
   6.36325   1.25531   0.82169    20.75739    20.23466     0.52273
   6.24246   1.66670   0.82169    20.06273    19.69526     0.36747
   6.04599   2.04779   0.82169    19.35177    19.09824     0.25353
   5.78095   2.38481   0.82169    18.51592    18.34186     0.17406
   5.45692   2.66558   0.82169    17.45606    17.33685     0.11921
   5.08561   2.87996   0.82169    16.06173    15.98743     0.07430
   4.68044   3.02019   0.82169    14.18548    14.16931     0.01617
   4.25605   3.08121   0.82169    11.60328    11.69552    -0.09225
   6.51228   0.82850   0.41759    22.14481    21.34174     0.80307
   6.47430   1.25053   0.41759    21.29077    20.69603     0.59474
   6.36157   1.65899   0.41759    20.58482    20.15713     0.42770
   6.17772   2.04076   0.41759    19.89393    19.59141     0.30252
   5.92866   2.38357   0.41759    19.11519    18.90173     0.21346
   5.62238   2.67639   0.41759    18.15636    18.00619     0.15017
   5.26875   2.90982   0.41759    16.92142    16.82141     0.10001
   4.87912   3.07636   0.41759    15.28676    15.24445     0.04230
   4.46601   3.17065   0.41759    13.07353    13.12644    -0.05290
   4.04270   3.18966   0.41759     9.98117    10.22504    -0.24387
   6.54874   0.82850   0.00084    22.33306    21.50039     0.83267
   6.51228   1.24526   0.00084    21.47275    20.85100     0.62174
   6.40401   1.64935   0.00084    20.76805    20.31626     0.45180
   6.22720   2.02850   0.00084    20.08909    19.76624     0.32285
   5.98725   2.37119   0.00084    19.33796    19.10716     0.23080
   5.69143   2.66701   0.00084    18.42556    18.26120     0.16436
   5.34874   2.90696   0.00084    17.26341    17.15099     0.11242
   4.96959   3.08377   0.00084    15.74045    15.68355     0.05690
   4.56550   3.19204   0.00084    13.69728    13.72784    -0.03057
   4.14874   3.22850   0.00084    10.87725    11.07524    -0.19799
   6.51228   0.82850  -0.41592    22.13163    21.32719     0.80445
   6.47430   1.25053  -0.41592    21.28010    20.68376     0.59634
   6.36157   1.65899  -0.41592    20.57541    20.14646     0.42895
   6.17772   2.04076  -0.41592    19.88578    19.58187     0.30391
   5.92866   2.38357  -0.41592    19.10829    18.89295     0.21534
   5.62238   2.67639  -0.41592    18.15008    17.99791     0.15217
   5.26875   2.90982  -0.41592    16.91515    16.81339     0.10175
   4.87912   3.07636  -0.41592    15.28111    15.23647     0.04464
   4.46601   3.17065  -0.41592    13.06789    13.11824    -0.05035
   4.04270   3.18966  -0.41592     9.97552    10.21628    -0.24076
   6.40401   0.82850  -0.82001    21.54240    20.82359     0.71881
   6.36325   1.25531  -0.82001    20.73605    20.21037     0.52569
   6.24246   1.66670  -0.82001    20.04516    19.67414     0.37102
   6.04599   2.04779  -0.82001    19.33608    19.07930     0.25677
   5.78095   2.38481  -0.82001    18.50149    18.32440     0.17709
   5.45692   2.66558  -0.82001    17.44288    17.32029     0.12260
   5.08561   2.87996  -0.82001    16.04918    15.97127     0.07791
   4.68044   3.02019  -0.82001    14.17356    14.15304     0.02051
   4.25605   3.08121  -0.82001    11.59136    11.67855    -0.08719
   6.18466   1.24689  -1.19916    19.86821    19.44839     0.41982
   6.05876   1.64815  -1.19916    19.21622    18.92753     0.28869
   5.85467   2.01586  -1.19916    18.49835    18.30466     0.19369
   5.58073   2.33496  -1.19916    17.61043    17.47962     0.13080
   5.24817   2.59238  -1.19916    16.44953    16.35943     0.09010
   4.87060   2.77758  -1.19916    14.89645    14.83945     0.05700
   4.46348   2.88300  -1.19916    12.78927    12.78018     0.00909
   4.04347   2.90430  -1.19916     9.87888     9.97236    -0.09348
   5.93769   1.25249  -1.54185    18.64393    18.36587     0.27807
   5.79169   1.65362  -1.54185    17.99948    17.82134     0.17814
   5.55712   2.01027  -1.54185    17.19376    17.08323     0.11053
   5.24662   2.30321  -1.54185    16.11193    16.03886     0.07308
   4.87694   2.51665  -1.54185    14.62850    14.57365     0.05485
   4.46800   2.63908  -1.54185    12.58847    12.54938     0.03909
   4.04184   2.66390  -1.54185     9.77785     9.77955    -0.00169
   5.46685   1.63006  -1.83767    16.47024    16.40424     0.06600
   5.20171   1.95596  -1.83767    15.52710    15.49106     0.03604
   4.85848   2.19823  -1.83767    14.17042    14.13704     0.03337
   4.46261   2.33893  -1.83767    12.26593    12.21561     0.05032
   4.04347   2.36760  -1.83767     9.66427     9.59229     0.07198
   4.74874   1.86773  -2.07763    13.24735    13.25710    -0.00975
