11944     7      2278654.7047255514    19783.5781769331
  -7.66439  -3.02427  -0.15609    -3.40863    -6.53355     3.12491
  -7.34931  -3.30340  -0.15609    -6.65286    -8.76636     2.11350
  -6.97660  -3.49902  -0.15609    -6.33220    -8.69883     2.36664
  -6.56789  -3.59976  -0.15609    -3.08044    -6.65947     3.57902
  -6.14696  -3.59976  -0.15609     2.44917    -2.80378     5.25295
  -5.73825  -3.49902  -0.15609     9.54693     2.69797     6.84896
  -5.36553  -3.30340  -0.15609    17.45167     9.49029     7.96138
  -5.05046  -3.02427  -0.15609    25.29428    16.88049     8.41379
  -8.01985  -2.86665  -0.51915    -9.71071   -12.26716     2.55645
  -7.76596  -3.20064  -0.51915   -14.35240   -14.76468     0.41229
  -7.44621  -3.47224  -0.51915   -16.00275   -15.44728    -0.55547
  -7.07555  -3.66875  -0.51915   -14.87386   -14.51472    -0.35914
  -6.67130  -3.78099  -0.51915   -11.23493   -11.99397     0.75904
  -6.25239  -3.80370  -0.51915    -5.46686    -7.84144     2.37457
  -5.83838  -3.73583  -0.51915     1.98105    -2.02232     4.00337
  -5.44864  -3.58054  -0.51915    10.62248     5.37142     5.25106
  -8.32262  -2.48298  -0.91309   -12.51254   -16.02589     3.51335
  -8.15827  -2.86595  -0.91309   -17.65623   -18.33892     0.68268
  -7.92020  -3.20800  -0.91309   -21.15397   -19.63584    -1.51813
  -7.61815  -3.49512  -0.91309   -22.53512   -19.79370    -2.74142
  -7.26448  -3.71556  -0.91309   -21.59699   -18.71779    -2.87921
  -6.87368  -3.86030  -0.91309   -18.36218   -16.29139    -2.07079
  -6.46174  -3.92341  -0.91309   -13.01768   -12.36727    -0.65041
  -6.04554  -3.90230  -0.91309    -5.83521    -6.78144     0.94623
  -5.64210  -3.79784  -0.91309     2.90788     0.59284     2.31504
  -8.41707  -2.27609  -1.32278   -18.18083   -20.93837     2.75753
  -8.29757  -2.67004  -1.32278   -21.22049   -21.54568     0.32519
  -8.10351  -3.03310  -1.32278   -24.23316   -22.25592    -1.97724
  -7.84235  -3.35133  -1.32278   -26.02972   -22.40109    -3.62863
  -7.52412  -3.61249  -1.32278   -25.99772   -21.64713    -4.35059
  -7.16106  -3.80655  -1.32278   -23.88866   -19.77122    -4.11744
  -6.76711  -3.92605  -1.32278   -19.69376   -16.57109    -3.12267
  -6.35742  -3.96640  -1.32278   -13.54479   -11.82831    -1.71648
  -5.94773  -3.92605  -1.32278    -5.60931    -5.30641    -0.30290
  -8.40651  -2.07477  -1.73247   -20.62812   -22.69485     2.06673
  -8.32262  -2.48298  -1.73247   -22.36507   -22.49694     0.13187
  -8.15827  -2.86595  -1.73247   -24.88514   -22.91848    -1.96666
  -7.92020  -3.20800  -1.73247   -26.71057   -23.05627    -3.65430
  -7.61815  -3.49512  -1.73247   -26.97538   -22.41873    -4.55664
  -7.26448  -3.71556  -1.73247   -25.25098   -20.69466    -4.55632
  -6.87368  -3.86030  -1.73247   -21.40749   -17.62859    -3.77890
  -6.46174  -3.92341  -1.73247   -15.50199   -12.95836    -2.54364
  -6.04554  -3.90230  -1.73247    -7.64683    -6.39402    -1.25281
  -4.81289  -0.69227  -2.12642    25.18447    22.87833     2.30614
  -5.10140  -0.38770  -2.12642    21.96848    18.64141     3.32707
  -8.28620  -2.07617  -2.12642   -18.81211   -19.77575     0.96364
  -8.19601  -2.48589  -2.12642   -21.33470   -20.71900    -0.61570
  -8.01985  -2.86665  -2.12642   -23.79328   -21.53614    -2.25713
  -7.76596  -3.20064  -2.12642   -25.12172   -21.66932    -3.45240
  -7.44621  -3.47224  -2.12642   -24.63979   -20.74186    -3.89792
  -7.07555  -3.66875  -2.12642   -22.01805   -18.46713    -3.55092
  -6.67130  -3.78099  -2.12642   -17.19313   -14.57454    -2.61859
  -6.25239  -3.80370  -2.12642   -10.24535    -8.77271    -1.47264
  -5.83838  -3.73583  -2.12642    -1.26067    -0.76616    -0.49450
  -5.05046  -0.70853  -2.48948    22.73341    21.55630     1.17711
  -8.05277  -2.28427  -2.48948   -15.82077   -15.74964    -0.07113
  -7.90351  -2.67785  -2.48948   -19.04868   -17.79778    -1.25090
  -7.66439  -3.02427  -2.48948   -20.76931   -18.64309    -2.12622
  -7.34931  -3.30340  -2.48948   -20.42794   -18.04735    -2.38059
  -6.97660  -3.49902  -2.48948   -17.73781   -15.77826    -1.95955
  -6.56789  -3.59976  -2.48948   -12.67255   -11.59146    -1.08110
  -6.14696  -3.59976  -2.48948    -5.36960    -5.23790    -0.13170
  -5.10823  -1.06359  -2.80771    23.64895    22.96658     0.68237
  -7.60662  -2.66921  -2.80771   -13.68096   -13.31712    -0.36384
  -7.32984  -2.98863  -2.80771   -14.75024   -14.16456    -0.58568
  -6.97428  -3.21714  -2.80771   -13.05847   -12.81045    -0.24802
  -6.56875  -3.33621  -2.80771    -8.62386    -9.12305     0.49919
  -6.14610  -3.33621  -2.80771    -1.72126    -2.99951     1.27825
  -5.26951  -1.44494  -3.06887    23.17769    21.80522     1.37247
  -7.34937  -2.48059  -3.06887    -6.05233    -7.07246     1.02013
  -7.06052  -2.79745  -3.06887    -7.36884    -8.56182     1.19298
  -6.67671  -2.98856  -3.06887    -4.96925    -6.75212     1.78287
  -6.24977  -3.02812  -3.06887     0.65512    -1.81722     2.47234
  -5.83738  -2.91079  -3.06887     8.46322     5.63136     2.83186
  -5.55379  -1.86640  -3.26293    19.83558    17.14036     2.69522
  -6.75924  -2.56237  -3.26293     0.56037    -2.08601     2.64638
  -6.35742  -2.67004  -3.26293     3.86797     0.61016     3.25781
  -5.95561  -2.56237  -3.26293    10.15373     6.61417     3.53956
  -5.66146  -2.26822  -3.26293    16.35666    13.08947     3.26719
  -6.15258  -2.22120  -3.38243    11.72502     8.07416     3.65086
  -7.67107  -2.83258   0.36875    15.13867    12.76204     2.37662
  -5.29167  -1.21913   1.93438    35.43358    38.13187    -2.69829
  -5.08743   1.97849   0.59799    12.07077     5.25098     6.81979
  -6.96209   1.28419   0.59799    15.55784    16.82934    -1.27150
  -6.88424   1.42752   0.18830    11.40561    12.83601    -1.43039
  -4.75294  -2.48003   0.19265    33.20718    27.35911     5.84806
  -2.46438  -2.02480   0.19265    25.75738    25.66713     0.09025
  -4.46556  -2.53378  -0.21704    33.15948    30.06514     3.09435
  -4.05362  -2.59688  -0.21704    29.41639    31.27100    -1.85461
  -3.63742  -2.57578  -0.21704    27.00864    31.03950    -4.03086
  -2.25882  -1.71649  -0.21704    28.16012    25.56849     2.59162
  -2.83387   0.85186   2.99278    -5.13052    -0.81613    -4.31439
  -2.40843   0.85186   2.95556    -2.85015    -0.61223    -2.23791
  -2.62115   1.22030   2.95556    -5.37023    -1.29063    -4.07960
  -3.04659   1.22030   2.95556    -6.89696    -1.44553    -5.45143
  -3.25931   0.85186   2.95556    -5.26920    -0.20136    -5.06783
  -3.04659   0.48342   2.95556    -2.89470     0.65333    -3.54803
  -2.62115   0.48342   2.95556    -1.95846     0.10077    -2.05923
  -1.99592   0.85186   2.84503     1.39997     0.56348     0.83650
  -2.10819   1.27084   2.84503    -0.61308     0.26672    -0.87980
  -2.41490   1.57755   2.84503    -3.68599    -0.75424    -2.93175
  -2.83387   1.68981   2.84503    -6.42256    -1.77009    -4.65247
  -3.25285   1.57755   2.84503    -7.32806    -1.87882    -5.44923
  -3.55956   1.27084   2.84503    -5.96824    -0.72891    -5.23934
  -3.67182   0.85186   2.84503    -3.23293     1.19394    -4.42687
  -3.55956   0.43289   2.84503    -0.57731     2.75276    -3.33007
  -3.25285   0.12618   2.84503     1.22678     3.14229    -1.91551
  -2.83387   0.01391   2.84503     2.20570     2.48115    -0.27545
  -2.41490   0.12618   2.84503     2.56714     1.49011     1.07703
  -2.10819   0.43289   2.84503     2.31802     0.74232     1.57570
  -1.60887   0.85186   2.66454     7.45732     3.07187     4.38546
  -1.68275   1.27084   2.66454     6.24435     3.51844     2.72591
  -1.89547   1.63928   2.66454     3.42620     2.59188     0.83432
  -2.22137   1.91274   2.66454    -0.31250     0.81979    -1.13229
  -2.62115   2.05825   2.66454    -3.79518    -0.90870    -2.88648
  -3.04659   2.05825   2.66454    -6.10127    -2.02338    -4.07790
  -3.44637   1.91274   2.66454    -6.63529    -2.16468    -4.47061
  -3.77228   1.63928   2.66454    -5.29053    -1.15685    -4.13369
  -3.98500   1.27084   2.66454    -2.49121     0.89409    -3.38531
  -4.05887   0.85186   2.66454     0.86220     3.42685    -2.56465
  -3.98500   0.43289   2.66454     3.74058     5.55755    -1.81697
  -3.77228   0.06445   2.66454     5.72540     6.70856    -0.98316
  -3.44637  -0.20902   2.66454     6.96912     6.75828     0.21084
  -3.04659  -0.35453   2.66454     7.65687     5.88357     1.77330
  -2.62115  -0.35453   2.66454     8.06914     4.70721     3.36193
  -2.22137  -0.20902   2.66454     8.41741     3.74055     4.67686
  -1.89547   0.06445   2.66454     8.36031     2.85284     5.50747
  -1.68275   0.43289   2.66454     7.92105     2.43155     5.48950
  -1.75897   2.00280   2.41959     8.43122     5.88644     2.54478
  -2.10935   2.25013   2.41959     3.61696     2.97827     0.63870
  -2.51346   2.39375   2.41959    -0.55409     0.48061    -1.03471
  -2.94134   2.42302   2.41959    -3.63077    -1.35003    -2.28074
  -3.36125   2.33576   2.41959    -5.13617    -2.28990    -2.84626
  -3.74205   2.13845   2.41959    -4.84500    -2.16216    -2.68284
  -4.05549   1.84572   2.41959    -2.82379    -0.84736    -1.97643
  -4.27832   1.47928   2.41959     0.62437     1.65405    -1.02968
  -4.39403   1.06630   2.41959     4.87512     4.98739    -0.11227
  -4.39403   0.63742   2.41959     8.72364     8.22279     0.50085
  -4.27832   0.22445   2.41959    11.22363    10.46002     0.76361
  -4.05549  -0.14199   2.41959    12.77107    11.66088     1.11019
  -3.74205  -0.43473   2.41959    13.91879    11.94084     1.97795
  -2.94134  -0.71930   2.41959    14.47602     9.40894     5.06708
  -2.51346  -0.69003   2.41959    14.71008     8.06703     6.64305
  -2.01956   2.54281   2.11761     8.17896     5.85897     2.31999
  -2.41624   2.68162   2.11761     3.41553     2.57834     0.83720
  -2.83387   2.72867   2.11761    -0.34827     0.01826    -0.36652
  -3.25150   2.68162   2.11761    -2.69829    -1.67913    -1.01916
  -3.64819   2.54281   2.11761    -3.39169    -2.39563    -0.99605
  -4.00404   2.31921   2.11761    -2.40587    -2.03090    -0.37497
  -4.30122   2.02203   2.11761     0.15499    -0.45911     0.61410
  -4.52482   1.66618   2.11761     4.20808     2.46158     1.74650
  -1.65508   2.61604   1.76778    18.07353    13.50506     4.56846
  -2.02191   2.81212   1.76778    12.06011     8.69049     3.36961
  -2.41994   2.93285   1.76778     6.71372     4.60600     2.10772
  -2.83387   2.97362   1.76778     2.40964     1.35794     1.05169
  -3.24781   2.93285   1.76778    -0.39910    -0.90931     0.51021
  -3.64584   2.81212   1.76778    -1.52548    -2.14355     0.61807
  -4.01266   2.61604   1.76778    -0.98895    -2.31253     1.32357
  -4.33418   2.35217   1.76778     1.08936    -1.32686     2.41622
  -4.59805   2.03065   1.76778     4.64796     1.01656     3.63140
  -1.80767   2.91275   1.38073    20.16565    15.60633     4.55931
  -2.20383   3.06622   1.38073    13.28249     9.78678     3.49572
  -2.62145   3.14429   1.38073     7.29292     4.91711     2.37580
  -3.04630   3.14429   1.38073     2.95682     1.31191     1.64492
  -3.46391   3.06622   1.38073     0.53589    -1.01839     1.55429
  -3.86007   2.91275   1.38073    -0.00439    -2.15211     2.14772
  -4.22129   2.68910   1.38073     1.16215    -2.11481     3.27696
  -4.53525   2.40288   1.38073     3.82718    -0.80839     4.63557
  -4.79128   2.06384   1.38073     7.96812     2.05902     5.90910
  -1.62748   2.94139   0.96822    29.55005    24.52380     5.02625
  -2.00865   3.11913   0.96822    20.84649    16.71527     4.13122
  -2.41490   3.22798   0.96822    12.79994     9.80223     2.99770
  -2.83387   3.26464   0.96822     6.68423     4.56958     2.11465
  -3.25285   3.22798   0.96822     2.79806     0.99295     1.80511
  -3.65909   3.11913   0.96822     1.03539    -1.16259     2.19798
  -4.04026   2.94139   0.96822     1.16152    -2.07631     3.23783
  -4.38478   2.70016   0.96822     2.89219    -1.79899     4.69118
  -4.68217   2.40277   0.96822     5.94126    -0.22667     6.16793
  -4.92340   2.05825   0.96822    10.24096     2.93978     7.30117
  -1.92037   3.12519   0.54278    26.32653    22.45767     3.86886
  -2.31771   3.24687   0.54278    16.32278    13.70465     2.61813
  -2.72989   3.29965   0.54278     8.82780     7.15474     1.67306
  -3.14507   3.28202   0.54278     3.98971     2.68204     1.30767
  -3.55129   3.19447   0.54278     1.53928    -0.12428     1.66356
  -3.93687   3.03953   0.54278     1.14458    -1.57334     2.71792
  -4.29072   2.82166   0.54278     2.46611    -1.81059     4.27670
  -4.60267   2.54711   0.54278     5.15876    -0.82022     5.97897
  -4.86372   2.22380   0.54278     8.91565     1.56740     7.34826
  -2.00865   3.11913   0.11734    23.98781    21.61469     2.37311
  -2.41490   3.22798   0.11734    13.86545    12.82698     1.03847
  -2.83387   3.26464   0.11734     6.72502     6.48349     0.24153
  -3.25285   3.22798   0.11734     2.45356     2.27683     0.17673
  -3.65909   3.11913   0.11734     0.67144    -0.24796     0.91940
  -4.04026   2.94139   0.11734     0.99209    -1.38708     2.37918
  -4.38478   2.70016   0.11734     3.04028    -1.24472     4.28500
  -4.68217   2.40277   0.11734     6.47464     0.26431     6.21034
  -1.80767   2.91275  -0.29517    26.39619    24.71915     1.67704
  -2.20383   3.06622  -0.29517    16.02785    16.10462    -0.07677
  -2.62145   3.14429  -0.29517     7.89721     9.09808    -1.20087
  -3.04630   3.14429  -0.29517     2.57655     4.14654    -1.56998
  -3.46391   3.06622  -0.29517    -0.04957     0.99852    -1.04809
  -3.86007   2.91275  -0.29517    -0.30371    -0.63691     0.33320
  -4.22129   2.68910  -0.29517     1.46210    -0.89670     2.35880
  -4.53525   2.40288  -0.29517     4.96611     0.29281     4.67330
  -2.02191   2.81212  -0.68222    16.22740    17.25302    -1.02563
  -2.41994   2.93285  -0.68222     8.22916    10.82997    -2.60081
  -2.83387   2.97362  -0.68222     2.46172     5.80969    -3.34797
  -3.24781   2.93285  -0.68222    -0.82204     2.34654    -3.16858
  -3.64584   2.81212  -0.68222    -1.69428     0.33976    -2.03404
  -4.01266   2.61604  -0.68222    -0.39031    -0.30087    -0.08944
  -4.33418   2.35217  -0.68222     2.87211     0.48174     2.39037
  -2.41624   2.68162  -1.03205     5.47000     9.54279    -4.07279
  -2.83387   2.72867  -1.03205     0.25728     5.20778    -4.95051
  -3.25150   2.68162  -1.03205    -2.39269     2.26633    -4.65903
  -3.64819   2.54281  -1.03205    -2.52322     0.73770    -3.26092
  -4.00404   2.31921  -1.03205    -0.32254     0.64802    -0.97056
  -4.30122   2.02203  -1.03205     4.08760     2.15061     1.93698
  -2.51346   2.39375  -1.33403     2.40587     7.68382    -5.27795
  -2.94134   2.42302  -1.33403    -1.87123     4.13914    -6.01038
  -3.36125   2.33576  -1.33403    -3.18461     2.05401    -5.23862
  -3.74205   2.13845  -1.33403    -1.70620     1.51215    -3.21835
  -4.05549   1.84572  -1.33403     2.26217     2.61085    -0.34868
  -2.62115   2.05825  -1.57898     0.73983     6.56761    -5.82778
  -3.04659   2.05825  -1.57898    -2.31112     3.84525    -6.15637
  -3.44637   1.91274  -1.57898    -2.03752     2.74747    -4.78500
  -3.77228   1.63928  -1.57898     1.16403     3.38861    -2.22458
  -3.98500   1.27084  -1.57898     6.39871     5.63954     0.75917
  -4.05887   0.85186  -1.57898    12.21196     8.92952     3.28244
  -1.99592   0.85186  -1.75947    14.37436    14.64654    -0.27218
  -2.10819   1.27084  -1.75947    10.52710    12.41816    -1.89106
  -2.41490   1.57755  -1.75947     4.49485     8.80099    -4.30614
  -2.83387   1.68981  -1.75947     0.03702     5.64828    -5.61126
  -3.25285   1.57755  -1.75947    -0.37776     4.32570    -4.70346
  -3.55956   1.27084  -1.75947     3.05597     5.25157    -2.19560
  -3.67182   0.85186  -1.75947     8.50024     8.04865     0.45160
  -3.55956   0.43289  -1.75947    14.03299    11.85900     2.17400
  -2.41490   0.12618  -1.75947    18.33457    15.51306     2.82151
  -2.10819   0.43289  -1.75947    16.72125    15.39544     1.32580
  -2.40843   0.85186  -1.87000     9.38378    10.89801    -1.51424
  -2.62115   1.22030  -1.87000     4.45720     8.15782    -3.70062
  -3.04659   1.22030  -1.87000     2.62613     6.33290    -3.70677
  -3.25931   0.85186  -1.87000     6.71121     7.98896    -1.27775
  -3.04659   0.48342  -1.87000    11.51354    10.99001     0.52353
  -2.62115   0.48342  -1.87000    12.27032    11.87067     0.39965
  -2.83387   0.85186  -1.90722     6.92017     8.83232    -1.91214
  -7.18816   1.02346   1.27469    14.72577    16.69132    -1.96555
  -7.28829   1.26027   0.91163    11.41942    12.29910    -0.87968
  -7.70230   1.32814   0.91163     2.62236     2.68297    -0.06060
  -8.12121   1.30543   0.91163    -6.19289    -7.06188     0.86899
  -8.12121  -2.52375   0.91163    25.26981    25.84317    -0.57336
  -7.09201   1.32228   0.51768    12.99384    13.98627    -0.99243
  -7.49544   1.42674   0.51768     4.78413     5.06186    -0.27773
  -7.91165   1.44785   0.51768    -3.65399    -4.10769     0.45370
  -8.32359   1.38474   0.51768   -11.99233   -13.22775     1.23542
  -8.71439  -2.45832   0.51768    10.78626     9.38256     1.40370
  -8.32359  -2.60306   0.51768    16.45518    14.93966     1.51552
  -7.91165  -2.66616   0.51768    20.60176    19.07073     1.53103
  -7.00370   1.33099   0.10799    11.23179    12.24886    -1.01707
  -7.39764   1.45049   0.10799     2.42407     3.13704    -0.71297
  -9.86698  -1.01885   0.10799   -21.89883   -25.03202     3.13319
  -9.74748  -1.41279   0.10799   -14.95481   -17.75011     2.79530
  -9.55342  -1.77585   0.10799    -7.95682   -10.48406     2.52724
  -9.29226  -2.09408   0.10799    -1.30836    -3.80911     2.50075
  -8.97403  -2.35524   0.10799     4.40951     1.73123     2.67828
  -8.61097  -2.54930   0.10799     8.58056     5.63048     2.95009
  -8.21702  -2.66881   0.10799    10.81638     7.45160     3.36478
  -7.09201   1.32228  -0.30170     4.70067     5.57303    -0.87236
  -9.60818  -1.60871  -0.30170   -13.20092   -15.83352     2.63260
  -9.37011  -1.95076  -0.30170    -6.32781    -9.13647     2.80866
  -9.06806  -2.23788  -0.30170    -0.96825    -4.09886     3.13061
  -8.71439  -2.45832  -0.30170     2.23707    -1.33593     3.57300
  -8.32359  -2.60306  -0.30170     2.54204    -1.66584     4.20789
  -9.21587  -1.94340  -0.69564    -9.93724   -12.65675     2.71951
  -8.89612  -2.21500  -0.69564    -5.53714    -8.81008     3.27294
  -8.52546  -2.41151  -0.69564    -4.81425    -8.81747     4.00322
  -8.79922  -2.04616  -1.05871   -12.41339   -15.56375     3.15036
  -8.42650  -2.24178  -1.05871   -12.79053   -17.02930     4.23877
  -8.58630   1.33852   0.51712   -17.05634   -18.55925     1.50291
  -8.98409   1.22172   0.51712   -23.38414   -25.02328     1.63914
  -9.33286   0.99758   0.51712   -27.90095   -29.81171     1.91076
  -9.60435   0.68426   0.51712   -30.71973   -33.19985     2.48012
  -7.85448   1.51112   0.18562    -6.53802    -6.48666    -0.05136
  -8.27243   1.59084   0.18562   -14.64921   -14.76773     0.11852
  -8.69707   1.56413   0.18562   -21.00839   -21.13948     0.13109
  -9.10173   1.43265   0.18562   -25.97074   -25.97122     0.00048
  -9.46098   1.20466   0.18562   -29.64794   -29.51134    -0.13660
  -9.75224   0.89450   0.18562   -32.00424   -31.90209    -0.10215
  -9.95722   0.52164   0.18562   -32.94676   -33.18595     0.23919
 -10.06304   0.10953   0.18562   -32.37133   -33.29713     0.92580
 -10.06304  -0.31596   0.18562   -30.15685   -32.03469     1.87784
  -9.95722  -0.72807   0.18562   -26.06361   -29.01477     2.95116
  -7.57022   1.57625  -0.18870    -6.07555    -5.33080    -0.74474
  -7.96422   1.71412  -0.18870   -13.33897   -12.95481    -0.38416
  -8.37901   1.76086  -0.18870   -19.23254   -19.02223    -0.21031
  -8.79381   1.71412  -0.18870   -24.08319   -23.79620    -0.28699
  -9.18780   1.57625  -0.18870   -28.02897   -27.47374    -0.55522
  -9.54124   1.35417  -0.18870   -31.07051   -30.18902    -0.88149
  -9.83640   1.05901  -0.18870   -33.12874   -32.02060    -1.10814
 -10.05848   0.70557  -0.18870   -34.09761   -32.99518    -1.10243
 -10.19634   0.31158  -0.18870   -33.88238   -33.08639    -0.79599
 -10.24308  -0.10322  -0.18870   -32.41275   -32.20974    -0.20301
 -10.19634  -0.51801  -0.18870   -29.62912   -30.21480     0.58568
 -10.05848  -0.91201  -0.18870   -25.42668   -26.87914     1.45246
  -9.83640  -1.26544  -0.18870   -19.57579   -21.91354     2.33775
  -7.11708   1.38244  -0.58950    -0.47691     0.28753    -0.76444
  -7.46596   1.61898  -0.58950    -8.72677    -8.00211    -0.72467
  -7.85753   1.77500  -0.58950   -15.06713   -14.74461    -0.32252
  -8.27348   1.84319  -0.58950   -20.23781   -20.18146    -0.05635
  -8.69437   1.82037  -0.58950   -24.56700   -24.51773    -0.04927
  -9.10051   1.70760  -0.58950   -28.18835   -27.90491    -0.28344
  -9.47291   1.51017  -0.58950   -31.10251   -30.44889    -0.65362
  -9.79417   1.23729  -0.58950   -33.23165   -32.21678    -1.01487
 -10.04925   0.90174  -0.58950   -34.46659   -33.24095    -1.22564
 -10.22624   0.51919  -0.58950   -34.70818   -33.52039    -1.18779
 -10.31685   0.10754  -0.58950   -33.89493   -33.02148    -0.87345
 -10.31685  -0.31397  -0.58950   -32.00800   -31.67895    -0.32906
 -10.22624  -0.72562  -0.58950   -29.05808   -29.40135     0.34327
 -10.04925  -1.10817  -0.58950   -25.05332   -26.08739     1.03407
  -9.79417  -1.44372  -0.58950   -19.96923   -21.66623     1.69699
  -9.47291  -1.71660  -0.58950   -13.74685   -16.18699     2.44014
  -7.11708   1.38244  -0.99925    -4.92344    -4.50884    -0.41460
  -7.46596   1.61898  -0.99925   -12.06450   -11.62326    -0.44124
  -7.85753   1.77500  -0.99925   -17.51630   -17.47732    -0.03898
  -8.27348   1.84319  -0.99925   -21.95154   -22.23999     0.28845
  -8.69437   1.82037  -0.99925   -25.68208   -26.06050     0.37842
  -9.10051   1.70760  -0.99925   -28.82528   -29.05036     0.22508
  -9.47291   1.51017  -0.99925   -31.37548   -31.28868    -0.08679
  -9.79417   1.23729  -0.99925   -33.25110   -32.82696    -0.42414
 -10.04925   0.90174  -0.99925   -34.34548   -33.69221    -0.65327
 -10.22624   0.51919  -0.99925   -34.56887   -33.88894    -0.67993
 -10.31685   0.10754  -0.99925   -33.87359   -33.40217    -0.47142
 -10.31685  -0.31397  -0.99925   -32.27030   -32.20269    -0.06761
 -10.22624  -0.72562  -0.99925   -29.81925   -30.25897     0.43971
 -10.04925  -1.10817  -0.99925   -26.61895   -27.56202     0.94306
  -9.79417  -1.44372  -0.99925   -22.79428   -24.17615     1.38187
  -9.47291  -1.71660  -0.99925   -18.52785   -20.34022     1.81237
  -9.10051  -1.91404  -0.99925   -14.17858   -16.66716     2.48858
  -7.21678   1.35417  -1.40005    -9.99058    -9.56337    -0.42721
  -7.57022   1.57625  -1.40005   -15.79190   -15.56787    -0.22404
  -7.96422   1.71412  -1.40005   -20.32378   -20.57990     0.25612
  -8.37901   1.76086  -1.40005   -24.02546   -24.67372     0.64826
  -8.79381   1.71412  -1.40005   -27.12975   -27.94199     0.81225
  -9.18780   1.57625  -1.40005   -29.71508   -30.46098     0.74590
  -9.54124   1.35417  -1.40005   -31.75010   -32.28660     0.53650
  -9.83640   1.05901  -1.40005   -33.14693   -33.45556     0.30863
 -10.05848   0.70557  -1.40005   -33.81021   -33.98744     0.17722
 -10.19634   0.31158  -1.40005   -33.67404   -33.88771     0.21367
 -10.24308  -0.10322  -1.40005   -32.73341   -33.15381     0.42040
 -10.19634  -0.51801  -1.40005   -31.04729   -31.78632     0.73904
 -10.05848  -0.91201  -1.40005   -28.73680   -29.81095     1.07415
  -9.83640  -1.26544  -1.40005   -25.97764   -27.31958     1.34194
  -9.54124  -1.56060  -1.40005   -23.01391   -24.54727     1.53336
  -9.18780  -1.78269  -1.40005   -20.23655   -22.01540     1.77884
  -8.79381  -1.92055  -1.40005   -18.36218   -20.80112     2.43894
  -6.89156   0.71452  -1.77438    -2.04317    -2.36253     0.31936
  -7.14165   1.05874  -1.77438    -9.70067    -9.08667    -0.61400
  -7.46949   1.32995  -1.77438   -15.68083   -15.17083    -0.51001
  -7.85448   1.51112  -1.77438   -20.29052   -20.34700     0.05648
  -8.27243   1.59084  -1.77438   -23.93133   -24.58739     0.65607
  -8.69707   1.56413  -1.77438   -26.89004   -27.94953     1.05949
  -9.10173   1.43265  -1.77438   -29.29026   -30.49976     1.20950
  -9.46098   1.20466  -1.77438   -31.11945   -32.29217     1.17272
  -9.75224   0.89450  -1.77438   -32.29289   -33.36502     1.07213
  -9.95722   0.52164  -1.77438   -32.72023   -33.74246     1.02223
 -10.06304   0.10953  -1.77438   -32.35690   -33.44035     1.08345
 -10.06304  -0.31596  -1.77438   -31.23868   -32.47811     1.23943
  -9.95722  -0.72807  -1.77438   -29.48918   -30.90065     1.41147
  -9.75224  -1.10093  -1.77438   -27.30670   -28.81781     1.51111
  -9.46098  -1.41109  -1.77438   -24.96421   -26.47109     1.50688
  -9.10173  -1.63908  -1.77438   -22.82566   -24.33619     1.51053
  -8.69707  -1.77056  -1.77438   -21.36733   -23.24021     1.87289
  -7.15367   0.68426  -2.10587    -8.53036    -7.50936    -1.02100
  -7.42516   0.99758  -2.10587   -15.05458   -14.04755    -1.00703
  -7.77393   1.22172  -2.10587   -19.88578   -19.47260    -0.41318
  -8.17172   1.33852  -2.10587   -23.55231   -23.89899     0.34668
  -8.58630   1.33852  -2.10587   -26.40372   -27.38364     0.97992
  -8.98409   1.22172  -2.10587   -28.61820   -29.98386     1.36566
  -9.33286   0.99758  -2.10587   -30.22149   -31.75001     1.52852
  -9.60435   0.68426  -2.10587   -31.15145   -32.72152     1.57007
  -9.77657   0.30715  -2.10587   -31.33782   -32.92936     1.59153
  -9.83557  -0.10322  -2.10587   -30.77432   -32.40521     1.63089
  -9.77657  -0.51358  -2.10587   -29.54503   -31.19944     1.65441
  -9.60435  -0.89069  -2.10587   -27.81750   -29.40890     1.59141
  -9.33286  -1.20401  -2.10587   -25.80131   -27.20900     1.40769
  -8.98409  -1.42815  -2.10587   -23.65083   -24.84670     1.19586
  -8.58630  -1.54495  -2.10587   -21.12322   -22.40729     1.28406
  -7.30475   0.31296  -2.38005    -6.93900    -5.54876    -1.39024
  -7.52763   0.67292  -2.38005   -15.05019   -13.63799    -1.41220
  -7.86549   0.92807  -2.38005   -20.44238   -19.72830    -0.71408
  -8.27271   1.04393  -2.38005   -24.22187   -24.41979     0.19792
  -8.69429   1.00486  -2.38005   -26.91388   -27.87056     0.95668
  -9.07328   0.81615  -2.38005   -28.73429   -30.15327     1.41899
  -9.35851   0.50327  -2.38005   -29.69187   -31.32267     1.63081
  -9.51145   0.10848  -2.38005   -29.73956   -31.42941     1.68985
  -9.51145  -0.31490  -2.38005   -28.90497   -30.53533     1.63036
  -9.35851  -0.70970  -2.38005   -27.31549   -28.73012     1.41463
  -9.07328  -1.02258  -2.38005   -25.06649   -26.09916     1.03266
  -8.69429  -1.21129  -2.38005   -21.79089   -22.44060     0.64971
  -7.68861   0.29539  -2.58493   -14.29592   -12.70453    -1.59139
  -7.98041   0.58718  -2.58493   -20.39782   -19.45078    -0.94704
  -8.37901   0.69399  -2.58493   -24.38502   -24.41566     0.03064
  -8.77761   0.58718  -2.58493   -26.81913   -27.63289     0.81377
  -9.06941   0.29539  -2.58493   -27.91790   -29.12541     1.20751
  -9.17621  -0.10322  -2.58493   -27.69952   -28.94340     1.24388
  -9.06941  -0.50182  -2.58493   -26.19413   -27.15043     0.95630
  -8.77761  -0.79361  -2.58493   -23.23730   -23.64896     0.41166
  -8.37901  -0.90042  -2.58493   -17.65874   -17.56208    -0.09666
  -7.97150  -0.10322  -2.71155   -15.25287   -13.95407    -1.29880
  -8.17526   0.24970  -2.71155   -20.85653   -20.01108    -0.84546
  -8.58276   0.24970  -2.71155   -24.70944   -24.83075     0.12131
  -8.78652  -0.10322  -2.71155   -25.22965   -25.65499     0.42534
  -8.58276  -0.45613  -2.71155   -22.19752   -22.09868    -0.09884
  -8.17526  -0.45613  -2.71155   -16.07428   -15.23954    -0.83474
  -8.37901  -0.10322  -2.75438   -21.38301   -20.83656    -0.54645
  -8.53670  -0.26443   3.24808    12.53262    10.34274     2.18988
  -8.33295   0.17986   3.12146     7.24836     6.75824     0.49012
  -8.73155   0.07305   3.12146     2.42595     1.33139     1.09456
  -9.02335  -0.21874   3.12146     1.76267    -0.06297     1.82564
  -9.13015  -0.61734   3.12146     5.19641     2.71129     2.48512
  -9.02335  -1.01595   3.12146    12.92983     9.90413     3.02570
  -7.81943   0.41394   2.91659    10.01505    11.36502    -1.34997
  -8.22665   0.52980   2.91659     1.78840     2.83918    -1.05077
  -8.64823   0.49074   2.91659    -3.61759    -3.13427    -0.48332
  -9.02722   0.30202   2.91659    -6.42130    -6.62521     0.20391
  -9.31245  -0.01086   2.91659    -6.80911    -7.67382     0.86472
  -9.46539  -0.40565   2.91659    -4.84500    -6.25581     1.41081
  -9.46539  -0.82903   2.91659    -0.40976    -2.24185     1.83209
  -9.31245  -1.22382   2.91659     6.81350     4.64155     2.17195
  -7.37910   0.48345   2.64241    14.47539    17.26730    -2.79191
  -7.72787   0.70759   2.64241     5.00627     7.67988    -2.67361
  -8.12566   0.82439   2.64241    -2.38077    -0.05814    -2.32263
  -8.54024   0.82439   2.64241    -7.78112    -5.99466    -1.78645
  -8.93803   0.70759   2.64241   -11.35039   -10.19682    -1.15357
  -9.28680   0.48345   2.64241   -13.25488   -12.72314    -0.53175
  -9.55829   0.17013   2.64241   -13.62449   -13.61574    -0.00875
  -9.73051  -0.20698   2.64241   -12.51066   -12.88837     0.37772
  -9.78951  -0.61734   2.64241    -9.86696   -10.50716     0.64020
  -9.73051  -1.02770   2.64241    -5.54028    -6.36704     0.82676
  -9.55829  -1.40482   2.64241     0.72101    -0.26783     0.98884
  -9.28680  -1.71814   2.64241     9.27773     8.10092     1.17680
  -7.09559   0.54461   2.31092    17.58658    21.27795    -3.69137
  -7.42343   0.81583   2.31092     7.34939    10.95173    -3.60234
  -7.80842   0.99699   2.31092    -1.07555     2.21739    -3.29294
  -8.22637   1.07672   2.31092    -7.70080    -4.89358    -2.80722
  -8.65101   1.05000   2.31092   -12.63867   -10.43404    -2.20463
  -9.05567   0.91852   2.31092   -16.03287   -14.46199    -1.57088
  -9.41492   0.69053   2.31092   -18.04027   -17.03432    -1.00595
  -9.70618   0.38037   2.31092   -18.79203   -18.20617    -0.58586
  -9.91116   0.00751   2.31092   -18.36156   -18.02153    -0.34003
 -10.01698  -0.40460   2.31092   -16.74446   -16.49832    -0.24615
 -10.01698  -0.83009   2.31092   -13.85541   -13.61164    -0.24377
  -9.91116  -1.24220   2.31092    -9.53877    -9.27711    -0.26166
  -9.70618  -1.61506   2.31092    -3.57869    -3.33520    -0.24349
  -9.41492  -1.92522   2.31092     4.30032     4.46002    -0.15969
  -7.17072   0.84005   1.93659    12.25087    16.01066    -3.75979
  -7.52416   1.06213   1.93659     2.78112     6.30710    -3.52597
  -7.91815   1.19999   1.93659    -4.94038    -1.87811    -3.06227
  -8.33295   1.24673   1.93659   -11.08998    -8.59465    -2.49533
  -8.74774   1.19999   1.93659   -15.77559   -13.89179    -1.88380
  -9.14174   1.06213   1.93659   -19.12021   -17.81603    -1.30419
  -9.49518   0.84005   1.93659   -21.26253   -20.42418    -0.83835
  -9.79034   0.54488   1.93659   -22.32930   -21.78304    -0.54626
 -10.01242   0.19145   1.93659   -22.41087   -21.95941    -0.45147
 -10.15028  -0.20255   1.93659   -21.53989   -21.00668    -0.53321
 -10.19702  -0.61734   1.93659   -19.68372   -18.95228    -0.73144
 -10.15028  -1.03214   1.93659   -16.75450   -15.78712    -0.96738
 -10.01242  -1.42613   1.93659   -12.61984   -11.45728    -1.16257
  -9.79034  -1.77957   1.93659    -7.12161    -5.85762    -1.26399
  -9.49518  -2.07473   1.93659    -0.08471     1.17086    -1.25558
  -9.14174  -2.29681   1.93659     8.67595     9.83255    -1.15660
  -7.41990   1.10485   1.53579     6.14395     8.92280    -2.77886
  -7.81147   1.26087   1.53579    -2.72653    -0.47944    -2.24709
  -8.22742   1.32906   1.53579    -9.94979    -8.29793    -1.65186
  -8.64831   1.30624   1.53579   -15.60804   -14.55953    -1.04852
  -9.05445   1.19348   1.53579   -19.79855   -19.29710    -0.50145
  -9.42685   0.99604   1.53579   -22.66062   -22.57503    -0.08560
  -9.74811   0.72316   1.53579   -24.34737   -24.48729     0.13992
 -10.00319   0.38761   1.53579   -24.99496   -25.14157     0.14661
 -10.18017   0.00506   1.53579   -24.69877   -24.64015    -0.05863
 -10.27079  -0.40659   1.53579   -23.48894   -23.06372    -0.42522
 -10.27079  -0.82810   1.53579   -21.33156   -20.46017    -0.87139
 -10.18017  -1.23975   1.53579   -18.13753   -16.83851    -1.29902
 -10.00319  -1.62229   1.53579   -13.78827   -12.16654    -1.62173
  -9.74811  -1.95785   1.53579    -8.15574    -6.37138    -1.78436
  -9.42685  -2.23073   1.53579    -1.13077     0.65542    -1.78619
  -9.05445  -2.42816   1.53579     7.36445     9.04391    -1.67946
  -8.64831  -2.54093   1.53579    17.33432    18.91151    -1.57719
  -7.81147   1.26087   1.12604    -0.37462     0.12483    -0.49945
  -8.22742   1.32906   1.12604    -9.03676    -9.07347     0.03671
  -8.64831   1.30624   1.12604   -15.82642   -16.38369     0.55727
  -9.05445   1.19348   1.12604   -20.82641   -21.81300     0.98658
  -9.42685   0.99604   1.12604   -24.19488   -25.45800     1.26311
  -9.74811   0.72316   1.12604   -26.12887   -27.47814     1.34927
 -10.00319   0.38761   1.12604   -26.83544   -28.05883     1.22338
 -10.18017   0.00506   1.12604   -26.49031   -27.37695     0.88664
 -10.27079  -0.40659   1.12604   -25.19890   -25.57684     0.37794
 -10.27079  -0.82810   1.12604   -22.97940   -22.75795    -0.22145
 -10.18017  -1.23975   1.12604   -19.77533   -18.97259    -0.80274
 -10.00319  -1.62229   1.12604   -15.48505   -14.22996    -1.25509
  -9.74811  -1.95785   1.12604   -10.00564    -8.50414    -1.50150
  -9.42685  -2.23073   1.12604    -3.26619    -1.74545    -1.52074
  -9.05445  -2.42816   1.12604     4.73581     6.10536    -1.36954
  -8.64831  -2.54093   1.12604    13.89996    15.10329    -1.20332
  -8.22742  -2.56375   1.12604    23.99094    25.30462    -1.31367
  -8.74774   1.19999   0.72524   -18.64393   -21.02893     2.38500
  -9.14174   1.06213   0.72524   -24.26579   -26.77493     2.50914
  -9.49518   0.84005   0.72524   -27.61669   -30.14112     2.52443
  -9.79034   0.54488   0.72524   -29.02420   -31.47007     2.44588
 -10.01242   0.19145   0.72524   -28.87924   -31.11830     2.23905
 -10.15028  -0.20255   0.72524   -27.53449   -29.39270     1.85822
 -10.19702  -0.61734   0.72524   -25.20580   -26.52100     1.31520
 -10.15028  -1.03214   0.72524   -21.95405   -22.64918     0.69513
 -10.01242  -1.42613   0.72524   -17.72024   -17.85476     0.13452
  -9.79034  -1.77957   0.72524   -12.39833   -12.16724    -0.23110
  -9.49518  -2.07473   0.72524    -5.90173    -5.59119    -0.31054
  -9.14174  -2.29681   0.72524     1.77585     1.87091    -0.09506
  -8.74774  -2.43468   0.72524    10.51769    10.20541     0.31228
 -10.01698  -0.40460   0.35092   -28.68722   -31.49817     2.81094
 -10.01698  -0.83009   0.35092   -24.16414   -26.67970     2.51557
  -9.91116  -1.24220   0.35092   -18.74936   -20.85328     2.10392
  -9.70618  -1.61506   0.35092   -12.30107   -14.11257     1.81150
  -1.02334   0.35752   2.53486    15.42607     8.00155     7.42451
  -1.43303   0.35752   2.53486    12.52697     4.49707     8.02990
  -0.06149  -1.74337   0.47521    12.06575    11.89552     0.17024
   0.25674  -1.48221   0.47521     5.72289     4.92979     0.79310
  -2.13524  -1.84645   0.06552    26.04980    23.73710     2.31270
  -1.74444  -1.99118   0.06552    23.41112    22.84318     0.56794
   0.19085  -1.49010   0.06552    13.31512    13.64224    -0.32711
  -0.49253   0.30286   2.60995    12.84951     7.20077     5.64874
  -0.09072   0.19520   2.60995     6.97289     1.53296     5.43993
   1.09273   0.25336   2.84865   -13.05534   -13.27792     0.22259
   1.50024   0.25336   2.80582   -15.63377   -15.43915    -0.19462
   1.29649   0.60627   2.80582   -12.12913   -12.05504    -0.07409
   0.88898   0.60627   2.80582    -8.15135    -8.77855     0.62721
   0.68523   0.25336   2.80582    -8.12437    -9.72364     1.59928
   0.88898  -0.09955   2.80582   -12.71522   -13.69043     0.97521
   1.29649  -0.09955   2.80582   -16.30332   -16.24956    -0.05376
   1.88994   0.25336   2.67920   -15.78626   -16.21094     0.42468
   1.78313   0.65196   2.67920   -13.09863   -13.47309     0.37445
   1.49134   0.94376   2.67920    -9.82052    -9.98756     0.16704
   1.09273   1.05056   2.67920    -5.65512    -5.91320     0.25809
   0.29553   0.25336   2.67920    -0.97013    -4.74402     3.77389
   0.40234  -0.14524   2.67920    -5.49385    -9.04362     3.54978
   0.69413  -0.43704   2.67920   -11.25815   -13.22748     1.96933
   1.09273  -0.54384   2.67920   -15.92431   -16.41271     0.48840
   1.49134  -0.43704   2.67920   -18.05157   -17.96761    -0.08396
   1.78313  -0.14524   2.67920   -17.71522   -17.81815     0.10293
   2.24479   0.25336   2.47432   -13.52220   -15.49141     1.96920
   2.16700   0.66953   2.47432   -10.86093   -12.75914     1.89820
   1.94412   1.02950   2.47432    -8.29379    -9.60178     1.30799
   1.60625   1.28464   2.47432    -5.48757    -6.28753     0.79995
   1.19903   1.40051   2.47432    -1.52861    -2.06469     0.53608
   0.11323  -0.35312   2.47432     0.35141    -5.67694     6.02834
   0.39846  -0.66600   2.47432    -6.60203   -10.32100     3.71897
   0.77746  -0.85472   2.47432   -12.76668   -14.34958     1.58290
   1.19903  -0.89378   2.47432   -16.77835   -17.10836     0.33001
   1.60625  -0.77792   2.47432   -18.39481   -18.46105     0.06624
   1.94412  -0.52278   2.47432   -17.98756   -18.49540     0.50784
   2.16700  -0.16281   2.47432   -16.12637   -17.43220     1.30583
   2.54930   0.25336   2.20014    -8.80459   -12.97340     4.16881
   1.69781   1.57830   2.20014     0.25414    -1.43521     1.68935
   1.30003   1.69510   2.20014     3.18210     2.00682     1.17528
   0.48766  -1.07158   2.20014    -7.99510   -10.81428     2.81918
   0.88544  -1.18838   2.20014   -13.50149   -14.47931     0.97781
   1.30003  -1.18838   2.20014   -16.61896   -16.78733     0.16837
   1.69781  -1.07158   2.20014   -17.67757   -17.89337     0.21580
   2.04658  -0.84744   2.20014   -17.12536   -17.88436     0.75900
   2.31807  -0.53412   2.20014   -15.28425   -16.88651     1.60227
   2.49030  -0.15700   2.20014   -12.30546   -15.19575     2.89028
   0.37001  -1.28250   1.86865    -4.80108    -7.80767     3.00660
   0.77467  -1.41398   1.86865   -11.11194   -12.02310     0.91116
   1.19932  -1.44070   1.86865   -14.55195   -14.58245     0.03050
   1.61726  -1.36097   1.86865   -15.81198   -15.91283     0.10085
   2.00225  -1.17981   1.86865   -15.51580   -16.15200     0.63620
   2.33009  -0.90860   1.86865   -14.19175   -15.24124     1.04949
   0.67794  -1.56397   1.49432    -8.15888    -8.70934     0.55046
   1.09273  -1.61071   1.49432   -11.51417   -11.14743    -0.36674
   1.50753  -1.56397   1.49432   -12.65624   -12.39077    -0.26547
   1.90152  -1.42611   1.49432   -12.23455   -12.72841     0.49386
   0.37124  -1.55746   1.09352    -1.52548    -2.67176     1.14629
   0.77738  -1.67022   1.09352    -6.11132    -5.54014    -0.57117
   1.19827  -1.69304   1.09352    -7.81187    -6.75094    -1.06093
   1.61422  -1.62485   1.09352    -7.18812    -6.89779    -0.29033
   0.37124  -1.55746   0.68377     1.77083     1.44304     0.32779
   0.77738  -1.67022   0.68377    -1.23745     0.03128    -1.26873
   1.19827  -1.69304   0.68377    -0.97954     0.56464    -1.54419
   0.67794  -1.56397   0.28297     5.68963     7.01403    -1.32440
   0.37001  -1.28250  -0.09135    13.51342    14.05377    -0.54036
   0.48766  -1.07158  -0.42285    20.19137    21.52258    -1.33121
  -0.01734   3.38185  -2.02488     7.57906     4.29620     3.28286
   0.30163   3.07376  -2.28604     5.30308     1.96631     3.33677
   0.52352   3.21890   1.81807     3.75878     6.94480    -3.18601
   0.93102   3.21890   1.77524    -2.39960     0.46333    -2.86292
   0.72727   3.57181   1.77524    -0.25665     2.41505    -2.67170
   0.31976   3.57181   1.77524     7.21887    10.03277    -2.81390
   1.32072   3.21890   1.64862    -6.16340    -4.00701    -2.15639
   1.21391   3.61750   1.64862    -6.61897    -4.51941    -2.09956
   0.92212   3.90930   1.64862    -2.48431    -0.76232    -1.72199
   0.52352   4.01610   1.64862     5.09538     6.74690    -1.65152
   1.21391   2.82030   1.64862    -1.50289     0.19922    -1.70211
   1.67557   3.21890   1.44375    -7.45921    -6.23805    -1.22116
   1.59778   3.63507   1.44375    -9.59839    -8.16274    -1.43564
   1.37490   3.99504   1.44375    -7.81689    -6.78461    -1.03228
   1.03703   4.25018   1.44375    -2.56463    -2.08152    -0.48311
   0.62981   4.36604   1.44375     5.55032     5.88087    -0.33055
   1.37490   2.44276   1.44375     5.92055     4.33510     1.58545
   1.59778   2.80273   1.44375    -1.70934    -1.50760    -0.20173
   1.98008   3.21890   1.16957    -6.39683    -6.30755    -0.08928
   1.92108   3.62926   1.16957   -10.22840    -9.57087    -0.65753
   1.74885   4.00638   1.16957   -10.42356    -9.94423    -0.47933
   1.47736   4.31970   1.16957    -7.59412    -7.72344     0.12932
   1.12859   4.54384   1.16957    -2.09274    -2.83721     0.74446
   0.73081   4.66064   1.16957     5.89545     4.94225     0.95320
   2.16760   3.64103   0.83807    -8.86608    -9.04651     0.18042
   2.01097   4.03663   0.83807   -10.49008   -10.57847     0.08839
   1.76087   4.38086   0.83807    -9.19992    -9.77621     0.57630
   1.43303   4.65207   0.83807    -5.30810    -6.60303     1.29492
   1.04804   4.83323   0.83807     1.08434    -0.74134     1.82568
   2.34085   3.63369   0.46375    -5.02886    -6.05798     1.02912
   2.20298   4.02769   0.46375    -8.14821    -8.73114     0.58293
   1.98090   4.38113   0.46375    -8.76505    -9.52951     0.76446
   1.68574   4.67629   0.46375    -6.94779    -8.28824     1.34045
   1.33231   4.89837   0.46375    -2.72527    -4.69955     1.97427
   0.93831   5.03623   0.46375     3.90562     1.59048     2.31514
   2.29262   4.03737   0.06295    -2.77171    -3.78648     1.01477
   2.07531   4.39854   0.06295    -5.78940    -6.63248     0.84308
   1.78544   4.70455   0.06295    -6.04354    -7.22065     1.17710
   1.43657   4.94110   0.06295    -3.51029    -5.22043     1.71014
   1.04500   5.09711   0.06295     1.66792    -0.41902     2.08694
   0.62905   5.16530   0.06295     9.47790     7.43566     2.04224
   2.07531   4.39854  -0.34680    -0.38466    -1.17953     0.79486
   1.78544   4.70455  -0.34680    -3.65085    -4.41451     0.76366
   1.43657   4.94110  -0.34680    -3.09237    -4.17210     1.07973
   1.04500   5.09711  -0.34680     0.66140    -0.70083     1.36223
   0.62905   5.16530  -0.34680     7.22514     5.89890     1.32624
   1.68574   4.67629  -0.74760    -0.64571    -0.82792     0.18221
   1.33231   4.89837  -0.74760    -2.09839    -2.32316     0.22477
   0.93831   5.03623  -0.74760     0.46875     0.12034     0.34841
   0.52352   5.08297  -0.74760     6.07492     5.81383     0.26109
   1.43303   4.65207  -1.12193     0.41855     0.98109    -0.56255
   1.04804   4.83323  -1.12193    -1.20168    -0.52328    -0.67840
   0.63010   4.91296  -1.12193     1.74448     2.43730    -0.69282
   0.20545   4.88624  -1.12193     7.66064     8.48337    -0.82273
   1.12859   4.54384  -1.45342    -0.02071     1.19490    -1.21561
   0.73081   4.66064  -1.45342    -0.65763     0.68480    -1.34243
   0.31622   4.66064  -1.45342     2.79555     4.09257    -1.29702
  -0.08156   4.54384  -1.45342     8.39168     9.51840    -1.12672
   1.03703   4.25018  -1.72760     1.32279     2.43688    -1.11409
   0.62981   4.36604  -1.72760    -0.81827     0.50477    -1.32305
   0.20824   4.32698  -1.72760     2.06764     3.10145    -1.03381
  -0.17076   4.13826  -1.72760     7.08270     7.36785    -0.28515
  -0.45599   3.82538  -1.72760    12.31111    11.22745     1.08366
   0.52352   4.01610  -1.93248    -0.37651     0.01202    -0.38853
   0.12491   3.90930  -1.93248     2.66692     2.31060     0.35631
  -0.16688   3.61750  -1.93248     7.77735     5.79076     1.98659
   0.72727   3.57181  -2.05910     0.76995    -0.85842     1.62838
   0.31976   3.57181  -2.05910     2.13165     0.17777     1.95388
   0.48272   1.92435  -2.86386     3.05660     2.27620     0.78040
   0.32783   1.52455  -2.86386    10.12800    10.77944    -0.65144
   3.69076   2.17384  -0.56888    -9.77221    -9.98938     0.21717
   3.63176   2.58420  -0.56888    -6.62838    -5.31044    -1.31794
   3.93160   2.17384  -0.90037   -18.27245   -17.40723    -0.86522
   3.87828   2.59597  -0.90037   -13.79078   -11.95418    -1.83659
   3.87828   1.75171  -0.90037   -15.25727   -16.70065     1.44338
   4.09826   2.17384  -1.27470   -22.69074   -20.89026    -1.80048
   4.05153   2.58863  -1.27470   -18.21911   -16.19639    -2.02273
   3.91366   2.98263  -1.27470    -9.92971    -8.30028    -1.62943
   3.91366   1.36505  -1.27470   -17.02622   -16.32896    -0.69725
   4.05153   1.75905  -1.27470   -22.24898   -21.21618    -1.03280
   4.18346   2.17384  -1.67550   -25.06649   -22.78825    -2.27824
   4.13788   2.59287  -1.67550   -20.71597   -18.80035    -1.91562
   4.00330   2.99231  -1.67550   -13.32203   -12.12728    -1.19475
   3.78599   0.99420  -1.67550   -18.12749   -15.11829    -3.00921
   4.00330   1.35537  -1.67550   -23.08231   -20.71697    -2.36534
   4.13788   1.75481  -1.67550   -25.80696   -23.52006    -2.28690
   4.18346   2.17384  -2.08525   -26.50537   -24.27795    -2.22742
   4.13788   2.59287  -2.08525   -22.39519   -20.86532    -1.52987
   4.00330   2.99231  -2.08525   -15.85403   -15.27856    -0.57547
   3.78599   3.35348  -2.08525    -7.43724    -7.81491     0.37767
   3.14724   0.45164  -2.08525    -7.70707    -8.07460     0.36753
   3.49612   0.68819  -2.08525   -16.20732   -14.96173    -1.24558
   3.78599   0.99420  -2.08525   -22.22764   -20.14346    -2.08418
   4.00330   1.35537  -2.08525   -26.19225   -23.73335    -2.45889
   4.13788   1.75481  -2.08525   -27.77043   -25.24615    -2.52429
   4.09826   2.17384  -2.48604   -27.38326   -25.57277    -1.81049
   4.05153   2.58863  -2.48604   -23.60000   -22.60459    -0.99541
   3.91366   2.98263  -2.48604   -17.85516   -17.89689     0.04173
   3.69158   3.33607  -2.48604   -10.75802   -11.74565     0.98763
   0.77680   3.33607  -2.48604    -1.87563    -2.38351     0.50788
   0.55472   2.98263  -2.48604    -0.32317    -2.18274     1.85957
   3.04298   0.49437  -2.48604   -10.77622   -13.40274     2.62652
   3.39642   0.71645  -2.48604   -18.50337   -19.16504     0.66167
   3.69158   1.01161  -2.48604   -24.17167   -23.25668    -0.91499
   3.91366   1.36505  -2.48604   -27.66313   -25.79537    -1.86776
   4.05153   1.75905  -2.48604   -28.78135   -26.63270    -2.14865
   3.93160   2.17384  -2.86037   -27.84009   -26.56665    -1.27344
   3.87828   2.59597  -2.86037   -24.30282   -23.83944    -0.46338
   3.72165   2.99157  -2.86037   -19.07190   -19.60962     0.53772
   3.47155   3.33580  -2.86037   -12.95305   -14.28981     1.33676
   3.14371   3.60701  -2.86037    -6.94590    -8.59490     1.64900
   1.51147   3.70970  -2.86037    -3.17708    -2.09629    -1.08079
   1.15222   3.48172  -2.86037    -5.95005    -4.60817    -1.34187
   0.86096   3.17155  -2.86037    -7.12035    -6.12740    -0.99295
   0.65598   2.79870  -2.86037    -5.97891    -5.68430    -0.29461
   0.55017   2.38658  -2.86037    -2.91666    -3.33535     0.41868
   2.75872   0.55951  -2.86037   -11.02597   -15.15964     4.13367
   3.14371   0.74067  -2.86037   -18.46572   -20.64139     2.17567
   3.47155   1.01188  -2.86037   -24.25261   -24.56069     0.30808
   3.72165   1.35611  -2.86037   -27.90158   -26.89288    -1.00870
   3.87828   1.75171  -2.86037   -29.12021   -27.59084    -1.52937
   3.69076   2.17384  -3.19187   -27.96810   -27.13531    -0.83279
   3.63176   2.58420  -3.19187   -24.93535   -24.75194    -0.18341
   3.45953   2.96132  -3.19187   -20.54152   -21.13854     0.59702
   3.18804   3.27464  -3.19187   -15.75425   -16.83842     1.08417
   2.83927   3.49878  -3.19187   -11.66728   -12.68221     1.01493
   2.44148   3.61558  -3.19187    -9.26267    -9.64644     0.38377
   2.02690   3.61558  -3.19187    -8.97778    -8.40276    -0.57502
   1.62912   3.49878  -3.19187   -10.28990    -8.80147    -1.48843
   1.28035   3.27464  -3.19187   -11.87813    -9.87494    -2.00319
   1.00885   2.96132  -3.19187   -12.42532   -10.46889    -1.95642
   0.83663   2.58420  -3.19187   -11.33972    -9.93395    -1.40577
   0.77763   2.17384  -3.19187    -8.87173    -8.38599    -0.48574
   0.83663   1.76348  -3.19187    -5.77497    -6.48244     0.70747
   1.00885   1.38636  -3.19187    -2.89407    -5.06042     2.16634
   2.44148   0.73210  -3.19187   -12.26342   -16.56174     4.29832
   2.83927   0.84890  -3.19187   -18.53287   -21.33774     2.80488
   3.18804   1.07304  -3.19187   -23.91941   -25.02419     1.10479
   3.45953   1.38636  -3.19187   -27.55896   -27.28884    -0.27012
   3.63176   1.76348  -3.19187   -28.94576   -28.00711    -0.93865
   3.38625   2.17384  -3.46604   -27.82001   -27.19536    -0.62465
   3.30846   2.59001  -3.46604   -25.15435   -24.96267    -0.19167
   3.08558   2.94998  -3.46604   -21.40247   -21.64276     0.24030
   2.74771   3.20512  -3.46604   -17.97187   -18.15553     0.18366
   2.34049   3.32099  -3.46604   -16.04730   -15.56407    -0.48323
   1.91892   3.28192  -3.46604   -15.92243   -14.46321    -1.45922
   1.53992   3.09320  -3.46604   -16.70995   -14.47593    -2.23402
   1.25469   2.78032  -3.46604   -16.99798   -14.60229    -2.39569
   1.10175   2.38553  -3.46604   -15.97200   -14.15349    -1.81850
   1.10175   1.96215  -3.46604   -13.90624   -13.28230    -0.62393
   1.25469   1.56736  -3.46604   -11.87185   -12.78407     0.91222
   1.53992   1.25448  -3.46604   -11.22928   -13.60363     2.37435
   1.91892   1.06576  -3.46604   -13.07040   -16.21589     3.14549
   2.34049   1.02670  -3.46604   -17.20694   -20.05301     2.84607
   2.74771   1.14256  -3.46604   -22.17430   -23.87961     1.70530
   3.08558   1.39770  -3.46604   -26.28763   -26.64866     0.36103
   3.30846   1.75767  -3.46604   -28.32327   -27.80888    -0.51438
   3.03140   2.17384  -3.67092   -27.37761   -26.69157    -0.68604
   2.92459   2.57244  -3.67092   -25.26290   -24.68094    -0.58197
   2.63279   2.86424  -3.67092   -22.55269   -21.87177    -0.68092
   2.23419   2.97104  -3.67092   -20.93874   -19.61993    -1.31881
   1.83559   2.86424  -3.67092   -20.69024   -18.58774    -2.10251
   1.54379   2.57244  -3.67092   -20.57792   -18.25282    -2.32510
   1.43699   2.17384  -3.67092   -19.61846   -17.97935    -1.63911
   1.54379   1.77524  -3.67092   -18.41740   -18.09293    -0.32448
   1.83559   1.48344  -3.67092   -18.59436   -19.45684     0.86248
   2.23419   1.37664  -3.67092   -21.04416   -22.19517     1.15101
   2.63279   1.48344  -3.67092   -24.66740   -25.15839     0.49099
   2.92459   1.77524  -3.67092   -27.26278   -26.90548    -0.35729
   2.64170   2.17384  -3.79754   -26.53989   -25.57726    -0.96262
   2.43795   2.52675  -3.79754   -24.87134   -23.56720    -1.30414
   2.03044   2.52675  -3.79754   -23.57553   -21.70007    -1.87546
   1.82669   2.17384  -3.79754   -22.90723   -21.29714    -1.61009
   2.03044   1.82093  -3.79754   -23.08545   -22.49805    -0.58740
   2.43795   1.82093  -3.79754   -25.44488   -24.94394    -0.50094
   2.23419   2.17384  -3.84037   -25.12799   -23.80094    -1.32705
   2.56338   0.79761   2.21338    -3.94578    -7.76082     3.81504
   2.84966   0.39579   2.09387    -3.83973    -8.42831     4.58858
   3.15380  -0.20983   2.05754    -6.11634    -7.11692     1.00058
   3.35865   0.14498   2.01719    -4.13090    -7.50046     3.36957
   2.94896   0.14498   2.01719    -4.27083    -8.15828     3.88745
   2.74411  -0.20983   2.01719    -8.55860   -11.19279     2.63419
   2.94896  -0.56463   2.01719    -8.43373    -8.10871    -0.32501
   3.35865  -0.56463   2.01719    -6.02284    -5.01550    -1.00734
   2.75199  -0.90579   1.89769    -9.81174    -9.07953    -0.73221
   3.15380  -1.01346   1.89769    -7.00614    -5.36610    -1.64004
   2.45071  -1.14087   1.70363   -10.91302   -10.92214     0.00912
   2.83452  -1.33199   1.70363    -7.24773    -6.56998    -0.67775
   3.26145  -1.37155   1.70363    -5.18699    -4.92553    -0.26146
   2.18138  -1.33206   1.44247   -10.05270   -10.86850     0.81580
   4.01600   0.57617  -1.78855   -11.75702    -7.73066    -4.02636
   3.67385   0.83456  -1.78855   -16.72689   -13.65172    -3.07517
   3.95744  -0.20983  -1.98261    -5.52020    -4.48327    -1.03693
   3.84977   0.19199  -1.98261    -8.76694    -5.19338    -3.57356
   3.55562   0.48614  -1.98261   -11.75953    -8.61563    -3.14390
   3.56349  -0.20983  -2.10211    -4.22000    -2.05012    -2.16988
   3.35865   0.14498  -2.10211    -6.07241    -3.17544    -2.89697
   2.94896   0.14498  -2.10211     0.28740     1.36469    -1.07729
   2.57145  -1.48864   1.54099    -6.72439    -6.81871     0.09432
   2.77630  -1.84344   1.54099    -5.19829    -6.42102     1.22273
   3.18599  -1.84344   1.54099    -5.17695    -7.76190     2.58495
   2.17751  -1.48864   1.42148    -8.08797    -8.60013     0.51216
   2.28517  -1.89046   1.42148    -4.62914    -5.07700     0.44787
   2.57933  -2.18461   1.42148    -4.64232    -5.82992     1.18761
   2.98114  -2.29227   1.42148    -6.77585    -9.35030     2.57445
   3.38296  -2.18461   1.42148    -7.77861   -12.34209     4.56349
   1.83431  -1.70302   1.22742    -5.94879    -5.94228    -0.00651
   1.98920  -2.10283   1.22742    -2.20632    -2.08574    -0.12059
   2.27805  -2.41968   1.22742    -2.74661    -3.19975     0.45314
   2.66186  -2.61080   1.22742    -6.09249    -7.55954     1.46705
   3.08879  -2.65036   1.22742   -10.36771   -13.48885     3.12114
   1.55637  -1.90699   0.96626    -1.11195    -0.15181    -0.96014
   1.73195  -2.29145   0.96626     1.56940     2.38487    -0.81547
   2.00872  -2.61087   0.96626     0.31438     0.52998    -0.21559
   2.36428  -2.83937   0.96626    -3.58747    -4.25053     0.66306
   2.76982  -2.95845   0.96626    -9.31099   -11.04066     1.72967
   1.98925  -2.92564   0.64804     1.91390     1.89071     0.02320
   2.36197  -3.12126   0.64804    -3.85793    -4.78791     0.92998
   2.26302  -3.29099   0.28497    -1.72126    -3.10236     1.38110
   2.46489  -3.48254  -0.10897    -5.56977    -8.10984     2.54007
   3.95356  -0.36641  -2.00359    -4.83433    -5.34489     0.51056
   3.84334  -0.70264  -2.26475    -6.40311    -8.16906     1.76595
   3.50119  -0.44425  -2.26475    -3.47138    -2.59375    -0.87763
   3.08879  -0.32692  -2.26475     0.65261     2.80992    -2.15731
   2.66186  -0.36648  -2.26475     7.75727    10.10399    -2.34672
   2.66186  -2.61080  -2.26475    -1.24372    -2.45859     1.21487
   3.67711  -1.08682  -2.45881    -7.93925    -9.53652     1.59727
   3.38296  -0.79267  -2.45881    -3.24548    -3.00365    -0.24183
   2.98114  -0.68500  -2.45881     1.75891     3.38943    -1.63052
   2.57933  -0.79267  -2.45881     7.50188     9.99844    -2.49657
   2.28517  -1.08682  -2.45881    11.26819    14.37314    -3.10496
   2.17751  -1.48864  -2.45881    11.61457    14.51760    -2.90302
   2.28517  -1.89046  -2.45881     8.61006    10.39581    -1.78575
   2.57933  -2.18461  -2.45881     2.21323     2.64569    -0.43246
   2.98114  -2.29227  -2.45881    -6.39244    -6.95963     0.56719
   3.39083  -1.48864  -2.57831    -7.61232    -8.14666     0.53434
   3.18599  -1.13384  -2.57831    -2.50251    -1.95467    -0.54784
   2.77630  -1.13384  -2.57831     3.13880     4.95533    -1.81653
   2.57145  -1.48864  -2.57831     4.87010     6.89820    -2.02810
   2.77630  -1.84344  -2.57831     0.02887     0.94192    -0.91305
   3.18599  -1.84344  -2.57831    -7.07580    -7.25786     0.18206
   2.98114  -1.48864  -2.61866    -1.49159    -0.60398    -0.88761
   3.64989  -2.17309   1.48021    -8.53538   -13.19029     4.65490
   3.85473  -2.52790   1.48021   -11.64030   -15.79704     4.15673
   4.26442  -2.52790   1.48021   -11.64407   -15.16201     3.51795
   3.36361  -2.57491   1.36071   -11.09374   -14.91560     3.82186
   3.65776  -2.86906   1.36071   -13.65900   -17.27822     3.61922
   4.05958  -2.97673   1.36071   -14.02107   -17.81560     3.79453
   4.46139  -2.86906   1.36071   -12.31864   -16.16270     3.84406
   3.06763  -2.78728   1.16665   -11.29141   -14.07865     2.78725
   3.35648  -3.10414   1.16665   -14.64984   -17.22731     2.57747
   3.74029  -3.29525   1.16665   -16.18975   -18.88227     2.69253
   4.16723  -3.33481   1.16665   -15.47187   -18.69083     3.21895
   4.57962  -3.21748   1.16665   -12.65247   -16.68926     4.03679
   3.08716  -3.29532   0.90548   -14.61783   -16.27845     1.66062
   3.44272  -3.52383   0.90548   -17.41966   -18.82941     1.40975
   3.84825  -3.64290   0.90548   -18.19025   -19.69556     1.50532
   4.27090  -3.64290   0.90548   -16.58131   -18.80710     2.22579
   4.67644  -3.52383   0.90548   -12.67444   -16.25429     3.57985
   5.03199  -3.29532   0.90548    -7.24836   -12.50256     5.25420
   2.75261  -3.33096   0.58726   -11.46836   -12.97304     1.50468
   3.06769  -3.61009   0.58726   -16.29893   -17.07571     0.77678
   3.44040  -3.80571   0.58726   -19.30470   -19.42814     0.12344
   3.84911  -3.90645   0.58726   -20.07340   -20.03663    -0.03678
   4.27004  -3.90645   0.58726   -18.22601   -18.82919     0.60318
   4.67875  -3.80571   0.58726   -13.56425   -15.69519     2.13094
   5.05147  -3.61009   0.58726    -6.36169   -10.81855     4.45686
   2.65104  -3.50733   0.22419   -10.47878   -12.07309     1.59431
   2.97079  -3.77893   0.22419   -16.43510   -16.70918     0.27408
   3.34145  -3.97544   0.22419   -20.33884   -19.39182    -0.94702
   3.74570  -4.08768   0.22419   -21.88063   -20.26934    -1.61129
   4.16461  -4.11040   0.22419   -20.65887   -19.27170    -1.38717
   4.57862  -4.04252   0.22419   -16.19853   -16.08083    -0.11770
   4.96836  -3.88724   0.22419    -7.93047   -10.14745     2.21698
   2.49680  -3.51469  -0.16975    -6.39369    -8.98137     2.58767
   2.79885  -3.80181  -0.16975   -14.25262   -14.90830     0.65567
   3.15252  -4.02226  -0.16975   -19.76843   -18.53702    -1.23141
   3.54332  -4.16699  -0.16975   -22.87774   -20.25650    -2.62124
   3.95526  -4.23010  -0.16975   -23.27119   -20.13136    -3.13983
   4.37146  -4.20899  -0.16975   -20.46434   -17.90375    -2.56059
   4.77490  -4.10453  -0.16975   -13.63704   -12.85322    -0.78382
   2.57465  -3.65802  -0.57944    -8.34901   -10.70124     2.35223
   2.89288  -3.91918  -0.57944   -16.24497   -16.09745    -0.14752
   3.25594  -4.11324  -0.57944   -21.61833   -19.27181    -2.34652
   3.64989  -4.23274  -0.57944   -24.41828   -20.58261    -3.83567
   4.05958  -4.27309  -0.57944   -24.34800   -20.04216    -4.30584
   4.46927  -4.23274  -0.57944   -20.87975   -17.30298    -3.57678
   4.86321  -4.11324  -0.57944   -13.00764   -11.45101    -1.55663
   2.49680  -3.51469  -0.98913    -4.06187    -7.68441     3.62255
   2.79885  -3.80181  -0.98913   -13.68159   -14.38055     0.69896
   3.15252  -4.02226  -0.98913   -20.44238   -18.47289    -1.96949
   3.54332  -4.16699  -0.98913   -24.51115   -20.54027    -3.97088
   3.95526  -4.23010  -0.98913   -25.68522   -20.75018    -4.93504
   4.37146  -4.20899  -0.98913   -23.57679   -18.94038    -4.63641
   4.77490  -4.10453  -0.98913   -17.53450   -14.55272    -2.98178
   2.65104  -3.50733  -1.38308    -7.72966   -10.29032     2.56066
   2.97079  -3.77893  -1.38308   -16.46961   -16.11954    -0.35007
   3.34145  -3.97544  -1.38308   -22.49684   -19.59906    -2.89778
   3.74570  -4.08768  -1.38308   -25.72350   -21.14086    -4.58263
   4.16461  -4.11040  -1.38308   -25.90359   -20.85366    -5.04993
   4.57862  -4.04252  -1.38308   -22.75538   -18.61902    -4.13635
   4.96836  -3.88724  -1.38308   -16.06613   -14.21573    -1.85040
   2.75261  -3.33096  -1.74614    -8.63139   -10.75719     2.12580
   3.06769  -3.61009  -1.74614   -16.94652   -16.46791    -0.47862
   3.44040  -3.80571  -1.74614   -22.78612   -19.95756    -2.82856
   3.84911  -3.90645  -1.74614   -25.84335   -21.55662    -4.28673
   4.27004  -3.90645  -1.74614   -25.88979   -21.44050    -4.44929
   4.67875  -3.80571  -1.74614   -22.95179   -19.75849    -3.19329
   5.05147  -3.61009  -1.74614   -17.65247   -16.98991    -0.66256
   5.36654  -3.33096  -1.74614   -11.90448   -14.67780     2.77332
   5.54450  -2.17309  -2.06437   -14.67745   -21.75632     7.07888
   4.27090  -0.70328  -2.06437    -8.01079   -12.07100     4.06021
   2.81038  -2.97590  -2.06437    -7.27284    -9.30530     2.03247
   3.08716  -3.29532  -2.06437   -15.24409   -15.40990     0.16581
   3.44272  -3.52383  -2.06437   -21.41062   -19.49780    -1.91282
   3.84825  -3.64290  -2.06437   -25.00437   -21.69947    -3.30490
   4.27090  -3.64290  -2.06437   -25.67957   -22.26067    -3.41890
   4.67644  -3.52383  -2.06437   -23.68786   -21.59327    -2.09458
   5.03199  -3.29532  -2.06437   -20.15247   -20.55000     0.39754
   5.30877  -2.97590  -2.06437   -16.98668   -20.40698     3.42030
   5.48435  -2.59145  -2.06437   -15.39908   -21.43179     6.03271
   5.22627  -2.17309  -2.32553   -17.92669   -23.04123     5.11454
   5.14749  -1.75163  -2.32553   -16.94276   -22.00963     5.06687
   4.92178  -1.38709  -2.32553   -15.88666   -20.33721     4.45055
   4.57962  -1.12871  -2.32553   -13.94828   -18.12862     4.18034
   4.16723  -1.01137  -2.32553   -11.18473   -15.00148     3.81675
   3.06763  -2.78728  -2.32553   -11.63779   -12.54932     0.91153
   3.35648  -3.10414  -2.32553   -18.07729   -17.61816    -0.45914
   3.74029  -3.29525  -2.32553   -22.83193   -20.99018    -1.84175
   4.16723  -3.33481  -2.32553   -24.78537   -22.60774    -2.17763
   4.57962  -3.21748  -2.32553   -23.97149   -22.94513    -1.02636
   4.92178  -2.95909  -2.32553   -21.63025   -22.89065     1.26039
   5.14749  -2.59455  -2.32553   -19.40950   -23.10700     3.69750
   4.86321  -2.17309  -2.51959   -19.65046   -23.34510     3.69464
   4.75555  -1.77128  -2.51959   -18.00890   -22.15269     4.14379
   4.46139  -1.47712  -2.51959   -16.12386   -19.98620     3.86235
   4.05958  -1.36946  -2.51959   -13.76630   -16.81900     3.05270
   3.65776  -1.47712  -2.51959   -11.28074   -13.07736     1.79662
   3.25594  -2.17309  -2.51959   -11.00212   -11.73703     0.73491
   3.36361  -2.57491  -2.51959   -15.10855   -15.54359     0.43505
   3.65776  -2.86906  -2.51959   -19.98241   -19.56041    -0.42200
   4.05958  -2.97673  -2.51959   -22.98128   -22.16402    -0.81726
   4.46139  -2.86906  -2.51959   -23.11870   -23.27886     0.16015
   4.75555  -2.57491  -2.51959   -21.49283   -23.60015     2.10732
   4.46927  -2.17309  -2.63909   -20.01253   -22.53462     2.52208
   4.26442  -1.81829  -2.63909   -17.69389   -20.51381     2.81992
   3.85473  -1.81829  -2.63909   -15.58420   -17.39940     1.81520
   3.64989  -2.17309  -2.63909   -16.03412   -16.97795     0.94382
   3.85473  -2.52790  -2.63909   -19.66238   -20.10779     0.44540
   4.26442  -2.52790  -2.63909   -21.44137   -22.43123     0.98986
   4.05958  -2.17309  -2.67944   -18.89996   -20.47740     1.57744
   5.03408  -1.31004   1.98639    -6.48343    -1.61815    -4.86528
   5.44376  -1.31004   1.94604    -4.61784    -0.89509    -3.72275
   4.62439  -1.31004   1.94604    -6.85680    -2.18565    -4.67115
   4.82923  -1.66484   1.94604    -7.93800    -2.79218    -5.14582
   5.23892  -1.66484   1.94604    -6.55747    -0.87918    -5.67829
   4.33811  -1.71185   1.82654    -7.77924    -5.26688    -2.51235
   4.63226  -2.00600   1.82654    -8.79455    -5.81268    -2.98187
   5.03408  -2.11367   1.82654    -7.67444    -3.34383    -4.33061
   4.04213  -1.92422   1.63247    -7.73092    -9.32883     1.59792
   4.33098  -2.24108   1.63247    -9.86570   -10.90095     1.03524
   4.71479  -2.43220   1.63247    -9.31977    -8.89305    -0.42672
   5.14172  -2.47176   1.63247    -6.66290    -4.39402    -2.26888
   4.82275  -2.77985   1.37131    -9.33734   -11.80860     2.47125
   5.24540  -2.77985   1.37131    -4.94352    -5.55824     0.61472
   5.24454  -3.04339   1.05309    -3.74184    -8.11834     4.37651
   6.02597   0.12697  -1.28031    -5.78564    -6.44734     0.66170
   6.00649  -0.18781  -1.59853    -9.07943    -5.53173    -3.54771
   5.65093   0.04070  -1.59853    -9.74522    -5.85420    -3.89103
   5.89627  -0.52404  -1.85970   -10.99083    -6.73119    -4.25963
   5.55412  -0.26565  -1.85970   -11.60642    -6.95225    -4.65416
   5.14172  -0.14832  -1.85970   -10.97702    -6.86303    -4.11399
   4.71479  -0.18788  -1.85970    -8.68787    -6.49703    -2.19084
   4.33098  -0.37899  -1.85970    -5.38842    -6.89175     1.50332
   5.83771  -1.31004  -2.05376   -11.92080   -12.24597     0.32517
   5.73004  -0.90822  -2.05376   -12.25024   -10.01487    -2.23537
   5.43589  -0.61407  -2.05376   -12.58157    -9.62013    -2.96143
   5.03408  -0.50640  -2.05376   -11.84048   -10.10074    -1.73974
   4.63226  -0.61407  -2.05376   -10.12298   -11.74145     1.61847
   5.73004  -1.71185  -2.05376   -12.58784   -16.71185     4.12401
   5.44376  -1.31004  -2.17326   -13.85980   -15.81582     1.95602
   5.23892  -0.95523  -2.17326   -13.47702   -13.79771     0.32069
   4.82923  -0.95523  -2.17326   -13.19527   -16.15132     2.95605
   6.00386  -1.44230   2.13856    -6.25313    -5.52201    -0.73112
   6.20871  -1.79710   2.13856    -5.72289    -4.89859    -0.82429
   6.61840  -1.79710   2.13856    -8.14947    -9.21451     1.06505
   5.60992  -1.44230   2.01906    -4.94791    -1.68349    -3.26442
   5.71758  -1.84412   2.01906    -4.63792    -0.96655    -3.67137
   6.01173  -2.13827   2.01906    -3.71862    -1.54741    -2.17121
   6.41355  -2.24594   2.01906    -4.05057    -3.53847    -0.51210
   6.81537  -2.13827   2.01906    -6.10190    -7.36518     1.26328
   5.42161  -2.05649   1.82500    -5.23092    -0.06387    -5.16705
   5.71046  -2.37335   1.82500    -3.37600    -0.27087    -3.10513
   6.09427  -2.56446   1.82500    -2.65437    -0.95020    -1.70417
   6.52120  -2.60402   1.82500    -3.52033    -2.77302    -0.74730
   7.27575  -2.22830   1.82500    -6.10316    -9.09058     2.98743
   5.44113  -2.56453   1.56383    -3.87236    -1.67638    -2.19598
   5.79669  -2.79304   1.56383    -2.13479    -0.77896    -1.35582
   5.42166  -2.87930   1.24561    -2.42909    -3.91517     1.48608
   6.20223   0.02751  -1.40602    -7.58031    -7.46925    -0.11107
   7.50146  -1.02084  -1.66718   -15.51454   -18.66094     3.14640
   7.27575  -0.65630  -1.66718   -13.33646   -16.24790     2.91144
   6.93359  -0.39792  -1.66718   -11.42883   -13.04956     1.62073
   6.52120  -0.28058  -1.66718    -9.60780    -9.12813    -0.47967
   6.09427  -0.32014  -1.66718    -9.27773    -5.73757    -3.54016
   7.10952  -1.04049  -1.86124   -13.18837   -14.50849     1.32012
   6.81537  -0.74633  -1.86124   -10.70092   -11.14229     0.44137
   6.41355  -0.63867  -1.86124    -9.72953    -8.06009    -1.66945
   6.61840  -1.08750  -1.98074   -11.06801   -10.81970    -0.24831
   6.20871  -1.08750  -1.98074   -10.47878    -9.15703    -1.32175
   6.00386  -1.44230  -1.98074   -10.97514   -12.00004     1.02489
   6.41355  -1.44230  -2.02109   -11.88566   -12.21168     0.32602
   7.08278  -2.56482   1.86009    -4.58082    -5.01966     0.43884
   7.49247  -2.56482   1.81973    -3.07354    -3.95577     0.88223
   6.87793  -2.91962   1.81973    -4.11019    -2.73954    -1.37065
   7.28762  -2.91962   1.81973    -2.69766    -1.67393    -1.02373
   7.77875  -2.16300   1.70023    -4.98619    -8.66189     3.67570
   6.38681  -2.96664   1.70023    -3.55421    -1.86854    -1.68568
   6.68096  -3.26079   1.70023    -3.31513    -1.05535    -2.25978
   7.08278  -3.36846   1.70023    -1.78087     0.58539    -2.36626
   7.48460  -3.26079   1.70023     0.63629     2.51798    -1.88169
   7.77875  -2.96664   1.70023     2.66378     3.42893    -0.76515
   6.09083  -3.17901   1.50617    -2.35316    -0.95952    -1.39364
   6.37969  -3.49586   1.50617    -1.69553     0.49420    -2.18973
   6.76350  -3.68698   1.50617    -0.34764     2.27845    -2.62610
   7.19043  -3.72654   1.50617     1.55434     4.07081    -2.51647
   7.60282  -3.60921   1.50617     4.40763     6.51935    -2.11172
   5.83358  -3.36763   1.24501    -0.33948    -0.29172    -0.04777
   6.11036  -3.68705   1.24501     1.33409     2.75117    -1.41709
   6.46592  -3.91555   1.24501     2.99197     5.22459    -2.23262
   6.87145  -4.03463   1.24501     4.30597     6.64316    -2.33719
   7.29411  -4.03463   1.24501     5.85780     7.86984    -2.01204
   7.69964  -3.91555   1.24501     8.50213    10.11721    -1.61509
   5.53670  -3.37627   0.92678     1.12450    -1.96206     3.08655
   7.29325  -4.29818   0.92678    10.42419    11.57638    -1.15219
   7.70195  -4.19744   0.92678    12.01806    12.69621    -0.67815
   7.60182  -4.43425   0.56372    15.37587    15.01240     0.36347
   7.99156  -4.27896   0.56372    16.94903    16.21549     0.73354
   7.79811  -4.49626   0.16978    18.47890    16.78150     1.69740
   7.88641  -4.50497  -0.23991    19.43522    16.86200     2.57323
   8.24948  -4.31091  -0.23991    19.42205    16.75490     2.66715
   8.17226  -4.31273  -0.64960    17.15172    14.24987     2.90184
   8.62732  -1.39069  -1.04355   -11.62650   -15.51430     3.88781
   8.33880  -1.08611  -1.04355   -17.45857   -23.67244     6.21387
   7.99156  -4.27896  -1.04355    14.19928    11.66546     2.53382
   8.33880  -4.04353  -1.04355    12.42406    10.13986     2.28420
   8.77813  -2.14696  -1.40661    -5.86470    -5.47293    -0.39178
   8.62886  -1.75337  -1.40661   -10.76681   -11.52912     0.76231
   8.38974  -1.40695  -1.40661   -15.02383   -17.46538     2.44155
   8.07467  -1.12782  -1.40661   -17.43598   -21.74404     4.30806
   7.70195  -4.19744  -1.40661    11.33345     9.75522     1.57823
   8.07467  -4.00182  -1.40661     7.92231     6.40635     1.51595
   8.38974  -3.72269  -1.40661     5.71724     4.73535     0.98189
   8.62886  -3.37627  -1.40661     3.99912     3.84041     0.15871
   8.77813  -2.98269  -1.40661     1.86684     2.43418    -0.56734
   8.56770  -2.56482  -1.72484    -8.19151    -6.43258    -1.75893
   8.50755  -2.14647  -1.72484   -11.98857   -10.51681    -1.47176
   8.33198  -1.76201  -1.72484   -15.48317   -14.96873    -0.51444
   8.05520  -1.44259  -1.72484   -17.63113   -18.45013     0.81900
   7.69964  -1.21409  -1.72484   -17.44288   -19.46397     2.02109
   7.69964  -3.91555  -1.72484     4.35680     4.01483     0.34197
   8.05520  -3.68705  -1.72484     0.93248     0.88152     0.05096
   8.33198  -3.36763  -1.72484    -1.92959    -1.29986    -0.62973
   8.50755  -2.98317  -1.72484    -4.81300    -3.43311    -1.37989
   8.24948  -2.56482  -1.98600   -12.91791   -10.32635    -2.59156
   8.17069  -2.14336  -1.98600   -16.25626   -13.85473    -2.40153
   7.94498  -1.77882  -1.98600   -18.51153   -16.90690    -1.60463
   7.60282  -1.52044  -1.98600   -18.72865   -18.08755    -0.64110
   7.19043  -1.40310  -1.98600   -16.77396   -16.72635    -0.04761
   6.09083  -1.95063  -1.98600   -11.96661   -15.94856     3.98196
   5.93595  -2.35044  -1.98600   -11.59763   -17.37378     5.77615
   5.93595  -2.77920  -1.98600    -9.09261   -13.58801     4.49540
   7.19043  -3.72654  -1.98600     1.22992     2.04484    -0.81492
   7.60282  -3.60921  -1.98600    -2.30735    -1.29976    -1.00760
   7.94498  -3.35082  -1.98600    -5.89294    -4.42193    -1.47101
   8.17069  -2.98628  -1.98600    -9.37374    -7.22239    -2.15135
   7.88641  -2.56482  -2.18006   -15.71786   -12.57290    -3.14496
   7.77875  -2.16300  -2.18006   -18.48455   -15.51352    -2.97102
   7.48460  -1.86885  -2.18006   -19.36557   -17.10918    -2.25639
   7.08278  -1.76119  -2.18006   -18.13502   -16.72676    -1.40827
   6.68096  -1.86885  -2.18006   -16.13892   -15.81715    -0.32177
   6.38681  -2.16300  -2.18006   -14.43837   -15.64572     1.20735
   6.27914  -2.56482  -2.18006   -12.25589   -13.92166     1.66578
   6.38681  -2.96664  -2.18006    -8.63641    -9.11356     0.47714
   6.68096  -3.26079  -2.18006    -5.62437    -4.75160    -0.87277
   7.08278  -3.36846  -2.18006    -5.81576    -4.16255    -1.65321
   7.48460  -3.26079  -2.18006    -8.55170    -6.40610    -2.14560
   7.77875  -2.96664  -2.18006   -12.13980    -9.42019    -2.71961
   7.49247  -2.56482  -2.29956   -16.72062   -13.54217    -3.17845
   7.28762  -2.21002  -2.29956   -18.58307   -15.83325    -2.74981
   6.87793  -2.21002  -2.29956   -17.21259   -15.62300    -1.58958
   6.67309  -2.56482  -2.29956   -14.41452   -13.51410    -0.90042
   6.87793  -2.91962  -2.29956   -11.87750   -10.12169    -1.75581
   7.28762  -2.91962  -2.29956   -13.13691   -10.46238    -2.67453
   7.08278  -2.56482  -2.33991   -16.14645   -13.66682    -2.47962
   7.08700  -0.41338   2.67740   -15.31437   -16.03502     0.72065
   7.49669  -0.41338   2.63705   -18.45192   -18.64705     0.19514
   7.29185  -0.05858   2.63705   -13.96020   -14.21177     0.25156
   6.67731  -0.41338   2.63705   -12.09399   -13.48013     1.38614
   6.88216  -0.76818   2.63705   -15.24534   -16.37479     1.12945
   7.29185  -0.76818   2.63705   -18.27182   -18.87752     0.60570
   7.89064  -0.41338   2.51754   -21.47087   -21.04676    -0.42411
   7.78297  -0.01156   2.51754   -17.61043   -17.49354    -0.11688
   6.39104  -0.81520   2.51754   -11.38114   -13.14214     1.76100
   6.68519  -1.10935   2.51754   -13.74120   -15.03805     1.29685
   7.08700  -1.21702   2.51754   -16.46710   -17.57639     1.10929
   7.48882  -1.10935   2.51754   -19.48794   -20.05660     0.56866
   7.78297  -0.81520   2.51754   -21.75701   -21.58074    -0.17627
   8.25370  -0.41338   2.32348   -24.28462   -23.07078    -1.21383
   8.17492   0.00808   2.32348   -20.89230   -20.31224    -0.58006
   7.94920   0.37262   2.32348   -14.32604   -14.47228     0.14624
   6.09506  -1.02757   2.32348    -8.62073   -10.12802     1.50729
   6.38391  -1.34443   2.32348   -10.23719   -11.18698     0.94979
   6.76772  -1.53554   2.32348   -12.22263   -13.55682     1.33419
   7.19465  -1.57510   2.32348   -14.93033   -16.48811     1.55777
   7.60705  -1.45776   2.32348   -18.22225   -19.25061     1.02837
   7.94920  -1.19938   2.32348   -21.74697   -21.67360    -0.07337
   8.17492  -0.83484   2.32348   -24.29089   -23.25462    -1.03627
   8.57193  -0.41338   2.06232   -26.74132   -24.63953    -2.10179
   8.51178   0.00497   2.06232   -24.10201   -22.78271    -1.31930
   8.33620   0.38943   2.06232   -18.26994   -18.24822    -0.02172
   7.29833  -1.88319   2.06232   -11.58069   -14.19141     2.61072
   7.70386  -1.76412   2.06232   -14.66490   -16.76736     2.10247
   8.05942  -1.53561   2.06232   -18.71673   -19.48379     0.76706
   8.33620  -1.21619   2.06232   -23.10176   -22.29106    -0.81071
   8.51178  -0.83173   2.06232   -26.21421   -24.29034    -1.92387
   8.83309  -0.41338   1.74409   -28.65522   -25.74006    -2.91516
   8.78235   0.00449   1.74409   -26.79779   -24.65717    -2.14062
   8.63309   0.39807   1.74409   -21.80345   -21.18738    -0.61607
   7.70617  -2.04600   1.74409    -7.96059   -12.08425     4.12366
   8.07889  -1.85038   1.74409   -11.46648   -14.20868     2.74220
   8.39397  -1.57125   1.74409   -17.24647   -17.95184     0.70537
   8.63309  -1.22483   1.74409   -23.21660   -21.91654    -1.30006
   8.78235  -0.83125   1.74409   -27.35690   -24.72944    -2.62746
   9.02715  -0.41338   1.38103   -29.86820   -26.41664    -3.45156
   8.98179   0.00369   1.38103   -28.84661   -26.02618    -2.82043
   8.84783   0.40127   1.38103   -24.75399   -23.42787    -1.32612
   8.63154   0.76075   1.38103   -17.65435   -18.27818     0.62382
   8.63154  -1.58751   1.38103   -13.69414   -14.82954     1.13540
   8.84783  -1.22803   1.38103   -22.10841   -20.76220    -1.34622
   8.98179  -0.83046   1.38103   -27.63991   -24.67790    -2.96201
   9.14665  -0.41338   0.98709   -30.30683   -26.76346    -3.54336
   9.10449   0.00122   0.98709   -30.12359   -26.96889    -3.15470
   8.97973   0.39885   0.98709   -26.93585   -25.07420    -1.86165
   8.77749   0.76323   0.98709   -21.01027   -20.92352    -0.08676
   8.97973  -1.22561   0.98709   -19.97739   -19.16380    -0.81359
   9.10449  -0.82799   0.98709   -27.09712   -24.31722    -2.77989
   9.18700  -0.41338   0.57740   -30.00813   -26.91040    -3.09773
   9.14665  -0.00369   0.57740   -30.58105   -27.56774    -3.01330
   9.02715   0.39026   0.57740   -28.23416   -26.21103    -2.02313
   8.83309   0.75332   0.57740   -23.39167   -22.83702    -0.55465
   8.57193   1.07154   0.57740   -16.30834   -17.17738     0.86904
   9.02715  -1.21702   0.57740   -17.38892   -17.71604     0.32712
   9.14665  -0.82307   0.57740   -25.93936   -23.91651    -2.02285
   9.14665  -0.41338   0.16771   -29.11770   -26.98954    -2.12815
   9.10449   0.00122   0.16771   -30.25035   -27.89079    -2.35956
   8.97973   0.39885   0.16771   -28.44061   -26.77648    -1.66413
   8.77749   0.76323   0.16771   -24.24759   -23.73677    -0.51083
   8.50603   1.07944   0.16771   -18.16515   -18.65283     0.48768
   8.97973  -1.22561   0.16771   -14.47351   -16.65927     2.18577
   9.10449  -0.82799   0.16771   -24.31035   -23.63399    -0.67636
   9.02715  -0.41338  -0.22624   -27.83005   -27.07724    -0.75281
   8.98179   0.00369  -0.22624   -29.28148   -27.97903    -1.30244
   8.84783   0.40127  -0.22624   -27.86205   -26.94164    -0.92041
   8.63154   0.76075  -0.22624   -24.20304   -24.09538    -0.10766
   8.34303   1.06533  -0.22624   -18.93384   -19.46168     0.52784
   8.98179  -0.83046  -0.22624   -22.79177   -23.84545     1.05368
   8.83309  -0.41338  -0.58930   -26.30834   -27.12385     0.81551
   8.78235   0.00449  -0.58930   -27.78549   -27.77571    -0.00979
   8.63309   0.39807  -0.58930   -26.56310   -26.64623     0.08312
   8.39397   0.74449  -0.58930   -23.27809   -23.85790     0.57981
   8.07889   1.02362  -0.58930   -18.63829   -19.59970     0.96141
   8.78235  -0.83125  -0.58930   -21.65473   -24.55806     2.90333
   8.57193  -0.41338  -0.90753   -24.59586   -26.90643     2.31057
   8.51178   0.00497  -0.90753   -25.83582   -27.12871     1.29289
   8.33620   0.38943  -0.90753   -24.58645   -25.75340     1.16695
   8.05942   0.70885  -0.90753   -21.47589   -22.90829     1.43240
   7.70386   0.93735  -0.90753   -17.31110   -19.06585     1.75475
   8.51178  -0.83173  -0.90753   -20.81951   -25.36229     4.54277
   8.25370  -0.41338  -1.16869   -22.57654   -26.04298     3.46645
   8.17492   0.00808  -1.16869   -23.41238   -25.78275     2.37037
   7.94920   0.37262  -1.16869   -21.85302   -23.99622     2.14320
   7.60705   0.63100  -1.16869   -18.64707   -21.00020     2.35313
   7.19465   0.74834  -1.16869   -14.82868   -17.75458     2.92590
   8.17492  -0.83484  -1.16869   -19.74835   -25.41338     5.66503
   7.89064  -0.41338  -1.36275   -19.99936   -24.08240     4.08304
   7.78297  -0.01156  -1.36275   -20.39343   -23.46077     3.06733
   7.48882   0.28259  -1.36275   -18.35905   -21.20649     2.84744
   7.08700   0.39026  -1.36275   -14.96359   -18.01442     3.05082
   6.68519   0.28259  -1.36275   -11.26442   -14.30748     3.04305
   7.49669  -0.41338  -1.48225   -16.60516   -20.65152     4.04636
   7.29185  -0.05858  -1.48225   -16.12448   -19.27261     3.14813
   6.88216  -0.05858  -1.48225   -12.31738   -14.80934     2.49196
   6.42291   0.69961   2.96324    -5.77685    -4.44274    -1.33411
   6.83260   0.69961   2.92289    -4.91214    -3.05522    -1.85692
   6.62775   1.05441   2.92289    -3.94703    -1.79771    -2.14933
   6.21806   1.05441   2.92289    -6.42005    -5.05875    -1.36130
   6.01322   0.69961   2.92289    -7.97627    -7.62214    -0.35413
   6.21806   0.34481   2.92289    -7.02371    -6.85914    -0.16457
   6.62775   0.34481   2.92289    -6.61207    -5.77696    -0.83511
   7.22654   0.69961   2.80339    -5.02196    -3.23921    -1.78275
   6.02109   1.39558   2.80339    -8.30258    -7.46798    -0.83459
   5.72694   1.10143   2.80339   -11.84550   -12.05842     0.21292
   5.61927   0.69961   2.80339   -11.91076   -12.94117     1.03041
   5.72694   0.29779   2.80339    -9.40009   -10.67980     1.27971
   6.02109   0.00364   2.80339    -7.71586    -8.78570     1.06984
   6.42291  -0.10402   2.80339    -8.32078    -8.95559     0.63482
   6.82472   0.00364   2.80339    -9.36307    -9.34686    -0.01621
   7.11888   0.29779   2.80339    -8.24673    -7.33805    -0.90868
   5.71981  -0.23143   2.60933    -7.78614   -10.16940     2.38327
   6.10363  -0.42255   2.60933    -8.22100   -10.16772     1.94672
   6.53056  -0.46211   2.60933   -11.20042   -12.87058     1.67016
   7.51082   0.27815   2.60933   -11.18410   -10.74085    -0.44325
   5.45049  -0.42262   2.34816    -6.67294   -10.22546     3.55253
   5.80605  -0.65112   2.34816    -6.47590    -9.28936     2.81346
   5.43102  -0.73739   2.02994    -3.06601    -6.01939     2.95338
   6.52794   2.63691   0.05961    -8.93260    -8.48881    -0.44379
   7.96899   1.51106  -0.30346   -10.18260    -9.79457    -0.38803
   7.72987   1.85748  -0.30346    -6.30773    -4.89371    -1.41402
   7.41480   2.13661  -0.30346    -5.00000    -3.12380    -1.87619
   7.04208   2.33223  -0.30346    -5.98707    -4.32213    -1.66493
   6.63337   2.43297  -0.30346    -9.28651    -8.48478    -0.80173
   7.67210   1.50242  -0.62168   -10.27672   -10.13549    -0.14123
   7.39533   1.82184  -0.62168    -7.62863    -6.71663    -0.91200
   7.03977   2.05035  -0.62168    -7.64056    -6.67941    -0.96114
   6.63423   2.16942  -0.62168   -10.19264    -9.91539    -0.27725
   6.21158   2.16942  -0.62168   -15.33382   -16.36441     1.03058
   7.51082   1.12107  -0.88285   -13.84976   -15.37361     1.52385
   7.28511   1.48561  -0.88285    -9.93724   -10.42122     0.48398
   6.94295   1.74400  -0.88285    -9.14721    -9.39146     0.24425
   6.53056   1.86133  -0.88285   -11.31776   -12.16472     0.84696
   7.11888   1.10143  -1.07691   -11.90699   -13.96877     2.06178
   6.82472   1.39558  -1.07691   -10.24158   -11.81982     1.57824
   6.42291   1.50325  -1.07691   -11.57692   -13.70883     2.13190
   6.83260   0.69961  -1.19641   -11.93021   -15.63378     3.70357
   6.62775   1.05441  -1.19641   -10.53965   -13.43110     2.89145
   6.21806   1.05441  -1.19641   -10.71033   -14.43607     3.72573
   6.01322   0.69961  -1.19641    -8.29066   -12.82285     4.53219
   6.21806   0.34481  -1.19641    -6.34475   -10.40843     4.06368
   6.42291   0.69961  -1.23676    -9.43021   -13.35202     3.92181
   5.14140   0.94960   2.82352   -17.46171   -18.91297     1.45127
   5.55109   0.94960   2.78317   -13.85604   -14.81056     0.95453
   5.34624   1.30440   2.78317   -17.30608   -18.09414     0.78806
   4.93655   1.30440   2.78317   -20.33570   -21.28396     0.94826
   4.73171   0.94960   2.78317   -19.23128   -21.01511     1.78382
   4.93655   0.59480   2.78317   -16.51982   -18.80864     2.28882
   5.34624   0.59480   2.78317   -14.25011   -16.09042     1.84030
   5.54321   1.64557   2.66367   -16.11946   -16.61042     0.49096
   5.14140   1.75324   2.66367   -20.81951   -21.08722     0.26771
   4.73958   1.64557   2.66367   -22.80997   -22.99974     0.18977
   4.44543   1.35142   2.66367   -21.78713   -22.73488     0.94775
   4.33776   0.94960   2.66367   -19.21371   -21.35891     2.14520
   4.44543   0.54778   2.66367   -16.61018   -19.51130     2.90112
   4.73958   0.25363   2.66367   -14.50676   -17.51522     3.00845
   5.14140   0.14597   2.66367   -12.69703   -15.57568     2.87866
   5.66144   1.99399   2.46961   -15.19640   -15.86241     0.66601
   5.24905   2.11132   2.46961   -21.06612   -21.06906     0.00294
   4.82211   2.07176   2.46961   -24.31223   -23.60077    -0.71145
   4.43830   1.88065   2.46961   -24.44401   -23.81260    -0.63140
   4.14945   1.56379   2.46961   -22.09273   -22.52227     0.42955
   3.99456   1.16398   2.46961   -18.77885   -20.78274     2.00389
   3.99456   0.73522   2.46961   -15.80508   -19.08001     3.27492
   4.14945   0.33541   2.46961   -13.55672   -17.19276     3.63605
   4.43830   0.01856   2.46961   -11.93900   -15.27756     3.33856
   4.82211  -0.17256   2.46961   -10.67833   -13.78729     3.10897
   5.24905  -0.21212   2.46961    -9.27208   -12.68465     3.41257
   5.75826   2.30034   2.20845   -14.17544   -15.35894     1.18350
   5.35272   2.41941   2.20845   -20.94564   -20.93559    -0.01005
   4.93007   2.41941   2.20845   -25.05959   -23.82557    -1.23402
   4.52454   2.30034   2.20845   -26.19287   -24.39384    -1.79903
   4.16898   2.07183   2.20845   -24.39631   -23.05620    -1.34012
   3.89220   1.75241   2.20845   -20.47815   -20.53984     0.06170
   3.71662   1.36795   2.20845   -16.08683   -18.04133     1.95449
   3.65647   0.94960   2.20845   -12.64620   -16.38622     3.74002
   3.71662   0.53125   2.20845   -10.40097   -15.00057     4.59960
   5.35272  -0.52021   2.20845    -5.47753    -9.22633     3.74880
   5.76057   2.58222   1.89022   -15.17255   -16.56497     1.39242
   5.35186   2.68296   1.89022   -22.04190   -21.74949    -0.29241
   4.93093   2.68296   1.89022   -26.09812   -24.30145    -1.79667
   4.52223   2.58222   1.89022   -27.17806   -24.57586    -2.60221
   4.14951   2.38660   1.89022   -25.09410   -22.74275    -2.35136
   3.83443   2.10747   1.89022   -19.97614   -19.03535    -0.94079
   5.66044   2.81903   1.52716   -18.44878   -19.21256     0.76378
   5.24643   2.88690   1.52716   -24.28650   -23.22498    -1.06152
   4.82752   2.86419   1.52716   -27.33871   -24.81289    -2.52581
   4.42327   2.75195   1.52716   -27.34937   -24.16831    -3.18106
   4.05261   2.55544   1.52716   -23.84473   -21.17322    -2.67152
   5.85672   2.88104   1.13321   -16.24183   -17.48181     1.23999
   5.45328   2.98550   1.13321   -22.75224   -22.27014    -0.48210
   5.03708   3.00661   1.13321   -26.66853   -24.57256    -2.09597
   4.62514   2.94350   1.13321   -27.79804   -24.64557    -3.15248
   4.23434   2.79876   1.13321   -25.64129   -22.38622    -3.25507
   5.94503   2.88975   0.72352   -16.30583   -17.30359     0.99775
   5.55109   3.00925   0.72352   -22.39142   -22.06701    -0.32442
   5.14140   3.04960   0.72352   -26.20856   -24.45200    -1.75656
   4.73171   3.00925   0.72352   -27.48052   -24.66521    -2.81532
   4.33776   2.88975   0.72352   -25.70969   -22.60325    -3.10644
   3.97470   2.69569   0.72352   -19.93033   -17.70260    -2.22773
   5.85672   2.88104   0.31383   -19.20681   -19.59465     0.38784
   5.45328   2.98550   0.31383   -23.95204   -23.30164    -0.65039
   5.03708   3.00661   0.31383   -26.52608   -24.76281    -1.76327
   4.62514   2.94350   0.31383   -26.45078   -23.99721    -2.45357
   4.23434   2.79876   0.31383   -23.11682   -20.74169    -2.37513
   6.05018   2.66374  -0.08011   -17.33683   -17.84014     0.50330
   5.66044   2.81903  -0.08011   -22.19752   -22.25467     0.05715
   5.24643   2.88690  -0.08011   -25.27671   -24.51007    -0.76664
   4.82752   2.86419  -0.08011   -26.04541   -24.59184    -1.45357
   4.42327   2.75195  -0.08011   -23.96333   -22.34765    -1.61568
   4.05261   2.55544  -0.08011   -18.43811   -17.42559    -1.01252
   6.13329   2.38660  -0.44317   -16.61896   -17.35183     0.73287
   5.76057   2.58222  -0.44317   -21.18660   -21.78067     0.59407
   5.35186   2.68296  -0.44317   -24.27207   -24.36106     0.08900
   4.93093   2.68296  -0.44317   -25.33821   -24.92245    -0.41576
   4.52223   2.58222  -0.44317   -23.92254   -23.36621    -0.55634
   4.14951   2.38660  -0.44317   -19.73015   -19.63593    -0.09422
   3.83443   2.10747  -0.44317   -12.02873   -13.46576     1.43703
   6.11381   2.07183  -0.76140   -16.46020   -17.92489     1.46469
   5.75826   2.30034  -0.76140   -20.61180   -21.85919     1.24738
   5.35272   2.41941  -0.76140   -23.46572   -24.37658     0.91086
   4.93007   2.41941  -0.76140   -24.49672   -25.09502     0.59830
   4.52454   2.30034  -0.76140   -23.40485   -23.98849     0.58364
   4.16898   2.07183  -0.76140   -20.02069   -21.14679     1.12610
   3.89220   1.75241  -0.76140   -12.82065   -15.74201     2.92136
   6.00360   1.73560  -1.02256   -16.21045   -18.68934     2.47889
   5.66144   1.99399  -1.02256   -20.01065   -22.03134     2.02069
   5.24905   2.11132  -1.02256   -22.51881   -24.23615     1.71734
   4.82211   2.07176  -1.02256   -23.14443   -24.69682     1.55239
   4.43830   1.88065  -1.02256   -21.52483   -23.23009     1.70526
   4.14945   1.56379  -1.02256   -16.36482   -18.75642     2.39160
   5.94503   0.94960  -1.21662   -10.85089   -15.04906     4.19816
   5.83736   1.35142  -1.21662   -14.83181   -18.16973     3.33792
   5.54321   1.64557  -1.21662   -18.44188   -21.15738     2.71551
   5.14140   1.75324  -1.21662   -20.54529   -22.93542     2.39013
   4.73958   1.64557  -1.21662   -20.09223   -22.35943     2.26720
   5.55109   0.94960  -1.33613   -12.29291   -15.25485     2.96194
   5.34624   1.30440  -1.33613   -16.17029   -19.02606     2.85577
   4.93655   1.30440  -1.33613   -16.42381   -18.90127     2.47746
   4.07816  -0.09482   2.28895    -8.62888   -11.59978     2.97089
   4.28301  -0.44962   2.28895    -7.18373    -8.33413     1.15040
   4.69270  -0.44962   2.28895    -7.83634    -9.79461     1.95827
   3.68422  -0.09482   2.16945    -6.25752    -8.49107     2.23354
   3.79188  -0.49664   2.16945    -5.66202    -5.81708     0.15507
   4.08603  -0.79079   2.16945    -5.61621    -4.63333    -0.98288
   4.48785  -0.89846   2.16945    -6.14646    -4.46348    -1.68297
   4.88967  -0.79079   2.16945    -6.06488    -5.64311    -0.42177
   3.49590   0.51937   1.97539    -4.97113   -10.76243     5.79130
   3.49590  -0.70901   1.97539    -5.30936    -3.84388    -1.46547
   3.78476  -1.02587   1.97539    -4.84375    -3.20636    -1.63739
   4.16857  -1.21698   1.97539    -5.64445    -3.03641    -2.60804
   4.59550  -1.25654   1.97539    -6.64909    -2.34563    -4.30346
   5.35005  -0.88082   1.97539    -3.18147    -3.82059     0.63912
   3.87099  -1.44556   1.71423    -4.47289    -4.15987    -0.31302
   5.91263   0.32353  -1.25562    -6.19101    -8.13463     1.94362
   4.27652   1.37499  -1.25562   -16.28073   -17.27887     0.99813
   5.57576   0.32664  -1.51678    -9.26643    -7.56135    -1.70508
   5.35005   0.69118  -1.51678   -10.82203   -11.01210     0.19007
   5.00789   0.94956  -1.51678   -12.72464   -13.38748     0.66284
   4.59550   1.06690  -1.51678   -13.87926   -13.81566    -0.06360
   4.16857   1.02734  -1.51678   -14.31600   -12.43330    -1.88270
   5.18382   0.30700  -1.71085   -10.19138    -7.17421    -3.01718
   4.88967   0.60115  -1.71085   -10.80195    -8.98995    -1.81200
   4.48785   0.70881  -1.71085   -11.51041    -9.27511    -2.23530
   4.89754  -0.09482  -1.83035    -9.65047    -6.21052    -3.43995
   4.69270   0.25998  -1.83035    -9.45029    -6.46408    -2.98621
   4.28301   0.25998  -1.83035    -8.55860    -5.27765    -3.28096
   4.48785  -0.09482  -1.87070    -7.50250    -5.66883    -1.83367
  -4.70817  -2.59417  -0.10067    32.75474    26.12361     6.63113
  -4.90612  -3.23757  -0.36765    23.17330    17.92039     5.25290
  -4.55773  -2.97448  -0.36765    28.37723    25.06543     3.31181
  -4.32791  -2.60330  -0.36765    32.48554    31.20261     1.28293
  -5.32690  -3.62503  -0.71559    11.79341     7.81612     3.97729
  -4.90409  -3.52852  -0.71559    19.39506    16.39098     3.00408
  -4.52850  -3.31168  -0.71559    25.03261    23.07878     1.95383
  -4.23351  -2.99376  -0.71559    29.30407    28.68641     0.61765
  -4.04534  -2.60302  -0.71559    32.92919    33.92759    -0.99840
  -5.43563  -3.79693  -1.12078     7.11596     5.51977     1.59619
  -5.01563  -3.74163  -1.12078    15.36143    13.90975     1.45168
  -4.62425  -3.57952  -1.12078    21.49408    20.42903     1.06505
  -4.28817  -3.32163  -1.12078    26.19538    25.73175     0.46363
  -4.03028  -2.98555  -1.12078    29.95354    30.32015    -0.36661
  -5.33014  -3.85086  -1.55559     8.78262     8.49724     0.28538
  -4.91648  -3.77195  -1.55559    16.16276    15.77979     0.38297
  -4.53544  -3.59264  -1.55559    21.76140    21.52177     0.23963
  -4.21096  -3.32421  -1.55559    26.12761    26.20516    -0.07755
  -3.96343  -2.98352  -1.55559    29.67806    30.18776    -0.50970
  -3.80841  -2.59197  -1.55559    32.95805    33.75797    -0.79991
  -3.81287  -2.17417  -1.99041    33.91877    34.14141    -0.22264
  -5.43563  -3.79693  -1.99041     7.31613     7.51305    -0.19692
  -5.01563  -3.74163  -1.99041    14.76593    14.80418    -0.03825
  -4.62425  -3.57952  -1.99041    20.45304    20.51806    -0.06501
  -4.28817  -3.32163  -1.99041    24.86193    25.08052    -0.21860
  -4.03028  -2.98555  -1.99041    28.35025    28.78686    -0.43661
  -3.86817  -2.59417  -1.99041    31.23805    31.80654    -0.56849
  -3.98071  -2.17417  -2.39559    30.68961    31.03161    -0.34200
  -4.04534  -1.74533  -2.39559    31.43070    31.45952    -0.02882
  -4.23351  -1.35459  -2.39559    30.37836    30.06848     0.30988
  -4.52850  -1.03667  -2.39559    27.51755    26.95554     0.56201
  -5.75938  -3.59262  -2.39559     2.50753     2.34742     0.16011
  -5.32690  -3.62503  -2.39559    10.82015    10.75997     0.06017
  -4.90409  -3.52852  -2.39559    17.29542    17.31506    -0.01964
  -4.52850  -3.31168  -2.39559    22.26153    22.40133    -0.13980
  -4.23351  -2.99376  -2.39559    26.02658    26.31717    -0.29059
  -4.04534  -2.60302  -2.39559    28.80959    29.21279    -0.40320
  -4.24769  -2.17417  -2.74353    27.65748    27.86820    -0.21072
  -4.32791  -1.74504  -2.74353    27.81812    27.95324    -0.13512
  -4.55773  -1.37386  -2.74353    26.45517    26.40832     0.04685
  -4.90612  -1.11077  -2.74353    24.48040    24.07176     0.40864
  -5.76072  -3.31676  -2.74353     5.68837     4.35014     1.33824
  -5.32602  -3.35704  -2.74353    12.75162    12.14128     0.61034
  -4.90612  -3.23757  -2.74353    18.55797    18.31439     0.24358
  -4.55773  -2.97448  -2.74353    22.94677    22.94110     0.00566
  -4.32791  -2.60330  -2.74353    25.98140    26.13754    -0.15613
  -4.59563  -2.17417  -3.01051    24.70693    24.51082     0.19611
  -4.70817  -1.75417  -3.01051    24.78914    24.50777     0.28137
  -5.01563  -1.44671  -3.01051    23.77696    23.07414     0.70282
  -5.43563  -3.01417  -3.01051    13.58307    12.05569     1.52738
  -5.01563  -2.90163  -3.01051    18.86168    18.12814     0.73354
  -4.70817  -2.59417  -3.01051    22.71835    22.37293     0.34542
  -5.00081  -2.17417  -3.17835    21.81788    20.80044     1.01743
  -5.21822  -1.79761  -3.17835    22.05570    20.51596     1.53975
  -5.21822  -2.55073  -3.17835    18.59813    17.08077     1.51736
  -5.43563  -2.17417  -3.23559    19.07127    16.58095     2.49032
  -6.59175   0.41381  -2.04561     9.69628     7.54349     2.15279
  -5.29189  -0.45150  -2.48042    21.34850    19.67071     1.67780
  -5.54977  -0.11541  -2.48042    19.96798    17.93753     2.03045
  -5.88585   0.14247  -2.48042    18.21786    16.10304     2.11482
  -6.27723   0.30459  -2.48042    14.75714    12.99608     1.76106
  -6.69723   0.35988  -2.48042     8.79078     7.91837     0.87241
  -7.11723   0.30459  -2.48042     0.24347     0.69930    -0.45582
  -8.31999  -1.26287  -2.48042   -14.61470   -15.17845     0.56375
  -8.26469  -1.68287  -2.48042   -12.67946   -13.55826     0.87880
  -8.10258  -2.07425  -2.48042   -14.00413   -14.49940     0.49527
  -5.30695  -0.83403  -2.88561    22.09398    21.28304     0.81094
  -5.49512  -0.44329  -2.88561    20.40598    19.46256     0.94342
  -5.79010  -0.12537  -2.88561    18.80771    17.68212     1.12559
  -6.16569   0.09147  -2.88561    16.35415    15.23320     1.12095
  -6.58851   0.18798  -2.88561    12.34813    11.53692     0.81121
  -7.02098   0.15557  -2.88561     6.73757     6.50357     0.23400
  -7.42469  -0.00287  -2.88561     0.45118     0.80917    -0.35799
  -7.76377  -0.27328  -2.88561    -4.58396    -4.01606    -0.56790
  -8.00807  -0.63161  -2.88561    -6.73694    -6.48301    -0.25393
  -8.13590  -1.04603  -2.88561    -6.46711    -6.72651     0.25940
  -8.13590  -1.47972  -2.88561    -5.82705    -6.39868     0.57163
  -8.00807  -1.89414  -2.88561    -6.42319    -6.96009     0.53691
  -7.76377  -2.25247  -2.88561    -8.37788    -8.74602     0.36814
  -5.50929  -1.26287  -3.23355    21.26190    19.86529     1.39662
  -5.58951  -0.83374  -3.23355    20.36833    19.48005     0.88828
  -5.81934  -0.46257  -3.23355    19.07441    18.24955     0.82485
  -6.16772  -0.19948  -3.23355    17.09022    16.24635     0.84388
  -6.58762  -0.08000  -3.23355    13.96083    13.22301     0.73782
  -7.02233  -0.12028  -3.23355     9.77848     9.28240     0.49608
  -7.41313  -0.31488  -3.23355     5.50953     5.21524     0.29430
  -7.70724  -0.63751  -3.23355     2.49435     2.17966     0.31469
  -7.86495  -1.04459  -3.23355     1.13893     0.63219     0.50674
  -7.86495  -1.48116  -3.23355     0.51079    -0.15650     0.66729
  -7.70724  -1.88824  -3.23355    -0.32128    -1.08970     0.76841
  -7.41313  -2.21087  -3.23355    -1.04731    -2.16341     1.11609
  -5.85723  -1.26287  -3.50053    18.68221    17.21096     1.47125
  -5.96977  -0.84288  -3.50053    18.44941    17.45479     0.99461
  -6.27723  -0.53541  -3.50053    16.91075    16.05225     0.85851
  -6.69723  -0.42288  -3.50053    14.14155    13.36127     0.78028
  -7.11723  -0.53541  -3.50053    10.69653    10.00523     0.69129
  -7.42469  -0.84288  -3.50053     7.82253     7.12514     0.69740
  -7.53723  -1.26287  -3.50053     6.16340     5.34687     0.81652
  -7.42469  -1.68287  -3.50053     5.35768     4.32688     1.03080
  -7.11723  -1.99034  -3.50053     5.64194     4.09771     1.54423
  -6.69723  -2.10287  -3.50053     8.19151     5.76939     2.42212
  -6.27723  -1.99034  -3.50053    12.83759     9.93328     2.90431
  -5.96977  -1.68287  -3.50053    16.97288    14.61994     2.35294
  -6.26242  -1.26287  -3.66836    16.26191    14.85657     1.40533
  -6.47983  -0.88631  -3.66836    15.68711    14.65994     1.02717
  -6.91464  -0.88631  -3.66836    12.77484    11.83975     0.93509
  -7.13205  -1.26287  -3.66836    10.31626     9.27100     1.04525
  -6.91464  -1.63944  -3.66836    10.34512     8.89174     1.45338
  -6.47983  -1.63944  -3.66836    13.48204    11.65729     1.82475
  -6.69723  -1.26287  -3.72561    13.58244    12.33148     1.25097
  -6.25769  -1.95710   2.40889    43.56673    46.48772    -2.92099
  -5.82287  -1.95710   2.35164    36.81159    39.87309    -3.06150
  -6.04028  -1.58054   2.35164    42.74532    46.50996    -3.76464
  -6.47509  -2.33366   2.35164    41.85426    44.17052    -2.31626
  -6.04028  -2.33366   2.35164    36.11380    38.56135    -2.44755
  -5.41769  -1.95710   2.18381    33.49081    36.27170    -2.78089
  -5.53023  -1.53710   2.18381    35.90233    39.45670    -3.55437
  -5.83769  -1.22964   2.18381    40.61869    45.06500    -4.44632
  -6.67769  -2.68456   2.18381    37.78423    39.76920    -1.98497
  -6.25769  -2.79710   2.18381    32.76227    34.53834    -1.77607
  -5.83769  -2.68456   2.18381    31.34598    33.14632    -1.80034
  -5.53023  -2.37710   2.18381    31.88188    34.05478    -2.17291
  -5.06975  -1.95710   1.91683    32.94550    35.03543    -2.08993
  -6.97358  -2.90509   1.91683    34.43960    36.32707    -1.88747
  -6.58278  -3.09969   1.91683    29.77093    31.19274    -1.42180
  -6.14808  -3.13997   1.91683    28.01328    29.11559    -1.10231
  -5.72818  -3.02050   1.91683    27.92794    28.99795    -1.07001
  -5.37979  -2.75741   1.91683    28.92254    30.26173    -1.33919
  -5.14997  -2.38623   1.91683    30.72161    32.48673    -1.76512
  -7.32422  -2.94670   1.56889    31.50223    33.50616    -2.00392
  -6.98515  -3.21710   1.56889    26.74257    28.07911    -1.33654
  -6.58144  -3.37554   1.56889    24.64857    25.40756    -0.75899
  -6.14896  -3.40795   1.56889    24.20492    24.57746    -0.37254
  -5.72614  -3.31145   1.56889    24.83557    25.08972    -0.25414
  -5.35056  -3.09460   1.56889    26.22362    26.66362    -0.44000
  -5.05557  -2.77669   1.56889    28.30570    29.16547    -0.85977
  -7.66303  -2.76848   1.16370    29.44086    31.38933    -1.94847
  -7.40515  -3.10456   1.16370    23.87046    25.16613    -1.29567
  -7.06906  -3.36245   1.16370    20.96823    21.59898    -0.63075
  -6.67769  -3.52456   1.16370    19.93472    19.95324    -0.01851
  -6.25769  -3.57985   1.16370    20.21145    19.74588     0.46558
  -5.83769  -3.52456   1.16370    21.39494    20.65847     0.73646
  -5.44631  -3.36245   1.16370    23.20342    22.48574     0.71768
  -5.11023  -3.10456   1.16370    25.49634    25.13005     0.36629
  -4.85234  -2.76848   1.16370    28.45316    28.64396    -0.19080
  -7.61683  -2.94458   0.72889    19.75337    19.82926    -0.07589
  -7.32856  -3.25156   0.72889    15.87725    15.65297     0.22428
  -6.97300  -3.47721   0.72889    14.43899    13.69827     0.74073
  -6.57249  -3.60734   0.72889    14.75400    13.40503     1.34897
  -6.15220  -3.63378   0.72889    16.31023    14.40590     1.90433
  -5.73854  -3.55487   0.72889    18.70229    16.44030     2.26199
  -5.35750  -3.37557   0.72889    21.61456    19.31584     2.29873
  -5.03302  -3.10714   0.72889    24.84059    22.91883     1.92176
  -4.78549  -2.76644   0.72889    28.48077    27.28905     1.19172
  -7.40515  -3.10456   0.29407     8.73493     6.32806     2.40687
  -7.06906  -3.36245   0.29407     6.67545     4.28402     2.39142
  -6.67769  -3.52456   0.29407     7.48556     4.50063     2.98493
  -6.25769  -3.57985   0.29407    10.25915     6.41697     3.84218
  -5.83769  -3.52456   0.29407    14.29529     9.66367     4.63162
  -5.44631  -3.36245   0.29407    19.02044    13.92122     5.09923
  -5.11023  -3.10456   0.29407    23.96020    18.86387     5.09632
  -4.85234  -2.76848   0.29407    28.82465    24.19725     4.62740
  -5.61339   0.42444   2.81899    21.36482    21.92499    -0.56018
  -5.17857   0.42444   2.76175    18.73241    18.93429    -0.20188
  -5.39598   0.80100   2.76175    17.52509    17.44076     0.08432
  -5.83080   0.80100   2.76175    19.43146    19.70572    -0.27426
  -6.04820   0.42444   2.76175    23.56612    24.62121    -1.05509
  -5.83080   0.04788   2.76175    26.27006    27.69332    -1.42326
  -5.39598   0.04788   2.76175    23.11180    24.03546    -0.92366
  -4.77339   0.42444   2.59392    15.60051    15.36193     0.23858
  -4.88593   0.84444   2.59392    13.63641    13.19498     0.44143
  -5.19339   1.15190   2.59392    14.24321    13.62536     0.61786
  -5.61339   1.26444   2.59392    15.68146    15.25367     0.42779
  -6.03339   1.15190   2.59392    17.34813    17.49631    -0.14819
  -6.34085   0.84444   2.59392    19.97112    20.95799    -0.98687
  -6.45339   0.42444   2.59392    25.00563    26.85205    -1.84642
  -6.34085   0.00444   2.59392    31.46082    33.80281    -2.34199
  -6.03339  -0.30302   2.59392    33.09862    35.61392    -2.51530
  -5.61339  -0.41556   2.59392    29.54817    31.71980    -2.17163
  -5.19339  -0.30302   2.59392    24.86506    26.07503    -1.20997
  -4.88593   0.00444   2.59392    20.01881    20.23203    -0.21322
  -4.73549   1.22475   2.32693     9.86508     8.48299     1.38208
  -5.08388   1.48784   2.32693    11.77584    10.45989     1.31595
  -5.50378   1.60731   2.32693    13.41490    12.50372     0.91117
  -5.93848   1.56703   2.32693    14.58771    14.30135     0.28636
  -6.32928   1.37244   2.32693    15.65322    16.13655    -0.48333
  -6.62339   1.04981   2.32693    17.27534    18.73184    -1.45651
  -6.78110   0.64272   2.32693    20.97764    23.60164    -2.62400
  -6.78110   0.20616   2.32693    29.57766    33.01028    -3.43262
  -5.93848  -0.71815   2.32693    38.61631    42.39553    -3.77922
  -5.50378  -0.75843   2.32693    32.61794    35.52180    -2.90386
  -5.08388  -0.63896   2.32693    27.87334    29.30028    -1.42693
  -4.73549  -0.37587   2.32693    23.34147    23.12782     0.21365
  -4.50567  -0.00469   2.32693    17.81437    16.36541     1.44896
  -4.70626   1.56194   1.97899     8.46699     4.96915     3.49783
  -5.08184   1.77879   1.97899    10.60930     8.29364     2.31566
  -5.50466   1.87529   1.97899    12.04128    10.76385     1.27743
  -5.93714   1.84289   1.97899    12.88026    12.50862     0.37164
  -6.34085   1.68444   1.97899    13.41741    13.86318    -0.44578
  -6.67992   1.41404   1.97899    13.93322    15.24416    -1.31094
  -6.92423   1.05571   1.97899    14.81738    17.28421    -2.46682
  -5.19339   1.99190   1.57381    10.55345     7.55239     3.00106
  -5.61339   2.04720   1.57381    11.28513    10.06829     1.21685
  -6.03339   1.99190   1.57381    11.68862    11.66784     0.02078
  -6.42476   1.82979   1.57381    11.92833    12.76684    -0.83852
  -6.76085   1.57190   1.57381    12.21384    13.75542    -1.54158
  -7.01874   1.23582   1.57381    12.78990    15.09148    -2.30158
  -5.09424   2.02221   1.13899    10.77434     5.67490     5.09944
  -5.50790   2.10112   1.13899    10.71410     8.90141     1.81269
  -5.92819   2.07468   1.13899    10.77810    10.81331    -0.03521
  -6.32870   1.94455   1.13899    10.87223    11.98892    -1.11669
  -6.68426   1.71890   1.13899    11.24246    12.95002    -1.70756
  -6.97254   1.41192   1.13899    12.51254    14.39905    -1.88651
  -5.19339   1.99190   0.70418    11.77522     6.56224     5.21297
  -5.61339   2.04720   0.70418    10.89607     9.74138     1.15469
  -6.03339   1.99190   0.70418    10.60177    11.51942    -0.91765
  -6.42476   1.82979   0.70418    10.73606    12.63744    -1.90138
  -6.76085   1.57190   0.70418    11.93586    13.99468    -2.05882
  -5.00950   2.04391   0.25415    11.48719     4.26335     7.22384
  -5.43232   2.14041   0.25415    10.34387     7.82224     2.52162
  -5.86479   2.10800   0.25415     9.85629     9.77644     0.07985
  -6.26851   1.94956   0.25415     9.65361    10.94815    -1.29454
  -6.60758   1.67916   0.25415    10.40474    12.26831    -1.86358
  -5.12104   2.25702  -0.15103     9.50740     5.40182     4.10557
  -5.54104   2.31231  -0.15103     9.32354     7.34061     1.98292
  -5.96104   2.25702  -0.15103     8.76129     8.12754     0.63374
  -6.35242   2.09490  -0.15103     7.86018     8.15700    -0.29681
  -6.68851   1.83702  -0.15103     6.91453     7.81924    -0.90471
  -6.94639   1.50094  -0.15103     6.88566     7.98780    -1.10214
  -4.64085   2.10803  -0.58585     8.07605     2.79425     5.28180
  -5.02190   2.28733  -0.58585     9.06124     5.50572     3.55552
  -5.43556   2.36624  -0.58585     9.30534     6.84947     2.45587
  -5.85584   2.33980  -0.58585     8.77509     7.17008     1.60502
  -6.25635   2.20967  -0.58585     7.53827     6.65161     0.88666
  -6.61192   1.98402  -0.58585     5.60554     5.35397     0.25157
  -6.90019   1.67704  -0.58585     3.00075     3.33519    -0.33444
  -4.72967   2.09490  -1.02067     8.63139     5.43576     3.19563
  -5.12104   2.25702  -1.02067     9.59650     6.71835     2.87816
  -5.54104   2.31231  -1.02067     9.57705     7.09628     2.48077
  -5.96104   2.25702  -1.02067     8.65085     6.64358     2.00727
  -6.35242   2.09490  -1.02067     6.81162     5.33770     1.47391
  -6.68851   1.83702  -1.02067     3.89495     3.02495     0.87000
  -6.94639   1.50094  -1.02067    -0.37776    -0.52852     0.15076
  -4.33893   1.50914  -1.42585     8.91565     6.31596     2.59970
  -4.63391   1.82706  -1.42585     9.59023     6.99085     2.59938
  -5.00950   2.04391  -1.42585    10.34010     7.55937     2.78073
  -5.43232   2.14041  -1.42585    10.31437     7.55952     2.75486
  -5.86479   2.10800  -1.42585     9.34801     6.84040     2.50761
  -6.26851   1.94956  -1.42585     7.36633     5.27912     2.08722
  -6.60758   1.67916  -1.42585     4.19929     2.69511     1.50418
  -6.85188   1.32082  -1.42585    -0.25602    -0.98235     0.72633
  -4.35310   0.68956  -1.77379    16.13390    12.65446     3.47944
  -4.43332   1.11869  -1.77379    12.90850    10.16985     2.73865
  -4.66315   1.48987  -1.77379    11.78212     9.19468     2.58744
  -5.01153   1.75296  -1.77379    11.61332     8.82385     2.78947
  -5.43143   1.87243  -1.77379    11.17971     8.29325     2.88646
  -5.86614   1.83215  -1.77379     9.95858     7.22302     2.73556
  -6.25694   1.63755  -1.77379     7.81312     5.45664     2.35648
  -6.55105   1.31493  -1.77379     4.95356     3.14805     1.80551
  -6.70876   0.90784  -1.77379     2.85517     1.51865     1.33651
  -6.70876   0.47127  -1.77379     6.13516     3.83332     2.30184
  -4.43332   0.26042  -1.77379    20.67267    16.43297     4.23970
  -4.70104   0.68956  -2.04077    16.57880    13.56867     3.01013
  -4.81358   1.10956  -2.04077    14.25702    11.44798     2.80903
  -5.12104   1.41702  -2.04077    13.05471    10.16831     2.88639
  -5.54104   1.52956  -2.04077    12.03312     9.09244     2.94068
  -5.96104   1.41702  -2.04077    10.55659     7.79918     2.75741
  -6.26851   1.10956  -2.04077     9.17168     6.73341     2.43826
  -6.38104   0.68956  -2.04077    10.45431     7.92959     2.52472
  -5.12104  -0.03790  -2.04077    21.02282    17.02932     3.99351
  -4.81358   0.26956  -2.04077    19.44338    16.05740     3.38598
  -5.10623   0.68956  -2.20860    16.46146    13.48596     2.97549
  -5.32363   1.06612  -2.20860    14.32353    11.37801     2.94552
  -5.75845   1.06612  -2.20860    13.02647    10.13308     2.89339
  -5.97586   0.68956  -2.20860    14.16226    11.25419     2.90807
  -5.75845   0.31300  -2.20860    18.16954    14.82985     3.33969
  -5.32363   0.31300  -2.20860    18.47827    15.25951     3.21876
  -5.54104   0.68956  -2.26585    15.78877    12.79792     2.99084
  -3.68127  -2.58605  -0.33267    27.57653    31.24667    -3.67014
  -3.26127  -2.53076  -0.33267    25.70153    29.77147    -4.06993
  -2.86990  -2.36865  -0.33267    25.12423    28.46928    -3.34505
  -2.53381  -2.11076  -0.33267    25.68459    27.38394    -1.69935
  -2.27592  -1.77468  -0.33267    27.70643    26.35878     1.34765
  -3.99607  -2.61354  -0.76748    32.65371    33.85452    -1.20081
  -3.57578  -2.63998  -0.76748    28.30570    30.82755    -2.52186
  -3.16212  -2.56107  -0.76748    26.21735    28.91083    -2.69348
  -2.78108  -2.38177  -0.76748    25.56474    27.77919    -2.21446
  -2.45660  -2.11334  -0.76748    26.06110    27.32843    -1.26734
  -2.20908  -1.77264  -0.76748    28.00449    27.64118     0.36331
  -3.68127  -2.58605  -1.20230    31.37359    32.74189    -1.36830
  -3.26127  -2.53076  -1.20230    27.87146    29.41886    -1.54740
  -2.86990  -2.36865  -1.20230    26.50788    27.78936    -1.28147
  -2.53381  -2.11076  -1.20230    26.50475    27.24256    -0.73781
  -2.27592  -1.77468  -1.20230    27.75788    27.62877     0.12912
  -3.57255  -2.41415  -1.60748    31.48466    32.16923    -0.68457
  -3.14973  -2.31765  -1.60748    28.14568    28.67201    -0.52632
  -2.77414  -2.10080  -1.60748    26.99922    27.16223    -0.16301
  -2.47916  -1.78288  -1.60748    27.16991    26.79606     0.37385
  -2.29099  -1.39214  -1.60748    28.21847    26.97235     1.24613
  -2.49333  -0.96330  -1.95542    26.38175    24.39920     1.98256
  -2.57355  -0.53417  -1.95542    24.47852    21.83226     2.64626
  -2.80338  -0.16299  -1.95542    20.98141    18.33115     2.65026
  -3.15176   0.10010  -1.95542    17.77170    15.69049     2.08120
  -3.57166   0.21957  -1.95542    17.12975    15.11561     2.01415
  -4.00637   0.17929  -1.95542    19.04868    16.44462     2.60406
  -4.39717  -0.01530  -1.95542    21.75575    18.56012     3.19563
  -4.69128  -0.33793  -1.95542    24.07377    20.45646     3.61731
  -3.57166  -2.14617  -1.95542    31.32716    31.35584    -0.02868
  -3.15176  -2.02670  -1.95542    28.17141    27.87806     0.29336
  -2.80338  -1.76361  -1.95542    27.01930    26.31072     0.70859
  -2.57355  -1.39243  -1.95542    26.79466    25.54043     1.25423
  -2.84127  -0.96330  -2.22240    25.17505    23.41327     1.76178
  -2.95381  -0.54330  -2.22240    23.19526    21.17868     2.01658
  -3.26127  -0.23584  -2.22240    20.99521    19.09908     1.89613
  -3.68127  -0.12330  -2.22240    20.46748    18.61428     1.85320
  -4.10127  -0.23584  -2.22240    21.96974    19.95821     2.01153
  -4.40873  -0.54330  -2.22240    24.54503    22.65788     1.88716
  -3.68127  -1.80330  -2.22240    30.73228    30.27147     0.46081
  -3.26127  -1.69076  -2.22240    27.79114    26.92774     0.86340
  -2.95381  -1.38330  -2.22240    26.34912    25.04381     1.30531
  -3.24646  -0.96330  -2.39024    24.96296    23.36500     1.59796
  -3.46387  -0.58674  -2.39024    23.21911    21.51252     1.70658
  -3.89868  -0.58674  -2.39024    23.76692    22.17478     1.59214
  -4.11609  -0.96330  -2.39024    26.94902    25.82481     1.12421
  -3.89868  -1.33986  -2.39024    28.95894    28.12096     0.83797
  -3.46387  -1.33986  -2.39024    27.01052    25.82815     1.18237
  -3.68127  -0.96330  -2.44748    25.58670    24.20356     1.38314
  -3.80573  -1.30244   2.63029    21.31211    19.62142     1.69069
  -3.37092  -1.30244   2.57304    20.16753    17.23974     2.92779
  -3.58833  -0.92588   2.57304    18.12185    15.84445     2.27740
  -4.02314  -0.92588   2.57304    20.34072    19.22178     1.11895
  -4.24055  -1.30244   2.57304    23.60126    23.00251     0.59875
  -4.02314  -1.67900   2.57304    23.71547    22.54055     1.17492
  -3.58833  -1.67900   2.57304    22.23078    20.02782     2.20296
  -2.96574  -1.30244   2.40521    20.44551    15.89939     4.54612
  -3.07827  -0.88244   2.40521    17.13226    12.36235     4.76991
  -3.80573  -0.46244   2.40521    15.01756    13.02192     1.99563
  -4.22574  -0.57498   2.40521    19.88264    18.82654     1.05610
  -4.53320  -0.88244   2.40521    24.44087    24.46991    -0.02904
  -4.64574  -1.30244   2.40521    26.94087    27.48222    -0.54135
  -4.53320  -1.72244   2.40521    26.97036    27.16278    -0.19242
  -4.22574  -2.02990   2.40521    25.54842    24.90475     0.64368
  -3.80573  -2.14244   2.40521    24.03110    22.49296     1.53815
  -3.38573  -2.02990   2.40521    22.89782    20.47304     2.42478
  -3.07827  -1.72244   2.40521    21.98229    18.53171     3.45057
  -2.61780  -1.30244   2.13823    22.70141    15.90100     6.80041
  -4.81574  -0.67707   2.13823    27.90033    27.95069    -0.05036
  -4.97345  -1.08416   2.13823    30.63941    32.11141    -1.47200
  -4.97345  -1.52072   2.13823    31.37548    33.14897    -1.77350
  -4.81574  -1.92781   2.13823    29.94726    31.11897    -1.17170
  -4.52163  -2.25043   2.13823    27.60665    27.82525    -0.21860
  -4.13083  -2.44503   2.13823    25.57352    24.90954     0.66398
  -3.69613  -2.48531   2.13823    24.17794    22.77175     1.40619
  -3.27622  -2.36584   2.13823    23.35339    21.21433     2.13906
  -2.92784  -2.10275   2.13823    23.03148    19.94588     3.08560
  -2.69802  -1.73157   2.13823    23.09800    18.53541     4.56258
  -4.87227  -2.29204   1.79029    30.85088    32.12144    -1.27056
  -4.53320  -2.56244   1.79029    27.67129    28.04231    -0.37103
  -4.12949  -2.72088   1.79029    25.55532    25.22427     0.33105
  -3.69701  -2.75329   1.79029    24.24885    23.37207     0.87678
  -3.27419  -2.65679   1.79029    23.52972    22.11111     1.41861
  -2.89861  -2.43994   1.79029    23.34649    21.21025     2.13625
  -2.60362  -2.12203   1.79029    23.86419    20.54113     3.32306
  -4.61711  -2.70779   1.38510    28.03775    28.54399    -0.50624
  -4.22574  -2.86990   1.38510    25.71785    25.87867    -0.16082
  -3.80573  -2.92519   1.38510    24.35678    24.25190     0.10488
  -3.38573  -2.86990   1.38510    23.58745    23.18556     0.40189
  -2.99436  -2.70779   1.38510    23.30068    22.44961     0.85107
  -2.65827  -2.44990   1.38510    23.57804    21.95853     1.61951
  -2.40039  -2.11382   1.38510    24.81298    21.70208     3.11090
  -4.52104  -2.82255   0.95029    27.19061    27.37554    -0.18493
  -4.12054  -2.95268   0.95029    25.18635    25.73309    -0.54674
  -3.70025  -2.97912   0.95029    24.02608    24.72568    -0.69960
  -3.28659  -2.90021   0.95029    23.40234    24.02866    -0.62632
  -2.90555  -2.72091   0.95029    23.25487    23.52508    -0.27020
  -2.58107  -2.45248   0.95029    23.68409    23.15572     0.52837
  -2.33354  -2.11178   0.95029    25.06712    22.79999     2.26713
  -4.61711  -2.70779   0.51547    28.82026    27.53802     1.28224
  -4.22574  -2.86990   0.51547    26.14769    26.79630    -0.64861
  -3.80573  -2.92519   0.51547    24.60214    26.21716    -1.61502
  -3.38573  -2.86990   0.51547    23.73555    25.70705    -1.97150
  -2.99436  -2.70779   0.51547    23.45066    25.27907    -1.82841
  -2.65827  -2.44990   0.51547    23.80269    24.88324    -1.08055
  -2.40039  -2.11382   0.51547    25.04202    24.22634     0.81568
  -4.53320  -2.56244   0.11029    31.19663    28.51089     2.68574
  -4.12949  -2.72088   0.11029    27.57402    28.86383    -1.28981
  -3.69701  -2.75329   0.11029    25.48253    28.51378    -3.03125
  -3.27419  -2.65679   0.11029    24.46095    28.02971    -3.56876
  -2.89861  -2.43994   0.11029    24.41514    27.58001    -3.16487
  -7.80735  -1.10956   3.62668    32.24144    30.33166     1.90978
  -7.37253  -1.10956   3.56944    35.86217    34.48433     1.37783
  -7.58994  -0.73300   3.56944    31.46772    30.09262     1.37509
  -8.02475  -0.73300   3.56944    27.12096    25.17096     1.95000
  -8.24216  -1.10956   3.56944    27.72839    25.40023     2.32816
  -8.02475  -1.48612   3.56944    32.26528    30.14450     2.12078
  -7.58994  -1.48612   3.56944    36.09058    34.34483     1.74575
  -6.96735  -1.10956   3.40161    38.82590    38.16959     0.65631
  -7.07989  -0.68956   3.40161    35.32314    34.87274     0.45040
  -7.38735  -0.38210   3.40161    30.02256    29.51084     0.51172
  -7.80735  -0.26956   3.40161    24.31411    23.30323     1.01088
  -8.22735  -0.38210   3.40161    20.32190    18.41501     1.90689
  -8.53481  -0.68956   3.40161    19.58018    16.95740     2.62278
  -8.64735  -1.10956   3.40161    22.03249    19.34929     2.68320
  -8.53481  -1.52956   3.40161    26.49094    24.13833     2.35261
  -8.22735  -1.83702   3.40161    31.50223    29.48344     2.01879
  -7.80735  -1.94956   3.40161    35.90609    34.17301     1.73308
  -7.38735  -1.83702   3.40161    38.93069    37.53140     1.39929
  -7.07989  -1.52956   3.40161    40.02381    39.01547     1.00834
  -6.61941  -1.10956   3.13462    41.35037    41.70920    -0.35884
  -6.69963  -0.68043   3.13462    38.22600    38.81697    -0.59097
  -6.92945  -0.30925   3.13462    33.34334    34.04852    -0.70517
  -7.27784  -0.04616   3.13462    26.92518    27.56995    -0.64477
  -7.69774   0.07331   3.13462    19.90084    20.09524    -0.19440
  -8.97506  -1.32784   3.13462    17.17807    14.51770     2.66037
  -8.81735  -1.73493   3.13462    22.64180    20.55592     2.08588
  -8.52324  -2.05756   3.13462    28.18459    26.47643     1.70816
  -8.13244  -2.25215   3.13462    33.21220    31.74648     1.46572
  -7.69774  -2.29243   3.13462    37.39894    36.17985     1.21908
  -7.27784  -2.17296   3.13462    40.54025    39.66469     0.87556
  -6.92945  -1.90987   3.13462    42.40521    41.96778     0.43742
  -6.69963  -1.53869   3.13462    42.73089    42.73653    -0.00564
  -6.35242  -1.10956   2.78668    43.66086    45.47092    -1.81006
  -6.41706  -0.68071   2.78668    40.83895    42.79811    -1.95917
  -6.60523  -0.28997   2.78668    36.40810    38.41880    -2.01070
  -6.90022   0.02795   2.78668    29.95103    32.04004    -2.08901
  -7.27580   0.24479   2.78668    21.66539    23.77733    -2.11194
  -9.11819  -1.74083   2.78668    14.98053    13.31339     1.66715
  -8.87388  -2.09916   2.78668    21.56311    20.38422     1.17889
  -8.53481  -2.36956   2.78668    27.58783    26.64155     0.94628
  -8.13110  -2.52800   2.78668    32.82941    32.04408     0.78533
  -7.69862  -2.56041   2.78668    37.24645    36.69542     0.55104
  -7.27580  -2.46391   2.78668    40.84020    40.67439     0.16581
  -6.90022  -2.24706   2.78668    43.51402    43.88241    -0.36839
  -6.60523  -1.92915   2.78668    45.00812    45.97767    -0.96956
  -6.41706  -1.53840   2.78668    45.06836    46.55620    -1.48784
  -6.18459  -1.10956   2.38150    46.07426    49.86676    -3.79250
  -6.23989  -0.68956   2.38150    43.67152    47.35392    -3.68240
  -8.95481  -2.25702   2.38150    17.68824    17.56152     0.12672
  -8.61872  -2.51491   2.38150    24.54190    24.48642     0.05548
  -8.22735  -2.67702   2.38150    30.37585    30.38952    -0.01366
  -7.80735  -2.73231   2.38150    35.32502    35.55152    -0.22650
  -7.38735  -2.67702   2.38150    39.58142    40.23371    -0.65229
  -6.99597  -2.51491   2.38150    43.26741    44.53902    -1.27162
  -6.65989  -2.25702   2.38150    46.20039    48.21356    -2.01318
  -6.23989  -1.52956   2.38150    47.57777    51.10969    -3.53192
  -8.87822  -2.40402   1.94668    15.77496    16.80220    -1.02724
  -8.52266  -2.62967   1.94668    23.49082    24.37389    -0.88307
  -8.12215  -2.75980   1.94668    29.83494    30.76515    -0.93021
  -7.70186  -2.78624   1.94668    35.21897    36.50677    -1.28780
  -7.28820  -2.70733   1.94668    40.20893    42.11758    -1.90865
  -8.22735  -2.67702   1.51187    26.01152    27.55769    -1.54616
  -7.80735  -2.73231   1.51187    32.51001    34.47338    -1.96337
  -1.93274  -1.91074  -0.04235    24.88263    23.69967     1.18296
  -1.54136  -2.07285  -0.04235    22.28474    22.82536    -0.54062
  -1.12136  -2.12814  -0.04235    20.38088    21.85633    -1.47545
  -0.70136  -2.07285  -0.04235    18.98844    20.78810    -1.79966
  -0.30999  -1.91074  -0.04235    17.90912    19.51994    -1.61082
   0.02610  -1.65285  -0.04235    16.56939    17.60618    -1.03680
  -2.19224  -1.79985  -0.47717    27.37698    26.62393     0.75306
  -1.83667  -2.02550  -0.47717    24.46911    25.08273    -0.61363
  -1.43616  -2.15563  -0.47717    22.52006    23.91918    -1.39912
  -1.01588  -2.18207  -0.47717    21.26316    23.14639    -1.88323
  -0.60221  -2.10316  -0.47717    20.72852    22.80968    -2.08116
  -0.22118  -1.92386  -0.47717    20.97011    22.99858    -2.02847
   0.10330  -1.65543  -0.47717    21.75136    23.58429    -1.83293
   0.35083  -1.31473  -0.47717    22.04064    23.72377    -1.68313
  -1.93274  -1.91074  -0.91199    26.05921    26.63639    -0.57717
  -1.54136  -2.07285  -0.91199    24.06562    25.35740    -1.29178
  -1.12136  -2.12814  -0.91199    22.92104    24.66929    -1.74825
  -0.70136  -2.07285  -0.91199    22.65121    24.67619    -2.02498
  -0.30999  -1.91074  -0.91199    23.41803    25.57323    -2.15521
   0.02610  -1.65285  -0.91199    25.22714    27.47252    -2.24538
   0.28398  -1.31677  -0.91199    27.38828    29.95969    -2.57141
   0.44610  -0.92539  -0.91199    29.37435    32.58692    -3.21257
  -1.84883  -1.76539  -1.31717    26.44137    26.89537    -0.45400
  -1.44511  -1.92383  -1.31717    24.77910    25.98688    -1.20779
  -1.01264  -1.95624  -1.31717    24.04052    25.73006    -1.68954
  -0.58982  -1.85974  -1.31717    24.33231    26.38210    -2.04979
  -0.21423  -1.64289  -1.31717    25.75864    28.17768    -2.41904
   0.08075  -1.32498  -1.31717    28.04842    31.09813    -3.04971
   0.26892  -0.93423  -1.31717    30.87158    34.98619    -4.11460
  -1.83726   0.44261  -1.66511    20.20016    18.47457     1.72559
  -2.28908  -0.28711  -1.66511    24.74458    20.55564     4.18894
  -2.13137  -1.13076  -1.66511    28.22161    26.67269     1.54892
  -1.83726  -1.45338  -1.66511    26.75889    26.77291    -0.01403
  -1.44646  -1.64798  -1.66511    25.46057    26.41088    -0.95031
  -1.01175  -1.68826  -1.66511    24.93032    26.51367    -1.58334
  -0.59185  -1.56879  -1.66511    25.42355    27.57210    -2.14855
  -0.24347  -1.30570  -1.66511    26.95969    29.83204    -2.87235
  -0.01364  -0.93452  -1.66511    29.35991    33.30689    -3.94698
  -0.28136  -0.50539  -1.93209    29.27457    33.71966    -4.44509
  -0.39390  -0.08539  -1.93209    30.19136    35.66736    -5.47599
  -0.70136   0.22207  -1.93209    29.18798    33.94347    -4.75549
  -1.12136   0.33461  -1.93209    26.63903    28.98642    -2.34738
  -1.54136   0.22207  -1.93209    23.57930    23.98970    -0.41041
  -1.84883  -0.08539  -1.93209    23.21597    22.32071     0.89526
  -1.96136  -0.50539  -1.93209    25.10164    23.85161     1.25003
  -1.84883  -0.92539  -1.93209    26.14707    25.65586     0.49121
  -1.54136  -1.23285  -1.93209    25.79880    26.34727    -0.54847
  -1.12136  -1.34539  -1.93209    25.41602    26.81902    -1.40300
  -0.70136  -1.23285  -1.93209    25.88226    28.08953    -2.20728
  -0.39390  -0.92539  -1.93209    27.32616    30.53578    -3.20962
  -0.68655  -0.50539  -2.09992    26.87247    30.05182    -3.17936
  -0.90396  -0.12883  -2.09992    26.52671    29.57628    -3.04957
  -1.33877  -0.12883  -2.09992    24.83243    26.15997    -1.32754
  -1.55618  -0.50539  -2.09992    24.91213    25.34985    -0.43773
  -1.33877  -0.88195  -2.09992    25.42355    26.44184    -1.01829
  -0.90396  -0.88195  -2.09992    25.84837    27.92954    -2.08117
  -1.12136  -0.50539  -2.15717    25.51705    27.34324    -1.82620
  -1.17344  -0.73810   2.94190    13.41302     9.03307     4.37995
  -0.73862  -0.73810   2.88466    11.60830     7.28563     4.32267
  -0.95603  -0.36154   2.88466    12.32680     7.51038     4.81641
  -1.39084  -0.36154   2.88466    12.87210     7.95684     4.91526
  -1.60825  -0.73810   2.88466    14.34047     9.70305     4.63742
  -1.39084  -1.11466   2.88466    15.14494    10.95282     4.19212
  -0.95603  -1.11466   2.88466    13.37097     9.39864     3.97233
  -0.33344  -0.73810   2.71682     8.40549     3.88616     4.51933
  -0.44597  -0.31810   2.71682     9.87888     4.56341     5.31547
  -0.75344  -0.01064   2.71682    12.65373     6.95304     5.70069
  -1.17344   0.10190   2.71682    13.01643     6.93646     6.07997
  -1.59344  -0.01064   2.71682    11.47527     5.51130     5.96397
  -1.90090  -0.31810   2.71682    11.89068     6.39144     5.49923
  -2.01344  -0.73810   2.71682    14.85001     9.61917     5.23084
  -1.90090  -1.15810   2.71682    17.06010    12.35071     4.70939
  -1.59344  -1.46556   2.71682    17.11532    13.03316     4.08216
  -1.17344  -1.57810   2.71682    15.56035    11.89828     3.66207
  -0.75344  -1.46556   2.71682    12.99572     9.45087     3.54486
  -0.44597  -1.15810   2.71682    10.07215     6.26302     3.80913
   0.01450  -0.73810   2.44984     2.95118    -2.16998     5.12116
  -0.06571  -0.30896   2.44984     5.17507    -1.78763     6.96270
  -2.34115  -0.95638   2.44984    17.74973    11.44964     6.30010
  -2.18344  -1.36347   2.44984    19.70945    14.53122     5.17823
  -1.88933  -1.68609   2.44984    19.45593    15.28256     4.17338
  -1.49853  -1.88069   2.44984    18.01831    14.50902     3.50929
  -1.06383  -1.92097   2.44984    15.86783    12.72542     3.14242
  -0.64392  -1.80150   2.44984    13.03651    10.01669     3.01982
  -0.29554  -1.53841   2.44984     9.46159     6.27888     3.18271
  -0.06571  -1.16723   2.44984     5.49196     1.69865     3.79332
  -2.48428  -1.36936   2.10190    23.20907    16.41280     6.79627
  -2.23997  -1.72770   2.10190    22.51128    17.70228     4.80900
  -1.90090  -1.99810   2.10190    20.82830    17.23285     3.59545
  -1.49719  -2.15654   2.10190    18.83156    15.91331     2.91825
  -1.06471  -2.18895   2.10190    16.54052    13.99272     2.54781
  -0.64189  -2.09245   2.10190    13.74999    11.36281     2.38717
  -0.26631  -1.87560   2.10190    10.12361     7.68390     2.43971
   0.02868  -1.55768   2.10190     5.25414     2.44180     2.81233
   0.21685  -1.16694   2.10190    -0.85592    -4.70536     3.84944
  -2.32090  -1.88556   1.69672    24.88828    20.25572     4.63256
  -1.98481  -2.14344   1.69672    22.19627    19.11900     3.07727
  -1.59344  -2.30556   1.69672    19.89958    17.58914     2.31044
  -1.17344  -2.36085   1.69672    17.63866    15.75067     1.88799
  -0.75344  -2.30556   1.69672    15.11357    13.44413     1.66943
  -0.36206  -2.14344   1.69672    11.95406    10.32546     1.62860
  -0.02597  -1.88556   1.69672     7.57529     5.77091     1.80438
   0.23191  -1.54948   1.69672     1.05547    -1.29501     2.35048
  -2.24431  -2.03256   1.26190    25.15309    21.70492     3.44817
  -1.88874  -2.25821   1.26190    22.11469    20.06212     2.05257
  -1.48824  -2.38834   1.26190    19.72576    18.35985     1.36591
  -1.06795  -2.41478   1.26190    17.45543    16.47607     0.97936
  -0.65429  -2.33587   1.26190    14.96359    14.16204     0.80155
  -0.27325  -2.15657   1.26190    11.80596    10.98106     0.82490
   0.05123  -1.88814   1.26190     7.17306     6.08385     1.08921
   0.29876  -1.54744   1.26190    -0.44428    -2.22430     1.78002
  -1.98481  -2.14344   0.82708    23.36406    21.55558     1.80848
  -1.59344  -2.30556   0.82708    20.75550    19.98467     0.77084
  -1.17344  -2.36085   0.82708    18.50337    18.30911     0.19426
  -0.75344  -2.30556   0.82708    16.26379    16.32792    -0.06413
  -0.36206  -2.14344   0.82708    13.63076    13.64734    -0.01658
  -0.02597  -1.88556   0.82708     9.81362     9.42820     0.38542
   0.23191  -1.54948   0.82708     3.17959     1.84077     1.33882
  -1.90090  -1.99810   0.42190    23.85540    22.05645     1.79895
  -1.49719  -2.15654   0.42190    21.09750    20.98109     0.11640
  -1.06471  -2.18895   0.42190    18.89117    19.59442    -0.70325
  -0.64189  -2.09245   0.42190    16.88377    17.77669    -0.89292
  -0.26631  -1.87560   0.42190    14.58458    14.99585    -0.41127
  -0.28433   1.61080   3.22353    10.47941     9.17056     1.30885
   0.15049   1.61080   3.16628     8.70732     7.82502     0.88230
  -0.06692   1.98736   3.16628    10.72853     9.73156     0.99697
  -0.50174   1.98736   3.16628    11.92582    10.55252     1.37330
  -0.71914   1.61080   3.16628    11.44640     9.79356     1.65284
  -0.50174   1.23424   3.16628    10.46309     8.74097     1.72212
  -0.06692   1.23424   3.16628     8.63202     7.34944     1.28258
   0.55567   1.61080   2.99845     6.37487     5.92522     0.44965
   0.44313   2.03080   2.99845     8.72803     8.33513     0.39290
   0.13567   2.33826   2.99845    10.92620    10.35038     0.57581
  -0.28433   2.45080   2.99845    12.69389    11.74175     0.95214
  -0.70433   2.33826   2.99845    13.27057    11.91398     1.35659
  -1.01179   2.03080   2.99845    12.45669    10.81427     1.64242
  -1.12433   1.61080   2.99845    11.34851     9.42844     1.92007
  -1.01179   1.19080   2.99845    11.20355     8.81781     2.38575
  -0.70433   0.88334   2.99845    11.10315     8.49624     2.60691
  -0.28433   0.77080   2.99845     9.13842     6.85509     2.28333
   0.13567   0.88334   2.99845     5.99083     4.44134     1.54950
   0.44313   1.19080   2.99845     4.78727     3.98866     0.79861
   0.90361   1.61080   2.73147     3.88303     3.68572     0.19731
   0.82339   2.03993   2.73147     6.87688     6.92869    -0.05181
   0.59357   2.41111   2.73147     8.99158     9.16797    -0.17639
   0.24518   2.67420   2.73147    11.17406    11.21024    -0.03618
  -0.17472   2.79367   2.73147    13.44753    13.08858     0.35895
  -0.60942   2.75339   2.73147    14.84185    13.95665     0.88521
  -1.00022   2.55880   2.73147    14.60089    13.21305     1.38785
  -1.29434   2.23617   2.73147    12.86959    11.11787     1.75173
  -1.45204   1.82908   2.73147    10.67268     8.60393     2.06875
  -1.45204   1.39252   2.73147     9.78287     6.97753     2.80534
  -1.29434   0.98543   2.73147    11.13892     7.13177     4.00715
  -1.00022   0.66280   2.73147    12.95054     8.29118     4.65936
  -0.60942   0.46821   2.73147    12.49371     8.01323     4.48048
  -0.17472   0.42793   2.73147     8.62763     4.64043     3.98720
   0.24518   0.54740   2.73147     2.73343    -0.15862     2.89206
   0.59357   0.81049   2.73147    -1.07492    -2.43662     1.36170
   0.82339   1.18167   2.73147     0.15939    -0.33627     0.49566
   1.17059   1.61080   2.38353     2.21825     1.61970     0.59854
   1.10596   2.03965   2.38353     5.96009     6.02620    -0.06612
   0.91779   2.43039   2.38353     7.28413     8.00467    -0.72054
   0.62280   2.74830   2.38353     8.63516     9.69385    -1.05869
   0.24722   2.96515   2.38353    11.33031    12.28731    -0.95700
  -0.17560   3.06165   2.38353    14.71824    15.19326    -0.47502
  -0.60808   3.02925   2.38353    17.05194    16.81967     0.23228
  -1.01179   2.87080   2.38353    17.25588    16.22694     1.02895
  -1.35086   2.60040   2.38353    15.42105    13.59764     1.82341
  -1.59517   2.24207   2.38353    12.22326     9.62838     2.59488
   1.28313   2.03080   1.97834     7.58345     6.56068     1.02277
   1.12102   2.42218   1.97834     6.43762     7.13320    -0.69558
   0.86313   2.75826   1.97834     5.09161     7.04993    -1.95832
   0.52705   3.01615   1.97834     6.78526     9.28472    -2.49946
   0.13567   3.17826   1.97834    11.98857    14.24830    -2.25973
  -0.28433   3.23355   1.97834    17.89657    19.39773    -1.50116
  -0.70433   3.17826   1.97834    21.26504    21.70803    -0.44299
  -1.09571   3.01615   1.97834    21.22112    20.40442     0.81670
  -1.43179   2.75826   1.97834    18.72426    16.37525     2.34901
   1.18787   2.42015   1.54353     6.55245     5.90933     0.64312
  -0.99964   3.13091   1.54353    28.71546    28.68945     0.02602
  -1.35520   2.90526   1.54353    25.45053    23.03922     2.41131
  -1.68687   2.91699  -0.41312    29.67304    28.04356     1.62949
  -1.76780   3.07486  -0.81831    24.64418    24.49695     0.14723
  -2.02569   2.73877  -0.81831    14.98053    16.44261    -1.46208
  -1.33565   3.44750  -1.25312    27.10841    25.69366     1.41475
  -1.69121   3.22186  -1.25312    22.33495    21.87359     0.46135
  -1.97949   2.91487  -1.25312    16.48028    17.34995    -0.86966
  -2.18236   2.54584  -1.25312     9.91340    12.74922    -2.83583
  -1.04034   3.49486  -1.68794    20.33256    18.52792     1.80464
  -1.43172   3.33274  -1.68794    20.08344    18.85249     1.23096
  -1.76780   3.07486  -1.68794    17.75538    17.23266     0.52273
  -2.02569   2.73877  -1.68794    14.36746    14.92248    -0.55503
  -2.18780   2.34739  -1.68794    10.63566    12.63797    -2.00231
  -2.24309   1.92739  -1.68794     7.82818    11.02124    -3.19306
  -1.76780   0.77993  -1.68794    18.79516    18.10292     0.69224
  -0.51161   3.37825  -2.09312    13.22727    10.98371     2.24356
  -0.94409   3.34584  -2.09312    16.14331    14.38575     1.75756
  -1.34780   3.18739  -2.09312    17.01367    15.58077     1.43290
  -1.68687   2.91699  -2.09312    16.27069    15.27169     0.99901
  -1.93118   2.55866  -2.09312    14.71008    14.39096     0.31912
  -2.05901   2.14424  -2.09312    13.24484    13.72585    -0.48101
  -2.05901   1.71055  -2.09312    13.06538    13.98767    -0.92229
  -1.93118   1.29613  -2.09312    15.10039    15.77649    -0.67611
  -1.68687   0.93780  -2.09312    18.88992    19.29043    -0.40051
  -1.34780   0.66739  -2.09312    22.88339    24.07482    -1.19143
  -0.94409   0.50895  -2.09312    25.94124    29.13104    -3.18980
  -0.51161   0.47654  -2.09312    28.03399    33.78576    -5.75177
  -0.09083   2.99079  -2.44106     9.36809     7.30893     2.05916
  -0.51073   3.11027  -2.44106    12.26969    10.56917     1.70052
  -0.94543   3.06998  -2.44106    14.55948    12.99069     1.56878
  -1.33623   2.87539  -2.44106    15.56475    14.11602     1.44872
  -1.63034   2.55276  -2.44106    15.56537    14.39979     1.16558
  -1.78805   2.14568  -2.44106    15.37524    14.65008     0.72516
  -1.78805   1.70911  -2.44106    15.94125    15.61612     0.32513
  -1.63034   1.30203  -2.44106    17.73405    17.74415    -0.01011
  -1.33623   0.97940  -2.44106    20.16188    20.91797    -0.75609
  -0.94543   0.78480  -2.44106    22.16552    24.45091    -2.28540
  -0.51073   0.74452  -2.44106    23.26680    27.52885    -4.26205
   0.21966   1.92739  -2.70804    10.06274     9.89850     0.16424
   0.10712   2.34739  -2.70804     8.13692     7.42109     0.71582
  -0.20034   2.65486  -2.70804     9.98242     8.99242     0.99000
  -0.62034   2.76739  -2.70804    12.56776    11.36840     1.19936
  -1.04034   2.65486  -2.70804    14.48606    13.16870     1.31736
  -1.34780   2.34739  -2.70804    15.48380    14.26756     1.21624
  -1.46034   1.92739  -2.70804    16.25940    15.40519     0.85420
  -1.34780   1.50739  -2.70804    17.50689    17.26568     0.24120
  -1.04034   1.19993  -2.70804    18.89117    19.71595    -0.82478
  -0.62034   1.08739  -2.70804    19.39318    21.67823    -2.28505
  -0.20034   1.19993  -2.70804    18.29065    21.38876    -3.09811
   0.10712   1.50739  -2.70804    14.99120    16.76775    -1.77655
  -0.18552   1.92739  -2.87588    12.18561    12.68670    -0.50110
  -0.40293   2.30396  -2.87588    11.93021    11.53441     0.39580
  -0.83775   2.30396  -2.87588    14.09888    13.27431     0.82458
  -1.05515   1.92739  -2.87588    15.73794    15.15671     0.58122
  -0.83775   1.55083  -2.87588    16.67481    17.08473    -0.40992
  -0.40293   1.55083  -2.87588    15.46874    16.73282    -1.26408
  -0.62034   1.92739  -2.93312    14.29529    14.30728    -0.01199
  -0.25709   3.71062   1.75414    19.44150    21.50427    -2.06277
  -0.03969   4.08719   1.69689    16.96911    18.54132    -1.57221
  -0.47450   4.08719   1.69689    23.11619    24.37522    -1.25902
  -0.69191   3.71062   1.69689    25.26918    26.57328    -1.30410
  -0.47450   3.33406   1.69689    23.45003    25.36360    -1.91357
   0.16290   4.43809   1.52906    15.39344    16.10620    -0.71277
  -0.25709   4.55062   1.52906    21.83608    22.51396    -0.67789
  -0.67709   4.43809   1.52906    26.03537    26.71616    -0.68079
  -0.98456   4.13062   1.52906    28.17957    28.78714    -0.60757
  -1.09709   3.71062   1.52906    28.85728    29.30954    -0.45226
  -0.98456   3.29062   1.52906    29.17982    29.58471    -0.40489
   0.27242   4.77402   1.26208    15.51078    15.25559     0.25519
  -0.14749   4.89350   1.26208    21.70995    21.78545    -0.07551
  -0.58219   4.85322   1.26208    26.09624    26.35521    -0.25897
  -0.97299   4.65862   1.26208    28.90874    29.19804    -0.28931
  -1.26710   4.33599   1.26208    30.34887    30.53068    -0.18181
  -1.42481   3.92891   1.26208    30.73416    30.61713     0.11703
  -1.42481   3.49234   1.26208    30.82389    30.08735     0.73655
  -1.26710   3.08526   1.26208    32.04817    30.53020     1.51797
   0.27445   5.06497   0.91414    16.77396    15.88991     0.88404
  -0.14837   5.16148   0.91414    22.40836    22.09101     0.31735
  -0.58085   5.12907   0.91414    26.54302    26.51835     0.02468
  -0.98456   4.97062   0.91414    29.39694    29.46979    -0.07285
  -1.32363   4.70022   0.91414    31.10188    31.13546    -0.03358
  -1.56793   4.34189   0.91414    31.76767    31.62547     0.14220
  -1.69577   3.92747   0.91414    31.61456    31.04772     0.56684
  -1.69577   3.49378   0.91414    31.31712    29.75597     1.56115
  -1.56793   3.07936   0.91414    32.52633    28.96939     3.55694
   0.55428   5.11597   0.50896    12.11282    10.18319     1.92963
   0.16290   5.27809   0.50896    18.57805    17.63361     0.94444
  -0.25709   5.33338   0.50896    23.51090    23.13627     0.37463
  -0.67709   5.27809   0.50896    27.20254    27.10787     0.09467
  -1.06847   5.11597   0.50896    29.81862    29.81788     0.00075
  -1.40456   4.85809   0.50896    31.45140    31.42688     0.02453
  -1.66244   4.52200   0.50896    32.15735    32.01132     0.14603
  -1.82456   4.13062   0.50896    32.00863    31.59460     0.41403
  -1.87985   3.71062   0.50896    31.27382    30.24097     1.03285
  -1.82456   3.29062   0.50896    30.94940    28.36250     2.58690
   0.26205   5.30840   0.07414    16.22614    15.13163     1.09451
  -0.15161   5.38731   0.07414    21.57691    21.15198     0.42494
  -0.57190   5.36087   0.07414    25.64318    25.55651     0.08667
  -0.97240   5.23073   0.07414    28.62008    28.66300    -0.04292
  -1.32797   5.00509   0.07414    30.61933    30.66806    -0.04874
  -1.61624   4.69810   0.07414    31.69990    31.67979     0.02011
  -1.81912   4.32907   0.07414    31.89443    31.74126     0.15317
  -1.92385   3.92118   0.07414    31.27821    30.87663     0.40158
  -1.92385   3.50006   0.07414    30.24094    29.24259     0.99835
  -1.81912   3.09218   0.07414    30.21584    27.55869     2.65715
   0.16290   5.27809  -0.36068    15.67330    15.13238     0.54092
  -0.25709   5.33338  -0.36068    21.11632    21.06303     0.05329
  -0.67709   5.27809  -0.36068    25.18760    25.35048    -0.16287
  -1.06847   5.11597  -0.36068    28.09925    28.31129    -0.21204
  -1.40456   4.85809  -0.36068    29.97676    30.14575    -0.16899
  -1.66244   4.52200  -0.36068    30.89292    30.97498    -0.08206
  -1.82456   4.13062  -0.36068    30.90735    30.88370     0.02365
  -1.87985   3.71062  -0.36068    30.19387    30.02063     0.17325
  -1.82456   3.29062  -0.36068    29.46722    28.87278     0.59444
  -1.66244   2.89925  -0.36068    30.85778    28.82896     2.02882
   0.27445   5.06497  -0.76586    10.43360    10.40572     0.02788
  -0.14837   5.16148  -0.76586    17.33934    17.65452    -0.31517
  -0.58085   5.12907  -0.76586    22.38075    22.82261    -0.44186
  -0.98456   4.97062  -0.76586    25.91614    26.33552    -0.41938
  -1.32363   4.70022  -0.76586    28.17078    28.48405    -0.31327
  -1.56793   4.34189  -0.76586    29.31222    29.48237    -0.17014
  -1.69577   3.92747  -0.76586    29.55381    29.56328    -0.00946
  -1.69577   3.49378  -0.76586    29.46157    29.19781     0.26376
  -0.14749   4.89350  -1.11380    14.04115    14.88100    -0.83984
  -0.58219   4.85322  -1.11380    19.98367    20.70352    -0.71985
  -0.97299   4.65862  -1.11380    23.92945    24.44761    -0.51817
  -1.26710   4.33599  -1.11380    26.28826    26.52551    -0.23725
  -1.42481   3.92891  -1.11380    27.52508    27.36571     0.15937
  -1.42481   3.49234  -1.11380    28.65648    27.67331     0.98317
  -0.25709   4.55062  -1.38078    12.40837    13.42876    -1.02039
  -0.67709   4.43809  -1.38078    18.77885    19.35603    -0.57718
  -0.98456   4.13062  -1.38078    22.52508    22.50668     0.01840
  -1.09709   3.71062  -1.38078    24.76843    23.66621     1.10222
   0.49903  -0.79946  -0.90266    30.18572    33.47130    -3.28558
   0.41511  -0.94481  -1.30785    31.10941    35.08162    -3.97221
   0.15562  -0.83392  -1.74266    29.67806    33.82273    -4.14467
   0.51118  -1.05957  -1.74266    29.16727    32.46254    -3.29527
  -0.39627   0.46054  -2.17748    27.28976    33.30208    -6.01232
  -0.34097   0.04054  -2.17748    27.31361    32.58699    -5.27338
  -0.17886  -0.35084  -2.17748    27.21571    31.60539    -4.38968
   0.07903  -0.68692  -2.17748    26.57754    30.13039    -3.55286
   0.41511  -0.94481  -2.17748    25.90485    28.74157    -2.83673
   0.80649  -1.10692  -2.17748    25.55721    28.00017    -2.44296
   1.22649  -1.16221  -2.17748    25.08155    27.72937    -2.64781
   2.79395   0.04054  -2.17748     3.68599     4.43561    -0.74962
  -0.21219   0.67739  -2.58266    21.74446    26.36995    -4.62549
  -0.21219   0.24370  -2.58266    22.59348    26.80070    -4.20722
  -0.08435  -0.17073  -2.58266    23.08231    26.54207    -3.45976
   0.15995  -0.52906  -2.58266    22.98881    25.68056    -2.69175
   0.49903  -0.79946  -2.58266    22.39644    24.47001    -2.07357
   0.90274  -0.95790  -2.58266    21.36544    23.14390    -1.77846
   1.33521  -0.99031  -2.58266    19.53500    21.44578    -1.91078
   1.75803  -0.89381  -2.58266    16.46397    18.66795    -2.20398
   2.13362  -0.67696  -2.58266    12.35754    14.38253    -2.02498
   2.42860  -0.35905  -2.58266     7.62989     8.70400    -1.07411
   2.61677   0.03169  -2.58266     2.16742     1.13681     1.03061
   2.41443   0.46054  -2.93060    -4.35303    -9.09617     4.74314
   0.21648   1.08591  -2.93060    13.92381    16.10223    -2.17842
   0.05877   0.67882  -2.93060    16.93460    19.88480    -2.95020
   0.05877   0.24226  -2.93060    18.60879    21.36215    -2.75336
   0.21648  -0.16483  -2.93060    19.32478    21.48735    -2.16257
   0.51059  -0.48745  -2.93060    19.11833    20.66671    -1.54838
   0.90139  -0.68205  -2.93060    17.99383    19.12130    -1.12747
   1.33610  -0.72233  -2.93060    15.80947    16.76076    -0.95129
   1.75600  -0.60286  -2.93060    12.44100    13.20463    -0.76362
   2.10438  -0.33977  -2.93060     8.07291     8.15337    -0.08046
   2.33421   0.03141  -2.93060     2.73280     1.16060     1.57220
   2.06649   0.46054  -3.19759    -1.63466    -5.16931     3.53465
   0.80649   1.18800  -3.19759     3.88428     2.96554     0.91875
   0.49903   0.88054  -3.19759    10.39407    11.31159    -0.91752
   0.38649   0.46054  -3.19759    13.92193    15.42463    -1.50270
   0.49903   0.04054  -3.19759    15.39971    16.63871    -1.23900
   0.80649  -0.26692  -3.19759    15.16000    15.89038    -0.73038
   1.22649  -0.37946  -3.19759    13.25551    13.53389    -0.27838
   1.64649  -0.26692  -3.19759     9.72577     9.45686     0.26891
   1.95395   0.04054  -3.19759     4.76029     3.34145     1.41884
   1.66130   0.46054  -3.36542     2.04003    -0.21749     2.25752
   1.44389   0.83710  -3.36542    -0.91303    -3.64536     2.73234
   1.00908   0.83710  -3.36542     4.48669     3.48584     1.00085
   0.79167   0.46054  -3.36542    10.00062    10.20263    -0.20201
   1.00908   0.08398  -3.36542    11.04856    11.05442    -0.00586
   1.44389   0.08398  -3.36542     7.83885     7.02717     0.81168
   1.22649   0.46054  -3.42266     6.02033     4.99512     1.02521
   2.93794   3.45475  -0.02421     8.23292     7.35595     0.87698
   2.63047   3.76221  -0.02421     5.83772     4.61256     1.22516
   3.39841   3.03475  -0.29119     3.69164     4.27318    -0.58154
   3.31819   3.46389  -0.29119     6.65976     6.75596    -0.09620
   3.08837   3.83506  -0.29119     8.98154     8.52029     0.46125
   2.73998   4.09815  -0.29119     8.64018     7.80779     0.83239
   2.32008   4.21762  -0.29119     3.99661     3.02048     0.97612
   3.66540   3.03475  -0.63913    -1.91390    -0.59581    -1.31809
   3.60076   3.46360  -0.63913     3.76066     4.40916    -0.64850
   3.41259   3.85434  -0.63913     8.32517     8.32824    -0.00307
   3.11760   4.17226  -0.63913    10.91992    10.44792     0.47200
   2.74202   4.38910  -0.63913    11.13014    10.40205     0.72808
   2.31920   4.48561  -0.63913     8.32956     7.60196     0.72761
   3.83323   3.03475  -1.04432    -6.33973    -4.74580    -1.59393
   3.77794   3.45475  -1.04432     0.90424     1.71352    -0.80928
   3.61582   3.84613  -1.04432     6.61019     6.78173    -0.17154
   3.35794   4.18221  -1.04432    10.52082    10.22595     0.29487
   3.02185   4.44010  -1.04432    12.60353    12.01923     0.58430
   2.63047   4.60221  -1.04432    12.78237    12.10327     0.67910
   2.21047   4.65751  -1.04432    10.77434    10.24168     0.53266
   1.79047   4.60221  -1.04432     5.89671     5.83702     0.05968
   3.83769   3.45255  -1.47913    -1.59011    -1.04143    -0.54868
   3.68267   3.84410  -1.47913     4.85755     4.85719     0.00036
   3.43514   4.18479  -1.47913     9.41139     9.04644     0.36495
   3.11066   4.45322  -1.47913    12.23957    11.66153     0.57804
   2.72962   4.63253  -1.47913    13.43686    12.79860     0.63827
   2.31596   4.71144  -1.47913    12.98443    12.46651     0.51792
   1.89567   4.68500  -1.47913    10.71535    10.55294     0.16241
   1.49517   4.55486  -1.47913     6.27886     6.78659    -0.50773
   3.77794   3.45475  -1.91395    -3.86671    -4.03790     0.17118
   3.61582   3.84613  -1.91395     3.17081     2.70069     0.47011
   3.35794   4.18221  -1.91395     8.05283     7.42997     0.62286
   3.02185   4.44010  -1.91395    11.11068    10.44304     0.66765
   2.63047   4.60221  -1.91395    12.53576    11.93841     0.59734
   2.21047   4.65751  -1.91395    12.42092    12.02933     0.39159
   1.79047   4.60221  -1.91395    10.79505    10.76030     0.03474
   1.39910   4.44010  -1.91395     7.71209     8.14820    -0.43610
   1.06301   4.18221  -1.91395     3.57680     4.31331    -0.73650
   3.41259   3.85434  -2.31913     1.61709     0.54657     1.07053
   3.11760   4.17226  -2.31913     6.52045     5.62241     0.89804
   2.74202   4.38910  -2.31913     9.30283     8.61434     0.68848
   2.31920   4.48561  -2.31913    10.24096     9.83226     0.40870
   1.88672   4.45320  -2.31913     9.52622     9.47625     0.04997
   1.48301   4.29475  -2.31913     7.38830     7.70674    -0.31844
   1.14394   4.02435  -2.31913     4.31162     4.75689    -0.44527
   0.89963   3.66602  -2.31913     1.24623     1.08924     0.15699
   3.08837   3.83506  -2.66707    -0.39596    -1.85366     1.45770
   2.73998   4.09815  -2.66707     3.97904     3.07364     0.90540
   2.32008   4.21762  -2.66707     5.71912     5.32553     0.39359
   1.88538   4.17734  -2.66707     5.18135     5.31166    -0.13032
   1.49458   3.98275  -2.66707     2.66629     3.28677    -0.62048
   1.20047   3.66012  -2.66707    -1.53865    -0.60600    -0.93266
   2.21047   3.87475  -2.93405    -1.29267    -1.51604     0.22337
   2.63292   1.60868   2.36428    -0.60931    -2.03700     1.42769
   3.06774   1.60868   2.30703    -3.66905    -5.15286     1.48382
   2.85033   1.98525   2.30703    -0.90612    -1.98416     1.07803
   2.41552   1.98525   2.30703     1.72565     0.67855     1.04710
   2.19811   1.60868   2.30703     0.62751    -0.84703     1.47454
   2.41552   1.23212   2.30703    -1.94026    -4.16050     2.22024
   2.85033   1.23212   2.30703    -2.49623    -4.70664     2.21041
   3.47292   1.60868   2.13920   -10.12298   -11.58837     1.46539
   3.36038   2.02868   2.13920    -7.08835    -7.83863     0.75028
   3.05292   2.33615   2.13920    -2.01493    -2.85685     0.84192
   2.63292   2.44868   2.13920     1.56187     0.68340     0.87847
   2.21292   2.33615   2.13920     3.50464     2.70210     0.80254
   1.90546   2.02868   2.13920     4.24385     3.15739     1.08646
   1.79292   1.60868   2.13920     1.50226    -0.47617     1.97843
   3.05292   0.88122   2.13920    -2.81187    -6.49804     3.68617
   3.36038   1.18868   2.13920    -7.20255   -10.14011     2.93756
   3.74064   2.03782   1.87222   -17.42406   -17.10111    -0.32295
   3.51082   2.40899   1.87222    -8.95582    -9.02665     0.07083
   3.16243   2.67208   1.87222    -2.49247    -3.14683     0.65436
   2.74253   2.79156   1.87222     1.13579     0.30968     0.82611
   2.30783   2.75128   1.87222     2.79555     2.13290     0.66266
   1.91703   2.55668   1.87222     4.17482     3.64844     0.52638
   1.62292   2.23405   1.87222     6.63027     5.55642     1.07385
   3.83504   2.42827   1.52428   -18.73367   -17.20424    -1.52943
   3.54005   2.74619   1.52428    -8.02083    -7.86114    -0.15969
   3.16447   2.96303   1.52428    -1.79468    -2.39633     0.60166
   2.74165   3.05954   1.52428     0.95005     0.15082     0.79923
   2.30917   3.02713   1.52428     1.17282     0.59465     0.57817
   1.90546   2.86868   1.52428     0.66265     0.45664     0.20601
   1.56639   2.59828   1.52428     2.99887     2.48273     0.51614
   3.78038   2.75615   1.11909   -13.62386   -12.38671    -1.23714
   3.44430   3.01403   1.11909    -4.60153    -4.66718     0.06565
   3.05292   3.17615   1.11909    -0.10103    -0.78640     0.68537
   2.63292   3.23144   1.11909     0.65575    -0.18857     0.84432
   2.21292   3.17615   1.11909    -2.07580    -2.68989     0.61408
   3.85759   2.75872   0.68428   -14.80922   -13.27474    -1.53449
   3.53311   3.02716   0.68428    -4.62914    -4.39052    -0.23861
   3.15207   3.20646   0.68428     0.85655     0.29677     0.55978
   2.73841   3.28537   0.68428     2.01619     0.93551     1.08068
   2.31812   3.25893   0.68428    -2.04819    -3.54967     1.50147
   3.78038   2.75615   0.24946   -10.07467    -9.08068    -0.99398
   3.44430   3.01403   0.24946    -0.56099    -0.39890    -0.16209
   3.05292   3.17615   0.24946     5.39031     4.62386     0.76645
   2.63292   3.23144   0.24946     6.60140     4.56078     2.04062
   3.83504   2.42827  -0.15572   -11.97978   -11.69739    -0.28239
   3.54005   2.74619  -0.15572    -1.69930    -1.04947    -0.64982
   3.74064   2.03782  -0.50366    -9.28526   -10.95451     1.66926
   1.17038  -1.84948   0.66765     2.22578     3.77031    -1.54453
   1.28292  -2.26948   0.66765     6.32090     7.58107    -1.26017
   1.59038  -2.57694   0.66765     5.97138     6.89256    -0.92118
   0.84267  -1.63120   0.40066     3.73556     5.28400    -1.54843
   0.84267  -2.06776   0.40066     9.68749    10.74325    -1.05576
   1.00037  -2.47485   0.40066    11.04040    11.71463    -0.67423
   1.29449  -2.79748   0.40066     9.71259    10.13122    -0.41863
   1.68529  -2.99207   0.40066     6.60140     6.67013    -0.06873
   0.57171  -1.63264   0.05273    12.55835    13.67200    -1.11365
   0.57171  -2.06633   0.05273    15.45305    16.11353    -0.66048
   0.69954  -2.48075   0.05273    15.68146    15.81052    -0.12906
   0.94385  -2.83908   0.05273    14.20054    13.96862     0.23192
   1.28292  -3.10948   0.05273    11.46083    10.99787     0.46296
   1.68663  -3.26793   0.05273     7.54078     6.73217     0.80861
   0.44292  -1.42948  -0.35246    19.96735    21.31889    -1.35153
   0.38763  -1.84948  -0.35246    20.72915    21.62039    -0.89124
   0.44292  -2.26948  -0.35246    20.26856    20.37352    -0.10496
   0.60503  -2.66086  -0.35246    18.82717    18.28545     0.54171
   0.86292  -2.99694  -0.35246    16.55621    15.62370     0.93251
   1.19900  -3.25483  -0.35246    13.50463    12.33581     1.16882
   1.59038  -3.41694  -0.35246     9.55948     8.09886     1.46062
   2.01038  -3.47224  -0.35246     4.35680     2.21400     2.14279
   0.65123  -0.86200  -0.78727    28.67593    31.13263    -2.45671
   0.44836  -1.23103  -0.78727    27.02244    29.27648    -2.25404
   0.34363  -1.63892  -0.78727    25.75801    27.19999    -1.44198
   0.34363  -2.06004  -0.78727    24.18108    24.57520    -0.39412
   0.44836  -2.46793  -0.78727    22.28286    21.75824     0.52462
   0.65123  -2.83696  -0.78727    19.95731    18.82326     1.13405
   0.93951  -3.14394  -0.78727    17.12034    15.63735     1.48299
   1.29507  -3.36959  -0.78727    13.65586    11.93789     1.71797
   1.69558  -3.49972  -0.78727     9.32730     7.27001     2.05730
   2.11587  -3.52617  -0.78727     3.64081     0.80890     2.83191
   0.60503  -1.03810  -1.22209    31.55683    34.84119    -3.28437
   0.44292  -1.42948  -1.22209    28.95015    31.06822    -2.11807
   0.38763  -1.84948  -1.22209    26.71684    27.54416    -0.82732
   0.44292  -2.26948  -1.22209    24.40886    24.13156     0.27731
   0.60503  -2.66086  -1.22209    21.89004    20.83401     1.05604
   0.86292  -2.99694  -1.22209    19.01040    17.48519     1.52521
   1.19900  -3.25483  -1.22209    15.61620    13.81238     1.80382
   1.59038  -3.41694  -1.22209    11.48970     9.40918     2.08052
   2.01038  -3.47224  -1.22209     6.23619     3.60940     2.62679
   2.43038  -3.41694  -1.22209    -0.87726    -4.77238     3.89512
   0.69954  -1.21821  -1.62727    30.13238    32.84106    -2.70868
   0.57171  -1.63264  -1.62727    27.43785    28.85606    -1.41820
   0.57171  -2.06633  -1.62727    24.99621    25.17270    -0.17649
   0.69954  -2.48075  -1.62727    22.34687    21.61361     0.73326
   0.94385  -2.83908  -1.62727    19.31160    18.01484     1.29676
   1.28292  -3.10948  -1.62727    15.71723    14.09331     1.62392
   1.68663  -3.26793  -1.62727    11.32906     9.41188     1.91717
   2.11911  -3.30033  -1.62727     5.76305     3.28671     2.47633
   1.00037  -1.22411  -1.97521    27.76102    30.30895    -2.54793
   0.84267  -1.63120  -1.97521    25.33570    26.83502    -1.49932
   0.84267  -2.06776  -1.97521    22.94677    23.28257    -0.33580
   1.00037  -2.47485  -1.97521    20.10289    19.60398     0.49891
   1.29449  -2.79748  -1.97521    16.60704    15.62187     0.98517
   1.68529  -2.99207  -1.97521    12.27973    10.98858     1.29115
   2.11999  -3.03235  -1.97521     6.90260     5.19086     1.71175
   1.59038  -1.12202  -2.24220    22.40397    25.62280    -3.21883
   1.28292  -1.42948  -2.24220    22.58281    24.97466    -2.39185
   1.17038  -1.84948  -2.24220    20.98392    22.22380    -1.23988
   1.28292  -2.26948  -2.24220    18.25111    18.53938    -0.28827
   1.59038  -2.57694  -2.24220    14.38189    14.13904     0.24285
   2.01038  -2.68948  -2.24220     9.43272     8.89824     0.53449
   2.43038  -2.57694  -2.24220     3.96837     3.07914     0.88923
   1.79297  -1.47292  -2.41003    16.59323    19.50012    -2.90689
   1.57556  -1.84948  -2.41003    16.90511    18.62711    -1.72200
   1.79297  -2.22604  -2.41003    13.24861    14.10631    -0.85771
   2.22779  -2.22604  -2.41003     8.16578     8.94580    -0.78001
   2.01038  -1.84948  -2.46727    12.18686    14.23114    -2.04428
   5.84712  -3.81165   1.00080     4.26455     4.39312    -0.12857
   6.15458  -4.11911   1.00080     7.03187     8.24930    -1.21742
   6.57458  -4.23165   1.00080     8.33835    10.12890    -1.79055
   5.40687  -3.60993   0.73382     1.61960    -1.72639     3.34600
   5.56457  -4.01702   0.73382     5.39909     4.43336     0.96573
   5.85869  -4.33965   0.73382     9.22188     9.37755    -0.15567
   6.24948  -4.53424   0.73382    11.73443    12.42961    -0.69518
   6.68419  -4.57452   0.73382    12.88716    13.80052    -0.91336
   7.10409  -4.45505   0.73382    13.17707    13.99088    -0.81381
   5.26374  -4.02292   0.38588     2.17934     0.24525     1.93409
   5.50805  -4.38125   0.38588     8.05848     7.35928     0.69920
   5.84712  -4.65165   0.38588    12.19439    12.02787     0.16652
   6.25083  -4.81010   0.38588    14.68749    14.77442    -0.08693
   6.68331  -4.84250   0.38588    15.95694    16.09539    -0.13845
   7.10612  -4.74600   0.38588    16.53425    16.45874     0.07551
   5.16923  -4.20303  -0.01931     1.28200     0.26121     1.02079
   5.42712  -4.53911  -0.01931     8.52409     7.88776     0.63633
   5.76320  -4.79700  -0.01931    13.18021    12.71248     0.46773
   6.15458  -4.95911  -0.01931    15.97702    15.60038     0.37664
   6.57458  -5.01441  -0.01931    17.49371    17.10887     0.38484
   6.99458  -4.95911  -0.01931    18.20719    17.63603     0.57115
   7.38596  -4.79700  -0.01931    18.65774    17.58379     1.07395
   5.21543  -4.37913  -0.45412     3.15324     2.82706     0.32618
   5.50371  -4.68611  -0.45412    10.25162     9.70517     0.54645
   5.85927  -4.91176  -0.45412    14.56638    13.94561     0.62077
   6.25978  -5.04189  -0.45412    17.05445    16.40095     0.65350
   6.68007  -5.06834  -0.45412    18.31637    17.57567     0.74071
   7.09373  -4.98943  -0.45412    18.80018    17.80741     0.99278
   7.47477  -4.81012  -0.45412    18.96271    17.40735     1.55536
   7.79925  -4.54169  -0.45412    19.46974    16.83719     2.63255
   5.16923  -4.20303  -0.88894    -1.49975    -1.32112    -0.17863
   5.42712  -4.53911  -0.88894     7.45356     7.05135     0.40220
   5.76320  -4.79700  -0.88894    12.88152    12.22542     0.65610
   6.15458  -4.95911  -0.88894    16.00275    15.24757     0.75518
   6.57458  -5.01441  -0.88894    17.56462    16.72843     0.83619
   6.99458  -4.95911  -0.88894    18.04780    17.03092     1.01688
   7.38596  -4.79700  -0.88894    17.82692    16.39826     1.42866
   7.72204  -4.53911  -0.88894    17.28098    15.05012     2.23086
   5.26374  -4.02292  -1.29412    -2.88027    -2.96987     0.08961
   5.50805  -4.38125  -1.29412     6.15336     5.69801     0.45535
   5.84712  -4.65165  -1.29412    11.75576    11.08938     0.66639
   6.25083  -4.81010  -1.29412    14.83307    14.08949     0.74358
   6.68331  -4.84250  -1.29412    16.09311    15.28835     0.80476
   7.10612  -4.74600  -1.29412    15.98329    15.01818     0.96511
   7.48171  -4.52916  -1.29412    14.76655    13.42591     1.34064
   5.40687  -3.60993  -1.64206    -6.10818    -7.71073     1.60255
   5.56457  -4.01702  -1.64206     2.14483     1.39168     0.75315
   5.85869  -4.33965  -1.64206     8.44314     7.79184     0.65130
   6.24948  -4.53424  -1.64206    12.01806    11.40622     0.61185
   6.68419  -4.57452  -1.64206    13.23229    12.66181     0.57049
   7.10409  -4.45505  -1.64206    12.42406    11.84466     0.57940
   7.45248  -4.19196  -1.64206     9.61658     8.95391     0.66267
   5.84712  -2.97165  -1.90905    -6.90825   -11.45771     4.54946
   5.73458  -3.39165  -1.90905    -3.58057    -5.96192     2.38135
   5.84712  -3.81165  -1.90905     2.28602     1.26976     1.01626
   6.15458  -4.11911  -1.90905     7.19377     6.66782     0.52595
   6.57458  -4.23165  -1.90905     9.13152     8.87632     0.25520
   6.99458  -4.11911  -1.90905     7.76292     7.78933    -0.02641
   6.13976  -3.39165  -2.07688    -1.72565    -2.79335     1.06769
   6.35717  -3.76821  -2.07688     3.20281     2.98426     0.21854
   6.79199  -3.76821  -2.07688     2.71335     3.21253    -0.49918
   6.57458  -3.39165  -2.13412    -2.61044    -2.18149    -0.42895
   8.02532  -2.64952   1.74451     2.69766     2.09803     0.59963
   8.46014  -2.64952   1.68727     6.32341     5.68040     0.64301
   8.24273  -2.27296   1.68727     0.11295    -1.73343     1.84638
   7.80792  -3.02609   1.68727     3.38541     4.31186    -0.92645
   8.24273  -3.02609   1.68727     7.56525     7.89663    -0.33137
   8.86532  -2.64952   1.51943     9.50363     8.71218     0.79146
   8.75278  -2.22952   1.51943     3.75941     2.40670     1.35271
   8.44532  -1.92206   1.51943    -4.88767    -7.22213     2.33446
   8.02532  -3.48953   1.51943     8.69916    10.03093    -1.33177
   8.44532  -3.37699   1.51943    11.65975    12.14669    -0.48694
   8.75278  -3.06953   1.51943    12.00300    11.79323     0.20977
   9.21326  -2.64952   1.25245    12.01304    11.03020     0.98284
   9.13304  -2.22039   1.25245     6.93649     5.65787     1.27862
   8.90322  -1.84921   1.25245    -1.47276    -2.97778     1.50501
   8.13493  -3.83240   1.25245    12.35441    13.32377    -0.96936
   8.55483  -3.71292   1.25245    14.67619    15.00656    -0.33037
   8.90322  -3.44983   1.25245    15.46748    15.28606     0.18142
   9.13304  -3.07866   1.25245    14.67368    14.05834     0.61534
   9.48025  -2.64952   0.90451    13.70230    12.55286     1.14944
   9.41561  -2.22068   0.90451     9.25200     7.89881     1.35319
   9.22744  -1.82994   0.90451     2.06262     0.62049     1.44213
   8.93245  -1.51202   0.90451    -9.44402   -10.78825     1.34423
   8.13405  -4.10038   0.90451    15.12674    15.36983    -0.24309
   8.55687  -4.00387   0.90451    16.74886    16.68578     0.06308
   8.93245  -3.78703   0.90451    17.56776    17.22684     0.34091
   9.22744  -3.46911   0.90451    17.47739    16.85576     0.62163
   9.41561  -3.07837   0.90451    16.28513    15.38828     0.89685
   9.64808  -2.64952   0.49933    14.46598    13.23283     1.23314
   9.59278  -2.22952   0.49933    10.56475     9.14164     1.42311
   9.43067  -1.83815   0.49933     4.56576     2.98220     1.58356
   9.17278  -1.50206   0.49933    -4.71824    -6.35238     1.63414
   8.44532  -4.21699   0.49933    18.18648    17.40573     0.78075
   8.83670  -4.05487   0.49933    18.63452    17.92870     0.70582
   9.17278  -3.79699   0.49933    18.74057    17.99078     0.74979
   9.43067  -3.46090   0.49933    18.23982    17.36438     0.87544
   9.59278  -3.06953   0.49933    16.90134    15.85614     1.04520
   9.70532  -2.64952   0.06451    14.21560    13.02126     1.19434
   9.65254  -2.23173   0.06451    10.60868     9.20030     1.40838
   9.49752  -1.84018   0.06451     5.27673     3.57426     1.70246
   9.24999  -1.49949   0.06451    -2.56400    -4.68457     2.12056
   8.54447  -4.24730   0.06451    19.08256    17.54232     1.54024
   8.92551  -4.06800   0.06451    18.88113    17.74986     1.13128
   9.24999  -3.79956   0.06451    18.63264    17.66832     0.96432
   9.49752  -3.45887   0.06451    17.94991    16.99483     0.95508
   9.65254  -3.06732   0.06451    16.56123    15.51871     1.04252
   9.64808  -2.64952  -0.37030    12.84763    11.84108     1.00655
   9.59278  -2.22952  -0.37030     9.32228     8.06199     1.26029
   9.43067  -1.83815  -0.37030     4.26769     2.54054     1.72715
   9.17278  -1.50206  -0.37030    -2.73782    -5.34834     2.61052
   8.83670  -1.24418  -0.37030   -11.90825   -16.47798     4.56973
   8.44532  -4.21699  -0.37030    18.72488    16.30104     2.42384
   8.83670  -4.05487  -0.37030    17.86771    16.33216     1.53555
   9.17278  -3.79699  -0.37030    17.36758    16.28778     1.07980
   9.43067  -3.46090  -0.37030    16.59386    15.69649     0.89737
   9.59278  -3.06953  -0.37030    15.17945    14.29117     0.88828
   9.48025  -2.64952  -0.77549    10.20895     9.56291     0.64604
   9.41561  -2.22068  -0.77549     6.48845     5.54574     0.94271
   9.22744  -1.82994  -0.77549     1.25627    -0.37884     1.63512
   8.93245  -1.51202  -0.77549    -5.46059    -8.60994     3.14936
   8.55687  -4.00387  -0.77549    15.67205    13.42856     2.24349
   8.93245  -3.78703  -0.77549    14.85691    13.61500     1.24191
   9.22744  -3.46911  -0.77549    14.05684    13.30049     0.75635
   9.41561  -3.07837  -0.77549    12.63553    12.04712     0.58841
   9.21326  -2.64952  -1.12343     6.05484     5.97525     0.07959
   9.13304  -2.22039  -1.12343     1.87688     1.50068     0.37620
   8.90322  -1.84921  -1.12343    -3.95770    -5.22542     1.26771
   8.90322  -3.44983  -1.12343     9.92469     9.32862     0.59607
   9.13304  -3.07866  -1.12343     8.62575     8.47591     0.14984
   8.86532  -2.64952  -1.39041     0.00188     0.73977    -0.73789
   7.01988   1.49884   2.94384    -1.61270    -0.24105    -1.37165
   7.45470   1.49884   2.88660    -0.89734    -0.25410    -0.64324
   7.23729   1.87540   2.88660    -0.00565     0.10985    -0.11550
   6.80247   1.87540   2.88660    -1.49787    -0.82113    -0.67673
   6.58506   1.49884   2.88660    -3.13378    -1.41334    -1.72045
   6.80247   1.12228   2.88660    -2.87274    -0.57578    -2.29696
   7.23729   1.12228   2.88660    -2.56149    -0.80326    -1.75824
   7.85988   1.49884   2.71876    -0.80509    -0.95135     0.14625
   7.74734   1.91884   2.71876     0.98393     0.14934     0.83459
   7.43988   2.22630   2.71876     1.42696     0.37911     1.04784
   7.01988   2.33884   2.71876     0.35266    -0.39080     0.74346
   6.59988   2.22630   2.71876    -2.03815    -2.13508     0.09693
   6.29242   1.91884   2.71876    -4.83873    -4.24071    -0.59802
   7.43988   0.77138   2.71876    -4.78413    -3.25249    -1.53164
   7.74734   1.07884   2.71876    -3.25050    -2.48970    -0.76080
   8.20782   1.49884   2.45178    -1.27447    -2.07819     0.80371
   8.12760   1.92797   2.45178     1.05171    -0.40217     1.45387
   7.89778   2.29915   2.45178     2.28727     0.43883     1.84844
   7.54939   2.56224   2.45178     2.37889     0.48206     1.89683
   7.12949   2.68171   2.45178     1.29894    -0.31566     1.61461
   6.69479   2.64143   2.45178    -0.97954    -2.10221     1.12267
   6.30399   2.44684   2.45178    -4.41265    -5.05077     0.63813
   6.00987   2.12421   2.45178    -8.51217    -8.97757     0.46541
   7.89778   0.69853   2.45178    -7.80873    -7.44602    -0.36270
   8.12760   1.06971   2.45178    -4.48418    -4.57725     0.09307
   8.47480   1.49884   2.10384    -2.26907    -3.49029     1.22122
   8.41016   1.92769   2.10384     0.53589    -1.24644     1.78234
   8.22199   2.31843   2.10384     2.24523     0.04235     2.20287
   7.92701   2.63634   2.10384     2.94741     0.55938     2.38804
   7.55142   2.85319   2.10384     2.67194     0.36204     2.30990
   7.12861   2.94969   2.10384     1.38680    -0.62170     2.00849
   6.69613   2.91728   2.10384    -1.01908    -2.61483     1.59575
   6.29242   2.75884   2.10384    -4.76154    -6.02653     1.26499
   5.95335   2.48844   2.10384   -10.09977   -11.43035     1.33059
   8.22199   0.67925   2.10384   -11.43448   -11.96969     0.53521
   8.41016   1.06999   2.10384    -6.28827    -6.98171     0.69343
   8.64264   1.49884   1.69866    -3.72050    -5.07768     1.35718
   8.58734   1.91884   1.69866    -0.46749    -2.26426     1.79677
   8.42523   2.31022   1.69866     1.58885    -0.58493     2.17378
   8.16734   2.64630   1.69866     2.66252     0.26905     2.39347
   7.83126   2.90419   1.69866     2.84450     0.43412     2.41038
   7.43988   3.06630   1.69866     2.14420    -0.08774     2.23194
   7.01988   3.12160   1.69866     0.48946    -1.43278     1.92224
   6.59988   3.06630   1.69866    -2.31865    -3.92513     1.60648
   6.20850   2.90419   1.69866    -6.70494    -8.19190     1.48696
   8.58734   1.07884   1.69866    -8.58119    -9.59020     1.00901
   8.69988   1.49884   1.26384    -5.48757    -6.70893     1.22136
   8.64710   1.91664   1.26384    -1.74134    -3.25548     1.51414
   8.49208   2.30819   1.26384     0.59237    -1.21527     1.80764
   8.24455   2.64888   1.26384     1.85743    -0.13563     1.99305
   7.92007   2.91731   1.26384     2.20256     0.18798     2.01457
   7.53903   3.09661   1.26384     1.66290    -0.20699     1.86989
   7.12537   3.17552   1.26384     0.17508    -1.43903     1.61410
   6.70508   3.14908   1.26384    -2.46423    -3.83547     1.37124
   6.30457   3.01895   1.26384    -6.73569    -8.08500     1.34932
   8.64710   1.08104   1.26384   -11.38177   -12.47751     1.09574
   8.64264   1.49884   0.82903    -7.30860    -8.17913     0.87052
   8.58734   1.91884   0.82903    -3.09864    -4.05415     0.95551
   8.42523   2.31022   0.82903    -0.58860    -1.71195     1.12334
   8.16734   2.64630   0.82903     0.69967    -0.52745     1.22712
   7.83126   2.90419   0.82903     0.96009    -0.23634     1.19643
   7.43988   3.06630   0.82903     0.22904    -0.80464     1.03368
   7.01988   3.12160   0.82903    -1.59262    -2.41716     0.82454
   6.59988   3.06630   0.82903    -4.82053    -5.57591     0.75538
   6.20850   2.90419   0.82903   -10.21083   -11.39355     1.18272
   8.58734   1.07884   0.82903   -14.28400   -15.43489     1.15089
   8.47480   1.49884   0.42384    -8.76819    -9.16624     0.39805
   8.41016   1.92769   0.42384    -4.26142    -4.42839     0.16697
   8.22199   2.31843   0.42384    -1.77648    -1.93916     0.16268
   7.92701   2.63634   0.42384    -0.74046    -0.88441     0.14395
   7.55142   2.85319   0.42384    -0.95444    -0.98296     0.02852
   7.12861   2.94969   0.42384    -2.44101    -2.31862    -0.12239
   6.69613   2.91728   0.42384    -5.47377    -5.39748    -0.07628
   6.29242   2.75884   0.42384   -10.76618   -11.48336     0.71718
   8.20782   1.49884   0.07590    -9.30471    -9.23242    -0.07229
   8.12760   1.92797   0.07590    -5.05271    -4.29697    -0.75573
   7.89778   2.29915   0.07590    -2.97816    -2.00526    -0.97290
   7.54939   2.56224   0.07590    -2.60479    -1.49450    -1.11030
   7.12949   2.68171   0.07590    -3.81589    -2.63372    -1.18216
   6.69479   2.64143   0.07590    -6.77397    -5.93471    -0.83926
   7.43988   2.22630  -0.19108    -4.11521    -2.17484    -1.94037
  -7.93447  -3.22025  -0.12278    -1.97101    -3.31825     1.34725
  -7.62966  -3.51000  -0.12278    -3.93950    -4.60769     0.66818
  -7.27277  -3.73245  -0.12278    -4.06940    -4.66998     0.60058
  -6.87840  -3.87851  -0.12278    -2.55459    -3.60785     1.05326
  -6.46270  -3.94219  -0.12278     0.38906    -1.46232     1.85138
  -6.04269  -3.92089  -0.12278     4.50113     1.73293     2.76820
  -5.63556  -3.81548  -0.12278     9.48167     5.90881     3.57286
  -5.25799  -3.63027  -0.12278    14.98932    10.91586     4.07346
  -4.92543  -3.37285  -0.12278    20.60804    16.49212     4.11592
  -8.36198  -2.89982  -0.50193    -5.79129    -7.71142     1.92013
  -8.13018  -3.26051  -0.50193    -8.78890    -9.25015     0.46126
  -7.83431  -3.57082  -0.50193   -10.29931    -9.85766    -0.44166
  -7.48506  -3.81952  -0.50193   -10.31375    -9.56824    -0.74550
  -7.09505  -3.99763  -0.50193    -8.85228    -8.36014    -0.49213
  -6.67838  -4.09871  -0.50193    -6.00652    -6.19052     0.18399
  -6.25011  -4.11911  -0.50193    -1.93649    -3.01610     1.07961
  -5.82573  -4.05809  -0.50193     3.15324     1.18216     1.97108
  -5.42055  -3.91786  -0.50193     9.01982     6.35896     2.66086
  -8.48690  -2.89190  -0.90603   -12.08332   -13.01125     0.92793
  -8.26957  -3.25565  -0.90603   -13.97589   -13.50397    -0.47192
  -7.99078  -3.57475  -0.90603   -15.02069   -13.56186    -1.45884
  -7.65949  -3.83895  -0.90603   -14.93284   -13.01436    -1.91848
  -7.28635  -4.03974  -0.90603   -13.58746   -11.74218    -1.84528
  -6.88336  -4.17068  -0.90603   -10.97514    -9.64528    -1.32986
  -6.46346  -4.22756  -0.90603    -7.16930    -6.63307    -0.53623
  -6.04016  -4.20855  -0.90603    -2.29292    -2.62943     0.33651
  -5.62705  -4.11426  -0.90603     3.50401     2.40439     1.09962
  -8.61269  -2.68725  -1.32278   -15.81073   -16.47982     0.66909
  -8.43588  -3.06640  -1.32278   -16.89193   -16.21903    -0.67290
  -8.19593  -3.40909  -1.32278   -17.80558   -16.00610    -1.79949
  -7.90011  -3.70491  -1.32278   -17.99007   -15.47201    -2.51806
  -7.55742  -3.94486  -1.32278   -17.14983   -14.40071    -2.74913
  -7.17827  -4.12166  -1.32278   -15.15812   -12.64108    -2.51704
  -6.77418  -4.22994  -1.32278   -11.99798   -10.06893    -1.92905
  -6.35742  -4.26640  -1.32278    -7.72401    -6.57286    -1.15115
  -5.94067  -4.22994  -1.32278    -2.42344    -2.05818    -0.36526
  -5.53658  -4.12166  -1.32278     3.79832     3.52738     0.27093
  -8.63579  -2.49519  -1.73954   -17.81750   -18.23565     0.41815
  -8.48690  -2.89190  -1.73954   -18.25676   -17.48541    -0.77135
  -8.26957  -3.25565  -1.73954   -18.93886   -17.06763    -1.87124
  -7.99078  -3.57475  -1.73954   -19.13339   -16.48153    -2.65186
  -7.65949  -3.83895  -1.73954   -18.42431   -15.43210    -2.99221
  -7.28635  -4.03974  -1.73954   -16.60139   -13.72138    -2.88001
  -6.88336  -4.17068  -1.73954   -13.59374   -11.19447    -2.39927
  -6.46346  -4.22756  -1.73954    -9.41829    -7.71503    -1.70326
  -6.04016  -4.20855  -1.73954    -4.13843    -3.16289    -0.97554
  -5.62705  -4.11426  -1.73954     2.16742     2.54347    -0.37605
  -8.60247  -2.08078  -2.14363   -17.61482   -18.31007     0.69525
  -8.52133  -2.50178  -2.14363   -17.40398   -17.24272    -0.16125
  -8.36198  -2.89982  -2.14363   -17.99760   -16.83338    -1.16422
  -8.13018  -3.26051  -2.14363   -18.50839   -16.47093    -2.03746
  -7.83431  -3.57082  -2.14363   -18.34524   -15.76074    -2.58450
  -7.48506  -3.81952  -2.14363   -17.15548   -14.44169    -2.71379
  -7.09505  -3.99763  -2.14363   -14.76655   -12.32213    -2.44442
  -6.67838  -4.09871  -2.14363   -11.13704    -9.24313    -1.89391
  -6.25011  -4.11911  -2.14363    -6.30271    -5.06596    -1.23675
  -5.82573  -4.05809  -2.14363    -0.33823     0.31329    -0.65151
  -4.65150  -0.67904  -2.52278    22.77295    21.80935     0.96360
  -4.92543  -0.35995  -2.52278    20.29240    18.83144     1.46096
  -8.42522  -2.07668  -2.52278   -14.16791   -14.47355     0.30564
  -8.34056  -2.48862  -2.52278   -15.00940   -14.64621    -0.36319
  -8.17472  -2.87508  -2.52278   -15.92368   -14.81639    -1.10730
  -7.93447  -3.22025  -2.52278   -16.36106   -14.65889    -1.70216
  -7.62966  -3.51000  -2.52278   -15.90799   -13.91466    -1.99333
  -7.27277  -3.73245  -2.52278   -14.31349   -12.38565    -1.92784
  -6.87840  -3.87851  -2.52278   -11.47087    -9.91226    -1.55861
  -6.46270  -3.94219  -2.52278    -7.38328    -6.36108    -1.02220
  -6.04269  -3.92089  -2.52278    -2.12475    -1.63513    -0.48961
  -4.94905  -0.68463  -2.86547    20.45995    19.76700     0.69295
  -8.08506  -2.49521  -2.86547   -11.42318   -11.15341    -0.26978
  -7.89347  -2.87668  -2.86547   -12.60855   -11.86122    -0.74733
  -7.61908  -3.20368  -2.86547   -12.78488   -11.75863    -1.02625
  -7.27668  -3.45860  -2.86547   -11.67858   -10.67558    -1.00300
  -6.88471  -3.62767  -2.86547    -9.16101    -8.46502    -0.69599
  -6.46432  -3.70180  -2.86547    -5.24472    -5.01357    -0.23115
  -6.03817  -3.67698  -2.86547    -0.06150    -0.27439     0.21289
  -5.03932  -1.06484  -3.16129    20.29428    19.70398     0.59030
  -7.77240  -2.48101  -3.16129    -7.12914    -7.27193     0.14280
  -7.55411  -2.83998  -3.16129    -8.31450    -8.26755    -0.04695
  -7.24706  -3.12673  -3.16129    -7.99384    -7.97084    -0.02300
  -6.87404  -3.32002  -3.16129    -6.05860    -6.29381     0.23521
  -6.46270  -3.40550  -3.16129    -2.56149    -3.18727     0.62578
  -6.04355  -3.37683  -3.16129     2.26594     1.28747     0.97846
  -5.64769  -3.23613  -3.16129     7.98569     6.83199     1.15369
  -5.22979  -1.45598  -3.40124    18.98530    17.98751     0.99779
  -7.27668  -2.63775  -3.40124    -3.22289    -3.99515     0.77226
  -6.95742  -2.90563  -3.40124    -2.82693    -3.77790     0.95097
  -6.56580  -3.04817  -3.40124    -0.40976    -1.68348     1.27372
  -6.14905  -3.04817  -3.40124     3.68034     2.09905     1.58130
  -5.75742  -2.90563  -3.40124     8.73493     7.02622     1.70871
  -5.53658  -1.86640  -3.57805    15.94627    14.30179     1.64448
  -6.76785  -2.57728  -3.57805     2.13039     0.53636     1.59403
  -6.35742  -2.68725  -3.57805     4.63039     2.73141     1.89898
  -5.94700  -2.57728  -3.57805     8.97966     6.93603     2.04363
  -5.64655  -2.27683  -3.57805    13.28626    11.36885     1.91741
  -6.14905  -2.22732  -3.68632     9.87637     7.78399     2.09239
  -7.71241  -3.17640   0.37582     9.01480     7.89878     1.11602
  -5.50535   2.30375   0.60505     8.70795     6.98026     1.72769
  -5.92525   2.24687   0.60505     8.58935     8.71801    -0.12866
  -6.70138   1.91514   0.60505     7.97063     9.65156    -1.68094
  -7.03267   1.65095   0.60505     8.08671     9.64047    -1.55376
  -6.94200   1.78110   0.18830     5.89545     7.30181    -1.40636
  -2.40661  -2.37838   0.19265    23.03148    24.13717    -1.10569
  -4.05534  -2.90104  -0.22410    26.48467    27.36878    -0.88412
  -3.63204  -2.88203  -0.22410    24.68685    27.20954    -2.52269
  -3.21893  -2.78774  -0.22410    23.60000    26.65107    -3.05107
  -2.82930  -2.62120  -0.22410    23.18710    25.96198    -2.77488
  -2.47566  -2.38777  -0.22410    23.41865    25.30381    -1.88515
  -2.16939  -2.09494  -0.22410    24.36682    24.84976    -0.48294
  -2.83387   0.85186   3.34278    -0.66202     2.08610    -2.74813
  -2.41655   0.85186   3.31151     0.48820     2.09867    -1.61047
  -2.62521   1.21327   3.31151    -1.11697     1.57284    -2.68981
  -3.04253   1.21327   3.31151    -1.91328     1.57886    -3.49214
  -3.25119   0.85186   3.31151    -0.64759     2.64183    -3.28942
  -3.04253   0.49045   3.31151     0.94377     3.30400    -2.36022
  -2.62521   0.49045   3.31151     1.31275     2.78153    -1.46878
  -2.00856   0.85186   3.21839     2.72025     2.74127    -0.02102
  -2.11913   1.26452   3.21839     1.40750     2.44407    -1.03657
  -2.42121   1.56661   3.21839    -0.43737     1.77481    -2.21219
  -2.83387   1.67718   3.21839    -2.04129     1.15088    -3.19217
  -3.24653   1.56661   3.21839    -2.47741     1.20429    -3.68170
  -3.54862   1.26452   3.21839    -1.42570     2.20274    -3.62844
  -3.65919   0.85186   3.21839     0.56664     3.76086    -3.19422
  -3.54862   0.43920   3.21839     2.47678     4.98268    -2.50590
  -3.24653   0.13712   3.21839     3.65713     5.23718    -1.58006
  -2.83387   0.02655   3.21839     4.09764     4.64939    -0.55175
  -2.42121   0.13712   3.21839     4.01104     3.76604     0.24500
  -2.11913   0.43920   3.21839     3.52409     3.05105     0.47304
  -1.61900   0.85186   3.06549     5.93875     4.16219     1.77656
  -1.69226   1.26737   3.06549     5.12926     4.32699     0.80227
  -1.90322   1.63277   3.06549     3.50276     3.79136    -0.28860
  -2.22644   1.90397   3.06549     1.30961     2.71459    -1.40498
  -2.62291   2.04828   3.06549    -0.78188     1.60990    -2.39178
  -3.04483   2.04828   3.06549    -2.16805     0.91262    -3.08067
  -3.44131   1.90397   3.06549    -2.43474     0.93080    -3.36554
  -3.76452   1.63277   3.06549    -1.45833     1.81647    -3.27480
  -3.97548   1.26737   3.06549     0.53527     3.48113    -2.94586
  -4.04875   0.85186   3.06549     2.97063     5.49013    -2.51950
  -3.97548   0.43635   3.06549     5.12926     7.16489    -2.03562
  -3.76452   0.07096   3.06549     6.59889     8.00484    -1.40595
  -3.44131  -0.20025   3.06549     7.37888     7.92871    -0.54983
  -3.04483  -0.34456   3.06549     7.64620     7.17723     0.46898
  -2.62291  -0.34456   3.06549     7.62612     6.17385     1.45228
  -2.22644  -0.20025   3.06549     7.43536     5.22541     2.20995
  -1.90322   0.07096   3.06549     6.99673     4.40109     2.59564
  -1.69226   0.43635   3.06549     6.43448     3.97388     2.46060
  -1.71856   1.96718   2.85625     6.72063     6.08682     0.63380
  -2.04522   2.21784   2.85625     4.01104     4.41903    -0.40799
  -2.42564   2.37541   2.85625     1.47653     2.81470    -1.33817
  -2.83387   2.42916   2.85625    -0.54405     1.53490    -2.07895
  -3.24211   2.37541   2.85625    -1.74197     0.78795    -2.52992
  -3.62252   2.21784   2.85625    -1.90763     0.73939    -2.64702
  -3.94919   1.96718   2.85625    -0.97578     1.50057    -2.47634
  -4.19985   1.64051   2.85625     0.97076     3.10067    -2.12991
  -4.35742   1.26010   2.85625     3.66215     5.39571    -1.73357
  -4.41117   0.85186   2.85625     6.55371     7.94640    -1.39269
  -4.35742   0.44363   2.85625     8.97213    10.10327    -1.13114
  -4.19985   0.06321   2.85625    10.59864    11.41835    -0.81972
  -3.94919  -0.26346   2.85625    11.54680    11.83948    -0.29268
  -3.62252  -0.51412   2.85625    11.99610    11.47336     0.52274
  -3.24211  -0.67169   2.85625    12.03438    10.49513     1.53924
  -2.83387  -0.72543   2.85625    11.84173     9.27817     2.56356
  -2.42564  -0.67169   2.85625    11.73192     8.25469     3.47722
  -1.31032   0.44363   2.85625    10.06776     5.66296     4.40480
  -1.94180   2.53450   2.59533     6.98042     6.53129     0.44913
  -2.32437   2.68693   2.59533     3.98531     4.36480    -0.37948
  -2.73077   2.75355   2.59533     1.49034     2.56546    -1.07513
  -3.14198   2.73126   2.59533    -0.26544     1.27887    -1.54431
  -3.53880   2.62108   2.59533    -1.08120     0.63636    -1.71756
  -3.90264   2.42818   2.59533    -0.85906     0.74213    -1.60119
  -4.21652   2.16157   2.59533     0.41729     1.68927    -1.27198
  -4.46574   1.83373   2.59533     2.71837     3.55527    -0.83690
  -4.63866   1.45997   2.59533     5.94503     6.32479    -0.37976
  -4.46574  -0.13000   2.59533    16.32591    16.30058     0.02533
  -2.73077  -1.04983   2.59533    16.37361    12.11677     4.25684
  -1.92448   2.84316   2.28855     9.81613     8.76544     1.05069
  -2.31777   2.97928   2.28855     6.36734     5.99059     0.37675
  -2.72971   3.03851   2.28855     3.43310     3.65511    -0.22200
  -3.14542   3.01871   2.28855     1.28200     1.90768    -0.62568
  -3.54987   2.92059   2.28855     0.10166     0.85238    -0.75073
  -3.92844   2.74770   2.28855    -0.03326     0.55853    -0.59179
  -4.26745   2.50630   2.28855     0.88667     1.10341    -0.21674
  -4.55464   2.20509   2.28855     2.86897     2.60534     0.26364
  -4.77965   1.85498   2.28855     6.00715     5.22711     0.78004
  -1.92974   3.10187   1.94278    13.05471    11.55314     1.50157
  -2.32300   3.22231   1.94278     9.03488     8.03849     0.99640
  -2.73096   3.27455   1.94278     5.56601     5.06488     0.50113
  -3.14187   3.25709   1.94278     2.97816     2.80588     0.17228
  -3.54393   3.17044   1.94278     1.42005     1.31833     0.10173
  -3.92556   3.01709   1.94278     0.91805     0.61400     0.30404
  -4.27578   2.80145   1.94278     1.44327     0.72212     0.72115
  -4.58452   2.52973   1.94278     2.97000     1.73192     1.23808
  -4.84290   2.20973   1.94278     5.57166     3.83062     1.74103
  -1.65057   3.17422   1.56574    20.99270    19.05965     1.93305
  -2.02844   3.33074   1.56574    15.78061    14.06552     1.71508
  -2.42613   3.42622   1.56574    10.85152     9.55514     1.29638
  -2.83387   3.45831   1.56574     6.84738     5.94498     0.90241
  -3.24161   3.42622   1.56574     4.00728     3.31073     0.69655
  -3.63931   3.33074   1.56574     2.34814     1.59141     0.75673
  -4.01717   3.17422   1.56574     1.80095     0.71950     1.08145
  -4.36590   2.96052   1.56574     2.27660     0.67786     1.59874
  -4.67691   2.69490   1.56574     3.70168     1.53098     2.17069
  -4.94253   2.38389   1.56574     6.10127     3.46378     2.63750
  -1.91116   3.42098   1.16584    22.27345    20.36107     1.91238
  -2.31414   3.53173   1.16584    15.25162    13.70052     1.55110
  -2.72931   3.57966   1.16584     9.75464     8.59033     1.16430
  -3.14694   3.56365   1.16584     5.90549     4.95396     0.95153
  -3.55722   3.48408   1.16584     3.55735     2.54049     1.01686
  -3.95055   3.34281   1.16584     2.52071     1.14645     1.37426
  -4.31770   3.14316   1.16584     2.62299     0.66448     1.95851
  -4.65008   2.88980   1.16584     3.71611     1.09339     2.62272
  -4.93988   2.58867   1.16584     5.70281     2.55691     3.14589
  -2.21256   3.57403   0.75203    19.94978    18.46724     1.48254
  -2.62521   3.63623   0.75203    12.64934    11.57837     1.07097
  -3.04253   3.63623   0.75203     7.69515     6.85688     0.83827
  -3.45519   3.57403   0.75203     4.62537     3.73317     0.89220
  -3.85397   3.45102   0.75203     3.08044     1.82033     1.26012
  -4.22996   3.26995   0.75203     2.79304     0.90345     1.88960
  -4.57476   3.03487   0.75203     3.55359     0.90652     2.64706
  -4.88068   2.75102   0.75203     5.18637     1.88073     3.30564
  -5.14087   2.42475   0.75203     7.56965     4.01918     3.55046
  -2.21256   3.57403   0.33354    21.61080    20.59700     1.01380
  -2.62521   3.63623   0.33354    13.34462    12.78419     0.56043
  -3.04253   3.63623   0.33354     7.95557     7.60164     0.35392
  -3.45519   3.57403   0.33354     4.69879     4.22744     0.47135
  -3.85397   3.45102   0.33354     3.09174     2.16481     0.92693
  -4.22996   3.26995   0.33354     2.81124     1.14980     1.66144
  -4.57476   3.03487   0.33354     3.61571     1.08414     2.53157
  -4.88068   2.75102   0.33354     5.30873     2.00985     3.29888
  -5.14087   2.42475   0.33354     7.74598     4.11412     3.63185
  -2.31414   3.53173  -0.08028    18.64958    18.51860     0.13098
  -2.72931   3.57966  -0.08028    11.20669    11.50508    -0.29839
  -3.14694   3.56365  -0.08028     6.44452     6.84097    -0.39645
  -3.55722   3.48408  -0.08028     3.71486     3.83393    -0.11908
  -3.95055   3.34281  -0.08028     2.58722     2.06827     0.51895
  -4.31770   3.14316  -0.08028     2.76543     1.33656     1.42887
  -4.65008   2.88980  -0.08028     4.03489     1.59495     2.43994
  -4.93988   2.58867  -0.08028     6.27133     2.96249     3.30884
  -2.42613   3.42622  -0.48017    14.29467    15.23108    -0.93641
  -2.83387   3.45831  -0.48017     8.41867     9.71414    -1.29547
  -3.24161   3.42622  -0.48017     4.65110     5.91764    -1.26654
  -3.63931   3.33074  -0.48017     2.63366     3.46518    -0.83152
  -4.01717   3.17422  -0.48017     2.07768     2.10720    -0.02952
  -4.36590   2.96052  -0.48017     2.77045     1.73556     1.03490
  -4.67691   2.69490  -0.48017     4.59839     2.39104     2.20735
  -2.32300   3.22231  -0.85722    13.24108    14.91101    -1.66993
  -2.73096   3.27455  -0.85722     7.74535     9.93951    -2.19416
  -3.14187   3.25709  -0.85722     4.06250     6.31524    -2.25275
  -3.54393   3.17044  -0.85722     2.07392     3.91198    -1.83806
  -3.92556   3.01709  -0.85722     1.59450     2.58569    -0.99118
  -4.27578   2.80145  -0.85722     2.46862     2.27884     0.18978
  -4.58452   2.52973  -0.85722     4.66428     3.07544     1.58884
  -2.31777   2.97928  -1.20299    10.80383    13.11510    -2.31127
  -2.72971   3.03851  -1.20299     5.96887     8.97472    -3.00585
  -3.14542   3.01871  -1.20299     2.82881     5.89994    -3.07113
  -3.54987   2.92059  -1.20299     1.34350     3.90825    -2.56476
  -3.92844   2.74770  -1.20299     1.41064     2.97066    -1.56002
  -4.26745   2.50630  -1.20299     2.94867     3.11733    -0.16866
  -2.73077   2.75355  -1.50976     4.73456     8.28972    -3.55516
  -3.14198   2.73126  -1.50976     2.08019     5.72430    -3.64410
  -3.53880   2.62108  -1.50976     1.10504     4.16638    -3.06133
  -3.90264   2.42818  -1.50976     1.73067     3.65653    -1.92586
  -4.21652   2.16157  -1.50976     3.89746     4.27237    -0.37491
  -2.42564   2.37541  -1.77069     7.27033    10.32399    -3.05367
  -2.83387   2.42916  -1.77069     3.49774     7.38717    -3.88943
  -3.24211   2.37541  -1.77069     1.69616     5.46172    -3.76556
  -3.62252   2.21784  -1.77069     1.72251     4.61958    -2.89707
  -3.94919   1.96718  -1.77069     3.44816     4.93108    -1.48291
  -4.19985   1.64051  -1.77069     6.66541     6.42228     0.24313
  -2.62291   2.04828  -1.97993     5.36709     8.86945    -3.50236
  -3.04483   2.04828  -1.97993     2.89219     6.68239    -3.79020
  -3.44131   1.90397  -1.97993     2.68072     5.76348    -3.08276
  -3.76452   1.63277  -1.97993     4.52246     6.21277    -1.69031
  -3.97548   1.26737  -1.97993     7.87211     7.93625    -0.06414
  -4.04875   0.85186  -1.97993    11.82730    10.55269     1.27461
  -2.00856   0.85186  -2.13282    14.99308    15.87499    -0.88191
  -2.42121   1.56661  -2.13282     8.25049    10.85302    -2.60252
  -2.83387   1.67718  -2.13282     4.97239     8.29485    -3.32246
  -3.24653   1.56661  -2.13282     4.32605     7.19435    -2.86830
  -3.54862   1.26452  -2.13282     6.36232     7.89349    -1.53117
  -3.65919   0.85186  -2.13282    10.00187    10.10923    -0.10735
  -3.54862   0.43920  -2.13282    13.89745    13.08193     0.81552
  -2.42121   0.13712  -2.13282    17.41213    16.62213     0.79000
  -2.11913   0.43920  -2.13282    16.45393    16.60043    -0.14650
  -2.41655   0.85186  -2.22594    11.56500    12.86064    -1.29564
  -2.62521   1.21327  -2.22594     8.20469    10.50726    -2.30257
  -3.04253   1.21327  -2.22594     6.69176     8.96178    -2.27002
  -3.25119   0.85186  -2.22594     9.27773    10.26252    -0.98479
  -3.04253   0.49045  -2.22594    12.64432    12.72456    -0.08024
  -2.62521   0.49045  -2.22594    13.36093    13.64774    -0.28681
  -2.83387   0.85186  -2.25722     9.73769    11.10370    -1.36601
  -7.27564   1.58253   0.92884     6.62964     7.92742    -1.29779
  -7.70002   1.64355   0.92884     0.05961     0.74087    -0.68126
  -8.12829   1.62315   0.92884    -6.51920    -6.36171    -0.15749
  -8.12829  -2.84147   0.92884    19.13653    19.72624    -0.58971
  -7.07696   1.63870   0.52474     7.52007     8.96473    -1.44466
  -7.49007   1.73299   0.52474     1.32718     2.09492    -0.76774
  -7.91337   1.75200   0.52474    -5.05271    -4.77570    -0.27700
  -9.10940  -2.58170   0.52474     3.13566     2.57119     0.56447
  -8.73626  -2.78250   0.52474     7.78928     7.07902     0.71026
  -8.33327  -2.91344   0.52474    11.35478    10.58824     0.76655
  -7.39058   1.75438   0.10799    -0.19578     0.70398    -0.89976
 -10.06260  -1.43001   0.10799   -16.38804   -17.78961     1.40158
  -9.88579  -1.80916   0.10799   -11.22928   -12.54833     1.31905
  -9.64584  -2.15185   0.10799    -6.22803    -7.53752     1.30949
  -9.35002  -2.44767   0.10799    -1.71185    -3.10077     1.38892
  -9.00733  -2.68762   0.10799     1.94528     0.43186     1.51342
  -8.62818  -2.86442   0.10799     4.39257     2.75206     1.64050
  -8.22409  -2.97270   0.10799     5.42105     3.60077     1.82029
  -9.71948  -1.99841  -0.30877   -10.01568   -11.63255     1.61687
  -9.44069  -2.31751  -0.30877    -5.72038    -7.47519     1.75481
  -9.10940  -2.58170  -0.30877    -2.62299    -4.53084     1.90785
  -8.73626  -2.78250  -0.30877    -1.19980    -3.24013     2.04033
  -8.33327  -2.91344  -0.30877    -2.00552    -4.16069     2.15517
  -9.58009  -2.00327  -0.71286   -12.35190   -13.99482     1.64292
  -9.28422  -2.31357  -0.71286    -8.55484   -10.40680     1.85197
  -8.93497  -2.56227  -0.71286    -6.76330    -8.78959     2.02629
  -8.54496  -2.74038  -0.71286    -7.88968    -9.92576     2.03608
  -9.07957  -2.25275  -1.09201   -12.50124   -14.31642     1.81517
  -8.72268  -2.47521  -1.09201   -12.46297   -14.37624     1.91327
  -8.48295   1.68132   0.55552   -13.20154   -13.41660     0.21505
  -8.89169   1.60925   0.55552   -18.01141   -18.36123     0.34983
  -9.27279   1.44486   0.55552   -21.80658   -22.26304     0.45646
  -9.60571   1.19701   0.55552   -24.68371   -25.27721     0.59350
  -9.87249   0.87907   0.55552   -26.67794   -27.49584     0.81790
  -7.75938   1.80381   0.20408    -5.24786    -4.72788    -0.51998
  -8.16941   1.89097   0.20408   -10.96949   -10.69695    -0.27254
  -8.58861   1.89097   0.20408   -15.68397   -15.52792    -0.15605
  -8.99864   1.80381   0.20408   -19.55194   -19.40752    -0.14443
  -9.38159   1.63331   0.20408   -22.66125   -22.47069    -0.19056
  -9.72073   1.38691   0.20408   -25.03763   -24.80871    -0.22892
 -10.00122   1.07539   0.20408   -26.67041   -26.47428    -0.19612
 -10.21082   0.71236   0.20408   -27.52884   -27.48274    -0.04610
 -10.34036   0.31368   0.20408   -27.57779   -27.80915     0.23136
 -10.38418  -0.10322   0.20408   -26.77395   -27.38189     0.60794
 -10.34036  -0.52011   0.20408   -25.04892   -26.07226     1.02333
  -7.55452   1.88727  -0.18137    -5.44615    -4.75523    -0.69092
  -7.95869   2.00988  -0.18137   -10.71347   -10.29791    -0.41556
  -8.37901   2.05127  -0.18137   -15.11106   -14.84062    -0.27043
  -8.79933   2.00988  -0.18137   -18.79579   -18.54189    -0.25390
  -9.20350   1.88727  -0.18137   -21.85553   -21.51512    -0.34040
  -9.57598   1.68818  -0.18137   -24.31725   -23.83988    -0.47736
  -9.90246   1.42024  -0.18137   -26.16903   -25.56828    -0.60075
 -10.17040   1.09375  -0.18137   -27.37761   -26.72779    -0.64982
 -10.36950   0.72127  -0.18137   -27.90158   -27.32199    -0.57960
 -10.49210   0.31711  -0.18137   -27.70454   -27.32976    -0.37479
 -10.53350  -0.10322  -0.18137   -26.75638   -26.70380    -0.05258
 -10.49210  -0.52354  -0.18137   -25.02320   -25.36944     0.34624
 -10.36950  -0.92770  -0.18137   -22.45417   -23.22617     0.77200
 -10.17040  -1.30019  -0.18137   -18.96208   -20.15663     1.19455
  -7.45245   1.92567  -0.58769    -6.78275    -6.25459    -0.52816
  -7.85316   2.06436  -0.58769   -11.61708   -11.30637    -0.31071
  -8.27288   2.12470  -0.58769   -15.62875   -15.47022    -0.15853
  -8.69644   2.10453  -0.58769   -19.01103   -18.89016    -0.12087
  -9.10852   2.00456  -0.58769   -21.85678   -21.66215    -0.19464
  -9.49423   1.82841  -0.58769   -24.19865   -23.85265    -0.34600
  -9.83964   1.58244  -0.58769   -26.02533   -25.50678    -0.51854
 -10.13226   1.27555  -0.58769   -27.30231   -26.65167    -0.65064
 -10.36151   0.91883  -0.58769   -27.98881   -27.29790    -0.69091
 -10.51911   0.52517  -0.58769   -28.04967   -27.44040    -0.60927
 -10.59936   0.10880  -0.58769   -27.46170   -27.05898    -0.40272
 -10.59936  -0.31523  -0.58769   -26.21546   -26.12027    -0.09520
 -10.51911  -0.73160  -0.58769   -24.31035   -24.58222     0.27188
 -10.36151  -1.12526  -0.58769   -21.75136   -22.40456     0.65320
 -10.13226  -1.48198  -0.58769   -18.54416   -19.57060     1.02644
  -9.83964  -1.78887  -0.58769   -14.71384   -16.13005     1.41621
  -7.45245   1.92567  -1.00106    -8.87236    -8.62017    -0.25219
  -7.85316   2.06436  -1.00106   -13.23731   -13.14100    -0.09631
  -8.27288   2.12470  -1.00106   -16.82918   -16.88298     0.05381
  -8.69644   2.10453  -1.00106   -19.85064   -19.96462     0.11398
  -9.10852   2.00456  -1.00106   -22.39644   -22.46342     0.06697
  -9.49423   1.82841  -1.00106   -24.49483   -24.43281    -0.06202
  -9.83964   1.58244  -1.00106   -26.13389   -25.90946    -0.22443
 -10.13226   1.27555  -1.00106   -27.27784   -26.91631    -0.36153
 -10.36151   0.91883  -1.00106   -27.88966   -27.46418    -0.42547
 -10.51911   0.52517  -1.00106   -27.93672   -27.55334    -0.38338
 -10.59936   0.10880  -1.00106   -27.40585   -27.17521    -0.23064
 -10.59936  -0.31523  -1.00106   -26.30332   -26.31625     0.01293
 -10.51911  -0.73160  -1.00106   -24.65673   -24.96504     0.30830
 -10.36151  -1.12526  -1.00106   -22.51253   -23.12586     0.61333
 -10.13226  -1.48198  -1.00106   -19.94539   -20.84425     0.89886
  -9.83964  -1.78887  -1.00106   -17.08269   -18.25386     1.17117
  -9.49423  -2.03484  -1.00106   -14.17293   -15.66401     1.49108
  -7.18204   1.68818  -1.40738    -6.70306    -6.67573    -0.02733
  -7.55452   1.88727  -1.40738   -11.50099   -11.44305    -0.05794
  -7.95869   2.00988  -1.40738   -15.30747   -15.41955     0.11208
  -8.37901   2.05127  -1.40738   -18.43999   -18.72072     0.28073
  -8.79933   2.00988  -1.40738   -21.06173   -21.42817     0.36644
  -9.20350   1.88727  -1.40738   -23.24797   -23.59934     0.35136
  -9.57598   1.68818  -1.40738   -25.01504   -25.27505     0.26002
  -9.90246   1.42024  -1.40738   -26.34348   -26.48366     0.14019
 -10.17040   1.09375  -1.40738   -27.19752   -27.24311     0.04559
 -10.36950   0.72127  -1.40738   -27.54453   -27.56279     0.01826
 -10.49210   0.31711  -1.40738   -27.36632   -27.44574     0.07943
 -10.53350  -0.10322  -1.40738   -26.66727   -26.89251     0.22524
 -10.49210  -0.52354  -1.40738   -25.48002   -25.90782     0.42780
 -10.36950  -0.92770  -1.40738   -23.86419   -24.51269     0.64850
 -10.17040  -1.30019  -1.40738   -21.91577   -22.76576     0.84999
  -9.90246  -1.62667  -1.40738   -19.78537   -20.80149     1.01611
  -9.57598  -1.89461  -1.40738   -17.72840   -18.89873     1.17033
  -9.20350  -2.09370  -1.40738   -16.23053   -17.60923     1.37870
  -8.79933  -2.21631  -1.40738   -16.26881   -18.01452     1.74571
  -7.03729   1.38691  -1.79283    -5.31626    -5.42699     0.11073
  -7.37643   1.63331  -1.79283   -10.36332   -10.28150    -0.08182
  -7.75938   1.80381  -1.79283   -14.35867   -14.41647     0.05780
  -8.16941   1.89097  -1.79283   -17.58219   -17.87685     0.29466
  -8.58861   1.89097  -1.79283   -20.23153   -20.72677     0.49524
  -8.99864   1.80381  -1.79283   -22.41715   -23.02040     0.60325
  -9.38159   1.63331  -1.79283   -24.18233   -24.79917     0.61684
  -9.72073   1.38691  -1.79283   -25.52269   -26.09356     0.57087
 -10.00122   1.07539  -1.79283   -26.41062   -26.92498     0.51436
 -10.21082   0.71236  -1.79283   -26.81662   -27.30784     0.49122
 -10.34036   0.31368  -1.79283   -26.72626   -27.25233     0.52608
 -10.38418  -0.10322  -1.79283   -26.14895   -26.76940     0.62045
 -10.34036  -0.52011  -1.79283   -25.12862   -25.87873     0.75011
 -10.21082  -0.91879  -1.79283   -23.74308   -24.62294     0.87987
 -10.00122  -1.28182  -1.79283   -22.11469   -23.09100     0.97631
  -9.72073  -1.59334  -1.79283   -20.42857   -21.45784     1.02927
  -9.38159  -1.83974  -1.79283   -18.98781   -20.05041     1.06260
  -8.99864  -2.01024  -1.79283   -18.32014   -19.45879     1.13865
  -6.78159   0.69904  -2.14428     2.00740     1.39790     0.60951
  -7.00966   1.04581  -2.14428    -4.49422    -4.43858    -0.05565
  -7.31155   1.33063  -2.14428    -9.71259    -9.47064    -0.24195
  -7.67100   1.53815  -2.14428   -13.86796   -13.77072    -0.09724
  -8.06860   1.65719  -2.14428   -17.17682   -17.37215     0.19533
  -8.48295   1.68132  -2.14428   -19.83495   -20.32487     0.48992
  -8.89169   1.60925  -2.14428   -21.97476   -22.67798     0.70323
  -9.27279   1.44486  -2.14428   -23.65523   -24.47214     0.81691
  -9.60571   1.19701  -2.14428   -24.88452   -25.73880     0.85428
  -9.87249   0.87907  -2.14428   -25.64318   -26.50173     0.85856
 -10.05877   0.50817  -2.14428   -25.90987   -26.77973     0.86986
 -10.15448   0.10431  -2.14428   -25.68334   -26.59105     0.90771
 -10.15448  -0.31074  -2.14428   -24.99496   -25.96095     0.96599
 -10.05877  -0.71460  -2.14428   -23.91752   -24.93380     1.01628
  -9.87249  -1.08549  -2.14428   -22.56273   -23.59175     1.02902
  -9.60571  -1.40344  -2.14428   -21.09122   -22.08073     0.98951
  -9.27279  -1.65129  -2.14428   -19.71949   -20.63963     0.92015
  -8.89169  -1.81568  -2.14428   -18.71547   -19.60383     0.88836
  -7.10949   0.71265  -2.44976    -3.96084    -3.56886    -0.39198
  -7.39077   1.03727  -2.44976    -9.90838    -9.42651    -0.48186
  -7.75212   1.26949  -2.44976   -14.37060   -14.12551    -0.24508
  -8.16425   1.39050  -2.44976   -17.77923   -17.91859     0.13937
  -8.59378   1.39050  -2.44976   -20.39280   -20.90509     0.51229
  -9.00590   1.26949  -2.44976   -22.36381   -23.14714     0.78333
  -9.36725   1.03727  -2.44976   -23.75061   -24.69067     0.94006
  -9.64853   0.71265  -2.44976   -24.55445   -25.57142     1.01698
  -9.82696   0.32194  -2.44976   -24.76466   -25.82049     1.05583
  -9.88809  -0.10322  -2.44976   -24.39757   -25.47241     1.07484
  -9.82696  -0.52837  -2.44976   -23.51466   -24.57766     1.06299
  -9.64853  -0.91908  -2.44976   -22.22388   -23.21738     0.99350
  -9.36725  -1.24370  -2.44976   -20.64946   -21.50762     0.85817
  -9.00590  -1.47592  -2.44976   -18.83784   -19.54010     0.70227
  -8.59378  -1.59693  -2.44976   -16.41126   -17.07278     0.66152
  -7.50757   0.69121  -2.69886    -9.42519    -8.74041    -0.68478
  -7.85339   0.95237  -2.69886   -14.44339   -14.04618    -0.39721
  -8.27021   1.07096  -2.69886   -18.04466   -18.10297     0.05830
  -8.70172   1.03098  -2.69886   -20.60553   -21.09126     0.48574
  -9.08964   0.83781  -2.69886   -22.30608   -23.08946     0.78337
  -9.38159   0.51756  -2.69886   -23.20718   -24.14967     0.94249
  -9.53814   0.11346  -2.69886   -23.32265   -24.31917     0.99652
  -9.53814  -0.31989  -2.69886   -22.69074   -23.65229     0.96154
  -9.38159  -0.72399  -2.69886   -21.38239   -22.21151     0.82912
  -9.08964  -1.04424  -2.69886   -19.39632   -20.00802     0.61170
  -8.70172  -1.23741  -2.69886   -16.31776   -16.71808     0.40032
  -7.67824   0.30138  -2.88311    -8.64896    -7.90653    -0.74243
  -7.97442   0.59756  -2.88311   -14.15787   -13.66677    -0.49110
  -8.37901   0.70597  -2.88311   -17.96811   -17.95350    -0.01461
  -8.78360   0.59756  -2.88311   -20.34511   -20.75807     0.41296
  -9.07978   0.30138  -2.88311   -21.44765   -22.10053     0.65288
  -9.18819  -0.10322  -2.88311   -21.33030   -22.02067     0.69037
  -9.07978  -0.50781  -2.88311   -20.00689   -20.55164     0.54475
  -8.78360  -0.80399  -2.88311   -17.27659   -17.54971     0.27312
  -7.96741  -0.10322  -2.99624    -9.68435    -9.11256    -0.57179
  -8.17321   0.25324  -2.99624   -14.55257   -14.13778    -0.41479
  -8.58481   0.25324  -2.99624   -18.22413   -18.28432     0.06019
  -8.79061  -0.10322  -2.99624   -18.82152   -19.06104     0.23952
  -8.58481  -0.45967  -2.99624   -16.06111   -16.06341     0.00231
  -8.17321  -0.45967  -2.99624   -10.60617   -10.28100    -0.32516
  -8.37901  -0.10322  -3.03438   -15.13867   -14.89811    -0.24056
  -8.53875  -0.26089   3.53278    12.20820    10.85659     1.35160
  -8.33295   0.19184   3.41965     8.81463     8.45831     0.35631
  -8.73754   0.08343   3.41965     5.06275     4.33568     0.72707
  -9.03372  -0.21275   3.41965     4.40951     3.22615     1.18336
  -9.14213  -0.61734   3.41965     6.86935     5.26399     1.60536
  -7.80733   0.43824   3.23540    11.34412    12.09455    -0.75043
  -8.22415   0.55683   3.23540     5.04518     5.60791    -0.56274
  -8.65565   0.51685   3.23540     0.74234     0.94866    -0.20632
  -9.04358   0.32368   3.23540    -1.58823    -1.81680     0.22857
  -9.33553   0.00343   3.23540    -2.00615    -2.66250     0.65636
  -9.49208  -0.40066   3.23540    -0.53652    -1.55902     1.02250
  -9.49208  -0.83402   3.23540     2.87023     1.55417     1.31606
  -9.33553  -1.23812   3.23540     8.33395     6.77331     1.56064
  -7.34471   0.52314   2.98630    14.98555    16.67865    -1.69310
  -7.70606   0.75536   2.98630     7.73719     9.35065    -1.61346
  -8.11818   0.87637   2.98630     1.91830     3.30314    -1.38484
  -8.54771   0.87637   2.98630    -2.44666    -1.40658    -1.04008
  -8.95984   0.75536   2.98630    -5.40599    -4.77366    -0.63234
  -9.32119   0.52314   2.98630    -7.03124    -6.80939    -0.22185
  -9.60247   0.19852   2.98630    -7.38641    -7.52658     0.14016
  -9.78090  -0.19219   2.98630    -6.49849    -6.92786     0.42938
  -9.84203  -0.61734   2.98630    -4.34739    -4.99272     0.64533
  -9.78090  -1.04250   2.98630    -0.85530    -1.66549     0.81019
  -9.60247  -1.43321   2.98630     4.10203     3.14992     0.95211
  -9.32119  -1.75783   2.98630    10.68147     9.57703     1.10443
  -6.96360   0.53168   2.68082    19.19112    21.61721    -2.42609
  -7.26549   0.81650   2.68082    11.59073    13.97284    -2.38212
  -7.62493   1.02402   2.68082     5.01757     7.25086    -2.23329
  -8.02254   1.14306   2.68082    -0.41855     1.56148    -1.98002
  -8.43689   1.16719   2.68082    -4.72891    -3.08327    -1.64564
  -8.84563   1.09512   2.68082    -7.96059    -6.69676    -1.26382
  -9.22673   0.93073   2.68082   -10.17695    -9.29789    -0.87905
  -9.55965   0.68288   2.68082   -11.44013   -10.90827    -0.53185
  -9.82643   0.36494   2.68082   -11.80283   -11.54979    -0.25304
 -10.01271  -0.00596   2.68082   -11.29329   -11.23908    -0.05421
 -10.10842  -0.40982   2.68082    -9.90838    -9.98035     0.07198
 -10.10842  -0.82487   2.68082    -7.61044    -7.75810     0.14766
 -10.01271  -1.22873   2.68082    -4.33170    -4.53102     0.19932
  -9.82643  -1.59962   2.68082     0.02385    -0.22856     0.25241
  -9.55965  -1.91757   2.68082     5.57166     5.24661     0.32504
  -7.33037   1.11918   2.32937     7.33559     9.99486    -2.65928
  -7.71332   1.28968   2.32937     1.14144     3.56110    -2.41966
  -8.12335   1.37684   2.32937    -3.95770    -1.86114    -2.09656
  -8.54255   1.37684   2.32937    -8.03338    -6.30730    -1.72607
  -8.95258   1.28968   2.32937   -11.14457    -9.80384    -1.34073
  -9.33553   1.11918   2.32937   -13.35340   -12.37500    -0.97840
  -9.67467   0.87279   2.32937   -14.72326   -14.04889    -0.67437
  -9.95516   0.56126   2.32937   -15.31060   -14.85694    -0.45367
 -10.16476   0.19823   2.32937   -15.15498   -14.82936    -0.32562
 -10.29430  -0.20045   2.32937   -14.27019   -13.98903    -0.28116
 -10.33812  -0.61734   2.32937   -12.64243   -12.34539    -0.29704
 -10.29430  -1.03424   2.32937   -10.23154    -9.88952    -0.34202
 -10.16476  -1.43292   2.32937    -6.97540    -6.59035    -0.38505
  -9.95516  -1.79595   2.32937    -2.79555    -2.39285    -0.40271
  -9.67467  -2.10747   2.32937     2.39709     2.78040    -0.38331
  -9.33553  -2.35387   2.32937     8.69414     9.02029    -0.32615
  -7.50846   1.37315   1.94392     3.01895     5.47315    -2.45420
  -7.91263   1.49575   1.94392    -2.81689    -0.72393    -2.09296
  -8.33295   1.53715   1.94392    -7.60981    -5.90244    -1.70737
  -8.75327   1.49575   1.94392   -11.42758   -10.10767    -1.31991
  -9.15744   1.37315   1.94392   -14.32479   -13.36703    -0.95776
  -9.52992   1.17405   1.94392   -16.36357   -15.71146    -0.65211
  -9.85640   0.90611   1.94392   -17.61105   -17.18070    -0.43036
 -10.12434   0.57963   1.94392   -18.12875   -17.82016    -0.30859
 -10.32344   0.20714   1.94392   -17.96246   -17.67463    -0.28783
 -10.44604  -0.19702   1.94392   -17.13728   -16.78177    -0.35551
 -10.48744  -0.61734   1.94392   -15.64946   -15.16663    -0.48283
 -10.44604  -1.03766   1.94392   -13.47137   -12.83779    -0.63359
 -10.32344  -1.44183   1.94392   -10.55659    -9.78503    -0.77156
 -10.12434  -1.81431   1.94392    -6.84613    -5.97857    -0.86756
  -9.85640  -2.14080   1.94392    -2.27849    -1.37013    -0.90835
  -9.52992  -2.40874   1.94392     3.20532     4.10281    -0.89749
  -9.15744  -2.60783   1.94392     9.65172    10.50640    -0.85467
  -7.40639   1.41154   1.53760     4.92093     7.02414    -2.10321
  -7.80710   1.55023   1.53760    -1.70181    -0.05144    -1.65037
  -8.22682   1.61057   1.53760    -7.22954    -6.00063    -1.22891
  -8.65037   1.59040   1.53760   -11.71874   -10.87660    -0.84214
  -9.06246   1.49043   1.53760   -15.20330   -14.70482    -0.49848
  -9.44817   1.31428   1.53760   -17.74032   -17.52034    -0.21998
  -9.79358   1.06831   1.53760   -19.40385   -19.37575    -0.02810
 -10.08620   0.76142   1.53760   -20.27420   -20.33655     0.06234
 -10.31545   0.40471   1.53760   -20.42669   -20.47217     0.04548
 -10.47304   0.01105   1.53760   -19.91715   -19.84715    -0.07000
 -10.55329  -0.40533   1.53760   -18.77759   -18.51412    -0.26348
 -10.55329  -0.82936   1.53760   -17.00927   -16.50960    -0.49968
 -10.47304  -1.24573   1.53760   -14.58834   -13.85211    -0.73623
 -10.31545  -1.63939   1.53760   -11.47652   -10.54231    -0.93421
 -10.08620  -1.99611   1.53760    -7.62926    -6.56458    -1.06468
  -9.79358  -2.30300   1.53760    -3.00640    -1.89018    -1.11622
  -9.44817  -2.54897   1.53760     2.41466     3.51787    -1.10322
  -9.06246  -2.72512   1.53760     8.63139     9.69768    -1.06629
  -8.65037  -2.82509   1.53760    15.59800    16.68020    -1.08220
  -8.22682   1.61057   1.12424    -7.70644    -7.30282    -0.40362
  -8.65037   1.59040   1.12424   -12.91352   -12.86264    -0.05087
  -9.06246   1.49043   1.12424   -16.92707   -17.15983     0.23276
  -9.44817   1.31428   1.12424   -19.80169   -20.24247     0.44078
  -9.79358   1.06831   1.12424   -21.62900   -22.19458     0.56559
 -10.08620   0.76142   1.12424   -22.52006   -23.12234     0.60228
 -10.31545   0.40471   1.12424   -22.59473   -23.13743     0.54270
 -10.47304   0.01105   1.12424   -21.95593   -22.34312     0.38719
 -10.55329  -0.40533   1.12424   -20.67393   -20.82479     0.15086
 -10.55329  -0.82936   1.12424   -18.78010   -18.64594    -0.13417
 -10.47304  -1.24573   1.12424   -16.27195   -15.84796    -0.42399
 -10.31545  -1.63939   1.12424   -13.12311   -12.45288    -0.67022
 -10.08620  -1.99611   1.12424    -9.30346    -8.46799    -0.83547
  -9.79358  -2.30300   1.12424    -4.79166    -3.89152    -0.90015
  -9.44817  -2.54897   1.12424     0.40725     1.28113    -0.87388
  -9.06246  -2.72512   1.12424     6.25125     7.05353    -0.80228
  -8.65037  -2.82509   1.12424    12.65373    13.43457    -0.78084
  -8.22682  -2.84526   1.12424    19.49735    20.47642    -0.97907
  -9.15744   1.37315   0.71791   -20.91050   -21.76184     0.85134
  -9.52992   1.17405   0.71791   -23.77006   -24.69742     0.92736
  -9.85640   0.90611   0.71791   -25.25977   -26.23296     0.97319
 -10.12434   0.57963   0.71791   -25.57980   -26.56597     0.98617
 -10.32344   0.20714   0.71791   -24.94915   -25.88757     0.93842
 -10.44604  -0.19702   0.71791   -23.55357   -24.36089     0.80732
 -10.48744  -0.61734   0.71791   -21.51918   -22.11179     0.59260
 -10.44604  -1.03766   0.71791   -18.90184   -19.22938     0.32754
 -10.32344  -1.44183   0.71791   -15.70594   -15.77256     0.06663
 -10.12434  -1.81431   0.71791   -11.91013   -11.77981    -0.13032
  -9.85640  -2.14080   0.71791    -7.49937    -7.28080    -0.21857
  -9.52992  -2.40874   0.71791    -2.48682    -2.30849    -0.17833
  -9.15744  -2.60783   0.71791     3.06036     3.09113    -0.03076
  -8.75327  -2.73044   0.71791     9.01606     8.86166     0.15440
 -10.33812  -0.61734   0.33246   -23.82842   -24.96798     1.13957
 -10.29430  -1.03424   0.33246   -20.24220   -21.29810     1.05590
 -10.16476  -1.43292   0.33246   -16.17782   -17.10154     0.92372
  -9.95516  -1.79595   0.33246   -11.60893   -12.44501     0.83608
  -9.67467  -2.10747   0.33246    -6.51731    -7.39347     0.87615
  -1.01981   0.36364   2.83875    11.47464     6.85488     4.61975
  -0.02818  -2.07575   0.47521    12.15486    12.79768    -0.64282
   0.31451  -1.83579   0.47521     8.33144     8.92566    -0.59422
  -2.15711  -2.17063   0.05845    23.52910    23.74009    -0.21100
  -1.75412  -2.30157   0.05845    21.35917    21.90516    -0.54599
  -1.33422  -2.35844   0.05845    19.56512    20.62124    -1.05612
  -0.91092  -2.33943   0.05845    18.08545    19.49362    -1.40817
  -0.49781  -2.24514   0.05845    16.85742    18.32523    -1.46781
  -0.10818  -2.07861   0.05845    15.76178    17.04150    -1.27971
   0.24546  -1.84517   0.05845    14.39005    15.45079    -1.06074
  -0.50114   0.28796   2.92506     9.25075     5.51755     3.73319
  -0.09072   0.17798   2.92506     4.92909     1.52355     3.40554
   1.09273   0.25336   3.12865    -8.24924    -8.76005     0.51081
   1.50433   0.25336   3.09051   -10.44301   -10.67519     0.23218
   1.29853   0.60982   3.09051    -7.81500    -8.08004     0.26504
   0.88693   0.60982   3.09051    -4.84877    -5.48622     0.63745
   0.68114   0.25336   3.09051    -4.74836    -6.00147     1.25310
   0.88693  -0.10309   3.09051    -7.91729    -8.90263     0.98534
   1.29853  -0.10309   3.09051   -10.69025   -11.06068     0.37043
   1.90192   0.25336   2.97738   -11.30835   -11.75816     0.44981
   1.79351   0.65795   2.97738    -9.29091    -9.70900     0.41809
   1.49733   0.95413   2.97738    -6.60830    -6.88427     0.27597
   1.09273   1.06254   2.97738    -3.39043    -3.66498     0.27455
   0.28355   0.25336   2.97738    -0.01883    -2.40754     2.38871
   0.39196  -0.15123   2.97738    -2.90349    -5.31966     2.41618
   0.68814  -0.44741   2.97738    -6.83734    -8.43430     1.59696
   1.09273  -0.55582   2.97738   -10.32504   -11.04303     0.71799
   1.49733  -0.44741   2.97738   -12.24522   -12.53673     0.29151
   1.79351  -0.15123   2.97738   -12.43849   -12.74506     0.30656
   2.27194   0.25336   2.79313   -10.88729   -12.00127     1.11398
   2.19231   0.67934   2.79313    -8.98782   -10.08230     1.09448
   1.96418   1.04779   2.79313    -6.74447    -7.52369     0.77922
   1.61835   1.30894   2.79313    -4.15349    -4.60107     0.44758
   1.20154   1.42754   2.79313    -0.91805    -1.13517     0.21713
   0.09015  -0.36741   2.79313     1.09940    -2.74989     3.84928
   0.38210  -0.68767   2.79313    -3.47201    -6.12793     2.65592
   0.77003  -0.88083   2.79313    -7.90285    -9.31875     1.41589
   1.20154  -0.92082   2.79313   -11.13892   -11.72629     0.58737
   1.61835  -0.80222   2.79313   -12.84449   -13.12948     0.28499
   1.96418  -0.54107   2.79313   -13.14444   -13.54669     0.40225
   2.19231  -0.17262   2.79313   -12.36319   -13.13419     0.77099
   2.60181   0.25336   2.54403    -9.24008   -11.33519     2.09512
   2.54069   0.67852   2.54403    -7.34312    -9.49730     2.15418
   2.36225   1.06923   2.54403    -5.25853    -6.92465     1.66612
   2.08097   1.39385   2.54403    -3.13566    -4.26412     1.12845
   1.71963   1.62607   2.54403    -1.02221    -1.71819     0.69597
   0.46584  -1.11935   2.54403    -4.24698    -6.47222     2.22523
   0.87797  -1.24036   2.54403    -8.52221    -9.58367     1.06146
   1.30750  -1.24036   2.54403   -11.33031   -11.76148     0.43116
   1.71963  -1.11935   2.54403   -12.76668   -13.03563     0.26895
   2.08097  -0.88713   2.54403   -13.04467   -13.46051     0.41585
   2.36225  -0.56251   2.54403   -12.38202   -13.17740     0.79538
   2.54069  -0.17180   2.54403   -11.00024   -12.44895     1.44871
   0.58006  -1.45910   2.23855    -4.83810    -6.37641     1.53831
   0.98880  -1.53117   2.23855    -8.55170    -9.19440     0.64270
   1.40314  -1.50704   2.23855   -10.85905   -11.10292     0.24387
   1.80075  -1.38800   2.23855   -12.02183   -12.23398     0.21215
   2.16019  -1.18048   2.23855   -12.27911   -12.60009     0.32098
   2.46208  -0.89566   2.23855   -11.79404   -12.22017     0.42612
   0.47310  -1.65367   1.88710    -2.39960    -3.77232     1.37272
   0.88314  -1.74082   1.88710    -6.41566    -6.86047     0.44481
   1.30233  -1.74082   1.88710    -8.88302    -8.92093     0.03791
   1.71236  -1.65367   1.88710   -10.20330   -10.24155     0.03824
   2.09532  -1.48316   1.88710   -10.68335   -10.86178     0.17843
   0.67242  -1.85973   1.50165    -2.78802    -3.05574     0.26772
   1.09273  -1.90113   1.50165    -5.56789    -5.27941    -0.28848
   1.51306  -1.85973   1.50165    -7.07705    -6.70922    -0.36783
   0.77531  -1.95438   1.09533    -0.68210    -0.14224    -0.53986
   1.19886  -1.97456   1.09533    -2.34500    -1.38717    -0.95783
   0.36323  -1.85441   0.68197     5.69465     6.08378    -0.38913
   0.77531  -1.95438   0.68197     3.81212     4.89243    -1.08030
   0.08870   3.45114  -2.37846     5.09161     3.68803     1.40358
   0.19398   2.73289  -2.79522     3.61006     2.96962     0.64044
   0.93511   3.21890   2.05993     1.55811     3.55685    -1.99874
   0.72931   3.57535   2.05993     2.86960     4.79579    -1.92619
   0.31771   3.57535   2.05993     8.08295    10.09511    -2.01216
   1.33270   3.21890   1.94681    -1.58070    -0.03111    -1.54959
   1.22429   3.62349   1.94681    -1.96724    -0.41687    -1.55037
   0.92810   3.91967   1.94681     0.79756     2.22418    -1.42661
   0.52352   4.02808   1.94681     5.88729     7.32429    -1.43700
   0.11892   3.91967   1.94681    11.56437    13.22175    -1.65737
   1.22429   2.81431   1.94681     1.65976     3.06221    -1.40245
   1.70272   3.21890   1.76256    -3.08421    -2.11941    -0.96480
   1.62309   3.64488   1.76256    -4.56890    -3.45224    -1.11665
   1.39496   4.01333   1.76256    -3.35027    -2.37241    -0.97786
   1.04913   4.27448   1.76256     0.25289     1.02153    -0.76865
   0.63232   4.39308   1.76256     5.71410     6.45250    -0.73840
   1.97146   3.64405   1.51345    -5.65449    -5.02157    -0.63292
   1.79303   4.03477   1.51345    -5.73230    -5.14580    -0.58650
   1.51175   4.35938   1.51345    -3.66654    -3.34277    -0.32377
   1.15041   4.59161   1.51345     0.22904     0.29070    -0.06166
   0.73828   4.71262   1.51345     5.71347     5.71160     0.00187
   2.26289   3.63114   1.20798    -5.33320    -5.21839    -0.11481
   2.12094   4.02115   1.20798    -6.49849    -6.28547    -0.21302
   1.89286   4.36792   1.20798    -5.73732    -5.71282    -0.02450
   1.59097   4.65274   1.20798    -3.38353    -3.67723     0.29370
   1.23153   4.86026   1.20798     0.43298    -0.13733     0.57031
   0.83392   4.97930   1.20798     5.64194     4.98734     0.65460
   2.48486   3.63580   0.85653    -3.81902    -4.18123     0.36221
   2.35533   4.03447   0.85653    -5.75175    -5.89610     0.14435
   2.14573   4.39751   0.85653    -5.88227    -6.12255     0.24028
   1.86523   4.70903   0.85653    -4.52999    -5.05428     0.52429
   1.52610   4.95542   0.85653    -1.76581    -2.61849     0.85268
   1.14314   5.12593   0.85653     2.39583     1.32262     1.07321
   0.73311   5.21308   0.85653     7.95808     6.88811     1.06997
   2.63661   3.63922   0.47108    -0.66328    -1.42763     0.76435
   2.51400   4.04339   0.47108    -3.28062    -3.73653     0.45591
   2.31491   4.41587   0.47108    -4.42708    -4.86078     0.43370
   2.04697   4.74235   0.47108    -4.18361    -4.80768     0.62407
   1.72048   5.01029   0.47108    -2.49937    -3.41870     0.91933
   1.34800   5.20939   0.47108     0.63943    -0.53912     1.17856
   0.94383   5.33199   0.47108     5.23092     3.95911     1.27181
   2.39988   4.42477   0.06475    -1.08183    -1.65149     0.56966
   2.13776   4.75808   0.06475    -2.38014    -2.99505     0.61491
   1.81730   5.03577   0.06475    -1.98795    -2.79985     0.81190
   1.45007   5.24778   0.06475     0.08032    -0.95312     1.03344
   1.04936   5.38647   0.06475     3.74309     2.59722     1.14587
   0.62964   5.44682   0.06475     8.93950     7.87957     1.05993
   2.13776   4.75808  -0.34861     0.73983     0.21550     0.52433
   1.81730   5.03577  -0.34861    -0.52648    -1.09477     0.56829
   1.45007   5.24778  -0.34861     0.39282    -0.30449     0.69731
   1.04936   5.38647  -0.34861     3.19214     2.42172     0.77042
   0.62964   5.44682  -0.34861     7.64432     6.95605     0.68827
   1.72048   5.01029  -0.75493     1.30334     1.08217     0.22116
   1.34800   5.20939  -0.75493     1.14458     0.91273     0.23185
   0.94383   5.33199  -0.75493     3.26054     3.02517     0.23537
   0.52352   5.37339  -0.75493     7.16490     7.03323     0.13168
   1.52610   4.95542  -1.14038     2.59789     2.80063    -0.20274
   1.14314   5.12593  -1.14038     1.85806     2.14722    -0.28917
   0.73311   5.21308  -1.14038     3.69729     4.03988    -0.34260
   0.31392   5.21308  -1.14038     7.33810     7.78734    -0.44925
   1.23153   4.86026  -1.49183     2.69390     3.33442    -0.64053
   0.83392   4.97930  -1.49183     2.36446     3.10734    -0.74288
   0.41958   5.00343  -1.49183     4.50866     5.29357    -0.78492
   0.01084   4.93136  -1.49183     8.15009     8.95029    -0.80020
   0.73828   4.71262  -1.79731     2.18311     3.09510    -0.91199
   0.30875   4.71262  -1.79731     3.88303     4.75123    -0.86820
  -0.10338   4.59161  -1.79731     7.19691     7.88198    -0.68507
  -0.46472   4.35938  -1.79731    10.98706    11.28917    -0.30210
  -0.74600   4.03477  -1.79731    14.42017    14.08069     0.33948
   0.63232   4.39308  -2.04641     2.00427     2.73060    -0.72633
   0.20081   4.35309  -2.04641     3.62512     4.13906    -0.51394
  -0.18712   4.15993  -2.04641     6.82919     6.85181    -0.02262
  -0.47907   3.83967  -2.04641    10.41038     9.63101     0.77937
   0.52352   4.02808  -2.23066     1.83233     1.97088    -0.13855
   0.11892   3.91967  -2.23066     3.95268     3.60445     0.34823
  -0.17726   3.62349  -2.23066     7.39645     6.16397     1.23248
   0.31771   3.57535  -2.34379     2.77108     1.69744     1.07364
   2.88304   0.12840  -2.66047    -3.75376    -4.66860     0.91484
   0.34703   1.72059  -3.19624     4.00414     4.43625    -0.43211
   0.27466   1.31017  -3.19624     8.30823     9.38390    -1.07568
   0.65382   1.31017  -3.37304     2.63177     2.64741    -0.01563
   4.19554   2.59074  -0.88192   -16.92644   -15.85818    -1.06826
   4.06600   2.98941  -0.88192   -10.19138    -8.90590    -1.28548
   4.38868   2.17384  -1.26737   -21.27634   -20.65073    -0.62560
   4.34728   2.59416  -1.26737   -17.99948   -16.84553    -1.15395
   4.22468   2.99833  -1.26737   -12.28350   -11.11786    -1.16564
   4.46464   2.17384  -1.67369   -21.39619   -20.20571    -1.19048
   4.42433   2.59595  -1.67369   -18.49835   -17.29897    -1.19939
   4.30487   3.00281  -1.67369   -13.63766   -12.67471    -0.96296
   4.11056   3.37971  -1.67369    -7.38704    -6.83218    -0.55486
   4.42433   1.75173  -1.67369   -21.75073   -20.66921    -1.08152
   4.46464   2.17384  -2.08705   -21.61770   -20.22797    -1.38973
   4.42433   2.59595  -2.08705   -18.95518   -17.84290    -1.11228
   4.30487   3.00281  -2.08705   -14.70757   -14.01720    -0.69037
   4.11056   3.37971  -2.08705    -9.28087    -9.08337    -0.19750
   4.11056   0.96797  -2.08705   -18.64456   -16.42005    -2.22451
   4.30487   1.34487  -2.08705   -21.25877   -19.44836    -1.81041
   4.42433   1.75173  -2.08705   -22.38577   -20.81900    -1.56677
   4.38868   2.17384  -2.49338   -21.87561   -20.57903    -1.29658
   4.34728   2.59416  -2.49338   -19.40259   -18.50225    -0.90034
   4.22468   2.99833  -2.49338   -15.62185   -15.23568    -0.38617
   4.02559   3.37081  -2.49338   -10.88729   -11.02951     0.14222
   3.75765   3.69729  -2.49338    -5.61684    -6.18894     0.57210
   0.71074   3.69729  -2.49338     0.61872     0.56284     0.05588
   0.44280   3.37081  -2.49338     1.42633     0.39423     1.03210
   3.43116   0.38245  -2.49338   -11.80973   -11.41627    -0.39346
   3.75765   0.65039  -2.49338   -16.57002   -15.53429    -1.03572
   4.02559   0.97687  -2.49338   -20.00061   -18.55389    -1.44672
   4.22468   1.34935  -2.49338   -22.12724   -20.54084    -1.58640
   4.34728   1.75352  -2.49338   -22.79868   -21.27325    -1.52542
   4.23936   2.17384  -2.87882   -22.03500   -20.98473    -1.05027
   4.19554   2.59074  -2.87882   -19.76843   -19.12690    -0.64153
   4.06600   2.98941  -2.87882   -16.39243   -16.27079    -0.12164
   3.85641   3.35245  -2.87882   -12.27346   -12.64824     0.37478
   3.57591   3.66397  -2.87882    -7.86207    -8.58415     0.72208
   3.23678   3.91037  -2.87882    -3.68976    -4.52945     0.83970
   0.89248   3.66397  -2.87882    -2.08961    -1.40419    -0.68542
   0.61198   3.35245  -2.87882    -2.04945    -1.75489    -0.29456
   0.40238   2.98941  -2.87882    -0.53150    -0.67644     0.14494
   0.27285   2.59074  -2.87882     2.11910     1.78533     0.33377
   2.85382   0.26681  -2.87882    -6.66541    -8.40054     1.73514
   3.23678   0.43732  -2.87882   -12.43724   -13.35524     0.91800
   3.57591   0.68371  -2.87882   -17.05508   -17.09016     0.03508
   3.85641   0.99523  -2.87882   -20.39469   -19.69192    -0.70276
   4.06600   1.35827  -2.87882   -22.38201   -21.24541    -1.13660
   4.19554   1.75694  -2.87882   -22.93924   -21.70052    -1.23872
   4.02175   2.17384  -3.23027   -22.03123   -21.24750    -0.78373
   3.97357   2.58608  -3.23027   -20.00187   -19.57355    -0.42831
   3.83161   2.97610  -3.23027   -17.00739   -17.03518     0.02779
   3.60354   3.32286  -3.23027   -13.47263   -13.89447     0.42184
   3.30165   3.60768  -3.23027    -9.90712   -10.52579     0.61867
   2.94221   3.81520  -3.23027    -6.85491    -7.40710     0.55219
   2.54460   3.93424  -3.23027    -4.80547    -5.04193     0.23646
   2.13026   3.95838  -3.23027    -4.02045    -3.78101    -0.23944
   1.72151   3.88630  -3.23027    -4.34927    -3.62031    -0.72896
   1.34041   3.72191  -3.23027    -5.21335    -4.14290    -1.07045
   1.00750   3.47406  -3.23027    -5.84525    -4.68818    -1.15708
   0.74071   3.15612  -3.23027    -5.64382    -4.64566    -0.99816
   0.55444   2.78522  -3.23027    -4.42520    -3.70426    -0.72093
   0.45872   2.38136  -3.23027    -2.41403    -1.95282    -0.46121
   0.45872   1.96632  -3.23027    -0.05522     0.20755    -0.26277
   2.54460   0.41344  -3.23027    -7.10529    -9.48705     2.38176
   2.94221   0.53247  -3.23027   -12.27409   -13.92021     1.64612
   3.30165   0.74000  -3.23027   -16.72438   -17.48510     0.76071
   3.60354   1.02482  -3.23027   -20.08846   -20.01127    -0.07720
   3.83161   1.37159  -3.23027   -22.14732   -21.48608    -0.66124
   3.97357   1.76160  -3.23027   -22.79491   -21.90232    -0.89259
   3.74327   2.17384  -3.53575   -21.84172   -21.25117    -0.59055
   3.68214   2.59900  -3.53575   -19.96610   -19.64964    -0.31646
   3.50371   2.98971  -3.53575   -17.18435   -17.21348     0.02913
   3.22243   3.31433  -3.53575   -14.11143   -14.34583     0.23440
   2.86109   3.54655  -3.53575   -11.41314   -11.57787     0.16472
   2.44896   3.66756  -3.53575    -9.63604    -9.44925    -0.18678
   2.01943   3.66756  -3.53575    -8.97966    -8.27974    -0.69992
   1.60730   3.54655  -3.53575    -9.14532    -7.96203    -1.18330
   1.24596   3.31433  -3.53575    -9.45155    -7.99435    -1.45720
   0.96468   2.98971  -3.53575    -9.22690    -7.78430    -1.44260
   0.78624   2.59900  -3.53575    -8.17959    -7.00055    -1.17903
   0.72512   2.17384  -3.53575    -6.48468    -5.73514    -0.74954
   0.78624   1.74868  -3.53575    -4.61094    -4.41339    -0.19755
   0.96468   1.35797  -3.53575    -3.09425    -3.60049     0.50624
   2.01943   0.68012  -3.53575    -6.54179    -8.83999     2.29820
   2.44896   0.68012  -3.53575   -10.69025   -12.69324     2.00299
   2.86109   0.80113  -3.53575   -15.05207   -16.38157     1.32950
   3.22243   1.03336  -3.53575   -18.79203   -19.28957     0.49754
   3.50371   1.35797  -3.53575   -21.33156   -21.11900    -0.21256
   3.68214   1.74868  -3.53575   -22.36569   -21.77385    -0.59184
   3.41340   2.17384  -3.78486   -21.44639   -20.92806    -0.51833
   3.33377   2.59982  -3.78486   -19.81047   -19.43454    -0.37593
   3.10564   2.96827  -3.78486   -17.38515   -17.16037    -0.22478
   2.75981   3.22942  -3.78486   -15.02948   -14.72974    -0.29974
   2.34300   3.34802  -3.78486   -13.44753   -12.78785    -0.65968
   1.91149   3.30803  -3.78486   -12.81876   -11.66420    -1.15456
   1.52356   3.11487  -3.78486   -12.68510   -11.15565    -1.52945
   1.23161   2.79461  -3.78486   -12.32993   -10.74130    -1.58864
   1.07506   2.39052  -3.78486   -11.36796   -10.08416    -1.28380
   1.07506   1.95716  -3.78486   -10.02258    -9.33800    -0.68458
   1.23161   1.55307  -3.78486    -8.95393    -9.04777     0.09384
   1.52356   1.23281  -3.78486    -8.95331    -9.82297     0.86967
   1.91149   1.03965  -3.78486   -10.58483   -11.92107     1.33624
   2.34300   0.99966  -3.78486   -13.65272   -14.92495     1.27223
   2.75981   1.11826  -3.78486   -17.20066   -17.95321     0.75255
   3.10564   1.37941  -3.78486   -20.12109   -20.20280     0.08171
   3.33377   1.74786  -3.78486   -21.62962   -21.23279    -0.39683
   3.04337   2.17384  -3.96911   -20.80633   -20.23308    -0.57325
   2.93496   2.57843  -3.96911   -19.48103   -18.88053    -0.60050
   2.63878   2.87461  -3.96911   -17.57905   -16.86969    -0.70936
   2.23419   2.98302  -3.96911   -16.14456   -15.09738    -1.04719
   1.82960   2.87461  -3.96911   -15.42858   -14.00799    -1.42059
   1.53342   2.57843  -3.96911   -14.86382   -13.37140    -1.49242
   1.42501   2.17384  -3.96911   -14.03739   -12.92320    -1.11418
   1.53342   1.76925  -3.96911   -13.39921   -12.97152    -0.42769
   1.82960   1.47307  -3.96911   -13.88616   -14.09612     0.20996
   2.23419   1.36466  -3.96911   -15.90046   -16.30814     0.40768
   2.63878   1.47307  -3.96911   -18.61319   -18.71872     0.10553
   2.93496   1.76925  -3.96911   -20.56223   -20.22039    -0.34184
   2.64579   2.17384  -4.08223   -19.85126   -19.12830    -0.72296
   2.43999   2.53030  -4.08223   -18.66213   -17.70032    -0.96182
   2.02839   2.53030  -4.08223   -17.34687   -16.10110    -1.24577
   1.82259   2.17384  -4.08223   -16.58821   -15.52515    -1.06307
   2.02839   1.81739  -4.08223   -16.92205   -16.41799    -0.50405
   2.43999   1.81739  -4.08223   -18.88364   -18.44321    -0.44043
   2.23419   2.17384  -4.12037   -18.48392   -17.57437    -0.90955
   2.57045   0.79761   2.51727    -6.35291    -8.53420     2.18129
   2.97454   0.79761   2.40899    -5.51518    -8.12927     2.61409
   2.86457   0.38718   2.40899    -6.88692    -9.58748     2.70056
   3.15380  -0.20983   2.35754    -7.45544    -8.57365     1.11821
   2.94543  -0.57075   2.32108    -8.66591    -8.95403     0.28812
   3.36218  -0.57075   2.32108    -7.04317    -6.92225    -0.12092
   2.74338  -0.92070   2.21280    -9.61721    -9.53072    -0.08649
   3.15380  -1.03067   2.21280    -7.40085    -6.70632    -0.69453
   2.55380  -1.24906   2.03600    -9.68373    -9.58212    -0.10160
   2.94543  -1.39159   2.03600    -7.35567    -7.01196    -0.34371
   3.36218  -1.39159   2.03600    -6.26380    -5.75241    -0.51139
   2.26416  -1.47016   1.79605    -9.74146    -9.86823     0.12677
   4.07306   0.56152  -2.12092   -13.62574   -11.06302    -2.56272
   3.97465  -0.20983  -2.29772    -7.91603    -7.11605    -0.79998
   3.86468   0.20060  -2.29772   -10.38214    -8.44309    -1.93905
   3.36218   0.15110  -2.40600    -7.75978    -6.66638    -1.09340
   2.77277  -1.84956   1.84488    -6.38616    -6.90590     0.51973
   3.18952  -1.84956   1.84488    -6.26694    -7.25287     0.98593
   2.27027  -1.89906   1.73660    -6.39934    -6.60334     0.20400
   2.57072  -2.19951   1.73660    -5.62186    -6.27504     0.65319
   2.98114  -2.30949   1.73660    -6.70431    -8.08616     1.38185
   3.39157  -2.19951   1.73660    -7.49999    -9.58432     2.08433
   1.85351  -1.89906   1.55980    -6.36232    -6.23463    -0.12769
   2.06189  -2.25998   1.55980    -4.02234    -4.07204     0.04970
   2.38114  -2.52787   1.55980    -4.55321    -5.03565     0.48244
   2.77277  -2.67041   1.55980    -6.67419    -7.80748     1.13329
   1.56617  -2.10325   1.31984    -3.06852    -2.51150    -0.55702
   1.78446  -2.46221   1.31984    -1.40374    -1.07107    -0.33267
   2.09150  -2.74897   1.31984    -2.44415    -2.51293     0.06878
   2.46453  -2.94226   1.31984    -5.17005    -5.76543     0.59538
   1.25351  -2.11744   1.02403     0.12487     1.13073    -1.00586
   1.44509  -2.49891   1.02403     2.09274     2.85793    -0.76519
   1.71948  -2.82592   1.02403     1.17721     1.57058    -0.39337
   2.06189  -3.08083   1.02403    -1.57693    -1.65745     0.08052
   2.45385  -3.24991   1.02403    -5.64445    -6.21022     0.56577
   1.70891  -3.13224   0.68134     2.90160     3.05862    -0.15702
   2.06580  -3.35469   0.68134    -1.15901    -1.44804     0.28903
   2.46017  -3.50075   0.68134    -6.33847    -6.96576     0.62729
   1.85351  -3.44175   0.30219     2.43725     1.96034     0.47691
   2.24352  -3.61986   0.30219    -3.27936    -4.02919     0.74982
   2.05221  -3.66198  -0.10191     0.45745    -0.67516     1.13262
   2.45385  -3.24991  -2.06135    -1.30208    -2.53749     1.23541
   4.03411  -0.36119  -2.35717    -8.04467    -7.99849    -0.04618
   2.46453  -2.94226  -2.35717    -0.14558    -0.76591     0.62032
   3.90040  -0.71729  -2.59712    -8.17457    -8.87203     0.69747
   3.58114  -0.44941  -2.59712    -5.93624    -5.44718    -0.48906
   3.18952  -0.30687  -2.59712    -3.05472    -2.02863    -1.02609
   2.77277  -0.30687  -2.59712     1.99485     3.06064    -1.06579
   2.38114  -2.52787  -2.59712     2.54832     2.81116    -0.26284
   2.77277  -2.67041  -2.59712    -4.14721    -4.26075     0.11354
   3.69202  -1.07821  -2.77393    -7.96372    -8.51802     0.55429
   3.39157  -0.77776  -2.77393    -4.59525    -4.19536    -0.39989
   2.98114  -0.66779  -2.77393    -0.52711     0.57570    -1.10281
   2.57072  -0.77776  -2.77393     4.40888     6.06584    -1.65696
   2.27027  -1.07821  -2.77393     7.83822     9.97465    -2.13643
   2.16030  -1.48864  -2.77393     8.19214    10.29305    -2.10091
   2.27027  -1.89906  -2.77393     5.68022     7.16814    -1.48792
   2.57072  -2.19951  -2.77393     0.72226     1.45239    -0.73013
   2.98114  -2.30949  -2.77393    -5.61621    -5.42120    -0.19501
   3.39790  -1.48864  -2.88220    -6.90762    -6.90785     0.00023
   3.18952  -1.12772  -2.88220    -3.38290    -2.77694    -0.60596
   2.77277  -1.12772  -2.88220     1.19854     2.55373    -1.35518
   2.56439  -1.48864  -2.88220     2.83948     4.36803    -1.52855
   2.77277  -1.84956  -2.88220    -0.84839     0.06271    -0.91111
   3.18952  -1.84956  -2.88220    -6.17469    -5.91930    -0.25539
   2.98114  -1.48864  -2.91866    -2.18185    -1.34611    -0.83574
   3.64282  -2.17309   1.78410    -7.86395    -9.77724     1.91329
   3.85120  -2.53401   1.78410    -9.35115   -11.25065     1.89950
   3.34870  -2.58352   1.67582    -8.86106   -10.94867     2.08761
   3.64915  -2.88397   1.67582   -10.21585   -12.26593     2.05008
   4.05958  -2.99394   1.67582   -10.46372   -12.43723     1.97351
   4.47000  -2.88397   1.67582    -9.65361   -11.13957     1.48596
   3.14032  -2.94444   1.49902    -9.55571   -11.21720     1.66149
   3.45958  -3.21232   1.49902   -11.02158   -12.71967     1.69809
   3.85120  -3.35486   1.49902   -11.49660   -13.29025     1.79365
   4.26795  -3.35486   1.49902   -10.76493   -12.70486     1.93994
   4.65958  -3.21232   1.49902    -9.13466   -11.03773     1.90307
   2.86289  -3.14667   1.25907    -9.03614   -10.17650     1.14037
   3.16994  -3.43343   1.25907   -11.12888   -12.27526     1.14638
   3.54296  -3.62671   1.25907   -12.33809   -13.49736     1.15927
   3.95430  -3.71219   1.25907   -12.30609   -13.62178     1.31569
   4.37345  -3.68352   1.25907   -10.91992   -12.59089     1.67097
   4.76931  -3.54283   1.25907    -8.46071   -10.55142     2.09071
   5.11254  -3.30055   1.25907    -5.68210    -7.90947     2.22738
   2.79792  -3.51037   0.96325    -9.64859   -10.38642     0.73784
   3.14032  -3.76529   0.96325   -12.06324   -12.63384     0.57059
   3.53229  -3.93436   0.96325   -13.34273   -13.78652     0.44378
   3.95268  -4.00849   0.96325   -13.17958   -13.73354     0.55396
   4.37883  -3.98367   0.96325   -11.40436   -12.39851     0.99416
   4.78777  -3.86124   0.96325    -8.10303    -9.80911     1.70608
   5.15746  -3.64780   0.96325    -3.90499    -6.37913     2.47414
   2.78734  -3.81669   0.62056   -10.39532   -10.76443     0.36911
   3.14423  -4.03915   0.62056   -13.00764   -12.94723    -0.06041
   3.53860  -4.18520   0.62056   -14.30910   -13.94562    -0.36348
   3.95430  -4.24889   0.62056   -14.04053   -13.69333    -0.34719
   4.37431  -4.22759   0.62056   -11.96410   -12.04902     0.08492
   4.78144  -4.12217   0.62056    -7.89470    -8.80822     0.91352
   2.58269  -3.87751   0.24141    -8.60190    -9.04412     0.44222
   2.93195  -4.12621   0.24141   -12.32366   -12.03145    -0.29221
   3.32195  -4.30432   0.24141   -14.62787   -13.68188    -0.94599
   3.73862  -4.40540   0.24141   -15.28425   -14.00529    -1.27896
   4.16689  -4.42580   0.24141   -14.00413   -12.86533    -1.13880
   4.59127  -4.36478   0.24141   -10.38340    -9.91486    -0.46854
   2.42622  -3.88145  -0.16269    -6.24623    -7.06370     0.81748
   2.75751  -4.14564  -0.16269   -11.03852   -10.83115    -0.20737
   3.13065  -4.34643  -0.16269   -14.31977   -13.13073    -1.18904
   3.53364  -4.47737  -0.16269   -15.96949   -14.08643    -1.88306
   3.95354  -4.53425  -0.16269   -15.75676   -13.64642    -2.11034
   4.37684  -4.51524  -0.16269   -13.30257   -11.53491    -1.76767
   4.78995  -4.42095  -0.16269    -7.90976    -7.09048    -0.81928
   2.51689  -4.01160  -0.57944    -7.55459    -8.11783     0.56324
   2.85958  -4.25155  -0.57944   -12.29291   -11.56463    -0.72828
   3.23873  -4.42835  -0.57944   -15.40661   -13.56545    -1.84116
   3.64282  -4.53663  -0.57944   -16.79466   -14.22988    -2.56478
   4.05958  -4.57309  -0.57944   -16.22489   -13.47350    -2.75138
   4.47633  -4.53663  -0.57944   -13.27120   -10.95559    -2.31561
   4.88043  -4.42835  -0.57944    -7.07893    -5.86551    -1.21342
   2.42622  -3.88145  -0.99620    -5.08847    -6.22068     1.13221
   2.75751  -4.14564  -0.99620   -10.84274   -10.47133    -0.37141
   3.13065  -4.34643  -0.99620   -14.82930   -13.09897    -1.73033
   3.53364  -4.47737  -0.99620   -17.03688   -14.31976    -2.71713
   3.95354  -4.53425  -0.99620   -17.29730   -14.14286    -3.15444
   4.37684  -4.51524  -0.99620   -15.29115   -12.35746    -2.93369
   4.78995  -4.42095  -0.99620   -10.42482    -8.41905    -2.00577
   2.58269  -3.87751  -1.40029    -7.21573    -7.81171     0.59598
   2.93195  -4.12621  -1.40029   -12.56023   -11.61572    -0.94451
   3.32195  -4.30432  -1.40029   -16.10754   -13.85932    -2.24822
   3.73862  -4.40540  -1.40029   -17.77483   -14.70122    -3.07362
   4.16689  -4.42580  -1.40029   -17.37511   -14.12099    -3.25412
   4.59127  -4.36478  -1.40029   -14.62725   -11.91449    -2.71276
   4.99645  -4.22455  -1.40029    -9.12022    -7.67225    -1.44797
   2.48253  -3.52694  -1.77944    -3.45946    -4.77056     1.31110
   2.78734  -3.81669  -1.77944    -9.65172    -9.58466    -0.06707
   3.14423  -4.03915  -1.77944   -14.22564   -12.77934    -1.44630
   3.53860  -4.18520  -1.77944   -17.09901   -14.57885    -2.52015
   3.95430  -4.24889  -1.77944   -18.14004   -15.08784    -3.05220
   4.37431  -4.22759  -1.77944   -17.22576   -14.31684    -2.90893
   4.78144  -4.12217  -1.77944   -14.30973   -12.24280    -2.06692
   5.15901  -3.93697  -1.77944    -9.62537    -9.00874    -0.61663
   2.79792  -3.51037  -2.12213    -8.40110    -8.60301     0.20192
   3.14032  -3.76529  -2.12213   -13.29693   -12.28332    -1.01361
   3.53229  -3.93436  -2.12213   -16.60516   -14.54930    -2.05585
   3.95268  -4.00849  -2.12213   -18.11494   -15.52387    -2.59107
   4.37883  -3.98367  -2.12213   -17.76166   -15.32623    -2.43542
   4.78777  -3.86124  -2.12213   -15.74170   -14.17148    -1.57023
   5.15746  -3.64780  -2.12213   -12.76354   -12.61783    -0.14571
   5.46795  -3.35486  -2.12213   -10.31312   -11.85588     1.54276
   5.60227  -2.17309  -2.41795   -14.09261   -17.52726     3.43465
   5.54506  -1.75688  -2.41795   -14.05119   -16.95522     2.90403
   4.37345  -0.66267  -2.41795   -10.25727   -11.57817     1.32090
   2.86289  -3.14667  -2.41795    -7.70519    -7.92239     0.21720
   3.16994  -3.43343  -2.41795   -12.40837   -11.78820    -0.62017
   3.54296  -3.62671  -2.41795   -15.89482   -14.41037    -1.48445
   3.95430  -3.71219  -2.41795   -17.75915   -15.81724    -1.94191
   4.37345  -3.68352  -2.41795   -17.92606   -16.18155    -1.74451
   4.76931  -3.54283  -2.41795   -16.74258   -15.87003    -0.87255
   5.11254  -3.30055  -2.41795   -15.06964   -15.54163     0.47199
   5.37768  -2.97465  -2.41795   -14.00413   -15.92887     1.92474
   5.54506  -2.58931  -2.41795   -13.91879   -16.97084     3.05205
   5.25958  -2.17309  -2.65790   -15.19326   -17.89625     2.70299
   5.18721  -1.76267  -2.65790   -14.76781   -17.41181     2.64400
   4.97883  -1.40175  -2.65790   -14.11394   -16.37989     2.26595
   4.65958  -1.13386  -2.65790   -12.95744   -14.94268     1.98523
   4.26795  -0.99132  -2.65790   -11.21234   -12.91006     1.69772
   2.93195  -2.58352  -2.65790    -6.29016    -6.33194     0.04179
   3.14032  -2.94444  -2.65790   -10.31312   -10.17264    -0.14048
   3.45958  -3.21232  -2.65790   -14.11081   -13.39632    -0.71448
   3.85120  -3.35486  -2.65790   -16.69740   -15.53713    -1.16027
   4.26795  -3.35486  -2.65790   -17.66188   -16.61374    -1.04814
   4.65958  -3.21232  -2.65790   -17.26530   -16.99543    -0.26987
   4.97883  -2.94444  -2.65790   -16.32529   -17.25765     0.93237
   5.18721  -2.58352  -2.65790   -15.61432   -17.69606     2.08174
   4.88043  -2.17309  -2.83470   -15.71033   -17.74458     2.03426
   4.77045  -1.76267  -2.83470   -14.81424   -17.01989     2.20565
   4.47000  -1.46222  -2.83470   -13.50024   -15.46048     1.96024
   4.05958  -1.35224  -2.83470   -11.62399   -13.04179     1.41780
   3.64915  -1.46222  -2.83470    -9.43210   -10.05526     0.62317
   3.23873  -2.17309  -2.83470    -8.44440    -8.41098    -0.03342
   3.34870  -2.58352  -2.83470   -11.07994   -11.02458    -0.05535
   3.64915  -2.88397  -2.83470   -14.36055   -14.01961    -0.34094
   4.05958  -2.99394  -2.83470   -16.53676   -16.12352    -0.41324
   4.47000  -2.88397  -2.83470   -17.00676   -17.19460     0.18784
   4.77045  -2.58352  -2.83470   -16.46334   -17.69767     1.23433
   4.47633  -2.17309  -2.94298   -15.46685   -16.86946     1.40261
   4.26795  -1.81217  -2.94298   -13.97464   -15.45529     1.48066
   3.85120  -1.81217  -2.94298   -12.12850   -12.97546     0.84696
   3.64282  -2.17309  -2.94298   -12.02559   -12.37294     0.34735
   3.85120  -2.53401  -2.94298   -14.43084   -14.61950     0.18866
   4.26795  -2.53401  -2.94298   -15.95631   -16.54414     0.58782
   4.05958  -2.17309  -2.97944   -14.29906   -15.12915     0.83009
   5.03408  -1.31004   2.28639    -6.79969    -3.96700    -2.83269
   4.82570  -1.67096   2.24993    -7.27221    -3.98855    -3.28366
   5.24245  -1.67096   2.24993    -6.64533    -3.17590    -3.46943
   4.32320  -1.72046   2.14165    -7.36759    -5.24886    -2.11873
   4.62365  -2.02091   2.14165    -7.68887    -5.31647    -2.37240
   5.03408  -2.13088   2.14165    -6.98544    -3.91551    -3.06993
   3.90644  -1.72046   1.96485    -6.73004    -6.28603    -0.44401
   4.11482  -2.08138   1.96485    -7.99761    -7.82119    -0.17642
   4.43408  -2.34927   1.96485    -8.40925    -7.82248    -0.58677
   4.82570  -2.49181   1.96485    -7.56965    -6.15060    -1.41905
   5.24245  -2.49181   1.96485    -5.99021    -3.60400    -2.38621
   4.51746  -2.76365   1.72490    -9.31663   -10.32058     1.00395
   4.92880  -2.84913   1.72490    -7.27786    -7.28515     0.00729
   5.35333  -3.12061   1.42908    -3.98280    -4.69242     0.70962
   6.08704  -0.18258  -1.95212   -10.85215    -8.48304    -2.36911
   5.74381   0.05970  -1.95212   -11.16151    -8.50097    -2.66054
   5.95333  -0.53869  -2.19207   -11.55057    -9.20791    -2.34266
   5.63408  -0.27081  -2.19207   -11.75451    -9.07173    -2.68277
   5.24245  -0.12827  -2.19207   -11.64783    -9.08087    -2.56696
   4.82570  -0.12827  -2.19207   -10.85278    -8.96882    -1.88395
   4.43408  -0.27081  -2.19207    -9.26957    -8.76209    -0.50748
   5.85492  -1.31004  -2.36887   -12.46359   -12.77113     0.30753
   5.74495  -0.89961  -2.36887   -12.22451   -11.14177    -1.08274
   5.44450  -0.59916  -2.36887   -12.19439   -10.65210    -1.54229
   5.03408  -0.48919  -2.36887   -11.81475   -10.85278    -0.96196
   4.62365  -0.59916  -2.36887   -11.00212   -11.67009     0.66796
   5.74495  -1.72046  -2.36887   -13.22037   -15.53201     2.31164
   5.45083  -1.31004  -2.47715   -13.37411   -14.64003     1.26592
   5.24245  -0.94912  -2.47715   -12.85202   -13.18145     0.32943
   6.20517  -1.80322   2.44245    -6.87437    -6.15909    -0.71527
   5.59270  -1.44230   2.33417    -6.36859    -4.42935    -1.93924
   5.70268  -1.85273   2.33417    -5.85529    -3.55026    -2.30503
   6.00313  -2.15318   2.33417    -5.17758    -3.60348    -1.57410
   6.41355  -2.26315   2.33417    -5.34450    -4.67911    -0.66539
   6.82398  -2.15318   2.33417    -6.93775    -7.24414     0.30640
   5.49430  -2.21365   2.15737    -5.47628    -2.53932    -2.93695
   5.81355  -2.48153   2.15737    -4.33986    -2.37360    -1.96625
   6.20517  -2.62407   2.15737    -3.92444    -2.61742    -1.30703
   6.62193  -2.62407   2.15737    -4.30534    -3.58294    -0.72240
   7.33280  -2.21365   2.15737    -7.33559    -8.53969     1.20411
   5.52391  -2.70264   1.91742    -4.45971    -2.62195    -1.83776
   5.89694  -2.89592   1.91742    -3.33521    -1.85508    -1.48014
   5.49430  -3.03450   1.62160    -3.68536    -3.19335    -0.49201
   7.73166  -0.64075  -1.75960   -15.54153   -17.97711     2.43559
   6.72742   0.06812  -1.75960   -11.64218   -12.42777     0.78559
   6.30827   0.09679  -1.75960   -10.43988    -9.86291    -0.57697
   7.33280  -0.67096  -1.99955   -13.37160   -14.61032     1.23872
   7.01355  -0.40307  -1.99955   -12.14796   -12.84582     0.69787
   6.62193  -0.26053  -1.99955   -11.12261   -10.73915    -0.38345
   6.20517  -0.26053  -1.99955   -10.85027    -8.86893    -1.98133
   7.12443  -1.03188  -2.17635   -13.31889   -13.54374     0.22485
   6.82398  -0.73143  -2.17635   -11.70870   -11.60508    -0.10362
   6.41355  -0.62146  -2.17635   -11.09500    -9.88808    -1.20692
   6.62193  -1.08138  -2.28463   -12.00677   -11.56957    -0.43720
   6.20517  -1.08138  -2.28463   -11.69050   -10.87354    -0.81696
   6.41355  -1.44230  -2.32109   -12.57278   -12.52998    -0.04280
   7.08278  -2.56482   2.16009    -4.77723    -4.77299    -0.00424
   7.49953  -2.56482   2.12362    -3.96900    -4.30031     0.33132
   6.87440  -2.92574   2.12362    -3.49146    -2.48723    -1.00424
   7.29116  -2.92574   2.12362    -2.60165    -1.88667    -0.71498
   7.90363  -2.56482   2.01535    -1.68361    -2.19807     0.51446
   6.37190  -2.97524   2.01535    -3.37349    -1.97732    -1.39617
   6.67236  -3.27570   2.01535    -2.50690    -0.94736    -1.55954
   7.08278  -3.38567   2.01535    -1.23180     0.32659    -1.55839
   7.49320  -3.27570   2.01535     0.08911     1.31108    -1.22198
   7.79365  -2.97524   2.01535     0.51330     1.03497    -0.52166
   6.16353  -3.33617   1.83855    -2.35316    -0.92392    -1.42924
   6.48278  -3.60405   1.83855    -1.20419     0.49577    -1.69996
   6.87440  -3.74659   1.83855     0.09852     1.92156    -1.82304
   7.29116  -3.74659   1.83855     1.54869     3.25987    -1.71117
   7.68278  -3.60405   1.83855     3.18963     4.60900    -1.41937
   5.66781  -3.17943   1.59859    -2.74912    -2.19041    -0.55871
   5.88610  -3.53839   1.59859    -1.35103    -0.48461    -0.86642
   6.19314  -3.82515   1.59859     0.26167     1.65651    -1.39484
   6.56616  -4.01844   1.59859     1.71310     3.42383    -1.71073
   6.97750  -4.10391   1.59859     2.99385     4.73067    -1.73683
   7.39665  -4.07524   1.59859     4.37688     5.94763    -1.57075
   7.79252  -3.93455   1.59859     6.13830     7.46301    -1.32471
   5.54673  -3.57510   1.30278    -1.20670    -1.72934     0.52264
   5.82112  -3.90210   1.30278     1.42382     1.91150    -0.48768
   6.16353  -4.15701   1.30278     3.61571     4.79138    -1.17567
   6.55549  -4.32609   1.30278     5.10416     6.56219    -1.45803
   6.97588  -4.40022   1.30278     6.11508     7.52904    -1.41396
   7.40203  -4.37540   1.30278     7.13416     8.33220    -1.19804
   7.81097  -4.25297   1.30278     8.62198     9.57787    -0.95589
   5.26548  -3.57350   0.96009    -2.51380    -5.16659     2.65278
   6.97751  -4.64061   0.96009     9.71008    10.62590    -0.91581
   7.39752  -4.61931   0.96009    10.09475    10.74252    -0.64777
   7.80464  -4.51390   0.96009    10.96322    11.34401    -0.38079
   7.61448  -4.75651   0.58093    13.01266    12.86660     0.14606
   8.01965  -4.61628   0.58093    13.56299    13.17014     0.39285
   7.81315  -4.81268   0.17684    14.83621    13.95008     0.88613
   8.20279  -4.64614   0.17684    15.02885    13.96489     1.06396
   7.90363  -4.82008  -0.23991    15.41352    14.03487     1.37865
   8.28278  -4.64328  -0.23991    15.03827    13.54191     1.49636
   8.20279  -4.64614  -0.65667    13.94640    12.30630     1.64010
   8.55642  -4.41271  -0.65667    13.65210    12.09280     1.55930
   8.98003  -1.34553  -1.06076    -9.34613   -11.44979     2.10367
   8.01965  -4.61628  -1.06076    12.37574    10.90185     1.47389
   8.39096  -4.40190  -1.06076    11.08558     9.65880     1.42678
   8.71499  -4.12113  -1.06076    10.53086     9.36217     1.16870
   9.11869  -2.14643  -1.43991    -2.87964    -2.84181    -0.03784
   8.99280  -1.74517  -1.43991    -6.95092    -7.52300     0.57208
   8.78870  -1.37746  -1.43991   -11.17469   -12.61619     1.44150
   8.51477  -1.05837  -1.43991   -14.98304   -17.43690     2.45386
   7.80464  -4.51390  -1.43991    10.24158     9.21605     1.02553
   8.18221  -4.32869  -1.43991     8.28124     7.26890     1.01234
   8.51477  -4.07127  -1.43991     6.91013     6.11689     0.79325
   8.78870  -3.75218  -1.43991     5.87161     5.45793     0.41368
   8.99280  -3.38447  -1.43991     4.75527     4.75179     0.00348
   8.92129  -2.56482  -1.78261    -4.05371    -3.16741    -0.88631
   8.87173  -2.14083  -1.78261    -7.10466    -6.44764    -0.65702
   8.72573  -1.73970  -1.78261   -10.36206   -10.27334    -0.08873
   8.49116  -1.38305  -1.78261   -13.30571   -14.02292     0.71720
   8.18066  -1.09011  -1.78261   -15.30684   -16.88504     1.57820
   7.81097  -4.25297  -1.78261     5.95067     5.54844     0.40223
   8.18066  -4.03953  -1.78261     3.88805     3.60615     0.28190
   8.49116  -3.74659  -1.78261     2.14357     2.17336    -0.02978
   8.72573  -3.38994  -1.78261     0.45369     0.89405    -0.44036
   8.87173  -2.98881  -1.78261    -1.52924    -0.74810    -0.78114
   8.62547  -2.56482  -2.07842    -7.66126    -6.24433    -1.41694
   8.56826  -2.14861  -2.07842   -10.32630    -9.07721    -1.24909
   8.40088  -1.76326  -2.07842   -12.82378   -12.05087    -0.77292
   8.13575  -1.43737  -2.07842   -14.62976   -14.50317    -0.12658
   7.79252  -1.19509  -2.07842   -15.23907   -15.68417     0.44510
   7.39665  -1.05440  -2.07842   -14.46158   -15.10378     0.64220
   7.39665  -4.07524  -2.07842     3.31325     3.58532    -0.27207
   7.79252  -3.93455  -2.07842     1.19164     1.54919    -0.35755
   8.13575  -3.69227  -2.07842    -0.91554    -0.33282    -0.58271
   8.40088  -3.36638  -2.07842    -2.98318    -2.04819    -0.93499
   8.56826  -2.98103  -2.07842    -5.18574    -3.91265    -1.27309
   8.28278  -2.56482  -2.31838   -10.23405    -8.38421    -1.84984
   8.21041  -2.15440  -2.31838   -12.60604   -10.88896    -1.71708
   8.00203  -1.79347  -2.31838   -14.42895   -13.11847    -1.31048
   7.68278  -1.52559  -2.31838   -15.20644   -14.38080    -0.82564
   7.29116  -1.38305  -2.31838   -14.80358   -14.29094    -0.51264
   6.87440  -1.38305  -2.31838   -13.77383   -13.36499    -0.40885
   6.16353  -1.79347  -2.31838   -12.82692   -14.11629     1.28936
   5.95515  -2.15440  -2.31838   -12.82190   -15.59128     2.76938
   5.88278  -2.56482  -2.31838   -11.91139   -14.78311     2.87172
   5.95515  -2.97524  -2.31838    -8.93699   -10.71905     1.78206
   6.87440  -3.74659  -2.31838    -0.49259     0.14103    -0.63362
   7.29116  -3.74659  -2.31838    -1.37048    -0.49869    -0.87179
   7.68278  -3.60405  -2.31838    -3.22038    -2.14232    -1.07806
   8.00203  -3.33617  -2.31838    -5.41541    -4.04690    -1.36851
   8.21041  -2.97524  -2.31838    -7.76794    -6.08184    -1.68610
   7.90363  -2.56482  -2.49518   -11.80345    -9.71832    -2.08514
   7.79365  -2.15440  -2.49518   -13.93761   -12.00210    -1.93551
   7.49320  -1.85394  -2.49518   -14.95355   -13.43602    -1.51753
   7.08278  -1.74397  -2.49518   -14.67619   -13.63626    -1.03993
   6.67236  -1.85394  -2.49518   -13.82968   -13.43619    -0.39349
   6.37190  -2.15440  -2.49518   -12.93925   -13.46287     0.52363
   6.26193  -2.56482  -2.49518   -11.41063   -12.22848     0.81784
   6.37190  -2.97524  -2.49518    -8.66026    -8.81403     0.15377
   6.67236  -3.27570  -2.49518    -6.11822    -5.45817    -0.66005
   7.08278  -3.38567  -2.49518    -5.58609    -4.38299    -1.20310
   7.49320  -3.27570  -2.49518    -6.96222    -5.39214    -1.57008
   7.79365  -2.97524  -2.49518    -9.26769    -7.36658    -1.90111
   7.49953  -2.56482  -2.60345   -12.45732   -10.44029    -2.01703
   7.29116  -2.20390  -2.60345   -14.07567   -12.35095    -1.72471
   6.87440  -2.20390  -2.60345   -13.63327   -12.59535    -1.03792
   6.66602  -2.56482  -2.60345   -11.84487   -11.21874    -0.62613
   6.87440  -2.92574  -2.60345    -9.73016    -8.58146    -1.14870
   7.29116  -2.92574  -2.60345   -10.09098    -8.34545    -1.74553
   7.08278  -2.56482  -2.63991   -12.36758   -10.81467    -1.55291
   7.08700  -0.41338   2.97740   -12.19439   -12.22709     0.03270
   7.50376  -0.41338   2.94094   -13.97275   -13.76094    -0.21182
   6.87863  -0.77430   2.94094   -12.10215   -12.46111     0.35896
   7.29538  -0.77430   2.94094   -13.83470   -13.93277     0.09806
   7.90785  -0.41338   2.83266   -15.75425   -15.27040    -0.48386
   7.79788  -0.00296   2.83266   -13.49647   -12.96548    -0.53099
   6.37613  -0.82380   2.83266   -10.03074   -10.71111     0.68038
   6.67658  -1.12426   2.83266   -11.23117   -11.70342     0.47225
   7.08700  -1.23423   2.83266   -12.77107   -13.15717     0.38610
   7.49743  -1.12426   2.83266   -14.54002   -14.66784     0.12781
   7.79788  -0.82380   2.83266   -15.90235   -15.63756    -0.26478
   8.28700  -0.41338   2.65586   -17.45731   -16.62227    -0.83504
   8.21463  -0.00296   2.65586   -15.57667   -14.89179    -0.68488
   8.00626   0.35796   2.65586   -12.01806   -11.44199    -0.57608
   6.16775  -1.18473   2.65586    -8.87236    -9.19771     0.32536
   6.48700  -1.45261   2.65586    -9.66427    -9.92368     0.25941
   6.87863  -1.59515   2.65586   -10.78689   -11.25586     0.46897
   7.29538  -1.59515   2.65586   -12.29417   -12.82574     0.53158
   7.68700  -1.45261   2.65586   -14.14783   -14.40826     0.26043
   8.00626  -1.18473   2.65586   -16.11005   -15.86619    -0.24387
   8.21463  -0.82380   2.65586   -17.48932   -16.79644    -0.69288
   8.62969  -0.41338   2.41590   -18.99283   -17.73543    -1.25740
   8.57249   0.00283   2.41590   -17.46673   -16.49317    -0.97356
   8.40511   0.38818   2.41590   -14.11269   -13.60120    -0.51149
   5.67203  -1.02799   2.41590    -6.79844    -6.98502     0.18659
   6.98173  -1.95247   2.41590    -9.00978    -9.67872     0.66894
   7.40087  -1.92380   2.41590   -10.33320   -11.22025     0.88705
   7.79674  -1.78311   2.41590   -12.08332   -12.74988     0.66656
   8.13997  -1.54083   2.41590   -14.43272   -14.51438     0.08166
   8.40511  -1.21494   2.41590   -16.92770   -16.30505    -0.62264
   8.57249  -0.82959   2.41590   -18.69414   -17.55490    -1.13924
   8.92551  -0.41338   2.12009   -20.26103   -18.57266    -1.68837
   8.87595   0.01061   2.12009   -19.15347   -17.80537    -1.34810
   8.72995   0.41174   2.12009   -16.12574   -15.45132    -0.67442
   7.40626  -2.22396   2.12009    -7.19000    -8.51404     1.32404
   7.81520  -2.10153   2.12009    -8.12123    -9.45117     1.32995
   8.18488  -1.88809   2.12009   -10.27359   -11.10718     0.83360
   8.49538  -1.59515   2.12009   -13.60315   -13.58052    -0.02263
   8.72995  -1.23850   2.12009   -17.03375   -16.11282    -0.92093
   8.87595  -0.83737   2.12009   -19.46974   -17.92913    -1.54060
   9.16546  -0.41338   1.77740   -21.17782   -19.13534    -2.04248
   9.12292   0.00501   1.77740   -20.61055   -18.87403    -1.73652
   8.99702   0.40627   1.77740   -18.17393   -17.15223    -1.02170
   8.79293   0.77398   1.77740   -13.89494   -13.82001    -0.07493
   8.51899  -1.91983   1.77740    -6.93712    -8.00434     1.06722
   8.79293  -1.60074   1.77740   -12.00802   -11.96861    -0.03941
   8.99702  -1.23303   1.77740   -16.64469   -15.53836    -1.10633
   9.12292  -0.83177   1.77740   -19.82993   -18.00275    -1.82718
   9.34227  -0.41338   1.39824   -21.68987   -19.46054    -2.22933
   9.30151   0.01343   1.39824   -21.64469   -19.64292    -2.00176
   9.18072   0.42482   1.39824   -19.64858   -18.34062    -1.30796
   8.98425   0.80591   1.39824   -15.81010   -15.47871    -0.33140
   8.98425  -1.63267   1.39824    -8.67846    -9.03132     0.35287
   9.18072  -1.25158   1.39824   -15.28739   -14.30954    -0.97785
   9.30151  -0.84019   1.39824   -19.62159   -17.73633    -1.88527
   9.45054  -0.41338   0.99415   -21.79905   -19.61714    -2.18191
   9.41256   0.00864   0.99415   -22.29981   -20.21022    -2.08958
   9.29983   0.41711   0.99415   -20.87787   -19.35588    -1.52199
   9.11598   0.79888   0.99415   -17.73656   -17.07358    -0.66298
   9.29983  -1.24387   0.99415   -13.71799   -13.09825    -0.61974
   9.41256  -0.83541   0.99415   -19.08256   -17.38791    -1.69466
   9.48700  -0.41338   0.57740   -21.56436   -19.69690    -1.86746
   9.45054   0.00338   0.57740   -22.53638   -20.60307    -1.93331
   9.34227   0.40747   0.57740   -21.61770   -20.08995    -1.52775
   9.16546   0.78662   0.57740   -19.09009   -18.25424    -0.83585
   8.92551   1.12931   0.57740   -15.16188   -15.05995    -0.10194
   9.34227  -1.23423   0.57740   -12.03438   -12.05587     0.02150
   9.45054  -0.83014   0.57740   -18.29692   -17.07200    -1.22493
   9.45054  -0.41338   0.16064   -21.09373   -19.79514    -1.29859
   9.41256   0.00864   0.16064   -22.41150   -20.88625    -1.52525
   9.29983   0.41711   0.16064   -21.80784   -20.53552    -1.27232
   9.11598   0.79888   0.16064   -19.63728   -18.89454    -0.74274
   8.86692   1.14168   0.16064   -16.21108   -15.99264    -0.21844
   9.41256  -0.83541   0.16064   -17.35566   -16.87647    -0.47919
   9.34227  -0.41338  -0.24345   -20.51266   -19.97879    -0.53387
   9.30151   0.01343  -0.24345   -22.00237   -21.08707    -0.91530
   9.18072   0.42482  -0.24345   -21.59950   -20.78133    -0.81817
   8.98425   0.80591  -0.24345   -19.69627   -19.23647    -0.45980
   8.71921   1.14293  -0.24345   -16.67481   -16.53992    -0.13489
   9.30151  -0.84019  -0.24345   -16.62837   -17.07019     0.44181
   9.16546  -0.41338  -0.62260   -19.91778   -20.24803     0.33025
   9.12292   0.00501  -0.62260   -21.35289   -21.17884    -0.17405
   8.99702   0.40627  -0.62260   -21.09624   -20.86273    -0.23352
   8.79293   0.77398  -0.62260   -19.49735   -19.44875    -0.04860
   8.51899   1.09307  -0.62260   -16.94840   -17.07057     0.12217
   9.12292  -0.83177  -0.62260   -16.45895   -17.83122     1.37227
   8.92551  -0.41338  -0.96529   -19.33357   -20.50628     1.17271
   8.87595   0.01061  -0.96529   -20.52897   -21.11157     0.58260
   8.72995   0.41174  -0.96529   -20.18949   -20.60692     0.41743
   8.49538   0.76839  -0.96529   -18.62574   -19.10486     0.47912
   8.18488   1.06133  -0.96529   -16.27760   -16.82235     0.54476
   8.87595  -0.83737  -0.96529   -16.53927   -18.78675     2.24748
   8.62969  -0.41338  -1.26111   -18.68974   -20.55723     1.86749
   8.57249   0.00283  -1.26111   -19.48982   -20.75155     1.26173
   8.40511   0.38818  -1.26111   -19.02107   -20.04988     1.02881
   8.13997   0.71407  -1.26111   -17.51818   -18.53058     1.01239
   7.79674   0.95635  -1.26111   -15.44803   -16.52145     1.07342
   8.57249  -0.82959  -1.26111   -16.91577   -19.74541     2.82964
   8.28700  -0.41338  -1.50106   -17.83131   -20.13921     2.30790
   8.21463  -0.00296  -1.50106   -18.19150   -19.94061     1.74911
   8.00626   0.35796  -1.50106   -17.47112   -18.97900     1.50788
   7.68700   0.62585  -1.50106   -15.90297   -17.38981     1.48683
   7.29538   0.76839  -1.50106   -14.03425   -15.66237     1.62812
   6.87863   0.76839  -1.50106   -12.33244   -14.25826     1.92582
   6.16775   0.35796  -1.50106    -9.38503   -10.27272     0.88769
   8.21463  -0.82380  -1.50106   -16.98856   -20.04969     3.06113
   7.90785  -0.41338  -1.67787   -16.56751   -18.99198     2.42447
   7.79788  -0.00296  -1.67787   -16.50475   -18.45279     1.94804
   7.49743   0.29749  -1.67787   -15.31249   -17.04759     1.73510
   7.08700   0.40747  -1.67787   -13.48079   -15.13040     1.64961
   6.67658   0.29749  -1.67787   -11.61959   -12.83378     1.21419
   7.29538  -0.05246  -1.78614   -14.15787   -15.87441     1.71654
   6.42291   0.69961   3.26324    -6.60391    -5.64116    -0.96275
   6.83966   0.69961   3.22678    -5.94879    -4.66079    -1.28800
   6.63129   1.06053   3.22678    -5.30873    -3.89391    -1.41482
   6.21453   1.06053   3.22678    -6.99485    -6.01869    -0.97615
   6.00615   0.69961   3.22678    -8.09864    -7.68967    -0.40897
   6.21453   0.33869   3.22678    -7.53764    -7.21727    -0.32038
   6.63129   0.33869   3.22678    -7.16365    -6.42566    -0.73799
   7.24376   0.69961   3.11850    -5.98330    -4.65396    -1.32935
   6.42291   1.52046   3.11850    -5.29179    -4.07691    -1.21488
   6.01248   1.41049   3.11850    -8.23355    -7.47466    -0.75889
   5.71203   1.11004   3.11850   -10.50953   -10.32703    -0.18250
   5.60206   0.69961   3.11850   -10.60428   -10.92406     0.31977
   5.71203   0.28919   3.11850    -9.13842    -9.63591     0.49749
   6.01248  -0.01126   3.11850    -8.09927    -8.45402     0.35475
   6.42291  -0.12124   3.11850    -8.34839    -8.40218     0.05380
   6.83333  -0.01126   3.11850    -8.85855    -8.48675    -0.37181
   7.13378   0.28919   3.11850    -8.08609    -7.20060    -0.88548
   7.62291   0.69961   2.94170    -6.63466    -5.54524    -1.08942
   5.82291   1.73884   2.94170   -10.30371    -9.92991    -0.37379
   5.50365  -0.07173   2.94170    -9.19992   -10.42840     1.22848
   5.82291  -0.33962   2.94170    -8.18272    -9.10179     0.91906
   6.21453  -0.48216   2.94170    -8.80961    -9.47644     0.66683
   6.63129  -0.48216   2.94170   -10.50137   -10.92223     0.42086
   7.34216  -0.07173   2.94170   -11.77333   -11.37710    -0.39623
   7.55054   0.28919   2.94170    -9.73832    -8.93033    -0.80799
   5.90629   2.15323   2.70175    -9.69753    -9.64386    -0.05367
   5.53327  -0.56072   2.70175    -7.75413    -9.01997     1.26583
   5.90629  -0.75400   2.70175    -8.09487    -9.07842     0.98355
   5.50365  -0.89258   2.40593    -6.54116    -7.05197     0.51081
   8.51662   1.53781   0.04239   -10.84901   -10.68078    -0.16823
   6.53022   2.95232   0.04239    -9.36934    -8.95488    -0.41446
   8.33293   1.51927  -0.33676   -11.86558   -11.59415    -0.27143
   8.12883   1.88697  -0.33676    -8.13252    -7.36270    -0.76982
   7.85490   2.20607  -0.33676    -6.11571    -4.96915    -1.14656
   7.52234   2.46348  -0.33676    -5.61307    -4.32302    -1.29006
   7.14477   2.64869  -0.33676    -6.53802    -5.37715    -1.16087
   6.73764   2.75410  -0.33676    -8.89620    -8.12071    -0.77549
   6.31763   2.77541  -0.33676   -12.83382   -12.58392    -0.24991
   8.06586   1.52473  -0.67945   -11.84048   -11.66873    -0.17174
   7.83129   1.88138  -0.67945    -8.85730    -8.16600    -0.69130
   7.52079   2.17432  -0.67945    -7.61922    -6.64340    -0.97582
   7.15110   2.38776  -0.67945    -7.97188    -7.03721    -0.93467
   6.74216   2.51019  -0.67945    -9.88578    -9.30367    -0.58211
   6.31601   2.53501  -0.67945   -13.42745   -13.40442    -0.02303
   7.74101   1.50117  -0.97527   -11.60830   -11.74003     0.13174
   7.47587   1.82706  -0.97527    -9.54630    -9.26564    -0.28067
   7.13265   2.06934  -0.97527    -9.23129    -8.85686    -0.37443
   6.73678   2.21004  -0.97527   -10.58169   -10.45830    -0.12339
   6.31763   2.23870  -0.97527   -13.51404   -13.92166     0.40762
   7.34216   1.47096  -1.21522   -11.22238   -11.77156     0.54918
   7.02291   1.73884  -1.21522   -10.41101   -10.77286     0.36185
   6.63129   1.88138  -1.21522   -11.41942   -11.98260     0.56319
   6.21453   1.88138  -1.21522   -13.89369   -15.01700     1.12331
   7.13378   1.11004  -1.39202   -12.30044   -13.66834     1.36790
   6.83333   1.41049  -1.39202   -11.24121   -12.34609     1.10489
   6.42291   1.52046  -1.39202   -12.09776   -13.44945     1.35169
   6.63129   1.06053  -1.50030   -11.46209   -13.16059     1.69850
   6.21453   1.06053  -1.50030   -11.63842   -13.55372     1.91530
   6.42291   0.69961  -1.53676   -10.87913   -12.72857     1.84943
   5.14140   0.94960   3.12352   -13.59939   -14.30284     0.70345
   5.34978   1.31052   3.08706   -13.50400   -13.72574     0.22174
   4.93302   1.31052   3.08706   -15.25852   -15.75714     0.49862
   4.72464   0.94960   3.08706   -14.65297   -15.67060     1.01763
   4.93302   0.58868   3.08706   -13.08859   -14.31630     1.22770
   5.34978   0.58868   3.08706   -11.82040   -12.65362     0.83323
   5.55182   1.66048   2.97878   -12.80872   -12.71652    -0.09221
   5.14140   1.77045   2.97878   -15.52584   -15.54924     0.02340
   4.73097   1.66048   2.97878   -16.69552   -16.84995     0.15443
   4.43052   1.36003   2.97878   -16.13139   -16.77620     0.64481
   4.32055   0.94960   2.97878   -14.71635   -16.00862     1.29226
   4.43052   0.53918   2.97878   -13.25802   -14.90694     1.64892
   4.73097   0.23873   2.97878   -12.01430   -13.64320     1.62890
   5.14140   0.12875   2.97878   -10.98393   -12.42814     1.44421
   5.74140   1.98883   2.80198   -11.55370   -11.42556    -0.12814
   5.34978   2.13137   2.80198   -14.99120   -14.86023    -0.13098
   4.93302   2.13137   2.80198   -17.22074   -16.88238    -0.33837
   4.54140   1.98883   2.80198   -17.79805   -17.48076    -0.31729
   4.22214   1.72095   2.80198   -16.90950   -17.03616     0.12667
   4.01377   1.36003   2.80198   -15.27986   -16.16500     0.88515
   3.94140   0.94960   2.80198   -13.67657   -15.31276     1.63619
   4.01377   0.53918   2.80198   -12.38139   -14.40235     2.02096
   4.22214   0.17826   2.80198   -11.33157   -13.28104     1.94947
   4.54140  -0.08963   2.80198   -10.47439   -12.16207     1.68769
   4.93302  -0.23217   2.80198    -9.75024   -11.30013     1.54989
   5.34978  -0.23217   2.80198    -9.10579   -10.70144     1.59565
   5.85114   2.31933   2.56203   -10.62876   -10.81744     0.18869
   5.45527   2.46002   2.56203   -14.76467   -14.65459    -0.11008
   5.03612   2.48869   2.56203   -17.53889   -16.94848    -0.59041
   4.62478   2.40322   2.56203   -18.65397   -17.77049    -0.88349
   4.25176   2.20993   2.56203   -18.08357   -17.33738    -0.74619
   3.94471   1.92317   2.56203   -16.21108   -16.06637    -0.14471
   3.72642   1.56421   2.56203   -13.87612   -14.64366     0.76755
   3.61307   1.15966   2.56203   -11.97037   -13.71194     1.74157
   3.61307   0.73954   2.56203   -10.76995   -13.19658     2.42664
   3.72642   0.33499   2.56203    -9.98556   -12.44719     2.46163
   5.03612  -0.58949   2.56203    -7.88968    -8.89304     1.00337
   5.46065   2.76018   2.26621   -15.31939   -15.16820    -0.15119
   5.03450   2.78500   2.26621   -18.18711   -17.31934    -0.86777
   4.61411   2.71087   2.26621   -19.28964   -17.95631    -1.33334
   4.22214   2.54179   2.26621   -18.54102   -17.21152    -1.32950
   3.87974   2.28688   2.26621   -16.06989   -15.28641    -0.78348
   3.31532   0.73616   2.26621    -6.80095   -10.14996     3.34902
   5.86326   2.89868   1.92352   -11.59575   -12.23899     0.64324
   5.45613   3.00409   1.92352   -16.00588   -15.73172    -0.27417
   5.03612   3.02539   1.92352   -18.72614   -17.61255    -1.11359
   4.62043   2.96171   1.92352   -19.70568   -18.03061    -1.67507
   4.22606   2.81565   1.92352   -18.79014   -17.02596    -1.76419
   3.86916   2.59320   1.92352   -15.80508   -14.55554    -1.24954
   5.67309   3.14129   1.54437   -14.70067   -14.76448     0.06382
   5.24871   3.20231   1.54437   -18.10051   -17.20589    -0.89462
   4.82044   3.18191   1.54437   -19.75525   -18.09051    -1.66474
   4.40377   3.08083   1.54437   -19.49609   -17.46476    -2.03133
   4.01377   2.90272   1.54437   -16.98292   -15.18568    -1.79724
   5.87177   3.19746   1.14028   -13.50149   -13.78277     0.28127
   5.45866   3.29175   1.14028   -17.25149   -16.64842    -0.60307
   5.03536   3.31076   1.14028   -19.39506   -17.96371    -1.43135
   4.61546   3.25388   1.14028   -19.78788   -17.79883    -1.98906
   4.21247   3.12294   1.14028   -18.12624   -16.05109    -2.07515
   5.96224   3.20486   0.72352   -13.61445   -13.75607     0.14162
   5.55815   3.31314   0.72352   -17.10967   -16.57635    -0.53332
   5.14140   3.34960   0.72352   -19.17355   -17.90798    -1.26557
   4.72464   3.31314   0.72352   -19.60779   -17.78444    -1.82335
   4.32055   3.20486   0.72352   -18.10930   -16.09916    -2.01014
   3.94140   3.02806   0.72352   -14.12963   -12.50239    -1.62724
   6.26140   3.03092   0.30677   -11.56939   -11.59538     0.02598
   5.87177   3.19746   0.30677   -15.41289   -15.23226    -0.18063
   5.45866   3.29175   0.30677   -18.08859   -17.37633    -0.71226
   5.03536   3.31076   0.30677   -19.33922   -18.04378    -1.29543
   4.61546   3.25388   0.30677   -18.84788   -17.15656    -1.69132
   4.21247   3.12294   0.30677   -16.22551   -14.49892    -1.72660
   6.07827   3.00106  -0.09733   -14.50488   -14.36398    -0.14091
   5.67309   3.14129  -0.09733   -17.31487   -16.95769    -0.35718
   5.24871   3.20231  -0.09733   -18.93824   -18.13694    -0.80129
   4.82044   3.18191  -0.09733   -18.99158   -17.77842    -1.21316
   4.40377   3.08083  -0.09733   -17.08897   -15.67873    -1.41024
   4.01377   2.90272  -0.09733   -12.84198   -11.55175    -1.29024
   6.24083   2.71347  -0.47648   -13.86231   -13.74985    -0.11246
   5.86326   2.89868  -0.47648   -16.58006   -16.52333    -0.05673
   5.45613   3.00409  -0.47648   -18.47451   -18.17559    -0.29891
   5.03612   3.02539  -0.47648   -19.15661   -18.51308    -0.64353
   4.62043   2.96171  -0.47648   -18.29441   -17.36897    -0.92544
   4.22606   2.81565  -0.47648   -15.71158   -14.63464    -1.07694
   6.23928   2.42431  -0.81917   -14.23066   -14.46850     0.23784
   5.86959   2.63775  -0.81917   -16.71685   -16.98166     0.26480
   5.46065   2.76018  -0.81917   -18.54855   -18.63465     0.08610
   5.03450   2.78500  -0.81917   -19.35741   -19.15287    -0.20454
   4.61411   2.71087  -0.81917   -18.98969   -18.47434    -0.51536
   4.22214   2.54179  -0.81917   -17.76354   -16.89748    -0.86605
   6.19437   2.07705  -1.11498   -14.34800   -15.17806     0.83006
   5.85114   2.31933  -1.11498   -16.61833   -17.32333     0.70499
   5.45527   2.46002  -1.11498   -18.47262   -18.99254     0.51991
   5.03612   2.48869  -1.11498   -19.63414   -19.87187     0.23772
   4.62478   2.40322  -1.11498   -20.23530   -20.08402    -0.15128
   6.06065   1.72095  -1.35494   -14.32353   -15.74882     1.42529
   5.74140   1.98883  -1.35494   -16.48844   -17.61568     1.12724
   5.34978   2.13137  -1.35494   -18.38477   -19.24723     0.86246
   4.93302   2.13137  -1.35494   -19.84311   -20.34988     0.50677
   4.54140   1.98883  -1.35494   -21.11193   -21.08155    -0.03038
   5.96224   0.94960  -1.53174   -11.70995   -13.45400     1.74404
   5.85227   1.36003  -1.53174   -13.85102   -15.47576     1.62474
   5.55182   1.66048  -1.53174   -16.13390   -17.43082     1.29692
   5.14140   1.77045  -1.53174   -18.05910   -18.97931     0.92021
   4.73097   1.66048  -1.53174   -19.16163   -19.53295     0.37132
   5.34978   1.31052  -1.64002   -15.07215   -16.08143     1.00928
   4.27947  -0.45574   2.59284    -8.14068    -8.92935     0.78867
   3.66700  -0.09482   2.48456    -7.92042    -9.49474     1.57431
   3.77698  -0.50525   2.48456    -7.11094    -7.44902     0.33808
   4.07743  -0.80570   2.48456    -6.81789    -6.35496    -0.46293
   4.48785  -0.91567   2.48456    -7.00928    -6.13543    -0.87385
   4.89828  -0.80570   2.48456    -7.22891    -7.05010    -0.17881
   3.36022   0.31560   2.30776    -6.93272    -9.83375     2.90103
   3.56860  -0.86617   2.30776    -6.51104    -5.78958    -0.72146
   3.88785  -1.13405   2.30776    -6.29643    -5.12999    -1.16644
   4.27947  -1.27659   2.30776    -6.69051    -4.74736    -1.94315
   4.69623  -1.27659   2.30776    -6.97351    -4.35536    -2.61816
   5.08785  -1.13405   2.30776    -6.59952    -4.63592    -1.96360
   3.59821  -1.35515   2.06781    -6.00338    -5.19215    -0.81123
   3.97124  -1.54844   2.06781    -6.51543    -5.26241    -1.25302
   5.97333   0.32139  -1.60920    -9.82115    -9.30419    -0.51696
   5.80596   0.70674  -1.60920   -11.03538   -11.73122     0.69584
   4.80172   1.41560  -1.60920   -17.28287   -17.62385     0.34098
   4.38257   1.44427  -1.60920   -19.57892   -18.70878    -0.87014
   5.61548   0.31560  -1.84916   -11.02409    -8.99691    -2.02718
   5.40711   0.67653  -1.84916   -11.89131   -11.00252    -0.88878
   5.08785   0.94441  -1.84916   -13.46635   -12.89427    -0.57208
   4.69623   1.08695  -1.84916   -15.39971   -14.41912    -0.98059
   4.27947   1.08695  -1.84916   -17.66439   -15.67180    -1.99259
   5.19873   0.31560  -2.02596   -11.47150    -9.09237    -2.37913
   4.89828   0.61605  -2.02596   -12.36696   -10.57105    -1.79590
   4.48785   0.72603  -2.02596   -13.71673   -11.62475    -2.09198
   4.69623   0.26610  -2.13424   -11.17845    -8.95349    -2.22497
   4.27947   0.26610  -2.13424   -10.78124    -8.45781    -2.32343
   4.48785  -0.09482  -2.17070    -9.68937    -8.28241    -1.40696
  -4.51860  -2.94365  -0.05447    26.89066    24.48225     2.40842
  -4.81204  -3.53964  -0.35849    19.29027    16.38675     2.90352
  -4.45261  -3.30864  -0.35849    23.41489    21.68498     1.72991
  -4.17281  -2.98574  -0.35849    26.75826    26.63375     0.12451
  -4.82221  -3.79162  -0.72254    16.35855    14.59357     1.76498
  -4.45296  -3.59782  -0.72254    20.63502    19.48286     1.15217
  -4.14081  -3.32128  -0.72254    24.13464    23.84317     0.29147
  -3.90391  -2.97808  -0.72254    27.10590    28.04047    -0.93457
  -5.01910  -3.99910  -1.12835    12.13101    11.22161     0.90940
  -4.62346  -3.86066  -1.12835    16.97852    16.26479     0.71374
  -4.26854  -3.63765  -1.12835    20.90422    20.57158     0.33264
  -3.97215  -3.34126  -1.12835    24.19614    24.43114    -0.23500
  -3.74914  -2.98634  -1.12835    27.13728    28.11982    -0.98255
  -5.33168  -4.09136  -1.55559     6.97351     6.87544     0.09807
  -4.92197  -4.02419  -1.55559    12.58282    12.34709     0.23573
  -4.53628  -3.87052  -1.55559    17.05947    16.89527     0.16420
  -4.19265  -3.63752  -1.55559    20.73354    20.78624    -0.05270
  -3.90713  -3.33611  -1.55559    23.85728    24.23955    -0.38226
  -3.69308  -2.98036  -1.55559    26.68233    27.44514    -0.76281
  -5.43563  -4.04603  -1.98283     5.62060     5.90521    -0.28461
  -5.01910  -3.99910  -1.98283    11.31651    11.40183    -0.08533
  -4.62346  -3.86066  -1.98283    15.87536    15.94482    -0.06945
  -4.26854  -3.63765  -1.98283    19.59775    19.77134    -0.17359
  -3.97215  -3.34126  -1.98283    22.71773    23.07067    -0.35294
  -3.74914  -2.98634  -1.98283    25.43986    25.98288    -0.54301
  -3.61070  -2.59070  -1.98283    27.99508    28.58617    -0.59108
  -3.70577  -2.17417  -2.38865    27.75851    27.98983    -0.23132
  -5.22712  -3.89142  -2.38865     9.31789     9.43973    -0.12184
  -4.82221  -3.79162  -2.38865    14.05810    14.15646    -0.09837
  -4.45296  -3.59782  -2.38865    17.91540    18.07339    -0.15799
  -4.14081  -3.32128  -2.38865    21.08432    21.35060    -0.26628
  -3.90391  -2.97808  -2.38865    23.71923    24.09660    -0.37737
  -3.75603  -2.58816  -2.38865    25.93183    26.34015    -0.40832
  -3.93451  -2.17417  -2.75269    25.08281    25.27654    -0.19373
  -3.99532  -1.75126  -2.75269    25.66639    25.69134    -0.02495
  -4.17281  -1.36261  -2.75269    25.12423    24.94553     0.17870
  -4.45261  -1.03970  -2.75269    23.61820    23.24998     0.36822
  -5.64926  -3.66001  -2.75269     5.12487     4.86427     0.26060
  -5.22200  -3.66001  -2.75269    10.50576    10.36036     0.14540
  -4.81204  -3.53964  -2.75269    14.95794    14.92111     0.03683
  -4.45261  -3.30864  -2.75269    18.55922    18.63895    -0.07973
  -4.17281  -2.98574  -2.75269    21.41941    21.60715    -0.18774
  -3.99532  -2.59708  -2.75269    23.60502    23.84990    -0.24487
  -4.23853  -2.17417  -3.05671    22.61481    22.63141    -0.01659
  -4.31072  -1.76474  -3.05671    22.98567    22.92354     0.06213
  -4.51860  -1.40469  -3.05671    22.41464    22.20345     0.21119
  -4.83708  -1.13745  -3.05671    21.45078    21.02575     0.42504
  -5.22775  -3.35309  -3.05671    11.87499    11.34065     0.53434
  -4.83708  -3.21089  -3.05671    15.81387    15.53559     0.27828
  -4.51860  -2.94365  -3.05671    18.95016    18.84787     0.10229
  -4.31072  -2.58360  -3.05671    21.23806    21.24004    -0.00198
  -4.60257  -2.17417  -3.28545    20.28926    19.95694     0.33232
  -4.71418  -1.75764  -3.28545    20.67267    20.24516     0.42752
  -5.01910  -1.45272  -3.28545    20.26667    19.54853     0.71814
  -5.43563  -3.00723  -3.28545    11.59889    10.38067     1.21821
  -5.01910  -2.89562  -3.28545    15.49509    14.80202     0.69307
  -4.71418  -2.59070  -3.28545    18.54165    18.12334     0.41831
  -5.00839  -2.17417  -3.42745    18.07792    17.17245     0.90547
  -5.22201  -2.54417  -3.42745    15.45242    14.24082     1.21160
  -5.53015   0.20060  -2.47285    17.47865    15.30016     2.17849
  -5.88506   0.42361  -2.47285    15.16502    13.06384     2.10118
  -6.28070   0.56205  -2.47285    11.21924     9.61674     1.60250
  -6.69723   0.60899  -2.47285     5.21711     4.51686     0.70026
  -8.52216  -1.67940  -2.47285   -15.28299   -15.93460     0.65160
  -5.16552  -0.45897  -2.87866    19.32855    18.43796     0.89059
  -5.40241  -0.11577  -2.87866    17.58595    16.44834     1.13762
  -5.71456   0.16077  -2.87866    15.71347    14.46786     1.24560
  -6.08382   0.35457  -2.87866    13.11244    11.96328     1.14916
  -6.48872   0.45437  -2.87866     9.32605     8.51918     0.80686
  -6.90575   0.45437  -2.87866     4.24447     3.98450     0.25997
  -7.31065   0.35457  -2.87866    -1.77083    -1.41999    -0.35084
  -8.42709  -1.26287  -2.87866   -10.93247   -11.24980     0.31733
  -8.37683  -1.67686  -2.87866    -9.66051   -10.06739     0.40688
  -8.22895  -2.06678  -2.87866    -9.63980    -9.86117     0.22137
  -5.25692  -0.83996  -3.24271    19.01793    18.32748     0.69045
  -5.43441  -0.45131  -3.24271    17.50626    16.76224     0.74402
  -5.71421  -0.12841  -3.24271    15.80508    14.98293     0.82215
  -6.07365   0.10259  -3.24271    13.57491    12.76438     0.81053
  -6.48360   0.22296  -3.24271    10.49070     9.83894     0.65176
  -6.91086   0.22296  -3.24271     6.52359     6.15714     0.36645
  -7.32082   0.10259  -3.24271     2.12726     2.06039     0.06687
  -7.68025  -0.12841  -3.24271    -1.77460    -1.68245    -0.09214
  -7.96005  -0.45131  -3.24271    -4.22000    -4.19169    -0.02831
  -8.13754  -0.83996  -3.24271    -4.97113    -5.14813     0.17700
  -8.19835  -1.26287  -3.24271    -4.73330    -5.09319     0.35989
  -8.13754  -1.68579  -3.24271    -4.48356    -4.90046     0.41690
  -7.96005  -2.07444  -3.24271    -4.72577    -5.09284     0.36706
  -5.50013  -1.26287  -3.54672    17.46610    16.40488     1.06122
  -5.57233  -0.85344  -3.54672    16.89067    16.09068     0.79999
  -5.78020  -0.49339  -3.54672    15.67895    14.95294     0.72601
  -6.09868  -0.22616  -3.54672    13.88177    13.18497     0.69679
  -6.48936  -0.08396  -3.54672    11.38239    10.76477     0.61762
  -6.90511  -0.08396  -3.54672     8.25928     7.78223     0.47705
  -7.29578  -0.22616  -3.54672     5.00188     4.65560     0.34628
  -7.61426  -0.49339  -3.54672     2.36697     2.05439     0.31258
  -7.82214  -0.85344  -3.54672     0.84400     0.45947     0.38453
  -7.89433  -1.26287  -3.54672     0.24724    -0.23975     0.48699
  -7.82214  -1.67231  -3.54672     0.02887    -0.53796     0.56682
  -7.61426  -2.03236  -3.54672    -0.04769    -0.72836     0.68066
  -7.29578  -2.29959  -3.54672     0.40976    -0.57557     0.98533
  -5.86418  -1.26287  -3.77547    15.01881    13.89845     1.12036
  -5.97578  -0.84635  -3.77547    14.68874    13.84643     0.84231
  -6.28070  -0.54143  -3.77547    13.13126    12.40969     0.72157
  -6.69723  -0.42982  -3.77547    10.62813     9.99384     0.63429
  -7.11376  -0.54143  -3.77547     7.75476     7.19331     0.56145
  -7.41868  -0.84635  -3.77547     5.46184     4.89739     0.56445
  -7.53029  -1.26287  -3.77547     4.26142     3.61324     0.64818
  -7.41868  -1.67940  -3.77547     3.98218     3.18048     0.80170
  -7.11376  -1.98432  -3.77547     4.70632     3.59375     1.11258
  -6.69723  -2.09593  -3.77547     6.97414     5.40020     1.57394
  -6.28070  -1.98432  -3.77547    10.51329     8.69729     1.81600
  -5.97578  -1.67940  -3.77547    13.65210    12.09064     1.56146
  -6.26999  -1.26287  -3.91747    12.71271    11.63968     1.07303
  -6.48361  -0.89287  -3.91747    11.97978    11.15233     0.82746
  -6.91085  -0.89287  -3.91747     9.42017     8.67986     0.74031
  -7.12447  -1.26287  -3.91747     7.54015     6.72720     0.81296
  -6.91085  -1.63288  -3.91747     7.92419     6.84833     1.07586
  -6.48361  -1.63288  -3.91747    10.58797     9.29150     1.29647
  -6.69723  -1.26287  -3.96561    10.29116     9.32970     0.96146
  -5.83045  -1.95710   2.60075    34.24382    36.64995    -2.40613
  -6.04407  -1.58710   2.60075    39.57577    42.33825    -2.76248
  -6.47131  -2.32710   2.60075    38.82464    40.53846    -1.71382
  -6.04407  -2.32710   2.60075    33.63890    35.62391    -1.98501
  -5.42463  -1.95710   2.45875    31.09372    33.39641    -2.30269
  -5.53624  -1.54057   2.45875    33.37911    36.23887    -2.85975
  -5.84116  -1.23565   2.45875    37.80996    41.24043    -3.43048
  -6.67422  -2.67855   2.45875    35.66074    37.18337    -1.52263
  -6.25769  -2.79015   2.45875    30.82766    32.39856    -1.57091
  -5.84116  -2.67855   2.45875    29.31787    30.96786    -1.64999
  -5.53624  -2.37363   2.45875    29.67806    31.57495    -1.89688
  -6.85624  -2.99382   2.23001    31.35728    32.78515    -1.42787
  -6.46556  -3.13601   2.23001    27.80620    29.09735    -1.29115
  -6.04981  -3.13601   2.23001    26.38615    27.58130    -1.19516
  -5.65914  -2.99382   2.23001    26.28700    27.51520    -1.22820
  -5.34065  -2.72658   2.23001    27.08519    28.48168    -1.39649
  -5.13278  -2.36653   2.23001    28.50085    30.13807    -1.63721
  -7.24071  -3.09157   1.92599    29.53499    31.00052    -1.46553
  -6.88127  -3.32256   1.92599    25.61682    26.80059    -1.18377
  -6.47132  -3.44293   1.92599    23.79328    24.70945    -0.91617
  -6.04406  -3.44293   1.92599    23.29127    24.03831    -0.74704
  -5.63410  -3.32256   1.92599    23.69664    24.41857    -0.72192
  -5.27466  -3.09157   1.92599    24.79039    25.64127    -0.85088
  -4.99487  -2.76866   1.92599    26.51792    27.58348    -1.06556
  -7.55251  -3.10421   1.56195    26.22990    27.73268    -1.50279
  -7.24036  -3.38075   1.56195    22.65686    23.76397    -1.10711
  -6.87110  -3.57455   1.56195    20.80194    21.53898    -0.73704
  -6.46620  -3.67435   1.56195    20.14996    20.57485    -0.42489
  -6.04917  -3.67435   1.56195    20.36770    20.57897    -0.21127
  -5.64427  -3.57455   1.56195    21.22927    21.36757    -0.13830
  -5.27501  -3.38075   1.56195    22.60289    22.83563    -0.23274
  -4.96287  -3.10421   1.56195    24.47475    24.95726    -0.48251
  -7.72117  -3.12419   1.15613    21.02973    22.12592    -1.09620
  -7.42477  -3.42058   1.15613    18.16389    18.88253    -0.71864
  -7.06986  -3.64359   1.15613    16.71309    17.04894    -0.33585
  -6.67422  -3.78203   1.15613    16.37988    16.34290     0.03698
  -6.25769  -3.82896   1.15613    16.90762    16.55205     0.35556
  -5.84116  -3.78203   1.15613    18.08482    17.52257     0.56226
  -5.44552  -3.64359   1.15613    19.75086    19.15020     0.60067
  -5.09060  -3.42058   1.15613    21.81098    21.38797     0.42301
  -4.79421  -3.12419   1.15613    24.29842    24.28377     0.01466
  -7.90285  -2.94696   0.72889    17.45606    17.47905    -0.02299
  -7.65160  -3.27748   0.72889    13.87863    13.88985    -0.01123
  -7.33517  -3.54626   0.72889    12.04442    11.85545     0.18897
  -6.96835  -3.74073   0.72889    11.59449    11.06859     0.52591
  -6.56831  -3.85181   0.72889    12.23769    11.30456     0.93313
  -6.15374  -3.87428   0.72889    13.71736    12.39624     1.32111
  -5.74403  -3.80711   0.72889    15.81324    14.21495     1.59829
  -5.35834  -3.65344   0.72889    18.34022    16.66269     1.67754
  -5.01471  -3.42045   0.72889    21.15711    19.68425     1.47286
  -4.72919  -3.11903   0.72889    24.21747    23.31694     0.90053
  -7.42477  -3.42058   0.30165     5.52208     4.36175     1.16034
  -7.06986  -3.64359   0.30165     5.07843     3.76116     1.31727
  -6.67422  -3.78203   0.30165     6.28012     4.48551     1.79461
  -6.25769  -3.82896   0.30165     8.70544     6.30012     2.40532
  -5.84116  -3.78203   0.30165    11.99610     9.03212     2.96398
  -5.44552  -3.64359   0.30165    15.83708    12.52643     3.31066
  -5.09060  -3.42058   0.30165    19.94539    16.63039     3.31500
  -4.79421  -3.12419   0.30165    24.06060    21.22268     2.83792
  -5.61339   0.42444   3.05899    18.96522    19.79280    -0.82758
  -5.18615   0.42444   3.01086    16.67920    17.32978    -0.65057
  -5.39977   0.79444   3.01086    15.44991    15.91133    -0.46142
  -5.82701   0.79444   3.01086    17.13289    17.78643    -0.65354
  -6.04063   0.42444   3.01086    20.93372    22.05796    -1.12424
  -5.82701   0.05444   3.01086    23.42869    24.75453    -1.32583
  -5.39977   0.05444   3.01086    20.68271    21.71621    -1.03350
  -4.78033   0.42444   2.86885    13.90185    14.47129    -0.56944
  -4.89194   0.84097   2.86885    12.05571    12.49520    -0.43949
  -5.19686   1.14589   2.86885    12.43159    12.61942    -0.18783
  -5.61339   1.25750   2.86885    13.65084    13.85278    -0.20194
  -6.02992   1.14589   2.86885    15.21397    15.76534    -0.55137
  -6.33484   0.84097   2.86885    17.75977    18.85707    -1.09730
  -6.44644   0.42444   2.86885    22.42154    24.02936    -1.60782
  -6.33484   0.00791   2.86885    28.05156    29.90891    -1.85736
  -6.02992  -0.29701   2.86885    29.59209    31.54724    -1.95514
  -5.61339  -0.40862   2.86885    26.63401    28.40237    -1.76836
  -5.19686  -0.29701   2.86885    22.38452    23.58967    -1.20516
  -4.89194   0.00791   2.86885    17.89657    18.59407    -0.69750
  -4.69636   1.19392   2.64011     8.18084     8.45386    -0.27302
  -5.01484   1.46116   2.64011     9.73706     9.60581     0.13125
  -5.40551   1.60335   2.64011    11.22238    11.04245     0.17993
  -5.82126   1.60335   2.64011    12.34248    12.42465    -0.08217
  -6.21194   1.46116   2.64011    13.31450    13.84868    -0.53418
  -6.53042   1.19392   2.64011    14.59901    15.73217    -1.13316
  -6.73829   0.83387   2.64011    17.11281    18.95892    -1.84611
  -6.81049   0.42444   2.64011    22.59787    25.04619    -2.44832
  -5.82126  -0.75447   2.64011    33.51905    36.23572    -2.71667
  -5.40551  -0.75447   2.64011    28.58118    30.72703    -2.14586
  -5.01484  -0.61228   2.64011    24.33419    25.59656    -1.26237
  -4.69636  -0.34504   2.64011    20.00500    20.44778    -0.44277
  -4.98980   1.78990   2.33609     8.23857     7.43315     0.80543
  -5.39976   1.91028   2.33609     9.89833     9.32694     0.57139
  -5.82702   1.91028   2.33609    10.86093    10.73457     0.12636
  -6.23697   1.78990   2.33609    11.42193    11.82663    -0.40470
  -6.59641   1.55891   2.33609    11.84110    12.86228    -1.02118
  -6.87621   1.23601   2.33609    12.43410    14.25423    -1.82013
  -4.99997   2.04189   1.97205     7.62675     5.83133     1.79542
  -5.40488   2.14169   1.97205     9.04178     8.02083     1.02096
  -5.82190   2.14169   1.97205     9.75777     9.45374     0.30404
  -6.22680   2.04189   1.97205    10.04454    10.37631    -0.33176
  -6.59606   1.84809   1.97205    10.06651    10.99322    -0.92671
  -6.90821   1.57155   1.97205     9.89394    11.48363    -1.58968
  -7.14510   1.22835   1.97205     9.50300    12.05097    -2.54796
  -5.19686   2.24937   1.56623     8.15198     5.91781     2.23417
  -5.61339   2.29630   1.56623     8.83659     7.92229     0.91430
  -6.02992   2.24937   1.56623     9.06877     9.09619    -0.02743
  -6.42556   2.11093   1.56623     9.00915     9.73241    -0.72326
  -6.78047   1.88792   1.56623     8.76443    10.03907    -1.27464
  -7.07687   1.59153   1.56623     8.37913    10.17904    -1.79991
  -5.50944   2.34162   1.13899     8.51970     7.01524     1.50445
  -5.92401   2.31915   1.13899     8.55170     8.43389     0.11781
  -6.32405   2.20807   1.13899     8.37725     9.14636    -0.76911
  -6.69087   2.01360   1.13899     8.12248     9.44358    -1.32110
  -7.00730   1.74482   1.13899     8.01392     9.62096    -1.60703
  -5.61339   2.29630   0.71175     8.73305     7.57732     1.15573
  -6.02992   2.24937   0.71175     8.42745     8.82655    -0.39910
  -6.42556   2.11093   0.71175     8.07605     9.35357    -1.27752
  -6.78047   1.88792   0.71175     7.92042     9.58352    -1.66309
  -5.33253   2.40681   0.24721     8.10115     5.51417     2.58697
  -5.74956   2.40681   0.24721     7.83069     7.04744     0.78325
  -6.15446   2.30701   0.24721     7.34876     7.72685    -0.37808
  -6.52372   2.11320   0.24721     6.80283     7.93213    -1.12930
  -5.12452   2.51449  -0.15861     7.28664     4.35668     2.92996
  -5.54104   2.56142  -0.15861     7.31111     5.72292     1.58819
  -5.95757   2.51449  -0.15861     6.78777     6.14953     0.63824
  -6.35321   2.37605  -0.15861     5.79944     5.87139    -0.07194
  -6.70813   2.15304  -0.15861     4.41516     5.01700    -0.60184
  -7.00452   1.85664  -0.15861     2.80497     3.77172    -0.96676
  -5.02739   2.53957  -0.58585     6.93021     4.49661     2.43361
  -5.43710   2.60674  -0.58585     7.17934     5.41555     1.76378
  -5.85166   2.58426  -0.58585     6.68109     5.51111     1.16999
  -6.25171   2.47319  -0.58585     5.54279     4.90037     0.64242
  -6.61852   2.27872  -0.58585     3.73180     3.56455     0.16725
  -6.93496   2.00994  -0.58585     1.09249     1.37002    -0.27753
  -4.72887   2.37605  -1.01309     6.40499     4.44933     1.95566
  -5.12452   2.51449  -1.01309     7.30421     5.39378     1.91043
  -5.54104   2.56142  -1.01309     7.23644     5.56568     1.67075
  -5.95757   2.51449  -1.01309     6.38805     5.05188     1.33616
  -6.35321   2.37605  -1.01309     4.77723     3.82139     0.95584
  -6.70813   2.15304  -1.01309     2.23958     1.70038     0.53920
  -7.00452   1.85664  -1.01309    -1.62525    -1.67980     0.05455
  -4.55837   2.11320  -1.41891     6.71059     5.41348     1.29710
  -4.92763   2.30701  -1.41891     7.68636     5.98270     1.70366
  -5.33253   2.40681  -1.41891     7.81249     6.01003     1.80247
  -5.74956   2.40681  -1.41891     7.15235     5.46397     1.68839
  -6.15446   2.30701  -1.41891     5.72163     4.27878     1.44285
  -6.52372   2.11320  -1.41891     3.39106     2.29101     1.10005
  -6.83586   1.83667  -1.41891    -0.15499    -0.80168     0.64668
  -4.27822   1.50112  -1.78295     8.27497     7.34165     0.93332
  -4.55802   1.82402  -1.78295     8.38478     7.12150     1.26328
  -4.91746   2.05502  -1.78295     8.67720     7.01056     1.66664
  -5.32741   2.17540  -1.78295     8.47263     6.61493     1.85771
  -5.75467   2.17540  -1.78295     7.57529     5.74728     1.82802
  -6.16463   2.05502  -1.78295     5.89043     4.26357     1.62686
  -6.52407   1.82402  -1.78295     3.27623     1.99393     1.28229
  -6.80386   1.50112  -1.78295    -0.41855    -1.18385     0.76530
  -4.34394   0.68956  -2.08697    14.67305    12.62603     2.04703
  -4.41614   1.09899  -2.08697    11.94653    10.33589     1.61064
  -4.62401   1.45904  -2.08697    10.58420     9.02266     1.56154
  -4.94249   1.72628  -2.08697     9.98556     8.21877     1.76679
  -5.33317   1.86847  -2.08697     9.35993     7.43083     1.92910
  -5.74892   1.86847  -2.08697     8.27685     6.35452     1.92233
  -6.13959   1.72628  -2.08697     6.58822     4.84351     1.74471
  -6.45807   1.45904  -2.08697     4.38315     2.96124     1.42192
  -6.66595   1.09899  -2.08697     2.38391     1.37357     1.01034
  -4.41614   0.28012  -2.08697    18.23668    15.70682     2.52986
  -4.70799   0.68956  -2.31571    14.92155    12.87412     2.04743
  -4.81959   1.10609  -2.31571    12.62988    10.73996     1.88992
  -5.12452   1.41101  -2.31571    11.19665     9.25237     1.94428
  -5.54104   1.52261  -2.31571     9.99936     7.99846     2.00091
  -5.95757   1.41101  -2.31571     8.61759     6.72156     1.89602
  -6.26249   1.10609  -2.31571     7.63742     5.95191     1.68550
  -6.37410   0.68956  -2.31571     9.35742     7.66705     1.69037
  -5.12452  -0.03189  -2.31571    19.39255    16.89928     2.49328
  -4.81959   0.27303  -2.31571    17.60603    15.31245     2.29358
  -5.11380   0.68956  -2.45771    14.64544    12.55333     2.09211
  -5.32742   1.05956  -2.45771    12.40147    10.35915     2.04232
  -5.75466   1.05956  -2.45771    11.13076     9.12553     2.00523
  -5.96828   0.68956  -2.45771    12.49748    10.49578     2.00170
  -5.32742   0.31956  -2.45771    16.76580    14.55135     2.21445
  -5.54104   0.68956  -2.50585    13.94326    11.84824     2.09502
  -3.26474  -2.78823  -0.34024    23.97777    26.97181    -2.99405
  -2.86910  -2.64979  -0.34024    23.30319    26.06221    -2.75902
  -2.51419  -2.42678  -0.34024    23.43748    25.47063    -2.03315
  -2.21779  -2.13039  -0.34024    24.41702    25.27825    -0.86123
  -3.57733  -2.88048  -0.76748    26.01905    27.90699    -1.88794
  -3.16762  -2.81331  -0.76748    24.20367    26.39175    -2.18808
  -2.78193  -2.65964  -0.76748    23.48329    25.52272    -2.03943
  -2.43829  -2.42665  -0.76748    23.63891    25.26166    -1.62275
  -2.15277  -2.12523  -0.76748    24.73266    25.74792    -1.01526
  -3.26474  -2.78823  -1.19472    25.42229    26.90535    -1.48305
  -2.86910  -2.64979  -1.19472    24.13088    25.56363    -1.43276
  -2.51419  -2.42678  -1.19472    23.94137    25.13961    -1.19824
  -2.21779  -2.13039  -1.19472    24.73956    25.59681    -0.85725
  -3.47276  -2.68055  -1.60054    27.63301    28.55633    -0.92333
  -3.06786  -2.58075  -1.60054    25.21772    26.10766    -0.88993
  -2.69860  -2.38695  -1.60054    24.34298    25.07160    -0.72862
  -2.38645  -2.11041  -1.60054    24.52495    25.01397    -0.48902
  -2.14956  -1.76720  -1.60054    25.64820    25.78739    -0.13920
  -3.46764  -2.44914  -1.96458    27.81624    28.32257    -0.50633
  -3.05769  -2.32876  -1.96458    25.32566    25.68267    -0.35701
  -2.69825  -2.09777  -1.96458    24.44840    24.59951    -0.15111
  -2.41845  -1.77486  -1.96458    24.55633    24.44237     0.11396
  -2.24096  -1.38621  -1.96458    25.18196    24.67715     0.50480
  -2.48417  -0.96330  -2.26860    23.36406    22.38217     0.98190
  -2.55637  -0.55387  -2.26860    21.93961    20.65578     1.28384
  -2.76424  -0.19382  -2.26860    19.49798    18.20779     1.29018
  -3.08272   0.07342  -2.26860    17.07014    16.03971     1.03043
  -3.47340   0.21562  -2.26860    16.06424    15.05546     1.00878
  -3.88915   0.21562  -2.26860    16.89130    15.47286     1.41844
  -4.27982   0.07342  -2.26860    18.77446    16.88857     1.88589
  -4.59831  -0.19382  -2.26860    20.87222    18.77627     2.09595
  -3.47340  -2.14221  -2.26860    27.14481    27.25507    -0.11027
  -3.08272  -2.00002  -2.26860    24.98366    24.87625     0.10741
  -2.76424  -1.73278  -2.26860    24.11331    23.76721     0.34610
  -2.55637  -1.37273  -2.26860    23.83218    23.19975     0.63243
  -2.84822  -0.96330  -2.49734    22.36883    21.41953     0.94930
  -2.95982  -0.54677  -2.49734    20.79441    19.68539     1.10902
  -3.26474  -0.24185  -2.49734    19.11394    18.01938     1.09456
  -3.68127  -0.13024  -2.49734    18.69225    17.53114     1.16111
  -4.09780  -0.24185  -2.49734    19.91652    18.59851     1.31801
  -4.40272  -0.54677  -2.49734    22.20944    21.03102     1.17843
  -3.68127  -1.79635  -2.49734    27.02683    26.87724     0.14960
  -3.26474  -1.68475  -2.49734    24.66677    24.25652     0.41025
  -2.95982  -1.37983  -2.49734    23.40046    22.71995     0.68050
  -3.25403  -0.96330  -2.63934    22.19940    21.29852     0.90088
  -3.46765  -0.59330  -2.63934    20.82579    19.80304     1.02274
  -3.89489  -0.59330  -2.63934    21.34787    20.33988     1.00800
  -4.10851  -0.96330  -2.63934    23.96333    23.28773     0.67560
  -3.89489  -1.33330  -2.63934    25.46496    25.02607     0.43889
  -3.46765  -1.33330  -2.63934    23.90435    23.27262     0.63173
  -3.68127  -0.96330  -2.68748    22.75036    21.93955     0.81080
  -3.80573  -1.30244   2.87029    18.90874    17.83791     1.07083
  -3.37850  -1.30244   2.82215    17.70267    15.71500     1.98767
  -3.59212  -0.93244   2.82215    16.10817    14.72753     1.38064
  -4.01936  -0.93244   2.82215    18.18146    17.61987     0.56159
  -4.23298  -1.30244   2.82215    21.08244    20.82207     0.26037
  -4.01936  -1.67244   2.82215    21.06298    20.35644     0.70655
  -3.59212  -1.67244   2.82215    19.57516    18.07843     1.49673
  -2.97268  -1.30244   2.68015    17.62925    14.45324     3.17602
  -4.22226  -0.58099   2.68015    17.64557    17.42763     0.21794
  -4.52718  -0.88591   2.68015    21.87561    22.21119    -0.33558
  -4.63879  -1.30244   2.68015    24.21936    24.82216    -0.60280
  -4.52718  -1.71897   2.68015    24.20116    24.51765    -0.31649
  -4.22226  -2.02389   2.68015    22.78989    22.47806     0.31183
  -3.80573  -2.13550   2.68015    21.26190    20.24853     1.01338
  -3.38921  -2.02389   2.68015    20.09285    18.36001     1.73284
  -3.08429  -1.71897   2.68015    19.12523    16.60829     2.51695
  -2.60864  -1.30244   2.45140    19.09951    14.29998     4.79953
  -4.93064  -0.89301   2.45140    26.56561    27.87673    -1.31112
  -5.00284  -1.30244   2.45140    28.38100    30.04838    -1.66738
  -4.93064  -1.71187   2.45140    28.07791    29.50642    -1.42851
  -4.72277  -2.07192   2.45140    26.27382    27.07789    -0.80407
  -4.40428  -2.33916   2.45140    24.14782    24.24183    -0.09401
  -4.01361  -2.48135   2.45140    22.40272    21.85828     0.54443
  -3.59786  -2.48135   2.45140    21.18723    20.06282     1.12441
  -3.20718  -2.33916   2.45140    20.44238    18.70265     1.73973
  -2.88870  -2.07192   2.45140    20.08156    17.56864     2.51292
  -2.68083  -1.71187   2.45140    19.89456    16.33478     3.55978
  -4.78876  -2.43691   2.14739    26.95718    27.93116    -0.97398
  -4.42932  -2.66790   2.14739    24.35176    24.58369    -0.23193
  -4.01937  -2.78827   2.14739    22.54579    22.21194     0.33385
  -3.59210  -2.78827   2.14739    21.39117    20.57899     0.81218
  -3.18215  -2.66790   2.14739    20.74797    19.43203     1.31595
  -2.82271  -2.43691   2.14739    20.58482    18.61428     1.97054
  -2.54292  -2.11400   2.14739    20.99459    18.03765     2.95693
  -4.78841  -2.72609   1.78335    26.73379    27.59284    -0.85905
  -4.41915  -2.91989   1.78335    24.11519    24.41857    -0.30338
  -4.01425  -3.01969   1.78335    22.45668    22.37280     0.08388
  -3.59722  -3.01969   1.78335    21.43008    21.02465     0.40542
  -3.19232  -2.91989   1.78335    20.86720    20.10707     0.76013
  -2.82306  -2.72609   1.78335    20.73605    19.49743     1.23862
  -2.51092  -2.44955   1.78335    21.16088    19.19248     1.96840
  -4.61791  -2.98893   1.37753    25.01880    25.42216    -0.40336
  -4.22226  -3.12737   1.37753    23.01579    23.26663    -0.25084
  -3.80573  -3.17430   1.37753    21.81098    21.95092    -0.13994
  -3.38921  -3.12737   1.37753    21.10816    21.09089     0.01727
  -2.99357  -2.98893   1.37753    20.80696    20.52026     0.28670
  -2.63865  -2.76592   1.37753    20.93685    20.19975     0.73711
  -2.34225  -2.46953   1.37753    21.69802    20.20151     1.49652
  -4.51640  -3.08607   0.95029    24.27772    24.31919    -0.04147
  -4.11636  -3.19715   0.95029    22.66376    23.06839    -0.40463
  -3.70179  -3.21962   0.95029    21.68861    22.29045    -0.60184
  -3.29208  -3.15245   0.95029    21.13829    21.75933    -0.62104
  -2.90639  -2.99878   0.95029    20.96195    21.40978    -0.44782
  -2.56275  -2.76579   0.95029    21.20417    21.24515    -0.04097
  -2.27724  -2.46437   0.95029    22.02809    21.31121     0.71688
  -4.61791  -2.98893   0.52305    25.47249    24.33283     1.13966
  -4.22226  -3.12737   0.52305    23.56047    23.83515    -0.27468
  -3.80573  -3.17430   0.52305    22.38389    23.43373    -1.04983
  -3.38921  -3.12737   0.52305    21.68485    23.08138    -1.39653
  -2.99357  -2.98893   0.52305    21.40874    22.81883    -1.41009
  -2.63865  -2.76592   0.52305    21.58131    22.68141    -1.10010
  -2.34225  -2.46953   0.52305    22.28725    22.65241    -0.36516
  -4.41915  -2.91989   0.11723    26.40623    25.28453     1.12170
  -4.01425  -3.01969   0.11723    24.38816    25.40781    -1.01965
  -3.59722  -3.01969   0.11723    23.11306    25.16360    -2.05054
  -3.19232  -2.91989   0.11723    22.45166    24.88009    -2.42843
  -2.82306  -2.72609   0.11723    22.38640    24.69609    -2.30969
  -7.80735  -1.10956   3.86668    26.11067    24.82040     1.29027
  -7.38011  -1.10956   3.81854    28.96270    28.04322     0.91948
  -7.59373  -0.73956   3.81854    25.66137    24.72858     0.93280
  -8.02097  -0.73956   3.81854    22.35816    21.04856     1.30961
  -8.23459  -1.10956   3.81854    22.71459    21.13657     1.57802
  -8.02097  -1.47956   3.81854    26.11444    24.65539     1.45905
  -7.59373  -1.47956   3.81854    29.08005    27.90080     1.17924
  -6.97429  -1.10956   3.67654    31.41062    30.97601     0.43460
  -7.08590  -0.69303   3.67654    28.76629    28.44958     0.31671
  -7.39082  -0.38811   3.67654    24.82114    24.43548     0.38566
  -7.80735  -0.27650   3.67654    20.61306    19.90375     0.70931
  -8.22387  -0.38811   3.67654    17.61294    16.37612     1.23681
  -8.52880  -0.69303   3.67654    16.92581    15.24449     1.68132
  -8.64040  -1.10956   3.67654    18.61319    16.81895     1.79424
  -8.52880  -1.52609   3.67654    21.87247    20.21886     1.65361
  -8.22387  -1.83101   3.67654    25.64380    24.19959     1.44421
  -7.80735  -1.94262   3.67654    29.03486    27.81571     1.21916
  -7.39082  -1.83101   3.67654    31.41124    30.45389     0.95736
  -7.08590  -1.52609   3.67654    32.30042    31.62786     0.67256
  -6.61025  -1.10956   3.44780    33.59623    33.80486    -0.20863
  -6.68244  -0.70013   3.44780    31.36104    31.71115    -0.35011
  -6.89031  -0.34008   3.44780    27.99634    28.39797    -0.40163
  -7.20880  -0.07284   3.44780    23.69413    24.03911    -0.34498
  -7.59947   0.06936   3.44780    18.95769    19.07133    -0.11364
  -8.01522   0.06936   3.44780    14.61470    14.25091     0.36378
  -9.00445  -1.10956   3.44780    13.60127    11.68258     1.91869
  -8.93225  -1.51899   3.44780    17.01492    15.31983     1.69509
  -8.72438  -1.87904   3.44780    20.86657    19.41314     1.45343
  -8.40590  -2.14628   3.44780    24.68371    23.43068     1.25303
  -8.01522  -2.28847   3.44780    28.14506    27.07404     1.07102
  -7.59947  -2.28847   3.44780    31.04352    30.18231     0.86121
  -7.20880  -2.14628   3.44780    33.21345    32.61349     0.59996
  -6.89031  -1.87904   3.44780    34.47035    34.16876     0.30159
  -6.68244  -1.51899   3.44780    34.63350    34.61723     0.01628
  -6.30623  -1.10956   3.14378    35.66827    36.75087    -1.08260
  -6.36704  -0.68665   3.14378    33.54038    34.74174    -1.20135
  -6.54453  -0.29799   3.14378    30.35012    31.58927    -1.23915
  -6.82432   0.02491   3.14378    25.99082    27.23793    -1.24712
  -7.18376   0.25591   3.14378    20.59047    21.80809    -1.21762
  -9.07017  -1.92112   3.14378    16.04354    14.81972     1.22381
  -8.79037  -2.24403   3.14378    20.46120    19.45387     1.00733
  -8.43093  -2.47502   3.14378    24.55194    23.70213     0.84981
  -8.02098  -2.59540   3.14378    28.18773    27.49568     0.69205
  -7.59372  -2.59540   3.14378    31.31147    30.82968     0.48179
  -7.18376  -2.47502   3.14378    33.86857    33.67513     0.19344
  -6.82432  -2.24403   3.14378    35.74357    35.90771    -0.16414
  -6.54453  -1.92112   3.14378    36.75888    37.29891    -0.54003
  -6.36704  -1.53247   3.14378    36.75260    37.61411    -0.86150
  -6.07749  -1.10956   2.77974    37.79176    40.08067    -2.28891
  -6.12775  -0.69558   2.77974    35.91111    38.23202    -2.32091
  -6.82467   0.31409   2.77974    23.72049    25.89840    -2.17792
  -9.10217  -2.25667   2.77974    15.15624    14.60857     0.54766
  -8.79002  -2.53321   2.77974    19.85942    19.42399     0.43543
  -8.42076  -2.72701   2.77974    24.07315    23.73085     0.34230
  -8.01586  -2.82681   2.77974    27.79867    27.59109     0.20758
  -7.59884  -2.82681   2.77974    31.07804    31.09194    -0.01390
  -7.19393  -2.72701   2.77974    33.94324    34.28489    -0.34164
  -6.82467  -2.53321   2.77974    36.34535    37.11534    -0.76999
  -6.51253  -2.25667   2.77974    38.10991    39.37232    -1.26242
  -6.27563  -1.91346   2.77974    38.99407    40.73806    -1.74400
  -6.12775  -1.52354   2.77974    38.86919    40.97294    -2.10374
  -8.97443  -2.57304   2.37392    15.63314    15.82208    -0.18894
  -8.61952  -2.79605   2.37392    20.58984    20.77882    -0.18898
  -8.22387  -2.93449   2.37392    24.91464    25.17621    -0.26157
  -7.80735  -2.98142   2.37392    28.73680    29.19270    -0.45590
  -7.39082  -2.93449   2.37392    32.20881    33.00567    -0.79687
  -6.99518  -2.79605   2.37392    35.45115    36.72002    -1.26887
  -8.51801  -2.89319   1.94668    19.95355    20.69741    -0.74387
  -8.11797  -3.00427   1.94668    24.52684    25.36185    -0.83502
  -7.70340  -3.02674   1.94668    28.61694    29.74830    -1.13135
  -8.22387  -2.93449   1.51944    21.64531    22.80358    -1.15827
  -7.80735  -2.98142   1.51944    26.32653    27.82000    -1.49347
  -8.01586  -2.82681   1.11363    22.91727    24.12516    -1.20789
  -1.53789  -2.33032  -0.04993    20.61871    21.57001    -0.95131
  -1.12136  -2.37725  -0.04993    18.95832    20.32298    -1.36466
  -0.70483  -2.33032  -0.04993    17.74973    19.29685    -1.54712
  -0.30919  -2.19188  -0.04993    16.95907    18.45784    -1.49877
   0.04572  -1.96887  -0.04993    16.38616    17.68267    -1.29652
  -1.83203  -2.28902  -0.47717    22.43597    23.54044    -1.10446
  -1.43199  -2.40010  -0.47717    20.69840    22.07050    -1.37210
  -1.01742  -2.42257  -0.47717    19.54378    21.13303    -1.58924
  -0.60771  -2.35540  -0.47717    19.05621    20.73231    -1.67610
  -0.22202  -2.20173  -0.47717    19.40322    21.00820    -1.60498
  -1.93353  -2.19188  -0.90441    23.67907    24.77753    -1.09846
  -1.53789  -2.33032  -0.90441    21.84800    23.19676    -1.34876
  -1.12136  -2.37725  -0.90441    20.74923    22.30475    -1.55552
  -0.70483  -2.33032  -0.90441    20.44865    22.12519    -1.67653
  -0.30919  -2.19188  -0.90441    21.17029    22.84725    -1.67696
   0.04572  -1.96887  -0.90441    23.21597    24.76071    -1.54474
  -2.10404  -1.92904  -1.31023    25.56536    26.09471    -0.52934
  -1.73478  -2.12284  -1.31023    23.33708    24.39356    -1.05648
  -1.32987  -2.22264  -1.31023    21.99107    23.35763    -1.36656
  -0.91285  -2.22264  -1.31023    21.45894    23.04767    -1.58873
  -0.50795  -2.12284  -1.31023    21.87624    23.61137    -1.73513
  -0.13869  -1.92904  -1.31023    23.44438    25.28646    -1.84208
   0.17345  -1.65250  -1.31023    26.11067    28.16716    -2.05649
  -2.10439  -1.63986  -1.67427    25.83959    25.81402     0.02557
  -1.74495  -1.87085  -1.67427    23.82591    24.59888    -0.77297
  -1.33499  -1.99122  -1.67427    22.57465    23.80829    -1.23363
  -0.90773  -1.99122  -1.67427    22.16615    23.73529    -1.56915
  -0.49778  -1.87085  -1.67427    22.73341    24.60265    -1.86924
  -0.13834  -1.63986  -1.67427    24.33294    26.59249    -2.25956
   0.14146  -1.31695  -1.67427    26.70806    29.66028    -2.95222
  -2.03840  -1.27487  -1.97829    24.95103    24.67306     0.27797
  -1.71991  -1.54211  -1.97829    23.78763    24.34654    -0.55891
  -1.32924  -1.68430  -1.97829    22.85954    23.99969    -1.14015
  -0.91349  -1.68430  -1.97829    22.60979    24.21075    -1.60096
  -0.52281  -1.54211  -1.97829    23.22601    25.30196    -2.07595
  -0.20433  -1.27487  -1.97829    24.68748    27.40250    -2.71502
  -0.70483   0.21606  -2.20703    25.57289    29.78900    -4.21610
  -1.12136   0.32767  -2.20703    23.66338    26.09992    -2.43654
  -1.53789   0.21606  -2.20703    21.45518    22.46287    -1.00769
  -1.84281  -0.08886  -2.20703    21.16213    21.20002    -0.03789
  -1.95442  -0.50539  -2.20703    22.56524    22.22649     0.33875
  -1.84281  -0.92192  -2.20703    23.40234    23.46292    -0.06058
  -1.53789  -1.22684  -2.20703    23.12184    23.88657    -0.76473
  -1.12136  -1.33845  -2.20703    22.77922    24.20103    -1.42180
  -0.70483  -1.22684  -2.20703    23.17518    25.25504    -2.07986
  -0.39992  -0.92192  -2.20703    24.42518    27.32050    -2.89532
  -0.69412  -0.50539  -2.34903    23.84850    26.71817    -2.86967
  -0.90774  -0.13539  -2.34903    23.54227    26.33745    -2.79518
  -1.33498  -0.13539  -2.34903    22.26278    23.77871    -1.51593
  -1.54860  -0.50539  -2.34903    22.31549    23.12075    -0.80526
  -1.33498  -0.87539  -2.34903    22.68823    23.87006    -1.18182
  -0.90774  -0.87539  -2.34903    23.01956    25.02400    -2.00444
  -1.12136  -0.50539  -2.39717    22.73216    24.56481    -1.83265
  -1.17344  -0.73810   3.18190    10.97702     7.60630     3.37072
  -0.74620  -0.73810   3.13376     9.39758     6.04467     3.35291
  -0.95981  -0.36810   3.13376     9.97991     6.35408     3.62584
  -1.38706  -0.36810   3.13376    10.62625     7.02485     3.60139
  -1.60068  -0.73810   3.13376    11.89319     8.43737     3.45582
  -1.38706  -1.10810   3.13376    12.44226     9.20022     3.24204
  -0.95981  -1.10810   3.13376    10.87537     7.74998     3.12539
  -0.34038  -0.73810   2.99176     6.77773     3.35588     3.42185
  -0.45199  -0.32157   2.99176     7.76104     3.91032     3.85072
  -0.75691  -0.01665   2.99176     9.83684     5.79052     4.04632
  -1.17344   0.09496   2.99176    10.33822     6.21526     4.12296
  -1.58996  -0.01665   2.99176     9.50238     5.63159     3.87079
  -1.89488  -0.32157   2.99176    10.07467     6.45806     3.61661
  -2.00649  -0.73810   2.99176    12.44038     8.78881     3.65156
  -1.89488  -1.15463   2.99176    14.17920    10.67797     3.50123
  -1.58996  -1.45955   2.99176    14.14657    10.97697     3.16960
  -1.17344  -1.57115   2.99176    12.74409     9.83514     2.90895
  -0.75691  -1.45955   2.99176    10.53275     7.69461     2.83814
  -0.45199  -1.15463   2.99176     8.12939     5.11934     3.01005
   0.02367  -0.73810   2.76302     2.46925    -1.12692     3.59617
  -0.04853  -0.32866   2.76302     3.54417    -0.81618     4.36035
  -2.29834  -1.14753   2.76302    15.76931    11.73692     4.03239
  -2.09047  -1.50758   2.76302    16.56437    12.99997     3.56440
  -1.77199  -1.77482   2.76302    15.94062    12.85714     3.08349
  -1.38131  -1.91701   2.76302    14.50927    11.77424     2.73503
  -0.96556  -1.91701   2.76302    12.54642    10.00899     2.53744
  -0.57488  -1.77482   2.76302    10.10416     7.61422     2.48994
  -0.25640  -1.50758   2.76302     7.22765     4.61250     2.61515
  -0.04853  -1.14753   2.76302     4.28903     1.32154     2.96748
  -2.43626  -1.54966   2.45900    19.39255    15.18589     4.20666
  -2.15646  -1.87256   2.45900    18.65523    15.30339     3.35184
  -1.79702  -2.10356   2.45900    17.16678    14.41572     2.75106
  -1.38707  -2.22394   2.45900    15.34386    12.97028     2.37359
  -0.95980  -2.22394   2.45900    13.22916    11.07234     2.15682
  -0.54985  -2.10356   2.45900    10.69904     8.62918     2.06985
  -0.19041  -1.87256   2.45900     7.55208     5.43467     2.11741
   0.08938  -1.54966   2.45900     3.60630     1.26535     2.34095
   0.26687  -1.16101   2.45900    -0.96072    -3.80210     2.84139
  -2.15611  -2.16174   2.09496    20.02885    17.15277     2.87608
  -1.78685  -2.35555   2.09496    17.99446    15.72295     2.27151
  -1.38195  -2.45535   2.09496    15.99647    14.08332     1.91315
  -0.96492  -2.45535   2.09496    13.88930    12.18980     1.69950
  -0.56002  -2.35555   2.09496    11.47464     9.88210     1.59254
  -0.19076  -2.16174   2.09496     8.47514     6.89012     1.58503
   0.12138  -1.88521   2.09496     4.48481     2.79325     1.69156
   0.35828  -1.54200   2.09496    -1.04041    -3.00033     1.95992
  -1.98561  -2.42459   1.68914    19.86130    17.89867     1.96263
  -1.58996  -2.56303   1.68914    17.63678    16.11480     1.52198
  -1.17344  -2.60996   1.68914    15.54718    14.29326     1.25392
  -0.75691  -2.56303   1.68914    13.35277    12.25739     1.09538
  -0.36127  -2.42459   1.68914    10.78187     9.75703     1.02484
  -0.00635  -2.20158   1.68914     7.42595     6.39018     1.03577
   0.29004  -1.90518   1.68914     2.57530     1.44619     1.12911
  -1.88410  -2.52173   1.26190    19.87950    18.69563     1.18387
  -1.48406  -2.63280   1.26190    17.67632    16.84189     0.83443
  -1.06949  -2.65528   1.26190    15.63691    15.03156     0.60535
  -0.65978  -2.58811   1.26190    13.52283    13.05050     0.47233
  -0.27409  -2.43444   1.26190    11.03977    10.61692     0.42286
   0.06955  -2.20145   1.26190     7.68260     7.24483     0.43777
   0.35506  -1.90003   1.26190     2.44917     1.96475     0.48441
  -1.98561  -2.42459   0.83466    21.21672    20.52889     0.68783
  -1.58996  -2.56303   0.83466    18.89243    18.59750     0.29493
  -1.17344  -2.60996   0.83466    16.87310    16.85893     0.01417
  -0.75691  -2.56303   0.83466    14.94226    15.09487    -0.15261
  -0.36127  -2.42459   0.83466    12.84637    13.04901    -0.20264
  -0.00635  -2.20158   0.83466    10.10918    10.26984    -0.16066
   0.29004  -1.90518   0.83466     5.66641     5.75558    -0.08917
  -1.78685  -2.35555   0.42884    20.93623    20.91805     0.01817
  -1.38195  -2.45535   0.42884    18.82717    19.29405    -0.46688
  -0.96492  -2.45535   0.42884    17.03061    17.80541    -0.77480
  -0.56002  -2.35555   0.42884    15.38591    16.27128    -0.88538
  -0.19076  -2.16174   0.42884    13.58370    14.38186    -0.79816
  -0.28433   1.61080   3.46353     8.18900     7.27898     0.91002
   0.14291   1.61080   3.41539     6.75828     6.10380     0.65448
  -0.07071   1.98080   3.41539     8.33772     7.69720     0.64052
  -0.49795   1.98080   3.41539     9.31601     8.46183     0.85417
  -0.71157   1.61080   3.41539     9.00162     7.90562     1.09600
  -0.49795   1.24080   3.41539     8.21849     6.95065     1.26784
  -0.07071   1.24080   3.41539     6.75577     5.75564     1.00013
   0.54873   1.61080   3.27339     4.87136     4.48998     0.38138
   0.43712   2.02733   3.27339     6.70619     6.42529     0.28090
   0.13220   2.33225   3.27339     8.50401     8.15945     0.34456
  -0.28433   2.44386   3.27339     9.90461     9.35542     0.54919
  -0.70086   2.33225   3.27339    10.35955     9.57328     0.78627
  -1.00578   2.02733   3.27339     9.77472     8.81754     0.95717
  -1.11739   1.61080   3.27339     8.97778     7.80971     1.16807
  -1.00578   1.19427   3.27339     8.84161     7.25115     1.59046
  -0.70086   0.88935   3.27339     8.65147     6.75505     1.89643
  -0.28433   0.77774   3.27339     7.06576     5.32799     1.73777
   0.13220   0.88935   3.27339     4.71197     3.49906     1.21291
   0.43712   1.19427   3.27339     3.78137     3.10775     0.67362
   0.91277   1.61080   3.04465     2.73657     2.56406     0.17251
   0.84058   2.02023   3.04465     4.96486     4.95461     0.01025
   0.63270   2.38028   3.04465     6.78714     6.87596    -0.08882
   0.31422   2.64752   3.04465     8.53225     8.58338    -0.05113
  -0.07645   2.78971   3.04465    10.22589    10.08946     0.13644
  -0.49220   2.78971   3.04465    11.39683    10.98018     0.41665
  -0.88288   2.64752   3.04465    11.54994    10.85755     0.69239
  -1.20136   2.38028   3.04465    10.60993     9.74652     0.86341
  -1.40924   2.02023   3.04465     9.02547     8.10913     0.91634
  -1.48143   1.61080   3.04465     7.77233     6.67830     1.09403
  -1.40924   1.20137   3.04465     7.87901     6.13128     1.74772
  -1.20136   0.84132   3.04465     9.12524     6.48859     2.63665
  -0.88288   0.57408   3.04465     9.85315     6.76015     3.09300
  -0.49220   0.43189   3.04465     8.60441     5.60520     2.99921
  -0.07645   0.43189   3.04465     5.31250     2.79542     2.51707
   0.31422   0.57408   3.04465     1.49285    -0.18570     1.67855
   0.63270   0.84132   3.04465    -0.48506    -1.31209     0.82702
   0.84058   1.20137   3.04465     0.39345     0.02135     0.37209
   1.21679   1.61080   2.74063     0.78752     0.60334     0.18418
   1.15598   2.03371   2.74063     3.73933     3.82832    -0.08899
   0.97849   2.42237   2.74063     5.42733     5.83574    -0.40841
   0.69869   2.74527   2.74063     6.91955     7.51723    -0.59768
   0.33926   2.97626   2.74063     8.90122     9.47218    -0.57096
  -0.07070   3.09664   2.74063    11.17343    11.50848    -0.33504
  -0.49796   3.09664   2.74063    12.90411    12.86524     0.03886
  -0.90792   2.97626   2.74063    13.36972    12.91343     0.45629
  -1.26735   2.74527   2.74063    12.37762    11.57315     0.80447
  -1.54715   2.42237   2.74063    10.15310     9.19244     0.96067
   1.39526   2.02478   2.37658     3.63391     3.41021     0.22370
   1.24739   2.41471   2.37658     4.54693     5.01844    -0.47151
   1.01049   2.75791   2.37658     4.86822     5.91973    -1.05151
   0.69834   3.03445   2.37658     6.15587     7.52078    -1.36491
   0.32909   3.22825   2.37658     8.92946    10.26897    -1.33951
  -0.07582   3.32805   2.37658    12.41026    13.43838    -1.02812
  -0.49284   3.32805   2.37658    15.15435    15.68121    -0.52685
  -0.89775   3.22825   2.37658    16.15398    16.07703     0.07695
  -1.26700   3.03445   2.37658    15.27107    14.56832     0.70275
  -1.57915   2.75791   2.37658    12.81939    11.56110     1.25829
   1.40216   2.42297   1.97077     4.84249     4.96101    -0.11852
   1.17915   2.77789   1.97077     2.36508     3.77854    -1.41345
  -0.70086   3.43573   1.97077    20.41163    21.27574    -0.86411
  -1.09650   3.29729   1.97077    20.50325    20.39243     0.11082
  -1.45141   3.07428   1.97077    18.18021    16.97429     1.20591
  -1.69782   3.51656  -1.25312    22.16740    22.01133     0.15607
  -2.01425   3.24778  -1.25312    17.02622    17.76630    -0.74008
  -1.03687   3.75232  -1.68036    18.87423    17.96352     0.91071
  -1.43251   3.61388  -1.68036    18.87988    18.27553     0.60435
  -1.78743   3.39088  -1.68036    16.88565    16.78019     0.10547
  -2.08382   3.09448  -1.68036    13.82529    14.54086    -0.71557
  -2.30683   2.73957  -1.68036    10.12424    12.10436    -1.98012
  -0.82885   3.64464  -2.08618    13.73054    12.67349     1.05705
  -1.23376   3.54484  -2.08618    15.20707    14.38227     0.82479
  -1.60301   3.35104  -2.08618    15.01003    14.49566     0.51436
  -1.91516   3.07450  -2.08618    13.73116    13.70545     0.02571
  -2.15205   2.73130  -2.08618    11.89005    12.59021    -0.70016
  -2.29993   2.34138  -2.08618    10.01129    11.60181    -1.59053
  -2.35020   1.92739  -2.08618     8.86106    11.16889    -2.30783
  -1.60301   0.50375  -2.08618    20.67707    21.43023    -0.75317
  -0.40671   3.41323  -2.45022     9.41766     8.25698     1.16068
  -0.83397   3.41323  -2.45022    11.90950    10.94118     0.96833
  -1.24393   3.29286  -2.45022    13.21472    12.40556     0.80916
  -1.60336   3.06186  -2.45022    13.38603    12.81565     0.57038
  -1.88316   2.73896  -2.45022    12.85265    12.66745     0.18519
  -2.06065   2.35031  -2.45022    12.17996    12.49086    -0.31091
  -2.12145   1.92739  -2.45022    12.02998    12.76384    -0.73386
  -2.06065   1.50448  -2.45022    13.01517    13.87230    -0.85712
  -1.88316   1.11583  -2.45022    15.23970    15.99281    -0.75311
  -1.60336   0.79293  -2.45022    18.04404    18.96511    -0.92108
  -1.24393   0.56193  -2.45022    20.54654    22.31231    -1.76577
  -0.83397   0.44156  -2.45022    22.28788    25.46977    -3.18189
  -0.02179   2.96411  -2.75424     5.93185     5.11560     0.81624
  -0.41246   3.10631  -2.75424     8.82529     8.01369     0.81161
  -0.82821   3.10631  -2.75424    10.99899    10.20791     0.79108
  -1.21889   2.96411  -2.75424    12.27973    11.55184     0.72789
  -1.53737   2.69688  -2.75424    12.78802    12.22712     0.56090
  -1.74524   2.33683  -2.75424    12.96999    12.68552     0.28447
  -1.81744   1.92739  -2.75424    13.39294    13.41338    -0.02044
  -1.74524   1.51796  -2.75424    14.47225    14.75065    -0.27839
  -1.53737   1.15791  -2.75424    16.12825    16.74013    -0.61188
  -1.21889   0.89068  -2.75424    17.78927    19.06950    -1.28023
  -0.82821   0.74848  -2.75424    18.87800    21.20046    -2.32246
  -0.41246   0.74848  -2.75424    19.14845    22.54363    -3.39518
   0.10111   2.34392  -2.98298     5.11044     5.10158     0.00886
  -0.20381   2.64884  -2.98298     7.28601     6.99004     0.29597
  -0.62034   2.76045  -2.98298     9.81425     9.32029     0.49396
  -1.03687   2.64884  -2.98298    11.61897    11.06879     0.55018
  -1.34179   2.34392  -2.98298    12.68134    12.25198     0.42936
  -1.45340   1.92739  -2.98298    13.56111    13.41902     0.14209
  -1.34179   1.51087  -2.98298    14.70192    15.00003    -0.29811
  -1.03687   1.20595  -2.98298    15.77057    16.76781    -0.99724
  -0.62034   1.09434  -2.98298    15.92996    17.78978    -1.85982
  -0.20381   1.20595  -2.98298    14.43460    16.64634    -2.21174
  -0.19310   1.92739  -3.12498     9.28526     9.88604    -0.60078
  -0.40672   2.29739  -3.12498     9.25075     9.29543    -0.04468
  -0.83396   2.29739  -3.12498    11.31023    11.11619     0.19404
  -1.04758   1.92739  -3.12498    12.87210    12.89935    -0.02725
  -0.83396   1.55739  -3.12498    13.66025    14.33099    -0.67074
  -0.40672   1.55739  -3.12498    12.34311    13.45989    -1.11678
  -0.62034   1.92739  -3.17312    11.45644    11.80610    -0.34966
  -0.25709   3.71062   1.99414    16.19916    17.75608    -1.55692
  -0.04347   4.08063   1.94600    13.96899    15.29246    -1.32347
  -0.47072   4.08063   1.94600    18.34085    19.36827    -1.02742
  -0.68433   3.71062   1.94600    20.25350    21.24094    -0.98744
   0.15943   4.43207   1.80400    12.46610    13.30689    -0.84079
  -0.25709   4.54368   1.80400    17.08834    17.77858    -0.69024
  -0.67362   4.43207   1.80400    20.27232    20.90298    -0.63066
  -0.97854   4.12715   1.80400    22.01554    22.55121    -0.53566
  -1.09015   3.71062   1.80400    22.77922    23.15167    -0.37245
   0.34146   4.74734   1.57525    11.39808    11.62221    -0.22413
  -0.04922   4.88954   1.57525    15.97325    16.24052    -0.26727
  -0.46497   4.88954   1.57525    19.43334    19.76750    -0.33416
  -0.85565   4.74734   1.57525    21.83984    22.18652    -0.34668
  -1.17413   4.48011   1.57525    23.27746    23.55707    -0.27961
  -1.38200   4.12006   1.57525    23.90058    23.99803    -0.09745
  -1.45420   3.71062   1.57525    24.08193    23.81346     0.26847
  -1.38200   3.30119   1.57525    24.67869    23.82301     0.85568
   0.36649   5.07609   1.27124    12.26656    11.93318     0.33338
  -0.04346   5.19646   1.27124    16.62022    16.52955     0.09066
  -0.47073   5.19646   1.27124    19.94664    20.02547    -0.07882
  -0.88068   5.07609   1.27124    22.35816    22.51150    -0.15333
  -1.24012   4.84509   1.27124    23.92568    24.06359    -0.13791
  -1.51992   4.52219   1.27124    24.70568    24.72879    -0.02311
  -1.69741   4.13354   1.27124    24.79604    24.54689     0.24914
  -1.75821   3.71062   1.27124    24.49860    23.66002     0.83857
   0.35632   5.32807   0.90720    13.01015    12.34477     0.66538
  -0.04858   5.42787   0.90720    16.99233    16.67831     0.31402
  -0.46561   5.42787   0.90720    20.10729    20.02039     0.08690
  -0.87051   5.32807   0.90720    22.45794    22.48745    -0.02951
  -1.23977   5.13427   0.90720    24.10389    24.16004    -0.05615
  -1.55191   4.85773   0.90720    25.07402    25.07846    -0.00444
  -1.78881   4.51453   0.90720    25.38213    25.24078     0.14136
  -1.93669   4.12461   0.90720    25.06398    24.61271     0.45127
  -1.98696   3.71062   0.90720    24.32666    23.19110     1.13556
   0.55508   5.39711   0.50138    10.65574     9.57838     1.07736
   0.15943   5.53555   0.50138    15.02634    14.43880     0.58754
  -0.25709   5.58249   0.50138    18.50839    18.25099     0.25741
  -0.67362   5.53555   0.50138    21.23053    21.16516     0.06537
  -1.06927   5.39711   0.50138    23.26742    23.28910    -0.02167
  -1.42418   5.17410   0.50138    24.65924    24.68949    -0.03025
  -1.72058   4.87771   0.50138    25.41539    25.39032     0.02507
  -1.94358   4.52279   0.50138    25.52207    25.36854     0.15352
  -2.08203   4.12715   0.50138    24.96045    24.55361     0.40683
  -2.12896   3.71062   0.50138    23.83720    22.86383     0.97337
   0.25656   5.56064   0.07414    13.44816    12.81262     0.63554
  -0.15315   5.62781   0.07414    17.13979    16.86485     0.27494
  -0.56772   5.60533   0.07414    20.07089    20.01289     0.05800
  -0.96776   5.49426   0.07414    22.32428    22.37346    -0.04919
  -1.33457   5.29979   0.07414    23.94639    24.02589    -0.07950
  -1.65101   5.03101   0.07414    24.95605    25.01246    -0.05640
  -1.90226   4.70049   0.07414    25.34134    25.33574     0.00560
  -2.07659   4.32368   0.07414    25.06022    24.95547     0.10475
  -2.16584   3.91821   0.07414    24.07189    23.79859     0.27330
   0.15943   5.53555  -0.35310    13.22790    12.91053     0.31737
  -0.25709   5.58249  -0.35310    16.93083    16.88590     0.04493
  -0.67362   5.53555  -0.35310    19.84624    19.95320    -0.10696
  -1.06927   5.39711  -0.35310    22.05382    22.22132    -0.16750
  -1.42418   5.17410  -0.35310    23.59938    23.76764    -0.16826
  -1.72058   4.87771  -0.35310    24.49985    24.63646    -0.13660
  -1.94358   4.52279  -0.35310    24.74144    24.83942    -0.09798
  -2.08203   4.12715  -0.35310    24.27960    24.36494    -0.08535
  -2.12896   3.71062  -0.35310    23.10866    23.22677    -0.11810
  -0.04858   5.42787  -0.75892    13.60817    13.74878    -0.14061
  -0.46561   5.42787  -0.75892    17.16364    17.42314    -0.25950
  -0.87051   5.32807  -0.75892    19.89644    20.19852    -0.30207
  -1.23977   5.13427  -0.75892    21.88126    22.16944    -0.28818
  -1.55191   4.85773  -0.75892    23.16577    23.41076    -0.24499
  -1.78881   4.51453  -0.75892    23.77571    23.97972    -0.20401
  -1.93669   4.12461  -0.75892    23.72990    23.93746    -0.20756
  -1.98696   3.71062  -0.75892    23.11933    23.42031    -0.30098
  -1.93669   3.29664  -0.75892    22.43033    22.83254    -0.40222
  -0.04346   5.19646  -1.12296    11.51041    12.02613    -0.51572
  -0.47073   5.19646  -1.12296    15.58922    16.08229    -0.49307
  -0.88068   5.07609  -1.12296    18.64080    19.07981    -0.43902
  -1.24012   4.84509  -1.12296    20.77496    21.12580    -0.35084
  -1.51992   4.52219  -1.12296    22.09210    22.33953    -0.24743
  -1.69741   4.13354  -1.12296    22.72086    22.87342    -0.15256
  -1.75821   3.71062  -1.12296    22.95053    23.01012    -0.05959
  -0.46497   4.88954  -1.42698    13.76317    14.41008    -0.64692
  -0.85565   4.74734  -1.42698    17.10654    17.56726    -0.46073
  -1.17413   4.48011  -1.42698    19.38063    19.63060    -0.24997
  -1.38200   4.12006  -1.42698    20.83394    20.82134     0.01261
  -1.45420   3.71062  -1.42698    21.97789    21.53628     0.44161
  -0.67362   4.43207  -1.65572    14.33671    14.67619    -0.33948
  -0.97854   4.12715  -1.65572    17.39205    17.25668     0.13538
  -0.23699  -0.70655  -2.16990    25.78311    29.33632    -3.55321
   0.05940  -1.00294  -2.16990    24.74207    27.78287    -3.04079
   0.41432  -1.22595  -2.16990    24.07126    26.60636    -2.53510
  -0.50337   0.46054  -2.57572    21.65786    25.57977    -3.92191
  -0.45311   0.04656  -2.57572    22.09775    25.73421    -3.63647
  -0.30523  -0.34336  -2.57572    22.26529    25.47325    -3.20795
  -0.06833  -0.68657  -2.57572    21.93146    24.68115    -2.74969
   0.24381  -0.96311  -2.57572    21.25877    23.57626    -2.31749
   0.61307  -1.15691  -2.57572    20.45116    22.46166    -2.01050
   1.01798  -1.25671  -2.57572    19.39632    21.36713    -1.97081
   1.43500  -1.25671  -2.57572    17.60541    19.88961    -2.28420
   2.90608   0.04656  -2.57572    -2.47239    -2.71509     0.24271
  -0.21382   0.88345  -2.93976    16.28952    19.14944    -2.85992
  -0.27463   0.46054  -2.93976    17.66878    20.63301    -2.96423
  -0.21382   0.03763  -2.93976    18.47576    21.19952    -2.72376
  -0.03633  -0.35102  -2.93976    18.71735    21.05639    -2.33904
   0.24347  -0.67393  -2.93976    18.37097    20.30872    -1.93775
   0.60290  -0.90492  -2.93976    17.50814    19.12764    -1.61950
   1.01286  -1.02530  -2.93976    16.09248    17.56580    -1.47332
   1.44012  -1.02530  -2.93976    13.90624    15.40888    -1.50264
   1.85007  -0.90492  -2.93976    10.84148    12.34712    -1.50563
   2.20951  -0.67393  -2.93976     7.13855     8.31631    -1.17776
   2.48931  -0.35102  -2.93976     2.99259     3.37171    -0.37912
   2.66680   0.03763  -2.93976    -1.97352    -2.98040     1.00689
   0.30946   1.23002  -3.24378     8.17143     9.22040    -1.04897
   0.10158   0.86997  -3.24378    11.91578    13.72115    -1.80538
   0.02939   0.46054  -3.24378    14.04806    16.07035    -2.02229
   0.10158   0.05111  -3.24378    15.13239    17.00731    -1.87491
   0.30946  -0.30894  -3.24378    15.34825    16.91271    -1.56445
   0.62794  -0.57618  -3.24378    14.74961    15.99239    -1.24278
   1.01861  -0.71837  -3.24378    13.34399    14.34357    -0.99959
   1.43436  -0.71837  -3.24378    11.07492    11.89367    -0.81875
   1.82504  -0.57618  -3.24378     7.96059     8.49633    -0.53574
   2.14352  -0.30894  -3.24378     4.12713     4.05584     0.07129
   2.35139   0.05111  -3.24378    -0.53464    -1.69710     1.16246
   2.05954   0.46054  -3.47252    -3.47766    -5.53863     2.06097
   0.80996   1.18199  -3.47252     1.48783     1.21911     0.26871
   0.50504   0.87707  -3.47252     7.32178     8.03693    -0.71515
   0.39343   0.46054  -3.47252    10.58169    11.71831    -1.13662
   0.50504   0.04401  -3.47252    11.87499    12.93442    -1.05943
   0.80996  -0.26091  -3.47252    11.53927    12.30394    -0.76467
   1.22649  -0.37252  -3.47252     9.70443    10.12754    -0.42311
   1.64302  -0.26091  -3.47252     6.48657     6.44591     0.04066
   1.94794   0.04401  -3.47252     2.06702     1.20719     0.85982
   1.65373   0.46054  -3.61452     0.03138    -1.24425     1.27563
   1.44011   0.83054  -3.61452    -2.30547    -3.73523     1.42976
   1.01287   0.83054  -3.61452     2.31426     1.88145     0.43280
   0.79925   0.46054  -3.61452     7.12725     7.43446    -0.30721
   1.01287   0.09054  -3.61452     7.96435     8.18028    -0.21593
   1.44011   0.09054  -3.61452     5.04267     4.67374     0.36893
   1.22649   0.46054  -3.66266     3.60881     3.12042     0.48839
   3.33538   3.44419   0.02199     2.52259     2.58416    -0.06157
   3.12751   3.80423   0.02199     3.79769     3.49784     0.29984
   2.80902   4.07147   0.02199     3.30886     2.73972     0.56914
   3.71159   3.03475  -0.28203    -4.00477    -3.01771    -0.98706
   3.65079   3.45767  -0.28203    -0.09977     0.47171    -0.57148
   3.47329   3.84632  -0.28203     3.32706     3.42937    -0.10231
   3.19350   4.16922  -0.28203     5.28551     5.02291     0.26260
   2.83406   4.40022  -0.28203     5.36897     4.87682     0.49215
   2.42410   4.52059  -0.28203     3.07793     2.48168     0.59626
   3.94034   3.03475  -0.64607    -7.67632    -6.44505    -1.23128
   3.89007   3.44874  -0.64607    -2.46799    -1.67332    -0.79467
   3.74219   3.83866  -0.64607     1.97038     2.30445    -0.33407
   3.50529   4.18186  -0.64607     5.14056     5.09755     0.04301
   3.19315   4.45840  -0.64607     6.93523     6.62515     0.31008
   2.82389   4.65220  -0.64607     7.28288     6.82418     0.45869
   2.41899   4.75200  -0.64607     5.99272     5.50881     0.48391
   4.03540   3.45128  -1.05189    -4.07944    -3.29141    -0.78803
   3.89696   3.84692  -1.05189     0.85906     1.20412    -0.34506
   3.67395   4.20184  -1.05189     4.57831     4.57464     0.00367
   3.37756   4.49823  -1.05189     7.07329     6.82179     0.25150
   3.02265   4.72124  -1.05189     8.37537     7.98042     0.39495
   2.62700   4.85968  -1.05189     8.46950     8.04303     0.42647
   2.21047   4.90661  -1.05189     7.24083     6.91634     0.32449
   1.79395   4.85968  -1.05189     4.40386     4.36404     0.03983
   4.08559   3.44750  -1.47913    -5.53401    -4.91929    -0.61471
   3.95302   3.84094  -1.47913    -0.31877    -0.11733    -0.20144
   3.73897   4.19669  -1.47913     3.67846     3.58878     0.08968
   3.45346   4.49810  -1.47913     6.52673     6.24349     0.28323
   3.10982   4.73110  -1.47913     8.30383     7.91724     0.38659
   2.72413   4.88477  -1.47913     9.05810     8.66218     0.39592
   2.31442   4.95194  -1.47913     8.79141     8.49434     0.29707
   1.89985   4.92946  -1.47913     7.44164     7.38401     0.05762
   1.49981   4.81839  -1.47913     4.86132     5.24391    -0.38259
   3.89696   3.84692  -1.90637    -1.36232    -1.46597     0.10365
   3.67395   4.20184  -1.90637     2.82756     2.53166     0.29590
   3.37756   4.49823  -1.90637     5.81388     5.41898     0.39490
   3.02265   4.72124  -1.90637     7.71899     7.30338     0.41561
   2.62700   4.85968  -1.90637     8.62826     8.27185     0.35641
   2.21047   4.90661  -1.90637     8.59374     8.38623     0.20751
   1.79395   4.85968  -1.90637     7.64244     7.68772    -0.04528
   1.39830   4.72124  -1.90637     5.80321     6.20874    -0.40554
   1.04339   4.49823  -1.90637     3.19779     4.00248    -0.80470
   3.74219   3.83866  -2.31219    -2.62362    -3.11882     0.49520
   3.50529   4.18186  -2.31219     1.66353     1.12615     0.53738
   3.19315   4.45840  -2.31219     4.64420     4.13819     0.50601
   2.82389   4.65220  -2.31219     6.48468     6.06857     0.41612
   2.41899   4.75200  -2.31219     7.30296     7.03765     0.26531
   2.00196   4.75200  -2.31219     7.19440     7.14253     0.05187
   1.59706   4.65220  -2.31219     6.26568     6.47178    -0.20610
   1.22780   4.45840  -2.31219     4.69377     5.13202    -0.43825
   0.91566   4.18186  -2.31219     2.84764     3.30297    -0.45533
   0.67876   3.83866  -2.31219     1.43009     1.34428     0.08581
   3.19350   4.16922  -2.67623     0.57605    -0.10951     0.68557
   2.83406   4.40022  -2.67623     3.25489     2.76891     0.48599
   2.42410   4.52059  -2.67623     4.58835     4.34080     0.24754
   1.99684   4.52059  -2.67623     4.74460     4.77393    -0.02933
   1.58689   4.40022  -2.67623     3.89746     4.21131    -0.31385
   1.22745   4.16922  -2.67623     2.27849     2.80119    -0.52270
   0.94766   3.84632  -2.67623     0.21022     0.72899    -0.51878
   2.80902   4.07147  -2.98025    -1.54367    -2.13592     0.59225
   2.41835   4.21367  -2.98025     0.41792     0.19621     0.22171
   2.00260   4.21367  -2.98025     0.74360     0.91487    -0.17127
   1.61192   4.07147  -2.98025    -0.37149     0.20304    -0.57452
   2.63292   1.60868   2.60428    -2.66001    -3.70141     1.04139
   3.06016   1.60868   2.55614    -5.22715    -6.30814     1.08098
   2.84654   1.97869   2.55614    -2.84325    -3.57095     0.72770
   2.41930   1.97869   2.55614    -0.53652    -1.24525     0.70873
   2.20568   1.60868   2.55614    -1.46084    -2.44597     0.98513
   2.41930   1.23868   2.55614    -3.87989    -5.35911     1.47922
   2.84654   1.23868   2.55614    -4.57705    -6.17116     1.59411
   3.46598   1.60868   2.41414   -10.22338   -11.23929     1.01590
   3.35437   2.02521   2.41414    -7.79555    -8.26422     0.46867
   3.04945   2.33013   2.41414    -3.75502    -4.21163     0.45661
   2.63292   2.44174   2.41414    -0.63127    -1.11162     0.48035
   2.21639   2.33013   2.41414     1.21360     0.75770     0.45590
   1.91148   2.02521   2.41414     1.73130     1.12478     0.60652
   3.04945   0.88724   2.41414    -5.68586    -8.17555     2.48969
   3.35437   1.19216   2.41414    -8.53287   -10.53178     1.99890
   3.54995   2.37817   2.18539   -10.10290    -9.93742    -0.16548
   3.23147   2.64540   2.18539    -4.96423    -5.14724     0.18301
   2.84080   2.78760   2.18539    -1.53426    -1.88444     0.35018
   2.42505   2.78760   2.18539     0.49322     0.18786     0.30536
   2.03437   2.64540   2.18539     1.91516     1.74114     0.17402
   1.71589   2.37817   2.18539     3.45569     3.24473     0.21097
   3.61594   2.74315   1.88138   -10.08471    -9.55360    -0.53110
   3.25651   2.97415   1.88138    -4.58145    -4.64448     0.06304
   2.84655   3.09452   1.88138    -1.50979    -1.78997     0.28019
   2.41929   3.09452   1.88138    -0.19453    -0.38537     0.19084
   2.00934   2.97415   1.88138     0.33886     0.44887    -0.11002
   1.64990   2.74315   1.88138     1.68988     2.03976    -0.34988
   3.61560   3.03233   1.51733    -8.82969    -8.24395    -0.58574
   3.24634   3.22613   1.51733    -3.90876    -3.95084     0.04208
   2.84144   3.32593   1.51733    -1.64596    -1.91244     0.26648
   2.42441   3.32593   1.51733    -1.58321    -1.73290     0.14969
   3.80001   3.07216   1.11152   -11.53300   -10.38599    -1.14701
   3.44509   3.29517   1.11152    -5.08220    -4.85645    -0.22575
   3.04945   3.43362   1.11152    -1.97791    -2.21045     0.23254
   2.63292   3.48055   1.11152    -1.94842    -2.29981     0.35139
   3.87591   3.07204   0.68428   -12.07266   -10.71678    -1.35588
   3.53227   3.30503   0.68428    -4.70758    -4.32716    -0.38041
   3.14658   3.45870   0.68428    -0.84714    -1.07506     0.22793
   2.73687   3.52587   0.68428    -0.59990    -1.21310     0.61320
   3.80001   3.07216   0.25704    -8.44879    -7.41687    -1.03192
   3.44509   3.29517   0.25704    -1.01908    -0.77361    -0.24546
   3.04945   3.43362   0.25704     3.30949     2.80157     0.50792
   3.61560   3.03233  -0.14878    -2.43474    -1.63592    -0.79882
   0.88547  -2.25891   0.71384     5.93749     6.85076    -0.91326
   1.09335  -2.61896   0.71384     6.61709     7.32587    -0.70879
   1.41183  -2.88620   0.71384     5.22025     5.73951    -0.51926
   0.57007  -2.27239   0.40983    10.60052    11.32807    -0.72756
   0.74756  -2.66105   0.40983    10.65574    11.09392    -0.43818
   1.02736  -2.98395   0.40983     9.20243     9.42251    -0.22008
   1.38679  -3.21494   0.40983     6.64909     6.67768    -0.02859
   0.28052  -1.84948   0.04578    14.49547    15.55445    -1.05898
   0.33079  -2.26346   0.04578    15.11357    15.83599    -0.72242
   0.47867  -2.65339   0.04578    14.41829    14.67975    -0.26146
   0.71556  -2.99659   0.04578    12.80810    12.73951     0.06859
   1.02771  -3.27313   0.04578    10.48694    10.20197     0.28497
   1.39696  -3.46693   0.04578     7.45168     6.97606     0.47562
   1.80187  -3.56673   0.04578     3.48393     2.72747     0.75646
   0.18545  -2.26601  -0.36003    18.86419    19.66489    -0.80070
   0.32389  -2.66165  -0.36003    17.35880    17.49429    -0.13550
   0.54690  -3.01657  -0.36003    15.37273    15.06191     0.31082
   0.84329  -3.31296  -0.36003    12.93297    12.34574     0.58723
   1.19821  -3.53597  -0.36003     9.97803     9.19523     0.78280
   1.59385  -3.67441  -0.36003     6.30898     5.31083     0.99815
   2.01038  -3.72134  -0.36003     1.48845     0.15307     1.33538
   0.10164  -2.05707  -0.78727    22.43472    23.67475    -1.24003
   0.19089  -2.46254  -0.78727    20.35641    20.72720    -0.37079
   0.36522  -2.83934  -0.78727    18.17895    17.92196     0.25699
   0.61647  -3.16986  -0.78727    15.76931    15.11353     0.65579
   0.93290  -3.43864  -0.78727    13.03525    12.12811     0.90714
   1.29971  -3.63312  -0.78727     9.82994     8.73233     1.09760
   1.69976  -3.74419  -0.78727     5.88541     4.56769     1.31772
   2.11433  -3.76666  -0.78727     0.67520    -0.96671     1.64191
   0.13852  -1.84948  -1.21451    24.85502    26.45090    -1.59588
   0.18545  -2.26601  -1.21451    22.33808    22.96238    -0.62430
   0.32389  -2.66165  -1.21451    19.90146    19.78605     0.11541
   0.54690  -3.01657  -1.21451    17.37386    16.76469     0.60916
   0.84329  -3.31296  -1.21451    14.61846    13.69707     0.92139
   1.19821  -3.53597  -1.21451    11.48217    10.34920     1.13297
   1.59385  -3.67441  -1.21451     7.72903     6.39923     1.32980
   2.01038  -3.72134  -1.21451     2.93674     1.34640     1.59034
   0.33079  -1.43550  -1.62033    26.87309    29.36174    -2.48864
   0.28052  -1.84948  -1.62033    24.34800    25.74741    -1.39942
   0.33079  -2.26346  -1.62033    21.87435    22.36680    -0.49244
   0.47867  -2.65339  -1.62033    19.36683    19.19060     0.17622
   0.71556  -2.99659  -1.62033    16.71434    16.08888     0.62547
   1.02771  -3.27313  -1.62033    13.78450    12.87124     0.91326
   1.39696  -3.46693  -1.62033    10.40411     9.28600     1.11810
   1.80187  -3.56673  -1.62033     6.29706     4.97397     1.32309
   2.21889  -3.56673  -1.62033     0.98456    -0.61200     1.59656
   0.57007  -1.42657  -1.98437    25.08093    27.31397    -2.23305
   0.50926  -1.84948  -1.98437    22.66941    23.94258    -1.27317
   0.57007  -2.27239  -1.98437    20.23906    20.68449    -0.44542
   0.74756  -2.66105  -1.98437    17.61356    17.45983     0.15374
   1.02736  -2.98395  -1.98437    14.68058    14.13600     0.54458
   1.38679  -3.21494  -1.98437    11.28701    10.49210     0.79492
   1.79675  -3.33532  -1.98437     7.19942     6.20054     0.99887
   2.22401  -3.33532  -1.98437     2.04819     0.80190     1.24629
   0.88547  -1.44005  -2.28839    22.20003    24.24728    -2.04725
   0.81328  -1.84948  -2.28839    20.18886    21.46840    -1.27954
   0.88547  -2.25891  -2.28839    17.89281    18.45351    -0.56071
   1.09335  -2.61896  -2.28839    15.17067    15.21526    -0.04459
   1.41183  -2.88620  -2.28839    11.92582    11.64684     0.27898
   1.80251  -3.02839  -2.28839     8.02083     7.53087     0.48995
   2.21825  -3.02839  -2.28839     3.29066     2.60761     0.68305
   1.28893  -1.43295  -2.51713    18.41489    20.54872    -2.13383
   1.17732  -1.84948  -2.51713    17.07014    18.48609    -1.41595
   1.28893  -2.26601  -2.51713    14.59022    15.32975    -0.73953
   1.59385  -2.57093  -2.51713    11.12763    11.44415    -0.31652
   2.01038  -2.68254  -2.51713     6.78652     6.89899    -0.11247
   1.79676  -1.47948  -2.65914    13.03400    15.35783    -2.32383
   1.58314  -1.84948  -2.65914    13.41239    15.03122    -1.61883
   1.79676  -2.21948  -2.65914    10.19264    11.21090    -1.01826
   2.01038  -1.84948  -2.70727     9.27522    11.02221    -1.74699
   5.44967  -3.80108   1.04699     0.19578    -0.89148     1.08726
   5.65755  -4.16113   1.04699     3.27121     3.23860     0.03260
   5.97603  -4.42837   1.04699     5.91679     6.49207    -0.57529
   6.36671  -4.57057   1.04699     7.66189     8.58608    -0.92419
   6.78245  -4.57057   1.04699     8.56739     9.68820    -1.12082
   5.31176  -4.20322   0.74298     1.41064     0.57329     0.83735
   5.59156  -4.52612   0.74298     5.41541     5.29313     0.12228
   5.95099  -4.75711   0.74298     8.26493     8.50814    -0.24321
   6.36095  -4.87749   0.74298    10.07780    10.50979    -0.43199
   6.78821  -4.87749   0.74298    11.13578    11.62799    -0.49221
   7.19817  -4.75711   0.74298    11.82228    12.24712    -0.42484
   5.04286  -4.19556   0.37893    -2.78363    -3.74103     0.95739
   5.27976  -4.53876   0.37893     3.14320     2.74243     0.40076
   5.59191  -4.81530   0.37893     7.28664     7.13761     0.14903
   5.96116  -5.00910   0.37893    10.03827    10.02589     0.01238
   6.36607  -5.10890   0.37893    11.78400    11.82979    -0.04579
   6.78309  -5.10890   0.37893    12.85139    12.86828    -0.01689
   7.18800  -5.00910   0.37893    13.57303    13.44159     0.13144
   5.11110  -4.55874  -0.02688     0.69905     0.60111     0.09794
   5.40749  -4.85513  -0.02688     6.18473     6.00341     0.18132
   5.76241  -5.07814  -0.02688     9.72514     9.52006     0.20509
   6.15805  -5.21658  -0.02688    11.97225    11.75435     0.21790
   6.57458  -5.26351  -0.02688    13.35152    13.08523     0.26629
   6.99111  -5.21658  -0.02688    14.18485    13.78942     0.39544
   7.38675  -5.07814  -0.02688    14.79228    14.13605     0.65624
   5.18067  -4.71203  -0.45412     2.28162     2.42230    -0.14068
   5.49710  -4.98081  -0.45412     7.40963     7.23720     0.17243
   5.86392  -5.17529  -0.45412    10.65009    10.33966     0.31043
   6.26396  -5.28636  -0.45412    12.66377    12.27188     0.39189
   6.67853  -5.30883  -0.45412    13.85478    13.36657     0.48821
   7.08823  -5.24167  -0.45412    14.51743    13.86054     0.65689
   7.47392  -5.08799  -0.45412    14.92594    13.97365     0.95229
   7.81756  -4.85500  -0.45412    15.41979    13.99309     1.42670
   5.11110  -4.55874  -0.88136    -1.04982    -0.46424    -0.58559
   5.40749  -4.85513  -0.88136     5.37274     5.34412     0.02862
   5.76241  -5.07814  -0.88136     9.35805     9.05600     0.30205
   6.15805  -5.21658  -0.88136    11.79655    11.35800     0.43855
   6.57458  -5.26351  -0.88136    13.19527    12.65140     0.54387
   6.99111  -5.21658  -0.88136    13.87926    13.19207     0.68719
   7.38675  -5.07814  -0.88136    14.10014    13.17266     0.92747
   7.74167  -4.85513  -0.88136    14.09700    12.78438     1.31262
   5.27976  -4.53876  -1.28718     0.65073     0.96190    -0.31118
   5.59191  -4.81530  -1.28718     6.14457     5.99362     0.15096
   5.96116  -5.00910  -1.28718     9.53501     9.16952     0.36549
   6.36607  -5.10890  -1.28718    11.50099    11.02134     0.47965
   6.78309  -5.10890  -1.28718    12.45293    11.87301     0.57992
   7.18800  -5.00910  -1.28718    12.65436    11.92879     0.72556
   7.55725  -4.81530  -1.28718    12.28664    11.32732     0.95932
   5.31176  -4.20322  -1.65123    -2.90474    -2.65835    -0.24639
   5.59156  -4.52612  -1.65123     3.45130     3.33240     0.11890
   5.95099  -4.75711  -1.65123     7.44791     7.13859     0.30932
   6.36095  -4.87749  -1.65123     9.67808     9.28301     0.39507
   6.78821  -4.87749  -1.65123    10.57479    10.12460     0.45019
   7.19817  -4.75711  -1.65123    10.39846     9.87490     0.52356
   7.55760  -4.52612  -1.65123     9.25075     8.62563     0.62512
   5.44967  -3.80108  -1.95524    -5.49008    -5.97148     0.48140
   5.65755  -4.16113  -1.95524     0.49824     0.22001     0.27824
   5.97603  -4.42837  -1.95524     4.77472     4.50029     0.27443
   6.36671  -4.57057  -1.95524     7.17432     6.91116     0.26315
   6.78245  -4.57057  -1.95524     7.91540     7.69212     0.22328
   7.17313  -4.42837  -1.95524     7.15988     7.00782     0.15206
   5.74152  -3.39165  -2.18398    -6.22427    -7.65375     1.42948
   5.85313  -3.80818  -2.18398    -1.46523    -2.02898     0.56375
   6.15805  -4.11310  -2.18398     2.63679     2.41048     0.22632
   6.57458  -4.22471  -2.18398     4.45594     4.43700     0.01894
   6.99111  -4.11310  -2.18398     3.65713     3.90969    -0.25256
   6.14734  -3.39165  -2.32599    -4.28589    -4.86597     0.58008
   6.36096  -3.76165  -2.32599    -0.29367    -0.32063     0.02696
   6.78820  -3.76165  -2.32599    -0.25100     0.27247    -0.52348
   8.02532  -2.64952   1.98451    -0.01381    -0.34380     0.32999
   8.45256  -2.64952   1.93637     2.44854     2.07794     0.37060
   8.23894  -2.27952   1.93637    -2.76794    -3.82117     1.05322
   8.23894  -3.01953   1.93637     4.00288     4.26328    -0.26039
   8.85838  -2.64952   1.79437     4.77597     4.32566     0.45032
   8.74677  -2.23300   1.79437    -0.19641    -0.95896     0.76255
   8.02532  -3.48258   1.79437     5.49761     6.52420    -1.02659
   8.44185  -3.37097   1.79437     7.34563     7.77221    -0.42659
   8.74677  -3.06605   1.79437     7.18938     7.12587     0.06350
   9.22242  -2.64952   1.56563     6.78840     6.22101     0.56739
   9.15023  -2.24009   1.56563     2.56338     1.86260     0.70078
   8.94236  -1.88004   1.56563    -4.04995    -4.73766     0.68771
   8.23320  -3.82844   1.56563     8.83345     9.64322    -0.80977
   8.62387  -3.68624   1.56563    10.08596    10.41910    -0.33314
   8.94236  -3.41901   1.56563    10.24221    10.20398     0.03823
   9.15023  -3.05896   1.56563     9.21749     8.87976     0.33773
   9.52644  -2.64952   1.26161     8.36219     7.66765     0.69455
   9.46563  -2.22661   1.26161     4.46975     3.70429     0.76546
   9.28814  -1.83796   1.26161    -1.60580    -2.25431     0.64851
   8.23895  -4.13536   1.26161    10.96447    11.52530    -0.56083
   8.64891  -4.01499   1.26161    12.03563    12.22639    -0.19076
   9.00835  -3.78399   1.26161    12.40712    12.31477     0.09235
   9.28814  -3.46109   1.26161    12.02559    11.69335     0.33224
   9.46563  -3.07244   1.26161    10.75300    10.21626     0.53674
   9.75518  -2.64952   0.89757     9.41515     8.61428     0.80087
   9.70492  -2.23554   0.89757     6.01405     5.15306     0.86099
   9.55704  -1.84562   0.89757     0.92181     0.13032     0.79149
   9.32014  -1.50242   0.89757    -6.84676    -7.24966     0.40290
   8.23384  -4.36677   0.89757    13.00576    13.05964    -0.05388
   8.63874  -4.26697   0.89757    13.57366    13.44198     0.13168
   9.00800  -4.07317   0.89757    13.83407    13.56027     0.27381
   9.32014  -3.79663   0.89757    13.68410    13.27261     0.41149
   9.55704  -3.45343   0.89757    13.00262    12.45077     0.55186
   9.70492  -3.06351   0.89757    11.64469    10.95752     0.68718
   9.89719  -2.64952   0.49175     9.88829     9.02912     0.85918
   9.85025  -2.23300   0.49175     6.75012     5.81551     0.93461
   9.71181  -1.83735   0.49175     2.18813     1.24495     0.94317
   9.48880  -1.48244   0.49175    -4.57078    -5.33000     0.75922
   8.44185  -4.47446   0.49175    14.77910    14.16314     0.61596
   8.83749  -4.33601   0.49175    14.71886    14.14719     0.57167
   9.19241  -4.11300   0.49175    14.59399    14.03034     0.56365
   9.48880  -3.81661   0.49175    14.20744    13.60665     0.60080
   9.71181  -3.46170   0.49175    13.39984    12.72751     0.67233
   9.85025  -3.06605   0.49175    12.01994    11.25591     0.76404
   9.94532  -2.64952   0.06451     9.73142     8.88316     0.84826
   9.90043  -2.23678   0.06451     6.82040     5.86950     0.95090
   9.76787  -1.84334   0.06451     2.71963     1.66461     1.05502
   9.55382  -1.48759   0.06451    -3.11245    -4.22653     1.11408
   8.53898  -4.49954   0.06451    15.46811    14.32510     1.14301
   8.92467  -4.34587   0.06451    14.95543    14.05639     0.89905
   9.26831  -4.11288   0.06451    14.56638    13.81002     0.75636
   9.55382  -3.81146   0.06451    14.02672    13.32599     0.70073
   9.76787  -3.45571   0.06451    13.14758    12.43727     0.71031
   9.90043  -3.06227   0.06451    11.77020    11.00612     0.76407
   9.89719  -2.64952  -0.36273     8.89244     8.13922     0.75322
   9.85025  -2.23300  -0.36273     6.04982     5.16119     0.88863
   9.71181  -1.83735  -0.36273     2.12914     1.03225     1.09688
   9.48880  -1.48244  -0.36273    -3.24799    -4.65203     1.40404
   9.19241  -1.18604  -0.36273   -10.64193   -12.52666     1.88472
   8.83749  -4.33601  -0.36273    14.49421    13.28132     1.21289
   9.19241  -4.11300  -0.36273    13.86231    12.96174     0.90057
   9.48880  -3.81661  -0.36273    13.21598    12.48628     0.72970
   9.71181  -3.46170  -0.36273    12.29542    11.63016     0.66526
   9.85025  -3.06605  -0.36273    10.91051    10.23259     0.67792
   9.75518  -2.64952  -0.76855     7.30045     6.74349     0.55696
   9.70492  -2.23554  -0.76855     4.47414     3.75401     0.72013
   9.55704  -1.84562  -0.76855     0.65700    -0.37294     1.02994
   9.32014  -1.50242  -0.76855    -4.34111    -5.92568     1.58457
   9.00800  -1.22588  -0.76855   -10.60303   -13.21912     2.61609
   9.00800  -4.07317  -0.76855    12.39080    11.37284     1.01796
   9.32014  -3.79663  -0.76855    11.65473    10.95221     0.70253
   9.55704  -3.45343  -0.76855    10.71096    10.16886     0.54210
   9.70492  -3.06351  -0.76855     9.32165     8.82157     0.50009
   9.52644  -2.64952  -1.13259     4.85379     4.61819     0.23559
   9.46563  -2.22661  -1.13259     1.80472     1.38644     0.41827
   9.28814  -1.83796  -1.13259    -2.28727    -3.12634     0.83907
   9.00835  -3.78399  -1.13259     9.29530     8.62723     0.66806
   9.28814  -3.46109  -1.13259     8.38039     8.02776     0.35263
   9.46563  -3.07244  -1.13259     6.98355     6.76560     0.21795
   9.22242  -2.64952  -1.43661     1.39809     1.65415    -0.25605
   9.15023  -2.24009  -1.43661    -1.91641    -1.80434    -0.11207
   9.15023  -3.05896  -1.43661     3.59688     3.79918    -0.20229
   7.01988   1.49884   3.18384    -3.15700    -2.04915    -1.10785
   7.44712   1.49884   3.13570    -2.55396    -1.85114    -0.70283
   7.23350   1.86884   3.13570    -1.88190    -1.50649    -0.37541
   6.80626   1.86884   3.13570    -3.04907    -2.35507    -0.69400
   6.59264   1.49884   3.13570    -4.43586    -3.12809    -1.30778
   7.23350   1.12884   3.13570    -3.92131    -2.56023    -1.36108
   7.85294   1.49884   2.99370    -2.44478    -2.20834    -0.23643
   7.74133   1.91537   2.99370    -1.08998    -1.29365     0.20367
   7.43641   2.22029   2.99370    -0.75991    -1.10999     0.35008
   7.01988   2.33190   2.99370    -1.59827    -1.77106     0.17279
   6.60335   2.22029   2.99370    -3.45005    -3.22347    -0.22658
   6.29843   1.91537   2.99370    -5.64696    -4.95976    -0.68720
   7.74133   1.08231   2.99370    -4.31225    -3.49361    -0.81863
   8.21698   1.49884   2.76496    -2.75100    -2.94013     0.18913
   8.14479   1.90827   2.76496    -1.04794    -1.66029     0.61234
   7.93691   2.26832   2.76496    -0.07907    -0.96249     0.88342
   7.61843   2.53556   2.76496     0.10103    -0.85375     0.95478
   7.22775   2.67775   2.76496    -0.53338    -1.36158     0.82820
   6.81201   2.67775   2.76496    -2.00301    -2.55301     0.55000
   6.42133   2.53556   2.76496    -4.28652    -4.49386     0.20734
   6.10285   2.26832   2.76496    -7.18436    -7.08931    -0.09505
   7.93691   0.72936   2.76496    -7.42783    -6.71569    -0.71214
   8.14479   1.08941   2.76496    -5.02761    -4.73261    -0.29499
   8.52100   1.49884   2.46094    -3.43436    -3.94149     0.50713
   8.46019   1.92175   2.46094    -1.32969    -2.24197     0.91228
   8.28270   2.31041   2.46094     0.01067    -1.20223     1.21290
   8.00290   2.63331   2.46094     0.62688    -0.73804     1.36492
   7.64347   2.86430   2.46094     0.53276    -0.81942     1.35218
   7.23351   2.98468   2.46094    -0.29242    -1.48248     1.19006
   6.80625   2.98468   2.46094    -1.91265    -2.83752     0.92487
   6.39630   2.86430   2.46094    -4.44151    -5.07064     0.62913
   6.03686   2.63331   2.46094    -8.01267    -8.40453     0.39186
   8.28270   0.68727   2.46094    -9.90963    -9.62848    -0.28115
   8.46019   1.07593   2.46094    -6.33220    -6.40349     0.07129
   8.74974   1.49884   2.09690    -4.46159    -5.14354     0.68195
   8.69948   1.91282   2.09690    -2.02246    -3.06481     1.04235
   8.55160   2.30275   2.09690    -0.39282    -1.72563     1.33281
   8.31470   2.64595   2.09690     0.54907    -0.96933     1.51840
   8.00255   2.92249   2.09690     0.86408    -0.71506     1.57914
   7.63330   3.11629   2.09690     0.56601    -0.94842     1.51443
   7.22839   3.21609   2.09690    -0.37776    -1.72189     1.34413
   6.81137   3.21609   2.09690    -2.06011    -3.16765     1.10754
   6.40646   3.11629   2.09690    -4.66114    -5.52412     0.86298
   6.03721   2.92249   2.09690    -8.50213    -9.17320     0.67107
   8.69948   1.08486   2.09690    -7.90787    -8.20609     0.29821
   8.89174   1.49884   1.69108    -5.78250    -6.48657     0.70407
   8.84481   1.91537   1.69108    -2.92231    -3.94378     1.02147
   8.70637   2.31101   1.69108    -1.02096    -2.30562     1.28466
   8.48336   2.66593   1.69108     0.13366    -1.33132     1.46498
   8.18697   2.96232   1.69108     0.64822    -0.89345     1.54167
   7.83205   3.18533   1.69108     0.56225    -0.94671     1.50896
   7.43641   3.32377   1.69108    -0.13868    -1.51840     1.37972
   7.01988   3.37070   1.69108    -1.53238    -2.71766     1.18528
   6.60335   3.32377   1.69108    -3.79267    -4.76751     0.97485
   6.20771   3.18533   1.69108    -7.27033    -8.07180     0.80147
   8.84481   1.08231   1.69108    -9.99999   -10.34856     0.34857
   8.93988   1.49884   1.26384    -7.30860    -7.89666     0.58805
   8.89499   1.91158   1.26384    -4.03802    -4.87987     0.84185
   8.76243   2.30503   1.26384    -1.89947    -2.95542     1.05595
   8.54838   2.66077   1.26384    -0.58672    -1.79437     1.20765
   8.26286   2.96219   1.26384     0.05146    -1.22411     1.27556
   7.91922   3.19518   1.26384     0.07718    -1.17401     1.25119
   7.53354   3.34886   1.26384    -0.51268    -1.65577     1.14310
   7.12383   3.41602   1.26384    -1.78715    -2.76891     0.98176
   6.70926   3.39355   1.26384    -3.92005    -4.73453     0.81448
   6.30922   3.28247   1.26384    -7.27911    -7.97500     0.69589
   8.89499   1.08610   1.26384   -12.32742   -12.60809     0.28067
   8.89174   1.49884   0.83660    -8.88804    -9.26237     0.37432
   8.84481   1.91537   0.83660    -5.17068    -5.70485     0.53417
   8.70637   2.31101   0.83660    -2.82944    -3.50617     0.67673
   8.48336   2.66593   0.83660    -1.44390    -2.22053     0.77663
   8.18697   2.96232   0.83660    -0.81764    -1.62539     0.80774
   7.83205   3.18533   0.83660    -0.87538    -1.63606     0.76068
   7.43641   3.32377   0.83660    -1.62839    -2.27743     0.64905
   7.01988   3.37070   0.83660    -3.18085    -3.69540     0.51455
   6.60335   3.32377   0.83660    -5.79442    -6.21539     0.42096
   6.20771   3.18533   0.83660   -10.04517   -10.48685     0.44168
   8.74974   1.49884   0.43078   -10.29555   -10.41402     0.11847
   8.69948   1.91282   0.43078    -6.26756    -6.39040     0.12284
   8.55160   2.30275   0.43078    -3.83157    -3.99394     0.16236
   8.31470   2.64595   0.43078    -2.47804    -2.66907     0.19103
   8.00255   2.92249   0.43078    -1.98293    -2.15531     0.17238
   7.63330   3.11629   0.43078    -2.27472    -2.37390     0.09918
   7.22839   3.21609   0.43078    -3.39671    -3.39820     0.00149
   6.81137   3.21609   0.43078    -5.54028    -5.48743    -0.05285
   6.40646   3.11629   0.43078    -9.16540    -9.20728     0.04187
   8.46019   1.92175   0.06674    -7.02685    -6.67699    -0.34986
   8.28270   2.31041   0.06674    -4.66365    -4.22296    -0.44069
   8.00290   2.63331   0.06674    -3.57869    -3.08030    -0.49838
   7.64347   2.86430   0.06674    -3.55233    -2.98285    -0.56948
   7.23351   2.98468   0.06674    -4.57517    -3.94254    -0.63263
   6.80625   2.98468   0.06674    -6.84801    -6.25837    -0.58964
   7.93691   2.26832  -0.23727    -5.56413    -4.52173    -1.04240
   7.61843   2.53556  -0.23727    -5.00753    -3.84694    -1.16059
   7.22775   2.67775  -0.23727    -5.74234    -4.55185    -1.19049
  -7.78787  -3.51722   0.26424     3.93448     3.33110     0.60339
  -7.44960  -3.75810   0.26424     3.28627     2.73975     0.54651
  -7.07185  -3.93061   0.26424     3.73054     2.96747     0.76307
  -6.66829  -4.02851   0.26424     5.15750     3.97603     1.18147
  -8.20031  -3.41277  -0.09701    -1.26694    -1.93112     0.66417
  -7.90379  -3.70929  -0.09701    -2.23707    -2.45102     0.21395
  -7.56028  -3.94981  -0.09701    -2.30359    -2.37792     0.07433
  -7.18023  -4.12704  -0.09701    -1.47590    -1.69377     0.21787
  -6.77517  -4.23557  -0.09701     0.20269    -0.37999     0.58268
  -6.35742  -4.27212  -0.09701     2.64935     1.57416     1.07519
  -5.93967  -4.23557  -0.09701     5.75175     4.16417     1.58758
  -5.53462  -4.12704  -0.09701     9.37123     7.36056     2.01067
  -5.15456  -3.94981  -0.09701    13.34273    11.09850     2.24424
  -4.81106  -3.70929  -0.09701    17.46422    15.27477     2.18945
  -8.38382  -3.44361  -0.48844    -6.34287    -6.58637     0.24350
  -8.09658  -3.75563  -0.48844    -6.94653    -6.62484    -0.32169
  -7.76191  -4.01612  -0.48844    -6.84738    -6.25893    -0.58845
  -7.38892  -4.21797  -0.48844    -5.97828    -5.41583    -0.56246
  -6.98779  -4.35568  -0.48844    -4.32731    -4.03851    -0.28879
  -6.56948  -4.42548  -0.48844    -1.92959    -2.08342     0.15383
  -6.14537  -4.42548  -0.48844     1.14646     0.47782     0.66864
  -5.72705  -4.35568  -0.48844     4.80296     3.65136     1.15160
  -5.32593  -4.21797  -0.48844     8.91879     7.40863     1.51016
  -4.95294  -4.01612  -0.48844    13.33520    11.67057     1.66463
  -8.73352  -3.07708  -0.90041    -9.69565   -10.25500     0.55935
  -8.51488  -3.43388  -0.90041   -10.24409    -9.99797    -0.24613
  -8.24311  -3.75208  -0.90041   -10.51643    -9.66758    -0.84885
  -7.92491  -4.02385  -0.90041   -10.28237    -9.09068    -1.19169
  -7.56811  -4.24250  -0.90041    -9.41264    -8.15280    -1.25984
  -7.18150  -4.40264  -0.90041    -7.85077    -6.77084    -1.07994
  -6.77460  -4.50033  -0.90041    -5.59362    -4.88057    -0.71305
  -6.35742  -4.53316  -0.90041    -2.67319    -2.43276    -0.24043
  -5.94025  -4.50033  -0.90041     0.84965     0.60442     0.24523
  -5.53335  -4.40264  -0.90041     4.89395     4.23602     0.65792
  -5.14674  -4.24250  -0.90041     9.35303     8.42396     0.92907
  -8.86168  -2.87571  -1.32278   -12.84826   -13.26520     0.41695
  -8.67826  -3.24615  -1.32278   -12.84198   -12.48268    -0.35930
  -8.44044  -3.58426  -1.32278   -12.92983   -11.90424    -1.02559
  -8.15380  -3.88210  -1.32278   -12.74911   -11.25745    -1.49166
  -7.82506  -4.13269  -1.32278   -12.08772   -10.37382    -1.71389
  -7.46191  -4.33016  -1.32278   -10.82830    -9.13863    -1.68967
  -7.07287  -4.46989  -1.32278    -8.92068    -7.46648    -1.45419
  -6.66707  -4.54859  -1.32278    -6.35981    -5.29004    -1.06977
  -6.25401  -4.56442  -1.32278    -3.17457    -2.55681    -0.61776
  -5.84337  -4.51701  -1.32278     0.58798     0.76704    -0.17907
  -5.44478  -4.40748  -1.32278     4.85818     4.68513     0.17305
  -8.89366  -2.69047  -1.74516   -14.76530   -15.01721     0.25191
  -8.73352  -3.07708  -1.74516   -14.31977   -13.86785    -0.45192
  -8.51488  -3.43388  -1.74516   -14.19928   -13.09527    -1.10402
  -8.24311  -3.75208  -1.74516   -13.95581   -12.35707    -1.59874
  -7.92491  -4.02385  -1.74516   -13.31450   -11.44000    -1.87449
  -7.56811  -4.24250  -1.74516   -12.11407   -10.20092    -1.91315
  -7.18150  -4.40264  -1.74516   -10.27296    -8.53552    -1.73744
  -6.77460  -4.50033  -1.74516    -7.76669    -6.36236    -1.40433
  -6.35742  -4.53316  -1.74516    -4.60655    -3.61709    -0.98946
  -5.94025  -4.50033  -1.74516    -0.83082    -0.25491    -0.57592
  -5.53335  -4.40264  -1.74516     3.50213     3.73776    -0.23563
  -8.89025  -2.28906  -2.15713   -15.71284   -16.14444     0.43160
  -8.78614  -2.70018  -2.15713   -14.69000   -14.56038    -0.12961
  -8.61578  -3.08856  -2.15713   -14.35804   -13.61578    -0.74227
  -8.38382  -3.44361  -2.15713   -14.16540   -12.88136    -1.28404
  -8.09658  -3.75563  -2.15713   -13.73681   -12.07414    -1.66267
  -7.76191  -4.01612  -2.15713   -12.83131   -11.00387    -1.82744
  -7.38892  -4.21797  -2.15713   -11.30835    -9.53569    -1.77266
  -6.98779  -4.35568  -2.15713    -9.10391    -7.56782    -1.53609
  -6.56948  -4.42548  -2.15713    -6.20419    -5.02077    -1.18342
  -6.14537  -4.42548  -2.15713    -2.63491    -1.83647    -0.79845
  -5.72705  -4.35568  -2.15713     1.55183     2.01202    -0.46019
  -4.81106  -0.02352  -2.54856    18.14318    16.51684     1.62634
  -8.72659  -2.28415  -2.54856   -13.68724   -13.84865     0.16141
  -8.61806  -2.68921  -2.54856   -13.29065   -12.99171    -0.29894
  -8.44084  -3.06926  -2.54856   -13.18335   -12.39940    -0.78395
  -8.20031  -3.41277  -2.54856   -12.98756   -11.79925    -1.18831
  -7.90379  -3.70929  -2.54856   -12.41967   -10.98499    -1.43468
  -7.56028  -3.94981  -2.54856   -11.29329    -9.80446    -1.48883
  -7.18023  -4.12704  -2.54856    -9.50175    -8.14334    -1.35841
  -6.77517  -4.23557  -2.54856    -7.00552    -5.91404    -1.09148
  -6.35742  -4.27212  -2.54856    -3.81338    -3.05309    -0.76028
  -5.93967  -4.23557  -2.54856     0.02698     0.47146    -0.44448
  -5.53462  -4.12704  -2.54856     4.43273     4.63970    -0.20698
  -4.51984  -0.68545  -2.90980    20.01818    19.37768     0.64050
  -4.77654  -0.35903  -2.90980    18.20844    17.31182     0.89663
  -5.09038  -0.08709  -2.90980    16.83106    15.72943     1.10163
  -8.53188  -2.07404  -2.90980   -10.66954   -10.87771     0.20816
  -8.45329  -2.48180  -2.90980   -10.82517   -10.72055    -0.10462
  -8.29895  -2.86733  -2.90980   -11.01907   -10.55446    -0.46461
  -8.07444  -3.21667  -2.90980   -10.99146   -10.21882    -0.77264
  -7.78787  -3.51722  -2.90980   -10.50953    -9.55734    -0.95219
  -7.44960  -3.75810  -2.90980    -9.40825    -8.44048    -0.96777
  -7.07185  -3.93061  -2.90980    -7.59349    -6.76684    -0.82665
  -6.66829  -4.02851  -2.90980    -5.03953    -4.46206    -0.57746
  -6.25349  -4.04827  -2.90980    -1.77585    -1.48388    -0.29197
  -5.84244  -3.98917  -2.90980     2.11596     2.16137    -0.04541
  -4.63731  -1.03804  -3.23197    19.22940    18.80069     0.42871
  -4.86476  -0.67604  -3.23197    17.82943    17.23013     0.59930
  -8.21875  -2.29124  -3.23197    -7.34751    -7.47219     0.12468
  -8.07754  -2.69477  -3.23197    -8.01455    -7.89588    -0.11867
  -7.85009  -3.05676  -3.23197    -8.18837    -7.87197    -0.31640
  -7.54778  -3.35906  -3.23197    -7.68197    -7.28748    -0.39449
  -7.18579  -3.58652  -3.23197    -6.35855    -6.03535    -0.32320
  -6.78226  -3.72772  -3.23197    -4.16415    -4.03568    -0.12847
  -6.35742  -3.77559  -3.23197    -1.13203    -1.25250     0.12047
  -5.93259  -3.72772  -3.23197     2.61797     2.27881     0.33916
  -5.52906  -3.58652  -3.23197     6.87374     6.40697     0.46676
  -4.82448  -1.45565  -3.50713    17.86331    17.32173     0.54158
  -4.98302  -1.07289  -3.50713    17.16991    16.57819     0.59172
  -7.73182  -2.65991  -3.50713    -4.71448    -4.93360     0.21912
  -7.47962  -2.98859  -3.50713    -4.78225    -4.95134     0.16909
  -7.15093  -3.24080  -3.50713    -3.91880    -4.14882     0.23003
  -6.76817  -3.39935  -3.50713    -2.08333    -2.47610     0.39277
  -6.35742  -3.45342  -3.50713     0.65826     0.06071     0.59755
  -5.94667  -3.39935  -3.50713     4.12085     3.35501     0.76584
  -5.56391  -3.24080  -3.50713     7.98694     7.14588     0.84106
  -5.13165  -1.86640  -3.72850    15.34386    14.46109     0.88277
  -5.20557  -1.44716  -3.72850    15.66075    14.84435     0.81641
  -7.29642  -2.65431  -3.72850    -1.24184    -1.87621     0.63436
  -6.97031  -2.92795  -3.72850    -0.64822    -1.37695     0.72873
  -6.57028  -3.07355  -3.72850     1.25690     0.35820     0.89870
  -6.14457  -3.07355  -3.72850     4.24134     3.17747     1.06386
  -5.74454  -2.92795  -3.72850     7.82253     6.68298     1.13955
  -5.41843  -2.65431  -3.72850    11.30082    10.19993     1.10089
  -5.20557  -2.28564  -3.72850    13.94326    12.95157     0.99169
  -5.52308  -1.86640  -3.89064    13.07855    11.93808     1.14047
  -6.77460  -2.58897  -3.89064     2.74096     1.66357     1.07739
  -6.35742  -2.70075  -3.89064     4.74774     3.51288     1.23486
  -5.94025  -2.58897  -3.89064     7.93800     6.62028     1.31772
  -5.63486  -2.28357  -3.89064    11.07303     9.80751     1.26552
  -5.93505  -1.86640  -3.98954    11.07241     9.80288     1.26953
  -6.56861  -2.23219  -3.98954     6.06300     4.81181     1.25119
  -6.14624  -2.23219  -3.98954     8.37788     7.02657     1.35131
  -7.97783  -3.36131   0.38143     6.57128     5.98140     0.58988
  -5.81649   2.57652   0.61067     6.79467     6.21986     0.57481
  -6.22339   2.47883   0.61067     6.38240     6.72113    -0.33873
  -6.61000   2.31869   0.61067     5.64257     6.54927    -0.90671
  -6.96680   2.10005   0.61067     4.63918     5.80067    -1.16149
  -6.86695   2.20888   0.18830     3.67532     4.55977    -0.88444
  -2.31250  -2.68717   0.19265    20.98266    22.05494    -1.07228
  -3.94931  -3.20664  -0.22972    23.27684    23.87668    -0.59985
  -3.53213  -3.17381  -0.22972    22.22576    23.80649    -1.58073
  -3.12523  -3.07612  -0.22972    21.53550    23.49369    -1.95819
  -2.73862  -2.91598  -0.22972    21.24935    23.15332    -1.90396
  -2.38182  -2.69733  -0.22972    21.38301    22.94209    -1.55907
  -2.83387   0.85186   3.69278     2.09902     3.74261    -1.64359
  -2.42272   0.85186   3.66583     2.62236     3.59895    -0.97659
  -2.62829   1.20794   3.66583     1.57254     3.21772    -1.64518
  -3.03945   1.20794   3.66583     1.20921     3.35156    -2.14234
  -3.24503   0.85186   3.66583     2.24460     4.27192    -2.02732
  -3.03945   0.49579   3.66583     3.33898     4.77373    -1.43475
  -2.62829   0.49579   3.66583     3.37412     4.24777    -0.87365
  -2.01859   0.85186   3.58545     3.76004     3.85244    -0.09240
  -2.12782   1.25950   3.58545     2.88027     3.60630    -0.72603
  -2.42623   1.55792   3.58545     1.75891     3.20344    -1.44453
  -2.83387   1.66714   3.58545     0.83020     2.87052    -2.04032
  -3.24151   1.55792   3.58545     0.68775     3.04350    -2.35575
  -3.53993   1.25950   3.58545     1.56626     3.92160    -2.35533
  -3.64915   0.85186   3.58545     3.09362     5.19947    -2.10585
  -3.53993   0.44422   3.58545     4.50740     6.16745    -1.66005
  -3.24151   0.14581   3.58545     5.27484     6.31805    -1.04320
  -2.83387   0.03658   3.58545     5.37964     5.75495    -0.37531
  -2.42623   0.14581   3.58545     5.03953     4.91895     0.12058
  -2.12782   0.44422   3.58545     4.45155     4.21416     0.23739
  -1.62842   0.85186   3.45300     5.44239     4.54360     0.89879
  -1.70112   1.26415   3.45300     4.88830     4.60460     0.28370
  -1.91044   1.62671   3.45300     3.93009     4.32566    -0.39556
  -2.23115   1.89582   3.45300     2.63742     3.71262    -1.07520
  -2.62455   2.03900   3.45300     1.38366     3.05378    -1.67012
  -3.04320   2.03900   3.45300     0.57166     2.66582    -2.09416
  -3.43660   1.89582   3.45300     0.50264     2.79979    -2.29715
  -3.75730   1.62671   3.45300     1.29267     3.58398    -2.29131
  -3.96663   1.26415   3.45300     2.81124     4.94995    -2.13871
  -4.03932   0.85186   3.45300     4.66365     6.56287    -1.89922
  -3.96663   0.43957   3.45300     6.31965     7.89629    -1.57664
  -3.75730   0.07701   3.45300     7.40524     8.53177    -1.12653
  -3.43660  -0.19209   3.45300     7.86771     8.39644    -0.52873
  -3.04320  -0.33528   3.45300     7.85767     7.70679     0.15088
  -2.62455  -0.33528   3.45300     7.56588     6.77826     0.78763
  -2.23115  -0.19209   3.45300     7.10215     5.84213     1.26002
  -1.91044   0.07701   3.45300     6.50351     5.03435     1.46916
  -1.70112   0.43957   3.45300     5.90988     4.56720     1.34268
  -1.72018   1.96556   3.27076     5.72916     5.69579     0.03338
  -2.04637   2.21585   3.27076     4.17231     4.76432    -0.59201
  -2.42623   2.37320   3.27076     2.63177     3.78511    -1.15333
  -2.83387   2.42686   3.27076     1.37927     2.98054    -1.60127
  -3.24151   2.37320   3.27076     0.64696     2.53859    -1.89162
  -3.62137   2.21585   3.27076     0.60366     2.60906    -2.00540
  -3.94757   1.96556   3.27076     1.32467     3.28960    -1.96492
  -4.19786   1.63936   3.27076     2.77547     4.59958    -1.82410
  -4.35521   1.25950   3.27076     4.77723     6.42071    -1.64348
  -4.40887   0.85186   3.27076     6.96787     8.43173    -1.46386
  -4.35521   0.44422   3.27076     8.88491    10.15937    -1.27447
  -4.19786   0.06436   3.27076    10.20958    11.21066    -1.00108
  -3.94757  -0.26183   3.27076    10.89545    11.46758    -0.57213
  -3.62137  -0.51213   3.27076    11.06488    11.04593     0.01894
  -3.24151  -0.66947   3.27076    10.87662    10.17036     0.70626
  -2.83387  -0.72314   3.27076    10.49823     9.11024     1.38799
  -2.42623  -0.66947   3.27076    10.07215     8.08854     1.98361
  -2.04637  -0.51213   3.27076     9.59650     7.15638     2.44012
  -1.46988   0.06436   3.27076     8.21347     5.49540     2.71807
  -1.31254   0.44422   3.27076     7.71397     5.30382     2.41016
  -1.93565   2.54608   3.04184     5.98958     6.15294    -0.16336
  -2.32086   2.69956   3.04184     4.13341     4.80330    -0.66990
  -2.73006   2.76665   3.04184     2.54581     3.63503    -1.08922
  -3.14410   2.74420   3.04184     1.41064     2.79539    -1.38475
  -3.54365   2.63327   3.04184     0.88667     2.41338    -1.52671
  -3.91000   2.43904   3.04184     1.07116     2.59121    -1.52005
  -4.22604   2.17059   3.04184     2.00740     3.40845    -1.40104
  -4.47698   1.84049   3.04184     3.68787     4.91159    -1.22371
  -4.65109   1.46415   3.04184     6.01970     7.06051    -1.04081
  -4.74023   1.05919   3.04184     8.72426     9.62686    -0.90260
  -4.47698  -0.13676   3.04184    14.35679    15.03671    -0.67992
  -4.22604  -0.46687   3.04184    14.85189    15.16892    -0.31703
  -3.91000  -0.73531   3.04184    14.88829    14.62300     0.26529
  -3.14410  -1.04047   3.04184    14.02986    12.29342     1.73644
  -2.73006  -1.06292   3.04184    13.43749    11.02666     2.41083
  -1.90858   2.87796   2.77017     7.85014     7.69335     0.15679
  -2.30875   3.01646   2.77017     5.66014     5.92272    -0.26259
  -2.72789   3.07673   2.77017     3.75502     4.37608    -0.62106
  -3.15086   3.05658   2.77017     2.32053     3.19550    -0.87496
  -3.56238   2.95674   2.77017     1.50602     2.49544    -0.98941
  -3.94757   2.78084   2.77017     1.39997     2.36140    -0.96143
  -4.29250   2.53521   2.77017     2.04819     2.87162    -0.82343
  -4.58472   2.22874   2.77017     3.48582     4.11291    -0.62709
  -4.81365   1.87251   2.77017     5.74987     6.16892    -0.41905
  -1.83001   3.14044   2.46038    10.54781    10.06517     0.48264
  -2.22039   3.27445   2.46038     8.02334     7.83538     0.18795
  -2.62750   3.34239   2.46038     5.72226     5.82234    -0.10008
  -3.04024   3.34239   2.46038     3.85918     4.18473    -0.32555
  -3.44736   3.27445   2.46038     2.58408     3.02398    -0.43989
  -3.83774   3.14044   2.46038     1.97101     2.39699    -0.42599
  -4.20073   2.94399   2.46038     2.05070     2.34964    -0.29894
  -4.52644   2.69048   2.46038     2.84262     2.94527    -0.10265
  -4.80598   2.38682   2.46038     4.39319     4.28429     0.10890
  -5.03173   2.04128   2.46038     6.82103     6.50973     0.31129
  -1.91177   3.41927   2.11778    12.76229    12.12763     0.63465
  -2.31449   3.52994   2.11778     9.65172     9.20715     0.44457
  -2.72938   3.57784   2.11778     6.89256     6.66382     0.22874
  -3.14673   3.56184   2.11778     4.73707     4.66464     0.07243
  -3.55674   3.48233   2.11778     3.28878     3.26204     0.02674
  -3.94980   3.34115   2.11778     2.57153     2.46381     0.10772
  -4.31671   3.14163   2.11778     2.57342     2.28229     0.29113
  -4.64887   2.88844   2.11778     3.28878     2.76496     0.52381
  -4.93848   2.58752   2.11778     4.75652     4.01931     0.73721
  -1.62492   3.49909   1.74823    19.40887    18.67266     0.73621
  -2.01397   3.64420   1.74823    15.21836    14.45594     0.76242
  -2.41970   3.73246   1.74823    11.24246    10.61155     0.63091
  -2.83387   3.76208   1.74823     7.96121     7.48844     0.47277
  -3.24804   3.73246   1.74823     5.52271     5.14221     0.38050
  -3.65378   3.64420   1.74823     3.92444     3.52186     0.40258
  -4.04282   3.49909   1.74823     3.11433     2.56757     0.54676
  -4.40726   3.30010   1.74823     3.03275     2.25111     0.78164
  -4.73966   3.05126   1.74823     3.63956     2.59584     1.04371
  -5.03327   2.75765   1.74823     4.94226     3.69705     1.24521
  -2.21482   3.83089   1.35806    16.30458    15.50157     0.80301
  -2.62623   3.88743   1.35806    11.52045    10.84515     0.67529
  -3.04151   3.88743   1.35806     7.98067     7.40775     0.57291
  -3.45292   3.83089   1.35806     5.54907     4.97985     0.56922
  -3.85280   3.71885   1.35806     4.07191     3.37928     0.69263
  -4.23370   3.55340   1.35806     3.41804     2.48854     0.92951
  -4.58852   3.33763   1.35806     3.48707     2.25820     1.22887
  -4.91065   3.07555   1.35806     4.21373     2.71019     1.50354
  -5.19410   2.77205   1.35806     5.58672     3.95410     1.63261
  -2.52127   3.95923   0.95394    14.69251    14.01701     0.67549
  -2.93823   3.97317   0.95394     9.99936     9.42681     0.57255
  -3.35333   3.93141   0.95394     6.84048     6.27185     0.56863
  -3.75916   3.83470   0.95394     4.86822     4.16903     0.69919
  -4.14847   3.68475   0.95394     3.84852     2.89056     0.95795
  -4.51433   3.48426   0.95394     3.61947     2.31988     1.29959
  -4.85020   3.23679   0.95394     4.06501     2.42888     1.63612
  -5.15009   2.94676   0.95394     5.11044     3.27653     1.83390
  -5.40865   2.61934   0.95394     6.73945     5.03019     1.70926
  -2.42272   3.97491   0.54278    17.83005    17.30923     0.52083
  -2.83387   4.00186   0.54278    11.93460    11.53595     0.39865
  -3.24503   3.97491   0.54278     8.05973     7.67581     0.38392
  -3.64915   3.89453   0.54278     5.61119     5.10017     0.51102
  -4.03932   3.76208   0.54278     4.24196     3.46187     0.78010
  -4.40887   3.57984   0.54278     3.73054     2.57732     1.15323
  -4.75147   3.35093   0.54278     3.92633     2.37122     1.55511
  -5.06126   3.07925   0.54278     4.72013     2.85701     1.86312
  -5.33294   2.76946   0.54278     6.03413     4.14115     1.89299
  -2.52127   3.95923   0.13162    16.64218    16.49260     0.14958
  -2.93823   3.97317   0.13162    10.95067    10.90933     0.04134
  -3.35333   3.93141   0.13162     7.31237     7.22940     0.08297
  -3.75916   3.83470   0.13162     5.10793     4.81602     0.29190
  -4.14847   3.68475   0.13162     3.98469     3.33179     0.65289
  -4.51433   3.48426   0.13162     3.72050     2.60840     1.11211
  -4.85020   3.23679   0.13162     4.16792     2.59174     1.57618
  -5.15009   2.94676   0.13162     5.22590     3.32801     1.89789
  -2.62623   3.88743  -0.27250    14.29655    14.63498    -0.33843
  -3.04151   3.88743  -0.27250     9.40825     9.82346    -0.41521
  -3.45292   3.83089  -0.27250     6.29580     6.60496    -0.30915
  -3.85280   3.71885  -0.27250     4.48795     4.50466    -0.01672
  -4.23370   3.55340  -0.27250     3.69854     3.26502     0.43352
  -4.58852   3.33763  -0.27250     3.74498     2.76665     0.97833
  -4.91065   3.07555  -0.27250     4.51744     2.99859     1.51885
  -2.41970   3.73246  -0.66267    15.73041    16.44407    -0.71366
  -2.83387   3.76208  -0.66267    10.42984    11.33804    -0.90821
  -3.24804   3.73246  -0.66267     6.89445     7.78387    -0.88942
  -3.65378   3.64420  -0.66267     4.73268     5.38576    -0.65309
  -4.04282   3.49909  -0.66267     3.67470     3.89223    -0.21753
  -4.40726   3.30010  -0.66267     3.54229     3.17213     0.37016
  -4.73966   3.05126  -0.66267     4.23569     3.20012     1.03557
  -2.31449   3.52994  -1.03222    14.79542    15.84238    -1.04696
  -2.72938   3.57784  -1.03222     9.98179    11.35160    -1.36981
  -3.14673   3.56184  -1.03222     6.59952     8.01889    -1.41937
  -3.55674   3.48233  -1.03222     4.49360     5.69979    -1.20619
  -3.94980   3.34115  -1.03222     3.49272     4.24550    -0.75278
  -4.31671   3.14163  -1.03222     3.46636     3.57083    -0.10447
  -4.64887   2.88844  -1.03222     4.35994     3.67972     0.68022
  -2.62750   3.34239  -1.37482     9.37311    11.08504    -1.71193
  -3.04024   3.34239  -1.37482     6.26882     8.13923    -1.87041
  -3.44736   3.27445  -1.37482     4.29656     6.00745    -1.71089
  -3.83774   3.14044  -1.37482     3.38792     4.65646    -1.26854
  -4.20073   2.94399  -1.37482     3.47138     4.05991    -0.58852
  -4.52644   2.69048  -1.37482     4.53062     4.25017     0.28045
  -2.72789   3.07673  -1.68460     7.41842     9.48774    -2.06932
  -3.15086   3.05658  -1.68460     4.96046     7.13916    -2.17870
  -3.56238   2.95674  -1.68460     3.65273     5.54739    -1.89466
  -3.94757   2.78084  -1.68460     3.45695     4.73941    -1.28246
  -4.29250   2.53521  -1.68460     4.35052     4.75602    -0.40550
  -2.73006   2.76665  -1.95628     6.81601     9.03141    -2.21540
  -3.14410   2.74420  -1.95628     4.72138     7.06811    -2.34673
  -3.54365   2.63327  -1.95628     3.79518     5.82763    -2.03245
  -3.91000   2.43904  -1.95628     4.00728     5.36836    -1.36108
  -4.22604   2.17059  -1.95628     5.32881     5.75041    -0.42159
  -2.83387   2.42686  -2.18520     6.15712     8.46440    -2.30727
  -3.24151   2.37320  -2.18520     4.68248     6.97051    -2.28803
  -3.62137   2.21585  -2.18520     4.47665     6.28147    -1.80482
  -3.94757   1.96556  -2.18520     5.48130     6.46497    -0.98367
  -4.19786   1.63936  -2.18520     7.55647     7.53795     0.01852
  -2.62455   2.03900  -2.36744     7.74598     9.74373    -1.99776
  -3.04320   2.03900  -2.36744     5.86345     8.05773    -2.19428
  -3.43660   1.89582  -2.36744     5.51267     7.32470    -1.81203
  -3.75730   1.62671  -2.36744     6.62336     7.64721    -1.02385
  -3.96663   1.26415  -2.36744     8.88365     8.98195    -0.09830
  -4.03932   0.85186  -2.36744    11.75137    11.08869     0.66268
  -2.23115  -0.19209  -2.36744    19.45028    19.02418     0.42610
  -2.01859   0.85186  -2.49989    14.70631    15.57529    -0.86898
  -2.42623   1.55792  -2.49989     9.91842    11.45150    -1.53308
  -2.83387   1.66714  -2.49989     7.56839     9.45956    -1.89117
  -3.24151   1.55792  -2.49989     6.95469     8.59353    -1.63884
  -3.53993   1.25950  -2.49989     8.25175     9.14430    -0.89255
  -3.64915   0.85186  -2.49989    10.82517    10.92083    -0.09566
  -3.53993   0.44422  -2.49989    13.68786    13.28250     0.40536
  -2.83387   0.03658  -2.49989    16.65787    16.13796     0.51991
  -2.42623   0.14581  -2.49989    16.44389    16.36285     0.08103
  -2.12782   0.44422  -2.49989    15.79441    16.30400    -0.50958
  -2.42272   0.85186  -2.58027    12.37386    13.30569    -0.93183
  -2.62829   1.20794  -2.58027     9.97740    11.35320    -1.37580
  -3.03945   1.20794  -2.58027     8.80647    10.11553    -1.30906
  -3.24503   0.85186  -2.58027    10.56538    11.16686    -0.60149
  -3.03945   0.49579  -2.58027    13.01455    13.17464    -0.16010
  -2.62829   0.49579  -2.58027    13.61319    13.99193    -0.37874
  -2.83387   0.85186  -2.60722    11.04291    11.91098    -0.86806
  -7.38959   1.76001   1.33376     3.70293     5.09706    -1.39413
  -7.59528   1.94992   0.94234     0.18512     1.02589    -0.84077
  -8.01938   1.94992   0.94234    -4.66742    -4.15858    -0.50883
  -8.43770   1.88012   0.94234    -9.39821    -9.17938    -0.21883
  -7.39016   2.02477   0.53036     0.89106     1.74208    -0.85102
  -7.80733   2.05760   0.53036    -3.85228    -3.34026    -0.51202
  -9.01802  -2.98526   0.53036     3.78890     3.42587     0.36303
  -8.63141  -3.14540   0.53036     6.54053     6.13873     0.40180
  -8.22451  -3.24308   0.53036     8.61320     8.20983     0.40336
  -7.29328   2.04145   0.10799    -0.07844     0.73653    -0.81497
 -10.31159  -1.61846   0.10799   -14.14783   -14.92525     0.77742
 -10.12817  -1.98891   0.10799   -10.43611   -11.19621     0.76010
  -9.89035  -2.32701   0.10799    -6.84236    -7.61047     0.76811
  -9.60371  -2.62485   0.10799    -3.56112    -4.36733     0.80621
  -9.27497  -2.87544   0.10799    -0.80509    -1.65925     0.85415
  -8.91182  -3.07292   0.10799     1.21925     0.33284     0.88641
  -8.52278  -3.21264   0.10799     2.34940     1.45124     0.89815
 -10.18343  -1.81984  -0.31438   -13.34838   -14.31439     0.96600
  -9.96479  -2.17664  -0.31438    -9.78852   -10.82331     1.03478
  -9.69302  -2.49484  -0.31438    -6.71812    -7.80927     1.09116
  -9.37482  -2.76661  -0.31438    -4.36119    -5.49382     1.13263
  -9.01802  -2.98526  -0.31438    -2.98883    -4.12004     1.13121
  -8.63141  -3.14540  -0.31438    -2.91227    -3.96693     1.05466
  -9.83373  -2.18637  -0.72636   -11.45707   -12.58345     1.12638
  -9.54649  -2.49839  -0.72636    -8.78639    -9.98001     1.19363
  -9.21182  -2.75888  -0.72636    -7.27221    -8.46984     1.19763
  -8.83883  -2.96073  -0.72636    -7.37763    -8.43667     1.05904
  -9.35370  -2.45205  -1.11779   -11.54617   -12.70923     1.16306
  -9.01019  -2.69257  -1.11779   -11.12135   -12.17635     1.05500
  -8.48586   2.00374   0.58393   -10.95506   -10.80339    -0.15167
  -8.90780   1.93910   0.58393   -14.59211   -14.55829    -0.03382
  -9.30809   1.79085   0.58393   -17.57089   -17.61612     0.04523
  -9.67035   1.56505   0.58393   -19.94790   -20.06319     0.11529
  -9.97973   1.27096   0.58393   -21.74948   -21.95526     0.20579
 -10.22358   0.92061   0.58393   -22.98630   -23.31932     0.33302
  -7.74747   2.11644   0.21790    -4.83496    -4.32199    -0.51298
  -8.16608   2.19469   0.21790    -9.05371    -8.73867    -0.31504
  -8.59194   2.19469   0.21790   -12.62612   -12.41657    -0.20955
  -9.01056   2.11644   0.21790   -15.63063   -15.46166    -0.16897
  -9.40766   1.96260   0.21790   -18.11996   -17.95043    -0.16953
  -9.76974   1.73841   0.21790   -20.11858   -19.93696    -0.18162
 -10.08446   1.45150   0.21790   -21.63213   -21.45637    -0.17577
 -10.34110   1.11166   0.21790   -22.65372   -22.52589    -0.12783
 -10.53092   0.73044   0.21790   -23.16828   -23.14453    -0.02374
 -10.64746   0.32083   0.21790   -23.15824   -23.29140     0.13316
 -10.68676  -0.10322   0.21790   -22.59787   -22.92313     0.32526
 -10.64746  -0.52726   0.21790   -21.44765   -21.97096     0.52331
  -7.54349   2.19235  -0.17575    -4.61345    -4.11393    -0.49952
  -7.95481   2.30256  -0.17575    -8.59876    -8.27592    -0.32284
  -8.37901   2.33967  -0.17575   -11.99359   -11.77108    -0.22251
  -8.80321   2.30256  -0.17575   -14.88515   -14.69705    -0.18810
  -9.21453   2.19235  -0.17575   -17.32805   -17.12110    -0.20695
  -9.60045   2.01239  -0.17575   -19.35051   -19.09124    -0.25927
  -9.94927   1.76815  -0.17575   -20.95882   -20.64108    -0.31773
 -10.25037   1.46704  -0.17575   -22.14544   -21.79164    -0.35380
 -10.49461   1.11823  -0.17575   -22.89594   -22.55210    -0.34384
 -10.67458   0.73230  -0.17575   -23.19212   -22.91972    -0.27240
 -10.78479   0.32099  -0.17575   -23.01893   -22.87968    -0.13925
 -10.82190  -0.10322  -0.17575   -22.35879   -22.40475     0.04596
 -10.78479  -0.52742  -0.17575   -21.19351   -21.45603     0.26252
 -10.67458  -0.93873  -0.17575   -19.49672   -19.98531     0.48859
 -10.49461  -1.32466  -0.17575   -17.23141   -17.94170     0.71029
  -7.44262   2.22708  -0.58628    -5.30999    -4.99902    -0.31097
  -7.84991   2.35181  -0.58628    -9.07316    -8.86571    -0.20745
  -8.27242   2.40592  -0.58628   -12.24899   -12.12152    -0.12746
  -8.69800   2.38784  -0.58628   -14.95669   -14.86141    -0.09528
  -9.11440   2.29809  -0.58628   -17.26028   -17.14575    -0.11453
  -9.50965   2.13927  -0.58628   -19.19112   -19.01642    -0.17470
  -9.87237   1.91594  -0.58628   -20.75739   -20.50316    -0.25423
 -10.19213   1.63452  -0.58628   -21.95154   -21.62590    -0.32564
 -10.45972   1.30310  -0.58628   -22.75914   -22.39585    -0.36329
 -10.66746   0.93123  -0.58628   -23.16514   -22.81606    -0.34908
 -10.80937   0.52960  -0.58628   -23.15447   -22.88168    -0.27279
 -10.88136   0.10977  -0.58628   -22.71773   -22.58086    -0.13687
 -10.88136  -0.31620  -0.58628   -21.84925   -21.89614     0.04689
 -10.80937  -0.73603  -0.58628   -20.54968   -20.80778     0.25810
 -10.66746  -1.13766  -0.58628   -18.82089   -19.29993     0.47904
 -10.45972  -1.50953  -0.58628   -16.67481   -17.37237     0.69756
 -10.19213  -1.84094  -0.58628   -14.14281   -15.06152     0.91871
  -7.44262   2.22708  -1.00248    -6.68862    -6.60617    -0.08246
  -7.84991   2.35181  -1.00248   -10.18573   -10.14211    -0.04363
  -8.27242   2.40592  -1.00248   -13.10742   -13.12474     0.01732
  -8.69800   2.38784  -1.00248   -15.58734   -15.63712     0.04978
  -9.11440   2.29809  -1.00248   -17.69389   -17.73103     0.03715
  -9.50965   2.13927  -1.00248   -19.45844   -19.44199    -0.01645
  -9.87237   1.91594  -1.00248   -20.88791   -20.79530    -0.09261
 -10.19213   1.63452  -1.00248   -21.97538   -21.80830    -0.16708
 -10.45972   1.30310  -1.00248   -22.70643   -22.49156    -0.21487
 -10.66746   0.93123  -1.00248   -23.06662   -22.84964    -0.21698
 -10.80937   0.52960  -1.00248   -23.04529   -22.88184    -0.16345
 -10.88136   0.10977  -1.00248   -22.63803   -22.58367    -0.05436
 -10.88136  -0.31620  -1.00248   -21.84988   -21.94919     0.09931
 -10.80937  -0.73603  -1.00248   -20.69464   -20.97536     0.28072
 -10.66746  -1.13766  -1.00248   -19.19991   -19.66958     0.46967
 -10.45972  -1.50953  -1.00248   -17.40962   -18.06279     0.65316
 -10.19213  -1.84094  -1.00248   -15.40348   -16.23207     0.82860
  -9.87237  -2.12237  -1.00248   -13.33207   -14.33972     1.00765
  -7.15757   2.01239  -1.41300    -4.71824    -4.89883     0.18058
  -7.54349   2.19235  -1.41300    -8.60441    -8.67307     0.06866
  -7.95481   2.30256  -1.41300   -11.75012   -11.85296     0.10284
  -8.37901   2.33967  -1.41300   -14.37248   -14.53917     0.16669
  -8.80321   2.30256  -1.41300   -16.58633   -16.79303     0.20670
  -9.21453   2.19235  -1.41300   -18.45003   -18.65521     0.20518
  -9.60045   2.01239  -1.41300   -19.98869   -20.15445     0.16577
  -9.94927   1.76815  -1.41300   -21.20543   -21.31150     0.10608
 -10.25037   1.46704  -1.41300   -22.09084   -22.14072     0.04987
 -10.49461   1.11823  -1.41300   -22.63176   -22.65128     0.01953
 -10.67458   0.73230  -1.41300   -22.81687   -22.84811     0.03124
 -10.78479   0.32099  -1.41300   -22.64305   -22.73344     0.09039
 -10.82190  -0.10322  -1.41300   -22.11469   -22.30913     0.19444
 -10.78479  -0.52742  -1.41300   -21.25249   -21.58080     0.32831
 -10.67458  -0.93873  -1.41300   -20.08972   -20.56450     0.47479
 -10.49461  -1.32466  -1.41300   -18.68159   -19.29816     0.61657
 -10.25037  -1.67347  -1.41300   -17.11909   -17.86052     0.74143
  -9.94927  -1.97458  -1.41300   -15.55471   -16.40373     0.84902
  -9.60045  -2.21882  -1.41300   -14.26455   -15.21036     0.94581
  -9.21453  -2.39878  -1.41300   -13.77132   -14.79976     1.02843
  -6.98828   1.73841  -1.80665    -3.32141    -3.73293     0.41152
  -7.35036   1.96260  -1.80665    -7.49560    -7.65459     0.15899
  -7.74747   2.11644  -1.80665   -10.84336   -10.98891     0.14554
  -8.16608   2.19469  -1.80665   -13.58997   -13.81215     0.22218
  -8.59194   2.19469  -1.80665   -15.87662   -16.18332     0.30671
  -9.01056   2.11644  -1.80665   -17.78613   -18.14467     0.35854
  -9.40766   1.96260  -1.80665   -19.35741   -19.72693     0.36951
  -9.76974   1.73841  -1.80665   -20.60490   -20.95278     0.34788
 -10.08446   1.45150  -1.80665   -21.52358   -21.83888     0.31530
 -10.34110   1.11166  -1.80665   -22.10465   -22.39708     0.29243
 -10.53092   0.73044  -1.80665   -22.33871   -22.63590     0.29719
 -10.64746   0.32083  -1.80665   -22.22388   -22.56233     0.33845
 -10.68676  -0.10322  -1.80665   -21.77144   -22.18486     0.41342
 -10.64746  -0.52726  -1.80665   -21.00839   -21.51840     0.51001
 -10.53092  -0.93687  -1.80665   -19.98179   -20.59215     0.61036
 -10.34110  -1.31809  -1.80665   -18.76442   -19.46258     0.69816
 -10.08446  -1.65794  -1.80665   -17.47300   -18.23445     0.76145
  -9.76974  -1.94484  -1.80665   -16.29893   -17.09582     0.79689
  -9.40766  -2.16903  -1.80665   -15.57604   -16.37825     0.80221
  -9.01056  -2.32287  -1.80665   -15.91992   -16.66605     0.74613
  -6.92553   1.42585  -2.17269    -2.55522    -2.95924     0.40402
  -7.26308   1.68714  -2.17269    -6.85429    -7.00109     0.14680
  -7.64631   1.87512  -2.17269   -10.35202   -10.47485     0.12283
  -8.05955   1.98212  -2.17269   -13.20029   -13.41829     0.21800
  -8.48586   2.00374  -2.17269   -15.53714   -15.87911     0.34198
  -8.90780   1.93910  -2.17269   -17.45418   -17.89773     0.44355
  -9.30809   1.79085  -2.17269   -19.00224   -19.50559     0.50335
  -9.67035   1.56505  -2.17269   -20.20141   -20.72676     0.52535
  -9.97973   1.27096  -2.17269   -21.05357   -21.57961     0.52604
 -10.22358   0.92061  -2.17269   -21.55056   -22.07838     0.52782
 -10.39192   0.52834  -2.17269   -21.68987   -22.23521     0.54534
 -10.47785   0.11022  -2.17269   -21.47840   -22.06307     0.58468
 -10.47785  -0.31665  -2.17269   -20.93999   -21.58053     0.64054
 -10.39192  -0.73477  -2.17269   -20.12109   -20.81904     0.69795
 -10.22358  -1.12704  -2.17269   -19.09386   -19.83443     0.74057
  -9.97973  -1.47739  -2.17269   -17.96999   -18.72429     0.75430
  -9.67035  -1.77148  -2.17269   -16.91828   -17.65354     0.73526
  -9.30809  -1.99728  -2.17269   -16.20920   -16.89009     0.68089
  -8.90780  -2.14553  -2.17269   -16.27069   -16.84651     0.57582
  -6.95874   1.08853  -2.50113    -1.98356    -2.19182     0.20826
  -7.27186   1.38394  -2.50113    -6.53802    -6.56595     0.02793
  -7.64467   1.59918  -2.50113   -10.21083   -10.25304     0.04221
  -8.05706   1.72264  -2.50113   -13.16201   -13.33612     0.17411
  -8.48681   1.74767  -2.50113   -15.53023   -15.87115     0.34092
  -8.91075   1.67292  -2.50113   -17.41653   -17.90158     0.48505
  -9.30602   1.50242  -2.50113   -18.87737   -19.46101     0.58365
  -9.65132   1.24535  -2.50113   -19.93535   -20.57562     0.64027
  -9.92803   0.91559  -2.50113   -20.59423   -21.26633     0.67209
 -10.12122   0.53090  -2.50113   -20.85528   -21.55158     0.69630
 -10.22050   0.11202  -2.50113   -20.72789   -21.45112     0.72323
 -10.22050  -0.31845  -2.50113   -20.24220   -20.99179     0.74959
 -10.12122  -0.73733  -2.50113   -19.45279   -20.21593     0.76313
  -9.92803  -1.12202  -2.50113   -18.44376   -19.19250     0.74874
  -9.65132  -1.45178  -2.50113   -17.32993   -18.02852     0.69859
  -9.30602  -1.70885  -2.50113   -16.25312   -16.87003     0.61691
  -8.91075  -1.87935  -2.50113   -15.33696   -15.85430     0.51734
  -7.32254   1.02799  -2.78301    -5.79003    -5.66972    -0.12031
  -7.66691   1.27107  -2.78301    -9.75526    -9.68149    -0.07378
  -8.06410   1.41223  -2.78301   -12.86081   -12.94880     0.08799
  -8.48464   1.44099  -2.78301   -15.28237   -15.57208     0.28972
  -8.89734   1.35523  -2.78301   -17.13666   -17.60628     0.46962
  -9.27161   1.16130  -2.78301   -18.48894   -19.08879     0.59985
  -9.57967   0.87359  -2.78301   -19.36620   -20.04847     0.68227
  -9.79869   0.51344  -2.78301   -19.78098   -20.51045     0.72947
  -9.91241   0.10755  -2.78301   -19.74710   -20.50083     0.75373
  -9.91241  -0.31398  -2.78301   -19.29717   -20.05246     0.75529
  -9.79869  -0.71987  -2.78301   -18.48517   -19.21086     0.72569
  -9.57967  -1.08002  -2.78301   -17.37574   -18.03438     0.65865
  -9.27161  -1.36773  -2.78301   -16.01090   -16.56921     0.55830
  -8.89734  -1.56166  -2.78301   -14.28839   -14.74303     0.45464
  -7.46023   0.66774  -3.01065    -5.25351    -5.02229    -0.23122
  -7.77932   0.93548  -3.01065    -9.61094    -9.45276    -0.15817
  -8.17074   1.07795  -3.01065   -12.89469   -12.93098     0.03629
  -8.58728   1.07795  -3.01065   -15.32315   -15.58770     0.26454
  -8.97870   0.93548  -3.01065   -17.02622   -17.48312     0.45690
  -9.29779   0.66774  -3.01065   -18.06976   -18.65563     0.58586
  -9.50607   0.30700  -3.01065   -18.48580   -19.13850     0.65270
  -9.57840  -0.10322  -3.01065   -18.30320   -18.96710     0.66391
  -9.50607  -0.51343  -3.01065   -17.55772   -18.17969     0.62197
  -9.29779  -0.87417  -3.01065   -16.26818   -16.79673     0.52854
  -8.97870  -1.14192  -3.01065   -14.32479   -14.73117     0.40638
  -7.67039   0.30591  -3.17784    -5.26669    -5.01865    -0.24804
  -7.96989   0.60540  -3.17784    -9.95042    -9.78363    -0.16678
  -8.37901   0.71503  -3.17784   -13.38164   -13.44285     0.06121
  -8.78813   0.60540  -3.17784   -15.58483   -15.87896     0.29414
  -9.08763   0.30591  -3.17784   -16.63904   -17.07862     0.43958
  -9.19725  -0.10322  -3.17784   -16.59072   -17.06350     0.47278
  -9.08763  -0.51234  -3.17784   -15.44552   -15.84806     0.40254
  -8.78813  -0.81183  -3.17784   -13.02835   -13.29804     0.26969
  -8.17162   0.25599  -3.28001   -10.34136   -10.22741    -0.11394
  -8.58640   0.25599  -3.28001   -13.62449   -13.74294     0.11845
  -8.79379  -0.10322  -3.28001   -14.23317   -14.45897     0.22580
  -8.58640  -0.46242  -3.28001   -11.84863   -11.97271     0.12407
  -8.37901  -0.10322  -3.31438   -10.94377   -10.93267    -0.01110
  -8.54034  -0.25814   3.81655    11.44828    10.54224     0.90605
  -8.33295   0.20090   3.71438     9.19678     8.90875     0.28803
  -8.74207   0.09128   3.71438     6.27007     5.74229     0.52778
  -9.04157  -0.20822   3.71438     5.67582     4.84871     0.82711
  -9.15119  -0.61734   3.71438     7.46485     6.35397     1.11088
  -7.73326   0.42136   3.54719    12.31801    12.73426    -0.41625
  -8.12468   0.56382   3.54719     7.50125     7.82777    -0.32653
  -8.54122   0.56382   3.54719     3.92695     4.05479    -0.12784
  -8.93264   0.42136   3.54719     1.68235     1.54864     0.13371
  -9.25173   0.15361   3.54719     0.78564     0.37523     0.41042
  -9.46000  -0.20713   3.54719     1.23368     0.56760     0.66609
  -9.53234  -0.61734   3.54719     3.02899     2.14549     0.88349
  -9.46000  -1.02756   3.54719     6.18473     5.12024     1.06449
  -9.25173  -1.38829   3.54719    10.69966     9.47343     1.22623
  -7.27648   0.51386   3.31955    15.13553    16.16313    -1.02760
  -7.62085   0.75694   3.31955     9.69941    10.69412    -0.99470
  -8.01804   0.89810   3.31955     5.12926     5.99708    -0.86781
  -8.43858   0.92686   3.31955     1.51983     2.18485    -0.66502
  -8.85128   0.84110   3.31955    -1.10128    -0.68876    -0.41252
  -9.22554   0.64717   3.31955    -2.74347    -2.59961    -0.14386
  -9.53361   0.35946   3.31955    -3.42746    -3.53865     0.11119
  -9.75262  -0.00069   3.31955    -3.17081    -3.50267     0.33187
  -9.86635  -0.40658   3.31955    -1.97477    -2.48642     0.51165
  -9.86635  -0.82810   3.31955     0.17821    -0.47641     0.65463
  -9.75262  -1.23399   3.31955     3.32329     2.55053     0.77276
  -9.53361  -1.59415   3.31955     7.50188     6.61942     0.88246
  -6.91268   0.57440   3.03767    17.60227    19.16089    -1.55862
  -7.22580   0.86981   3.03767    11.79153    13.31772    -1.52619
  -7.59861   1.08505   3.03767     6.65097     8.08250    -1.43153
  -8.01100   1.20851   3.03767     2.31488     3.58033    -1.26545
  -8.44075   1.23354   3.03767    -1.18286    -0.14040    -1.04246
  -8.86469   1.15879   3.03767    -3.84726    -3.06196    -0.78530
  -9.25996   0.98829   3.03767    -5.69967    -5.17980    -0.51987
  -9.60526   0.73122   3.03767    -6.77020    -6.49739    -0.27281
  -9.88196   0.40146   3.03767    -7.08521    -7.02274    -0.06247
 -10.07516   0.01677   3.03767    -6.66227    -6.76380     0.10153
 -10.17444  -0.40211   3.03767    -5.50138    -5.72333     0.22196
 -10.17444  -0.83258   3.03767    -3.58559    -3.89435     0.30876
 -10.07516  -1.25146   3.03767    -0.88165    -1.25743     0.37578
  -9.88196  -1.63615   3.03767     2.65625     2.21850     0.43774
  -9.60526  -1.96591   3.03767     7.07517     6.56905     0.50612
  -7.21702   1.17301   2.70923     9.09763    10.91576    -1.81813
  -7.60025   1.36099   2.70923     4.19176     5.88436    -1.69260
  -8.01349   1.46799   2.70923     0.04895     1.55026    -1.50132
  -8.43980   1.48961   2.70923    -3.35153    -2.08440    -1.26712
  -8.86174   1.42497   2.70923    -6.03476    -5.02250    -1.01226
  -9.26203   1.27672   2.70923    -8.02647    -7.26887    -0.75760
  -9.62428   1.05092   2.70923    -9.35742    -8.83266    -0.52476
  -9.93367   0.75683   2.70923   -10.05772    -9.72740    -0.33032
 -10.17752   0.40648   2.70923   -10.15248    -9.96871    -0.18377
 -10.34586   0.01421   2.70923    -9.65737    -9.57076    -0.08661
 -10.43178  -0.40391   2.70923    -8.57429    -8.54255    -0.03174
 -10.43178  -0.83077   2.70923    -6.89068    -6.88477    -0.00591
 -10.34586  -1.24890   2.70923    -4.58145    -4.58765     0.00620
 -10.17752  -1.64117   2.70923    -1.61207    -1.63027     0.01820
  -9.93367  -1.99152   2.70923     2.05823     2.01775     0.04048
  -9.62428  -2.28561   2.70923     6.46962     6.39060     0.07903
  -7.30430   1.44847   2.34319     6.16716     8.06561    -1.89844
  -7.70140   1.60231   2.34319     1.44704     3.16486    -1.71782
  -8.12002   1.68056   2.34319    -2.51882    -1.03170    -1.48713
  -8.54588   1.68056   2.34319    -5.79191    -4.55546    -1.23645
  -8.96449   1.60231   2.34319    -8.40298    -7.42009    -0.98289
  -9.36160   1.44847   2.34319   -10.37963    -9.63599    -0.74364
  -9.72368   1.22428   2.34319   -11.75325   -11.21734    -0.53592
 -10.03840   0.93738   2.34319   -12.55521   -12.18327    -0.37194
 -10.29504   0.59753   2.34319   -12.81688   -12.55596    -0.26092
 -10.48486   0.21631   2.34319   -12.56023   -12.35740    -0.20283
 -10.60140  -0.19330   2.34319   -11.79718   -11.60609    -0.19109
 -10.64070  -0.61734   2.34319   -10.52710   -10.31428    -0.21282
 -10.60140  -1.04139   2.34319    -8.73870    -8.48597    -0.25273
 -10.48486  -1.45100   2.34319    -6.41001    -6.11574    -0.29427
 -10.29504  -1.83222   2.34319    -3.51217    -3.18870    -0.32347
 -10.03840  -2.17206   2.34319    -0.01506     0.31828    -0.33334
  -9.72368  -2.45897   2.34319     4.11081     4.43308    -0.32226
  -9.36160  -2.68316   2.34319     8.88553     9.18123    -0.29569
  -7.49743   1.67822   1.94954     2.79555     4.52130    -1.72574
  -7.90875   1.78843   1.94954    -1.70432    -0.24123    -1.46308
  -8.33295   1.82554   1.94954    -5.49008    -4.29151    -1.19857
  -8.75715   1.78843   1.94954    -8.60378    -7.66121    -0.94257
  -9.16847   1.67822   1.94954   -11.06927   -10.36445    -0.70482
  -9.55439   1.49826   1.94954   -12.91477   -12.41663    -0.49815
  -9.90321   1.25402   1.94954   -14.17356   -13.83987    -0.33369
 -10.20431   0.95291   1.94954   -14.88327   -14.66245    -0.22082
 -10.44855   0.60410   1.94954   -15.07968   -14.91577    -0.16391
 -10.62851   0.21817   1.94954   -14.79103   -14.63056    -0.16047
 -10.73873  -0.19314   1.94954   -14.03739   -13.83371    -0.20368
 -10.77584  -0.61734   1.94954   -12.82567   -12.54576    -0.27991
 -10.73873  -1.04155   1.94954   -11.15084   -10.77936    -0.37148
 -10.62851  -1.45286   1.94954    -8.99974    -8.53865    -0.46109
 -10.44855  -1.83879   1.94954    -6.35165    -5.81941    -0.53225
 -10.20431  -2.18760   1.94954    -3.18712    -2.61006    -0.57706
  -9.90321  -2.48870   1.94954     0.51393     1.10633    -0.59240
  -9.55439  -2.73295   1.94954     4.76154     5.34876    -0.58722
  -9.16847  -2.91291   1.94954     9.55509    10.13316    -0.57808
  -7.39656   1.71295   1.53902     3.77886     5.35406    -1.57520
  -7.80385   1.83768   1.53902    -1.25753    -0.02805    -1.22947
  -8.22636   1.89179   1.53902    -5.55158    -4.61885    -0.93272
  -8.65194   1.87371   1.53902    -9.13403    -8.46079    -0.67323
  -9.06834   1.78397   1.53902   -12.01492   -11.56886    -0.44606
  -9.46359   1.62514   1.53902   -14.21623   -13.96055    -0.25567
  -9.82631   1.40181   1.53902   -15.77245   -15.66420    -0.10826
 -10.14607   1.12039   1.53902   -16.72878   -16.71815    -0.01062
 -10.41366   0.78897   1.53902   -17.13289   -17.16668     0.03378
 -10.62140   0.41710   1.53902   -17.03124   -17.05501     0.02378
 -10.76331   0.01547   1.53902   -16.46146   -16.42502    -0.03644
 -10.83530  -0.40436   1.53902   -15.44928   -15.31217    -0.13712
 -10.83530  -0.83032   1.53902   -14.00601   -13.74374    -0.26228
 -10.76331  -1.25016   1.53902   -12.13164   -11.73828    -0.39336
 -10.62140  -1.65179   1.53902    -9.81676    -9.30607    -0.51069
 -10.41366  -2.02366   1.53902    -7.05007    -6.45026    -0.59981
 -10.14607  -2.35507   1.53902    -3.82028    -3.16876    -0.65152
  -9.82631  -2.63650   1.53902    -0.12362     0.54367    -0.66729
  -9.46359  -2.85983   1.53902     4.03238     4.69319    -0.66081
  -9.06834  -3.01865   1.53902     8.62637     9.28609    -0.65971
  -8.65194  -3.10840   1.53902    13.61821    14.33220    -0.71398
  -8.22636   1.89179   1.12282    -6.57755    -6.06459    -0.51296
  -8.65194   1.87371   1.12282   -10.63189   -10.36598    -0.26592
  -9.06834   1.78397   1.12282   -13.87110   -13.80033    -0.07077
  -9.46359   1.62514   1.12282   -16.31148   -16.39085     0.07937
  -9.82631   1.40181   1.12282   -17.99258   -18.18130     0.18872
 -10.14607   1.12039   1.12282   -18.97400   -19.23142     0.25741
 -10.41366   0.78897   1.12282   -19.32541   -19.60912     0.28371
 -10.62140   0.41710   1.12282   -19.11959   -19.38279     0.26320
 -10.76331   0.01547   1.12282   -18.41929   -18.61507     0.19578
 -10.83530  -0.40436   1.12282   -17.27283   -17.35919     0.08637
 -10.83530  -0.83032   1.12282   -15.70907   -15.65738    -0.05170
 -10.76331  -1.25016   1.12282   -13.73932   -13.54112    -0.19820
 -10.62140  -1.65179   1.12282   -11.36420   -11.03278    -0.33141
 -10.41366  -2.02366   1.12282    -8.58182    -8.14818    -0.43364
 -10.14607  -2.35507   1.12282    -5.39031    -4.89966    -0.49065
  -9.82631  -2.63650   1.12282    -1.80158    -1.29926    -0.50232
  -9.46359  -2.85983   1.12282     2.15801     2.63905    -0.48104
  -9.06834  -3.01865   1.12282     6.44452     6.90115    -0.45663
  -8.65194  -3.10840   1.12282    11.00212    11.48492    -0.48280
  -8.22636  -3.12647   1.12282    15.78814    16.43761    -0.64947
  -9.90321   1.25402   0.71229   -21.49220   -21.83705     0.34485
 -10.20431   0.95291   0.71229   -22.11971   -22.51498     0.39527
 -10.44855   0.60410   0.71229   -22.00864   -22.43888     0.43024
 -10.62851   0.21817   0.71229   -21.28073   -21.71583     0.43510
 -10.73873  -0.19314   0.71229   -20.04265   -20.43826     0.39561
 -10.77584  -0.61734   0.71229   -18.36783   -18.68079     0.31296
 -10.73873  -1.04155   0.71229   -16.30144   -16.50081     0.19936
 -10.62851  -1.45286   0.71229   -13.86482   -13.94176     0.07694
 -10.44855  -1.83879   0.71229   -11.06425   -11.03799    -0.02625
 -10.20431  -2.18760   0.71229    -7.90787    -7.82060    -0.08727
  -9.90321  -2.48870   0.71229    -4.41767    -4.32389    -0.09378
  -9.55439  -2.73295   0.71229    -0.63818    -0.59133    -0.04685
  -9.16847  -2.91291   0.71229     3.35718     3.32163     0.03555
 -10.64070  -0.61734   0.31864   -20.69464   -21.26039     0.56575
 -10.60140  -1.04139   0.31864   -18.01705   -18.57870     0.56165
 -10.48486  -1.45100   0.31864   -15.03011   -15.55182     0.52171
 -10.29504  -1.83222   0.31864   -11.75074   -12.23562     0.48487
 -10.03840  -2.17206   0.31864    -8.19841    -8.68726     0.48885
  -1.94363  -2.60077   0.47521    20.10415    20.34704    -0.24289
   0.06166  -2.36927   0.47521    11.89319    12.50536    -0.61217
  -2.05226  -2.53352   0.05284    21.07428    21.92285    -0.84857
  -1.64536  -2.63121   0.05284    19.26956    20.06864    -0.79908
  -1.22818  -2.66404   0.05284    17.75977    18.69834    -0.93857
  -0.81101  -2.63121   0.05284    16.54617    17.59607    -1.04990
  -0.40411  -2.53352   0.05284    15.65009    16.69675    -1.04666
  -0.01750  -2.37338   0.05284    15.13051    16.07045    -0.93994
  -0.50789   0.27627   3.23766     7.17745     4.50581     2.67165
  -0.09072   0.16449   3.23766     4.02485     1.61952     2.40533
   1.09273   0.25336   3.40865    -5.23217    -5.88725     0.65507
   1.50751   0.25336   3.37428    -7.11533    -7.57190     0.45657
   1.30012   0.61257   3.37428    -5.10667    -5.56142     0.45475
   0.88535   0.61257   3.37428    -2.77610    -3.46366     0.68756
   0.67796   0.25336   3.37428    -2.59161    -3.69436     1.10274
   0.88535  -0.10585   3.37428    -4.87261    -5.85157     0.97896
   1.30012  -0.10585   3.37428    -7.09901    -7.68248     0.58347
   1.91098   0.25336   3.27211    -8.24359    -8.76191     0.51832
   1.80135   0.66248   3.27211    -6.72314    -7.20898     0.48584
   1.50186   0.96198   3.27211    -4.52685    -4.91362     0.38677
   1.09273   1.07160   3.27211    -1.95218    -2.33296     0.38078
   0.27449   0.25336   3.27211     0.75866    -1.01333     1.77199
   0.38412  -0.15576   3.27211    -1.18411    -3.03129     1.84718
   0.68361  -0.45526   3.27211    -4.00414    -5.38891     1.38477
   1.09273  -0.56488   3.27211    -6.70808    -7.53684     0.82877
   1.50186  -0.45526   3.27211    -8.41867    -8.92972     0.51105
   1.80135  -0.15576   3.27211    -8.87989    -9.34373     0.46385
   2.29212   0.25336   3.10492    -8.66779    -9.48681     0.81903
   2.21979   0.66357   3.10492    -7.38139    -8.19519     0.81379
   2.01152   1.02431   3.10492    -5.63190    -6.27249     0.64059
   1.69243   1.29206   3.10492    -3.52096    -3.94750     0.42654
   1.30101   1.43453   3.10492    -1.06175    -1.32085     0.25910
   0.17395  -0.51759   3.10492     0.53840    -1.98605     2.52446
   0.49304  -0.78534   3.10492    -2.60667    -4.41499     1.80832
   0.88446  -0.92781   3.10492    -5.59864    -6.71584     1.11720
   1.30101  -0.92781   3.10492    -7.87211    -8.52159     0.64948
   1.69243  -0.78534   3.10492    -9.22627    -9.67625     0.44997
   2.01152  -0.51759   3.10492    -9.70318   -10.17875     0.47557
   2.21979  -0.15685   3.10492    -9.46284   -10.11114     0.64830
   2.64055   0.25336   2.87728    -8.47263    -9.78093     1.30830
   2.58315   0.67096   2.87728    -7.29605    -8.64834     1.35229
   2.41522   1.05758   2.87728    -5.68398    -6.78654     1.10256
   2.14920   1.38456   2.87728    -3.77070    -4.54615     0.77545
   1.80483   1.62764   2.87728    -1.73883    -2.21414     0.47531
   1.40765   1.76880   2.87728     0.58609     0.39407     0.19203
   0.57440  -1.20509   2.87728    -3.04028    -4.64121     1.60093
   0.98711  -1.29085   2.87728    -6.02095    -6.95464     0.93369
   1.40765  -1.26208   2.87728    -8.14570    -8.68886     0.54316
   1.80483  -1.12092   2.87728    -9.42331    -9.81798     0.39467
   2.14920  -0.87784   2.87728    -9.94791   -10.37338     0.42547
   2.41522  -0.55086   2.87728    -9.85692   -10.47558     0.61866
   2.58315  -0.16424   2.87728    -9.31726   -10.28927     0.97200
   0.56099  -1.52278   2.59540    -2.32430    -3.78883     1.46453
   0.98493  -1.59753   2.59540    -5.46122    -6.27560     0.81439
   1.41468  -1.57250   2.59540    -7.66001    -8.11746     0.45745
   1.82708  -1.44904   2.59540    -9.03425    -9.36027     0.32601
   2.19988  -1.23380   2.59540    -9.69816   -10.00930     0.31114
   2.51300  -0.93838   2.59540    -9.75966   -10.12125     0.36160
   0.56394  -1.78895   2.26696    -1.46837    -2.64431     1.17593
   0.98588  -1.85359   2.26696    -4.58207    -5.18297     0.60090
   1.41220  -1.83197   2.26696    -6.75765    -7.06709     0.30944
   1.82543  -1.72498   2.26696    -8.18210    -8.40908     0.22698
   2.20867  -1.53699   2.26696    -8.97464    -9.18181     0.20716
   0.87980  -2.04454   1.90092    -2.62173    -3.00850     0.38676
   1.30567  -2.04454   1.90092    -4.91403    -5.01315     0.09912
   1.72428  -1.96629   1.90092    -6.50037    -6.55066     0.05029
   0.66853  -2.15242   1.50727     0.57856     0.41007     0.16850
   1.09273  -2.18953   1.50727    -1.87437    -1.67879    -0.19558
   0.77374  -2.23769   1.09675     2.53200     2.96696    -0.43496
   0.19398   3.49906  -2.72430     2.94992     2.50788     0.44204
   0.93829   3.21890   2.34370     3.40738     4.74778    -1.34041
   0.73090   3.57811   2.34370     4.33421     5.65631    -1.32210
   0.31613   3.57811   2.34370     8.14256     9.49341    -1.35085
   1.34176   3.21890   2.24153     0.74674     1.81885    -1.07211
   1.23213   3.62802   2.24153     0.54091     1.63681    -1.09589
   0.93264   3.92752   2.24153     2.54330     3.60854    -1.06525
   0.52352   4.03714   2.24153     6.15022     7.23673    -1.08651
   0.11439   3.92752   2.24153    10.16816    11.35134    -1.18317
   1.72290   3.21890   2.07435    -0.84275    -0.13976    -0.70298
   1.65057   3.62911   2.07435    -1.73695    -0.92273    -0.81422
   1.44230   3.98985   2.07435    -0.95946    -0.16768    -0.79178
   1.12321   4.25760   2.07435     1.32342     2.04158    -0.71816
   0.73179   4.40007   2.07435     4.77848     5.48055    -0.70207
   0.31524   4.40007   2.07435     8.91252     9.70498    -0.79246
   2.01393   3.63650   1.84671    -2.99887    -2.49681    -0.50206
   1.84600   4.02312   1.84671    -2.98318    -2.45879    -0.52439
   1.57998   4.35010   1.84671    -1.57003    -1.14232    -0.42771
   1.23561   4.59318   1.84671     1.01594     1.33046    -0.31453
   0.83843   4.73434   1.84671     4.58207     4.86042    -0.27834
   0.41789   4.76311   1.84671     8.87361     9.23599    -0.36237
   2.32756   3.64647   1.56482    -3.43687    -3.25115    -0.18572
   2.18033   4.05098   1.56482    -4.02736    -3.75967    -0.26769
   1.94378   4.41064   1.56482    -3.22854    -3.04681    -0.18172
   1.63066   4.70605   1.56482    -1.31902    -1.29228    -0.02674
   1.25786   4.92129   1.56482     1.57944     1.47692     0.10252
   0.84546   5.04476   1.56482     5.37525     5.24452     0.13073
   2.46220   4.05086   1.23638    -4.18988    -4.15265    -0.03723
   2.25505   4.42408   1.23638    -3.97025    -3.98292     0.01267
   1.97700   4.74797   1.23638    -2.76669    -2.92867     0.16198
   1.63945   5.00925   1.23638    -0.66767    -1.00160     0.33393
   1.25621   5.19724   1.23638     2.30421     1.84900     0.45521
   0.84298   5.30423   1.23638     6.11885     5.65180     0.46705
   2.67543   4.05255   0.87035    -3.36031    -3.51645     0.15614
   2.48560   4.43377   0.87035    -3.62073    -3.79354     0.17281
   2.22896   4.77362   0.87035    -3.04028    -3.33156     0.29127
   1.91424   5.06052   0.87035    -1.64345    -2.10243     0.45898
   1.55217   5.28471   0.87035     0.59425    -0.02036     0.61461
   1.15506   5.43855   0.87035     3.68411     2.98720     0.69691
   0.73645   5.51680   0.87035     7.61232     6.94888     0.66344
   2.81908   4.05442   0.47670    -1.21988    -1.53733     0.31745
   2.63912   4.44034   0.47670    -2.04568    -2.34796     0.30228
   2.39488   4.78916   0.47670    -2.18562    -2.55821     0.37259
   2.09377   5.09026   0.47670    -1.53865    -2.04157     0.50292
   1.74496   5.33450   0.47670    -0.02573    -0.67512     0.64939
   1.35903   5.51446   0.47670     2.37701     1.62361     0.75340
   0.94772   5.62468   0.47670     5.66202     4.89585     0.76617
   2.47747   4.79661   0.06617    -0.16378    -0.58166     0.41788
   2.18273   5.10413   0.06617    -0.47000    -0.95276     0.48275
   1.84026   5.35742   0.06617     0.23594    -0.34918     0.58513
   1.45990   5.54919   0.06617     1.95406     1.28161     0.67245
   1.05261   5.67392   0.06617     4.64106     3.94629     0.69477
   0.63010   5.72803   0.06617     8.23481     7.61537     0.61944
   2.18273   5.10413  -0.35003     1.36107     0.94938     0.41169
   1.84026   5.35742  -0.35003     1.13265     0.69046     0.44219
   1.45990   5.54919  -0.35003     2.16616     1.68027     0.48590
   1.05261   5.67392  -0.35003     4.31789     3.82953     0.48837
   0.63010   5.72803  -0.35003     7.45356     7.03953     0.41403
   2.09377   5.09026  -0.76055     3.48644     3.19462     0.29182
   1.74496   5.33450  -0.76055     2.28413     2.04945     0.23468
   1.35903   5.51446  -0.76055     2.71900     2.49793     0.22107
   0.94772   5.62468  -0.76055     4.46599     4.27670     0.18929
   0.52352   5.66179  -0.76055     7.27535     7.17116     0.10419
   1.55217   5.28471  -1.15420     3.19465     3.22149    -0.02684
   1.15506   5.43855  -1.15420     3.32078     3.41049    -0.08971
   0.73645   5.51680  -1.15420     4.91214     5.06152    -0.14937
   0.31058   5.51680  -1.15420     7.58031     7.81619    -0.23588
   1.25621   5.19724  -1.52024     3.52221     3.83711    -0.31490
   0.84298   5.30423  -1.52024     3.86609     4.25600    -0.38991
   0.41666   5.32585  -1.52024     5.64633     6.09110    -0.44477
  -0.00528   5.26121  -1.52024     8.35278     8.84313    -0.49035
   0.84546   5.04476  -1.84868     3.53225     4.07612    -0.54387
   0.41571   5.06979  -1.84868     4.66428     5.23237    -0.56809
  -0.00822   4.99504  -1.84868     6.90323     7.44401    -0.54077
  -0.40350   4.82453  -1.84868     9.64482    10.08900    -0.44418
  -0.74879   4.56747  -1.84868    12.35064    12.60033    -0.24969
   0.83843   4.73434  -2.13056     3.31074     3.87547    -0.56473
   0.41789   4.76311  -2.13056     3.88303     4.42612    -0.54309
   0.00518   4.67735  -2.13056     5.71536     6.14367    -0.42831
  -0.36908   4.48342  -2.13056     8.10931     8.31781    -0.20850
  -0.67714   4.19571  -2.13056    10.54279    10.41254     0.13025
   0.73179   4.40007  -2.35820     2.78551     3.23769    -0.45218
   0.31524   4.40007  -2.35820     3.55610     3.87668    -0.32059
  -0.07618   4.25760  -2.35820     5.48067     5.54043    -0.05977
  -0.39527   3.98985  -2.35820     7.86081     7.52219     0.33862
   0.52352   4.03714  -2.52539     2.15550     2.29437    -0.13888
   0.11439   3.92752  -2.52539     3.99222     3.77616     0.21605
   0.10026   2.10368  -3.30212     3.99598     4.43612    -0.44014
  -0.11236   1.31017  -3.30212    10.10667    11.46091    -1.35424
   0.32281   1.72941  -3.52349     2.31928     2.85362    -0.53434
   0.24889   1.31017  -3.52349     5.80321     6.61430    -0.81109
   0.64032   1.31017  -3.68563     1.20796     1.46603    -0.25807
   4.38611   3.00750  -0.86810   -13.42494   -12.52111    -0.90383
   4.52976   3.00936  -1.26175   -13.56550   -12.81412    -0.75138
   4.34980   3.39529  -1.26175    -8.32705    -7.66295    -0.66410
   4.74559   2.17384  -1.67227   -19.21058   -18.76483    -0.44574
   4.70946   2.59827  -1.67227   -17.06449   -16.41895    -0.64554
   4.60213   3.01048  -1.67227   -13.55923   -12.90716    -0.65206
   4.42667   3.39863  -1.67227    -9.18925    -8.69722    -0.49203
   4.74559   2.17384  -2.08847   -18.52283   -17.74718    -0.77564
   4.70946   2.59827  -2.08847   -16.65222   -15.94752    -0.70470
   4.60213   3.01048  -2.08847   -13.68284   -13.13608    -0.54677
   4.42667   3.39863  -2.08847    -9.92720    -9.61837    -0.30883
   4.18815   3.75155  -2.08847    -5.67708    -5.63656    -0.04052
   4.60213   1.33719  -2.08847   -18.15636   -16.99358    -1.16278
   4.70946   1.74941  -2.08847   -19.03613   -18.17575    -0.86038
   4.67708   2.17384  -2.49900   -18.27496   -17.41898    -0.85598
   4.63997   2.59804  -2.49900   -16.54743   -15.88340    -0.66403
   4.52976   3.00936  -2.49900   -13.91126   -13.49770    -0.41356
   4.34980   3.39529  -2.49900   -10.60052   -10.47287    -0.12764
   4.10555   3.74410  -2.49900    -6.87499    -7.02028     0.14529
   4.10555   0.60358  -2.49900   -14.87072   -13.45001    -1.42071
   4.34980   0.95240  -2.49900   -17.09085   -15.71156    -1.37929
   4.52976   1.33832  -2.49900   -18.49333   -17.29699    -1.19634
   4.63997   1.74964  -2.49900   -18.93008   -17.91491    -1.01516
   4.54194   2.17384  -2.89264   -18.15448   -17.37444    -0.78004
   4.50265   2.59789  -2.89264   -16.54680   -15.99190    -0.55490
   4.38611   3.00750  -2.89264   -14.15473   -13.88266    -0.27207
   4.19628   3.38871  -2.89264   -11.19414   -11.21699     0.02284
   3.93964   3.72856  -2.89264    -7.92482    -8.19740     0.27258
   3.62492   4.01546  -2.89264    -4.63918    -5.06920     0.43002
   0.84346   4.01546  -2.89264     0.36960     0.83427    -0.46467
   0.52875   3.72856  -2.89264     0.44930     0.65700    -0.20770
   0.27211   3.38871  -2.89264     1.58572     1.42258     0.16314
   3.26285   0.10803  -2.89264    -8.12688    -8.24747     0.12060
   3.62492   0.33222  -2.89264   -12.13039   -11.90370    -0.22669
   3.93964   0.61912  -2.89264   -15.16314   -14.54369    -0.61945
   4.19628   0.95897  -2.89264   -17.29416   -16.40652    -0.88764
   4.38611   1.34018  -2.89264   -18.53287   -17.55890    -0.97396
   4.50265   1.74979  -2.89264   -18.83219   -17.90743    -0.92476
   4.34385   2.17384  -3.25868   -18.00827   -17.36709    -0.64118
   4.30067   2.59851  -3.25868   -16.52609   -16.09658    -0.42951
   4.17288   3.00580  -3.25868   -14.33734   -14.17918    -0.15815
   3.96572   3.37902  -3.25868   -11.67795   -11.78371     0.10576
   3.68768   3.70291  -3.25868    -8.83157    -9.12873     0.29716
   3.35013   3.96419  -3.25868    -6.11320    -6.48088     0.36768
   2.96689   4.15218  -3.25868    -3.83973    -4.13913     0.29940
   2.55365   4.25917  -3.25868    -2.27409    -2.38163     0.10754
   2.12734   4.28079  -3.25868    -1.53865    -1.37537    -0.16329
   1.70540   4.21615  -3.25868    -1.52736    -1.08845    -0.43891
   1.30511   4.06790  -3.25868    -1.90261    -1.26740    -0.63521
   0.94286   3.84211  -3.25868    -2.19315    -1.50964    -0.68351
   0.63347   3.54802  -3.25868    -1.97477    -1.39921    -0.57556
   0.38962   3.19766  -3.25868    -1.03225    -0.64304    -0.38921
   0.22128   2.80539  -3.25868     0.57668     0.83627    -0.25959
   0.13536   2.38727  -3.25868     2.58157     2.87358    -0.29200
   2.96689   0.19550  -3.25868    -7.67695    -8.49093     0.81398
   3.35013   0.38349  -3.25868   -11.63779   -12.05871     0.42092
   3.68768   0.64477  -3.25868   -14.76718   -14.72555    -0.04163
   3.96572   0.96866  -3.25868   -16.99107   -16.54831    -0.44277
   4.17288   1.34188  -3.25868   -18.28249   -17.60091    -0.68158
   4.30067   1.74917  -3.25868   -18.61946   -17.88070    -0.73877
   4.08822   2.17384  -3.58712   -17.76793   -17.26049    -0.50744
   4.03824   2.60141  -3.58712   -16.41690   -16.08077    -0.33613
   3.89101   3.00593  -3.58712   -14.40385   -14.29418    -0.10968
   3.65446   3.36558  -3.58712   -12.01806   -12.10451     0.08645
   3.34134   3.66100  -3.58712    -9.59839    -9.77610     0.17771
   2.96853   3.87623  -3.58712    -7.48493    -7.60985     0.12491
   2.55614   3.99970  -3.58712    -5.95256    -5.88706    -0.06549
   2.12639   4.02473  -3.58712    -5.12111    -4.77845    -0.34266
   1.70245   3.94998  -3.58712    -4.88579    -4.25914    -0.62665
   1.30718   3.77947  -3.58712    -4.92595    -4.09622    -0.82973
   0.96188   3.52241  -3.58712    -4.83371    -3.93763    -0.89607
   0.68518   3.19264  -3.58712    -4.29279    -3.46050    -0.83229
   0.49198   2.80795  -3.58712    -3.20783    -2.50333    -0.70450
   0.39270   2.38908  -3.58712    -1.71373    -1.12655    -0.58718
   0.39270   1.95860  -3.58712    -0.08597     0.42240    -0.50837
   2.55614   0.34798  -3.58712    -6.74447    -7.91294     1.16847
   2.96853   0.47145  -3.58712   -10.52961   -11.36121     0.83160
   3.34134   0.68669  -3.58712   -13.78827   -14.16999     0.38172
   3.65446   0.98210  -3.58712   -16.23932   -16.16947    -0.06985
   3.89101   1.34176  -3.58712   -17.74283   -17.34245    -0.40039
   4.03824   1.74627  -3.58712   -18.24609   -17.70105    -0.54505
   3.78201   2.17384  -3.86901   -17.39833   -16.97838    -0.41994
   3.72461   2.59144  -3.86901   -16.23806   -15.92427    -0.31380
   3.55668   2.97806  -3.86901   -14.47100   -14.30552    -0.16548
   3.29066   3.30504  -3.86901   -12.44916   -12.37554    -0.07362
   2.94629   3.54812  -3.86901   -10.54718   -10.44108    -0.10610
   2.54911   3.68928  -3.86901    -9.07504    -8.79815    -0.27690
   2.12857   3.71805  -3.86901    -8.17394    -7.63445    -0.53949
   1.71586   3.63229  -3.86901    -7.75288    -6.94309    -0.80979
   1.34160   3.43836  -3.86901    -7.51694    -6.52098    -0.99596
   1.03353   3.15065  -3.86901    -7.12537    -6.07914    -1.04623
   0.81452   2.79049  -3.86901    -6.36797    -5.40430    -0.96366
   0.70079   2.38460  -3.86901    -5.26418    -4.47537    -0.78881
   0.70079   1.96308  -3.86901    -4.02987    -3.47678    -0.55308
   0.81452   1.55719  -3.86901    -2.97188    -2.72488    -0.24700
   1.03353   1.19703  -3.86901    -2.42093    -2.57618     0.15525
   1.34160   0.90932  -3.86901    -2.72778    -3.33609     0.60830
   1.71586   0.71539  -3.86901    -4.16290    -5.11571     0.95281
   2.12857   0.62963  -3.86901    -6.64533    -7.70292     1.05760
   2.54911   0.65840  -3.86901    -9.70883   -10.61962     0.91079
   2.94629   0.79956  -3.86901   -12.75727   -13.33456     0.57729
   3.29066   1.04264  -3.86901   -15.29115   -15.45673     0.16558
   3.55668   1.36962  -3.86901   -16.98731   -16.79563    -0.19168
   3.72461   1.75624  -3.86901   -17.69200   -17.29723    -0.39477
   3.43358   2.17384  -4.09664   -16.87122   -16.47422    -0.39700
   3.36125   2.58406  -4.09664   -15.88101   -15.51502    -0.36599
   3.15298   2.94479  -4.09664   -14.32165   -14.00169    -0.31996
   2.83389   3.21254  -4.09664   -12.66126   -12.29807    -0.36319
   2.44246   3.35501  -4.09664   -11.30584   -10.77171    -0.53413
   2.02592   3.35501  -4.09664   -10.42670    -9.64479    -0.78191
   1.63450   3.21254  -4.09664    -9.88892    -8.89101    -0.99791
   1.31541   2.94479  -4.09664    -9.37750    -8.29450    -1.08301
   1.10714   2.58406  -4.09664    -8.65461    -7.65725    -0.99736
   1.03481   2.17384  -4.09664    -7.74974    -6.99060    -0.75914
   1.10714   1.76363  -4.09664    -6.95343    -6.54691    -0.40652
   1.31541   1.40289  -4.09664    -6.68423    -6.69547     0.01124
   1.63450   1.13514  -4.09664    -7.32806    -7.72042     0.39236
   2.02592   0.99267  -4.09664    -9.01417    -9.60666     0.59248
   2.44246   0.99267  -4.09664   -11.42883   -11.96340     0.53457
   2.83389   1.13514  -4.09664   -13.93824   -14.20787     0.26963
   3.15298   1.40289  -4.09664   -15.90862   -15.84801    -0.06061
   3.36125   1.76363  -4.09664   -16.92895   -16.62174    -0.30721
   3.05244   2.17384  -4.26383   -16.15209   -15.71454    -0.43755
   2.94281   2.58296  -4.26383   -15.26354   -14.77010    -0.49344
   2.64331   2.88246  -4.26383   -13.84537   -13.26281    -0.58256
   2.23419   2.99208  -4.26383   -12.59035   -11.81718    -0.77317
   1.82507   2.88246  -4.26383   -11.72376   -10.76025    -0.96351
   1.52557   2.58296  -4.26383   -11.00401   -10.01786    -0.98614
   1.41595   2.17384  -4.26383   -10.28802    -9.51603    -0.77199
   1.52557   1.76472  -4.26383    -9.92846    -9.53460    -0.39385
   1.82507   1.46522  -4.26383   -10.51016   -10.47866    -0.03150
   2.23419   1.35560  -4.26383   -12.19690   -12.30102     0.10412
   2.64331   1.46522  -4.26383   -14.32981   -14.29324    -0.03657
   2.94281   1.76472  -4.26383   -15.86658   -15.58490    -0.28168
   2.64897   2.17384  -4.36600   -15.19452   -14.67034    -0.52418
   2.44158   2.53305  -4.36600   -14.29969   -13.61413    -0.68555
   2.02680   2.53305  -4.36600   -13.07416   -12.23510    -0.83906
   1.81941   2.17384  -4.36600   -12.32868   -11.60707    -0.72161
   2.02680   1.81463  -4.36600   -12.69765   -12.29721    -0.40044
   2.44158   1.81463  -4.36600   -14.34675   -13.99604    -0.35071
   2.23419   2.17384  -4.40037   -13.94138   -13.31216    -0.62922
   2.98804   0.79761   2.72158    -6.87437    -8.63074     1.75638
   2.87626   0.38044   2.72158    -7.70833    -9.45691     1.74859
   3.15380  -0.20983   2.65754    -7.84826    -8.88205     1.03379
   2.94262  -0.57561   2.62430    -8.39168    -8.89247     0.50079
   2.73663  -0.93239   2.52539    -8.93699    -9.14423     0.20724
   3.15380  -1.04417   2.52539    -7.31613    -7.15201    -0.16413
   2.54092  -1.27138   2.36326    -9.03739    -9.15986     0.12247
   2.94095  -1.41698   2.36326    -7.26530    -7.18675    -0.07856
   3.36666  -1.41698   2.36326    -6.56940    -6.22900    -0.34040
   2.36029  -1.58423   2.14189    -8.42745    -8.57857     0.15112
   4.30565   0.20941  -2.44818   -11.41816   -10.01439    -1.40377
   3.87637   0.20735  -2.61031   -11.19853   -10.20792    -0.99061
   2.76996  -1.85442   2.14810    -6.57693    -6.88424     0.30731
   3.19233  -1.85442   2.14810    -6.44076    -6.81764     0.37688
   2.25858  -1.90581   2.04919    -6.77083    -6.99053     0.21970
   2.56397  -2.21120   2.04919    -5.73042    -6.19392     0.46350
   2.98114  -2.32298   2.04919    -6.26254    -7.06601     0.80346
   3.39832  -2.21120   2.04919    -6.89758    -7.84141     0.94383
   2.04215  -2.27655   1.88706    -4.69001    -4.86635     0.17635
   2.36826  -2.55019   1.88706    -4.65989    -5.08699     0.42710
   2.76829  -2.69579   1.88706    -5.88855    -6.68336     0.79481
   1.60674  -2.28215   1.66568    -3.34149    -3.23279    -0.10869
   1.85895  -2.61083   1.66568    -2.54267    -2.59033     0.04766
   2.18763  -2.86304   1.66568    -3.43310    -3.73047     0.29736
   2.57039  -3.02158   1.66568    -5.29744    -5.92322     0.62579
   1.26102  -2.31701   1.39053    -0.93875    -0.56596    -0.37279
   1.48848  -2.67900   1.39053     0.05585     0.28858    -0.23273
   1.79078  -2.98130   1.39053    -0.82204    -0.80836    -0.01368
   2.15278  -3.20876   1.39053    -2.87650    -3.13515     0.25865
   2.55631  -3.34996   1.39053    -5.66390    -6.22257     0.55867
   1.03962  -2.48956   1.06836     3.11747     3.65504    -0.53758
   1.26413  -2.83891   1.06836     3.13566     3.50316    -0.36749
   1.55070  -3.13946   1.06836     1.72565     1.87002    -0.14437
   1.88897  -3.38034   1.06836    -0.65261    -0.75553     0.10292
   2.26671  -3.55285   1.06836    -3.74247    -4.07089     0.32842
   1.43478  -3.33153   0.70711     3.87864     3.94376    -0.06513
   1.77828  -3.57205   0.70711     0.85530     0.69604     0.15926
   2.15834  -3.74927   0.70711    -2.81438    -3.13294     0.31856
   1.94965  -3.84021   0.31568    -0.36898    -0.78206     0.41308
   2.26671  -3.55285  -2.10568    -0.17445    -0.81364     0.63919
   4.10334  -0.36645  -2.70301    -9.19992    -9.11412    -0.08579
   3.77465  -0.11424  -2.70301    -8.71297    -8.10454    -0.60843
   2.18763  -2.86304  -2.70301     2.87148     2.97701    -0.10553
   2.57039  -3.02158  -2.70301    -2.21887    -2.21524    -0.00363
   3.92014  -0.70073  -2.92438    -8.34023    -8.60602     0.26579
   3.59403  -0.42709  -2.92438    -6.79907    -6.52613    -0.27293
   3.19400  -0.28149  -2.92438    -4.58709    -4.20068    -0.38641
   1.75537  -1.48864  -2.92438    10.55596    12.27715    -1.72118
   2.04215  -2.27655  -2.92438     5.70218     6.55882    -0.85665
   2.36826  -2.55019  -2.92438     1.49096     1.94375    -0.45278
   2.76829  -2.69579  -2.92438    -3.48080    -3.24727    -0.23352
   3.70371  -1.07147  -3.08652    -7.44791    -7.67129     0.22338
   3.39832  -0.76607  -3.08652    -5.10667    -4.83074    -0.27593
   2.98114  -0.65429  -3.08652    -1.88190    -1.26579    -0.61611
   2.56397  -0.76607  -3.08652     2.30672     3.27777    -0.97105
   2.25858  -1.07147  -3.08652     5.43486     6.79803    -1.36317
   2.14680  -1.48864  -3.08652     5.94691     7.37014    -1.42323
   2.25858  -1.90581  -3.08652     3.98971     5.08399    -1.09428
   2.56397  -2.21120  -3.08652     0.15248     0.80900    -0.65651
   2.98114  -2.32298  -3.08652    -4.57454    -4.25160    -0.32295
   3.40352  -1.48864  -3.18542    -6.04982    -5.95688    -0.09293
   3.19233  -1.12285  -3.18542    -3.65462    -3.21964    -0.43498
   2.76996  -1.12285  -3.18542     0.05836     0.94292    -0.88456
   2.55877  -1.48864  -3.18542     1.63654     2.68143    -1.04489
   2.76996  -1.85442  -3.18542    -1.11885    -0.41768    -0.70117
   3.19233  -1.85442  -3.18542    -5.18448    -4.90691    -0.27757
   2.98114  -1.48864  -3.21866    -2.36006    -1.75170    -0.60836
   3.63720  -2.17309   2.08732    -7.10592    -7.81671     0.71079
   3.84839  -2.53888   2.08732    -7.69515    -8.51203     0.81688
   3.33701  -2.59027   1.98841    -7.30107    -8.47049     1.16941
   3.64240  -2.89566   1.98841    -7.94113    -9.10725     1.16612
   4.05958  -3.00744   1.98841    -8.08860    -9.08603     0.99743
   3.12058  -2.96101   1.82628    -7.39959    -8.50794     1.10835
   3.44669  -3.23464   1.82628    -8.19527    -9.33169     1.13642
   3.84672  -3.38024   1.82628    -8.47138    -9.60676     1.13538
   4.27243  -3.38024   1.82628    -8.05157    -9.12024     1.06867
   4.67246  -3.23464   1.82628    -7.17808    -7.93578     0.75770
   2.93738  -3.29529   1.60491    -7.35629    -8.22909     0.87280
   3.26607  -3.54749   1.60491    -8.39043    -9.29059     0.90017
   3.64882  -3.70604   1.60491    -8.87487    -9.79893     0.92407
   4.05958  -3.76011   1.60491    -8.60818    -9.59443     0.98626
   4.47033  -3.70604   1.60491    -7.61295    -8.66918     1.05623
   4.85309  -3.54749   1.60491    -6.19854    -7.19216     0.99362
   2.86922  -3.66576   1.32975    -7.60165    -8.20421     0.60256
   3.23121  -3.89321   1.32975    -8.83533    -9.40241     0.56708
   3.63474  -4.03441   1.32975    -9.31977    -9.88168     0.56191
   4.05958  -4.08228   1.32975    -8.87989    -9.53668     0.65679
   4.48441  -4.03441   1.32975    -7.49497    -8.34432     0.84935
   4.88794  -3.89321   1.32975    -5.39595    -6.43465     1.03870
   2.62913  -3.82391   1.00758    -6.74071    -7.12243     0.38172
   2.96740  -4.06479   1.00758    -8.50464    -8.76278     0.25814
   3.34515  -4.23730   1.00758    -9.55760    -9.69151     0.13391
   3.74871  -4.33521   1.00758    -9.71510    -9.82412     0.10901
   4.16351  -4.35496   1.00758    -8.84537    -9.08315     0.23777
   4.57456  -4.29587   1.00758    -6.88566    -7.39954     0.51387
   4.96699  -4.16004   1.00758    -3.93699    -4.78348     0.84648
   2.51321  -4.01598   0.64633    -6.23493    -6.47650     0.24157
   2.85672  -4.25651   0.64633    -8.43687    -8.41577    -0.02110
   3.23677  -4.43373   0.64633    -9.81927    -9.54422    -0.27505
   3.64183  -4.54226   0.64633   -10.21962    -9.81253    -0.40709
   4.05958  -4.57881   0.64633    -9.47853    -9.13212    -0.34641
   4.47733  -4.54226   0.64633    -7.42469    -7.35105    -0.07364
   4.88238  -4.43373   0.64633    -3.88240    -4.24633     0.36393
   2.32042  -4.06232   0.25490    -4.60027    -4.91085     0.31058
   2.65509  -4.32281   0.25490    -7.54015    -7.44605    -0.09411
   3.02808  -4.52466   0.25490    -9.58144    -9.06435    -0.51709
   3.42921  -4.66237   0.25490   -10.59801    -9.77048    -0.82753
   3.84753  -4.73218   0.25490   -10.43611    -9.50346    -0.93265
   4.27163  -4.73218   0.25490    -8.88240    -8.10284    -0.77956
   4.68995  -4.66237   0.25490    -5.61244    -5.24737    -0.36508
   2.17389  -4.05878  -0.15707    -2.68449    -3.21983     0.53534
   2.49210  -4.33055  -0.15707    -6.32781    -6.31700    -0.01080
   2.84889  -4.54919  -0.15707    -8.99472    -8.40588    -0.58885
   3.23550  -4.70933  -0.15707   -10.63127    -9.55854    -1.07273
   3.64240  -4.80702  -0.15707   -11.12574    -9.76586    -1.35988
   4.05958  -4.83985  -0.15707   -10.29931    -8.91780    -1.38151
   4.47675  -4.80702  -0.15707    -7.85203    -6.74905    -1.10298
   4.88365  -4.70933  -0.15707    -3.22791    -2.70648    -0.52143
   2.26320  -4.18879  -0.57944    -3.56300    -3.99251     0.42951
   2.59194  -4.43938  -0.57944    -7.18122    -6.89898    -0.28224
   2.95509  -4.63685  -0.57944    -9.74648    -8.79337    -0.95310
   3.34413  -4.77658  -0.57944   -11.22426    -9.75091    -1.47335
   3.74993  -4.85528  -0.57944   -11.50915    -9.75314    -1.75601
   4.16299  -4.87111  -0.57944   -10.40850    -8.66779    -1.74071
   4.57363  -4.82371  -0.57944    -7.57969    -6.18333    -1.39636
   2.17389  -4.05878  -1.00181    -1.63278    -2.38687     0.75409
   2.49210  -4.33055  -1.00181    -5.94754    -5.88296    -0.06458
   2.84889  -4.54919  -1.00181    -9.10391    -8.24807    -0.85584
   3.23550  -4.70933  -1.00181   -11.12574    -9.61592    -1.50982
   3.64240  -4.80702  -1.00181   -11.94339   -10.01700    -1.92639
   4.05958  -4.83985  -1.00181   -11.40875    -9.37544    -2.03331
   4.47675  -4.80702  -1.00181    -9.25890    -7.47026    -1.78864
   4.88365  -4.70933  -1.00181    -5.00815    -3.83361    -1.17454
   2.32042  -4.06232  -1.41379    -3.11998    -3.59241     0.47244
   2.65509  -4.32281  -1.41379    -7.21071    -6.81987    -0.39084
   3.02808  -4.52466  -1.41379   -10.12424    -8.93782    -1.18641
   3.42921  -4.66237  -1.41379   -11.84424   -10.05353    -1.79071
   3.84753  -4.73218  -1.41379   -12.28538   -10.17880    -2.10658
   4.27163  -4.73218  -1.41379   -11.29329    -9.22419    -2.06910
   4.68995  -4.66237  -1.41379    -8.62261    -6.97023    -1.65238
   2.51321  -4.01598  -1.80522    -4.93850    -5.02392     0.08542
   2.85672  -4.25651  -1.80522    -8.56299    -7.84088    -0.72211
   3.23677  -4.43373  -1.80522   -11.06927    -9.63935    -1.42992
   3.64183  -4.54226  -1.80522   -12.40147   -10.49089    -1.91058
   4.05958  -4.57881  -1.80522   -12.47426   -10.40215    -2.07211
   4.47733  -4.54226  -1.80522   -11.18975    -9.32012    -1.86963
   4.88238  -4.43373  -1.80522    -8.46071    -7.15412    -1.30659
   2.62913  -3.82391  -2.16646    -5.46247    -5.41546    -0.04701
   2.96740  -4.06479  -2.16646    -8.91377    -8.16488    -0.74890
   3.34515  -4.23730  -2.16646   -11.32968    -9.95829    -1.37139
   3.74871  -4.33521  -2.16646   -12.62361   -10.85578    -1.76783
   4.16351  -4.35496  -2.16646   -12.73844   -10.89535    -1.84309
   4.57456  -4.29587  -2.16646   -11.67858   -10.11673    -1.56185
   4.96699  -4.16004  -2.16646    -9.58772    -8.63549    -0.95223
   5.32662  -3.95241  -2.16646    -6.93900    -6.81672    -0.12228
   2.56691  -3.36345  -2.48863    -3.32894    -3.46927     0.14034
   2.86922  -3.66576  -2.48863    -7.20444    -6.86153    -0.34291
   3.23121  -3.89321  -2.48863   -10.22840    -9.30803    -0.92037
   3.63474  -4.03441  -2.48863   -12.18561   -10.82004    -1.36557
   4.05958  -4.08228  -2.48863   -12.97690   -11.45889    -1.51801
   4.48441  -4.03441  -2.48863   -12.64243   -11.33986    -1.30258
   4.88794  -3.89321  -2.48863   -11.44577   -10.70429    -0.74149
   5.24994  -3.66576  -2.48863    -9.99685   -10.04306     0.04620
   5.55224  -3.36345  -2.48863    -9.24635   -10.11376     0.86741
   5.64660  -2.17309  -2.76379   -12.57843   -14.37111     1.79269
   5.59252  -1.76234  -2.76379   -12.69263   -14.26184     1.56920
   4.85309  -0.79869  -2.76379   -11.56437   -12.11433     0.54996
   4.47033  -0.64015  -2.76379   -10.50639   -11.01008     0.50369
   2.68518  -2.96660  -2.76379    -3.43875    -3.36453    -0.07422
   2.93738  -3.29529  -2.76379    -6.83295    -6.57102    -0.26193
   3.26607  -3.54749  -2.76379    -9.77032    -9.12009    -0.65023
   3.64882  -3.70604  -2.76379   -11.85993   -10.86632    -0.99361
   4.05958  -3.76011  -2.76379   -12.92293   -11.82737    -1.09556
   4.47033  -3.70604  -2.76379   -13.01078   -12.15059    -0.86020
   4.85309  -3.54749  -2.76379   -12.45230   -12.13824    -0.31406
   5.18177  -3.29529  -2.76379   -11.83169   -12.24124     0.40954
   5.43398  -2.96660  -2.76379   -11.71560   -12.83267     1.11706
   5.59252  -2.58384  -2.76379   -12.13917   -13.76366     1.62449
   5.28535  -2.17309  -2.98516   -12.77358   -14.29405     1.52046
   5.21143  -1.75385  -2.98516   -12.64369   -14.12942     1.48573
   4.99857  -1.38518  -2.98516   -12.23267   -13.49171     1.25904
   4.67246  -1.11154  -2.98516   -11.44640   -12.48714     1.04074
   4.27243  -0.96594  -2.98516   -10.17444   -10.98335     0.80891
   2.90773  -2.59233  -2.98516    -4.71071    -4.45773    -0.25298
   3.12058  -2.96101  -2.98516    -7.50125    -7.23859    -0.26266
   3.44669  -3.23464  -2.98516   -10.19201    -9.70605    -0.48596
   3.84672  -3.38024  -2.98516   -12.10403   -11.45025    -0.65378
   4.27243  -3.38024  -2.98516   -12.97815   -12.44518    -0.53297
   4.67246  -3.23464  -2.98516   -13.02521   -12.95661    -0.06861
   4.99857  -2.96101  -2.98516   -12.79680   -13.39226     0.59546
   5.21143  -2.59233  -2.98516   -12.73531   -13.93701     1.20171
   4.89392  -2.17309  -3.14729   -12.72150   -13.91174     1.19024
   4.78214  -1.75592  -3.14729   -12.26781   -13.52472     1.25691
   4.47675  -1.45053  -3.14729   -11.34600   -12.42047     1.07447
   4.05958  -1.33875  -3.14729    -9.82680   -10.55247     0.72567
   3.64240  -1.45053  -3.14729    -7.86395    -8.10874     0.24479
   3.22523  -2.17309  -3.14729    -6.46084    -6.27891    -0.18193
   3.33701  -2.59027  -3.14729    -8.22539    -8.07255    -0.15284
   3.64240  -2.89566  -3.14729   -10.56098   -10.32952    -0.23147
   4.05958  -3.00744  -3.14729   -12.24585   -12.05015    -0.19570
   4.47675  -2.89566  -3.14729   -12.88152   -13.06399     0.18247
   4.78214  -2.59027  -3.14729   -12.90222   -13.66927     0.76705
   4.48195  -2.17309  -3.24620   -12.20631   -13.04161     0.83530
   4.27076  -1.80731  -3.24620   -11.23368   -12.07250     0.83882
   3.84839  -1.80731  -3.24620    -9.62286   -10.06410     0.44124
   3.63720  -2.17309  -3.24620    -9.20556    -9.34765     0.14209
   3.84839  -2.53888  -3.24620   -10.85780   -10.96007     0.10227
   4.27076  -2.53888  -3.24620   -12.19125   -12.57359     0.38233
   4.05958  -2.17309  -3.27944   -11.07868   -11.55912     0.48044
   5.03408  -1.31004   2.58639    -6.75765    -5.23177    -1.52588
   4.82289  -1.67582   2.55315    -6.66666    -4.72952    -1.93714
   5.24526  -1.67582   2.55315    -6.44264    -4.44599    -1.99665
   4.31151  -1.72721   2.45424    -6.76204    -5.34691    -1.41514
   4.61690  -2.03260   2.45424    -6.72565    -5.12966    -1.59599
   5.03408  -2.14438   2.45424    -6.28263    -4.31034    -1.97228
   3.88222  -1.72927   2.29211    -6.63027    -5.98420    -0.64607
   4.09508  -2.09795   2.29211    -7.02058    -6.51972    -0.50085
   4.42119  -2.37159   2.29211    -7.05007    -6.33139    -0.71867
   4.82122  -2.51719   2.29211    -6.47025    -5.28147    -1.18878
   5.24693  -2.51719   2.29211    -5.59362    -3.86886    -1.72476
   4.24056  -2.68444   2.07073    -7.85830    -8.28309     0.42479
   4.62332  -2.84298   2.07073    -7.10404    -7.05222    -0.05182
   5.03408  -2.89706   2.07073    -5.82517    -5.16454    -0.66063
   5.03408  -3.21922   1.79558    -5.66578    -5.94158     0.27579
   5.82759   0.06436  -2.29796   -11.30333    -9.72704    -1.57629
   5.44483   0.22291  -2.29796   -11.58006    -9.84249    -1.73757
   5.97307  -0.52212  -2.51933   -11.33847   -10.12760    -1.21086
   5.64696  -0.24848  -2.51933   -11.41001    -9.96532    -1.44468
   5.24693  -0.10288  -2.51933   -11.46021   -10.03185    -1.42836
   4.82122  -0.10288  -2.51933   -11.15649   -10.04616    -1.11033
   4.42119  -0.24848  -2.51933   -10.18511    -9.73863    -0.44648
   5.86842  -1.31004  -2.68146   -11.94276   -12.27068     0.32792
   5.75664  -0.89286  -2.68146   -11.63277   -11.20227    -0.43050
   5.45125  -0.58747  -2.68146   -11.53802   -10.81586    -0.72216
   5.03408  -0.47569  -2.68146   -11.35918   -10.89372    -0.46546
   5.75664  -1.72721  -2.68146   -12.52070   -13.91500     1.39430
   5.45645  -1.31004  -2.78037   -12.34311   -13.23147     0.88835
   5.24526  -0.94425  -2.78037   -11.91201   -12.25583     0.34382
   6.20236  -1.80809   2.74567    -6.88566    -6.37624    -0.50942
   5.57921  -1.44230   2.64676    -6.67984    -5.60505    -1.07479
   5.69099  -1.85948   2.64676    -6.06425    -4.68673    -1.37752
   5.99638  -2.16487   2.64676    -5.50263    -4.45346    -1.04917
   6.41355  -2.27665   2.64676    -5.56099    -5.00306    -0.55793
   6.83072  -2.16487   2.64676    -6.74133    -6.72863    -0.01271
   5.47455  -2.23022   2.48463    -5.52648    -3.68407    -1.84241
   5.80066  -2.50386   2.48463    -4.68248    -3.32593    -1.35654
   6.20070  -2.64946   2.48463    -4.23443    -3.25444    -0.97999
   6.62641  -2.64946   2.48463    -4.36621    -3.75285    -0.61336
   7.02644  -2.50386   2.48463    -5.13240    -5.01937    -0.11303
   5.62004  -2.81670   2.26326    -4.26016    -2.96415    -1.29601
   6.00280  -2.97525   2.26326    -3.47389    -2.32246    -1.15144
   5.58519  -3.16242   1.98810    -3.57994    -2.75127    -0.82867
   5.32138  -3.33400   1.66593    -4.00351    -4.16386     0.16035
   7.78795  -0.64879  -2.10544   -13.70795   -14.86733     1.15938
   7.53574  -0.32011  -2.10544   -13.25237   -14.38673     1.13436
   7.20706  -0.06790  -2.10544   -12.51819   -13.37202     0.85383
   6.82430   0.09064  -2.10544   -11.66603   -12.03252     0.36649
   6.41355   0.14472  -2.10544   -11.11194   -10.71099    -0.40095
   7.35255  -0.65439  -2.32681   -12.45104   -12.95820     0.50716
   7.02644  -0.38075  -2.32681   -11.72188   -11.97343     0.25155
   6.62641  -0.23515  -2.32681   -11.19226   -10.82632    -0.36594
   6.20070  -0.23515  -2.32681   -11.13139    -9.88258    -1.24881
   7.13612  -1.02513  -2.48894   -12.41528   -12.32373    -0.09154
   6.83072  -0.71974  -2.48894   -11.50790   -11.31218    -0.19572
   6.41355  -0.60796  -2.48894   -11.18222   -10.44139    -0.74083
   6.62474  -1.07652  -2.58785   -11.68234   -11.34269    -0.33965
   6.20236  -1.07652  -2.58785   -11.57818   -11.17431    -0.40386
   6.41355  -1.44230  -2.62109   -12.02873   -11.97137    -0.05736
   7.08278  -2.56482   2.46009    -4.80610    -4.66282    -0.14328
   7.50515  -2.56482   2.42684    -4.34174    -4.43374     0.09200
   6.87159  -2.93061   2.42684    -3.31325    -2.60468    -0.70857
   7.29396  -2.93061   2.42684    -2.71963    -2.23069    -0.48893
   7.91713  -2.56482   2.32794    -3.06476    -3.28636     0.22161
   6.36021  -2.98199   2.32794    -3.34525    -2.30378    -1.04148
   6.66561  -3.28739   2.32794    -2.26154    -1.20855    -1.05300
   7.08278  -3.39917   2.32794    -1.20231    -0.19631    -1.00600
   7.49995  -3.28739   2.32794    -0.48318     0.28891    -0.77209
   7.80534  -2.98199   2.32794    -0.77184    -0.43279    -0.33905
   6.14378  -3.35273   2.16580    -2.42407    -1.33979    -1.08428
   6.46989  -3.62637   2.16580    -1.24812    -0.08323    -1.16489
   6.86993  -3.77197   2.16580    -0.10166     1.10805    -1.20970
   7.29563  -3.77197   2.16580     0.96260     2.09036    -1.12776
   7.69567  -3.62637   2.16580     1.88692     2.80969    -0.92277
   8.02178  -3.35273   2.16580     2.36634     2.96844    -0.60210
   5.70838  -3.35833   1.94443    -2.81375    -2.06082    -0.75293
   5.96059  -3.68701   1.94443    -1.40562    -0.53169    -0.87393
   6.28927  -3.93922   1.94443    -0.03012     1.05590    -1.08602
   6.67203  -4.09776   1.94443     1.17595     2.38151    -1.20556
   7.08278  -4.15184   1.94443     2.23707     3.43143    -1.19436
   7.49353  -4.09776   1.94443     3.26242     4.34594    -1.08352
   7.87629  -3.93922   1.94443     4.30974     5.21680    -0.90707
   5.36266  -3.39319   1.66927    -3.64269    -3.75283     0.11013
   5.59012  -3.75518   1.66927    -1.59764    -1.36569    -0.23195
   5.89242  -4.05748   1.66927     0.38466     1.04633    -0.66167
   6.25441  -4.28494   1.66927     2.02184     2.98433    -0.96249
   6.65795  -4.42614   1.66927     3.26054     4.34491    -1.08437
   7.08278  -4.47401   1.66927     4.24134     5.29707    -1.05574
   7.50761  -4.42614   1.66927     5.18260     6.12029    -0.93769
   7.91114  -4.28494   1.66927     6.25564     7.03880    -0.78316
   5.36577  -3.91509   1.34711    -1.47967    -1.94621     0.46655
   5.65234  -4.21564   1.34711     1.29330     1.48168    -0.18838
   5.99061  -4.45652   1.34711     3.45444     4.06911    -0.61467
   6.36835  -4.62903   1.34711     4.94352     5.76761    -0.82409
   6.77191  -4.72693   1.34711     5.90486     6.76263    -0.85776
   7.18671  -4.74669   1.34711     6.59952     7.37122    -0.77170
   7.59776  -4.68759   1.34711     7.29605     7.92724    -0.63118
   7.99019  -4.55177   1.34711     8.19527     8.68105    -0.48578
   7.08278  -4.97054   0.98586     8.72489     9.19331    -0.46842
   7.50053  -4.93399   0.98586     9.05998     9.37302    -0.31304
   7.90558  -4.82545   0.98586     9.57956     9.73574    -0.15618
   8.28564  -4.64823   0.98586    10.44741    10.47945    -0.03204
   7.71315  -5.05410   0.59443    10.86658    10.71139     0.15520
   8.11427  -4.91639   0.59443    11.16402    10.86407     0.29995
   8.48726  -4.71454   0.59443    11.90260    11.51375     0.38885
   7.90685  -5.10106   0.18246    11.94339    11.36384     0.57955
   8.29346  -4.94092   0.18246    12.00739    11.31798     0.68941
   8.65026  -4.72227   0.18246    12.53827    11.80877     0.72950
   7.99542  -5.10590  -0.23991    12.23330    11.36863     0.86467
   8.37262  -4.93680  -0.23991    11.98292    11.04054     0.94238
   8.71959  -4.71211  -0.23991    12.17996    11.23918     0.94077
   7.90685  -5.10106  -0.66229    12.01116    11.05106     0.96010
   8.29346  -4.94092  -0.66229    11.30458    10.27129     1.03330
   8.65026  -4.72227  -0.66229    11.02158    10.00281     1.01876
   9.34114  -1.34266  -1.07426    -7.21197    -8.40385     1.19188
   8.11427  -4.91639  -1.07426    10.27296     9.31393     0.95903
   8.48726  -4.71454  -1.07426     9.48857     8.53551     0.95306
   8.82194  -4.45405  -1.07426     9.04178     8.19085     0.85094
   9.10918  -4.14203  -1.07426     8.79392     8.11575     0.67817
   9.34341  -1.74202  -1.46569    -4.89018    -5.36968     0.47950
   9.16619  -1.36196  -1.46569    -8.47765    -9.39252     0.91487
   8.92566  -1.01846  -1.46569   -12.14545   -13.56609     1.42064
   7.90558  -4.82545  -1.46569     8.83220     8.09822     0.73398
   8.28564  -4.64823  -1.46569     7.69703     6.96046     0.73658
   8.62914  -4.40771  -1.46569     6.82291     6.17722     0.64569
   8.92566  -4.11119  -1.46569     6.12324     5.65282     0.47041
   9.16619  -3.76768  -1.46569     5.42294     5.16482     0.25812
   9.26713  -2.56482  -1.82693    -2.05133    -1.68719    -0.36414
   9.22765  -2.15143  -1.82693    -4.42457    -4.21199    -0.21258
   9.11066  -1.75298  -1.82693    -7.10529    -7.20193     0.09664
   8.92037  -1.38387  -1.82693    -9.86759   -10.39927     0.53168
   8.66366  -1.05745  -1.82693   -12.41151   -13.44648     1.03497
   8.34982  -0.78550  -1.82693   -14.36181   -15.89483     1.53302
   7.99019  -4.55177  -1.82693     5.85278     5.44832     0.40446
   8.34982  -4.34414  -1.82693     4.66867     4.32951     0.33916
   8.66366  -4.07219  -1.82693     3.61194     3.42420     0.18775
   8.92037  -3.74577  -1.82693     2.57593     2.59642    -0.02050
   9.11066  -3.37666  -1.82693     1.39307     1.61766    -0.22459
   9.22765  -2.97821  -1.82693    -0.11170     0.24603    -0.35773
   8.99197  -2.56482  -2.14910    -4.68059    -3.97364    -0.70695
   8.94410  -2.13999  -2.14910    -6.88880    -6.31693    -0.57187
   8.80290  -1.73645  -2.14910    -9.19929    -8.92855    -0.27073
   8.57544  -1.37446  -2.14910   -11.32655   -11.47358     0.14704
   8.27314  -1.07216  -2.14910   -12.92419   -13.50998     0.58579
   7.91114  -0.84470  -2.14910   -13.65712   -14.56663     0.90951
   7.50761  -4.42614  -2.14910     4.20682     4.18663     0.02019
   7.91114  -4.28494  -2.14910     2.92796     2.94376    -0.01580
   8.27314  -4.05748  -2.14910     1.60893     1.73202    -0.12308
   8.57544  -3.75518  -2.14910     0.28991     0.59570    -0.30579
   8.80290  -3.39319  -2.14910    -1.11759    -0.60269    -0.51491
   8.94410  -2.98966  -2.14910    -2.74598    -2.07265    -0.67333
   8.66980  -2.56482  -2.42426    -6.76706    -5.75462    -1.01244
   8.61572  -2.15407  -2.42426    -8.71924    -7.81420    -0.90505
   8.45718  -1.77131  -2.42426   -10.57856    -9.93032    -0.64823
   8.20497  -1.44263  -2.42426   -12.05885   -11.74858    -0.31027
   7.87629  -1.19042  -2.42426   -12.88403   -12.87412    -0.00990
   7.49353  -1.03188  -2.42426   -12.93799   -13.04861     0.11062
   7.08278  -4.15184  -2.42426     1.51983     1.81088    -0.29105
   7.49353  -4.09776  -2.42426     0.77937     1.15113    -0.37177
   7.87629  -3.93922  -2.42426    -0.40161     0.06935    -0.47095
   8.20497  -3.68701  -2.42426    -1.77020    -1.14768    -0.62252
   8.45718  -3.35833  -2.42426    -3.26619    -2.45715    -0.80904
   8.61572  -2.97557  -2.42426    -4.92407    -3.95969    -0.96438
   8.30855  -2.56482  -2.64563    -8.29191    -7.05335    -1.23856
   8.23463  -2.14558  -2.64563   -10.13428    -8.99701    -1.13727
   8.02178  -1.77691  -2.64563   -11.64093   -10.74727    -0.89366
   7.69567  -1.50327  -2.64563   -12.49622   -11.87483    -0.62139
   7.29563  -1.35767  -2.64563   -12.61608   -12.16671    -0.44937
   6.86993  -1.35767  -2.64563   -12.31676   -11.95131    -0.36545
   6.46989  -1.50327  -2.64563   -12.09776   -12.02642    -0.07133
   6.14378  -1.77691  -2.64563   -12.15486   -12.88237     0.72751
   5.93093  -2.14558  -2.64563   -12.21071   -13.77156     1.56086
   5.85701  -2.56482  -2.64563   -11.45644   -13.06526     1.60882
   5.93093  -2.98406  -2.64563    -9.17105   -10.16208     0.99103
   6.14378  -3.35273  -2.64563    -5.98393    -6.29960     0.31567
   6.46989  -3.62637  -2.64563    -3.34274    -3.17325    -0.16949
   6.86993  -3.77197  -2.64563    -2.11471    -1.64108    -0.47363
   7.29563  -3.77197  -2.64563    -2.24586    -1.57957    -0.66628
   7.69567  -3.62637  -2.64563    -3.24862    -2.41879    -0.82983
   8.02178  -3.35273  -2.64563    -4.70695    -3.69694    -1.01001
   8.23463  -2.98406  -2.64563    -6.42319    -5.24785    -1.17534
   7.91713  -2.56482  -2.80777    -9.27710    -7.94360    -1.33350
   7.80534  -2.14765  -2.80777   -10.98079    -9.76136    -1.21943
   7.49995  -1.84226  -2.80777   -12.00614   -11.04246    -0.96367
   7.08278  -1.73047  -2.80777   -12.19251   -11.51905    -0.67345
   6.66561  -1.84226  -2.80777   -11.92080   -11.65470    -0.26610
   6.36021  -2.14765  -2.80777   -11.44891   -11.73721     0.28830
   6.24843  -2.56482  -2.80777   -10.32441   -10.78566     0.46125
   6.36021  -2.98199  -2.80777    -8.17708    -8.24768     0.07060
   6.66561  -3.28739  -2.80777    -6.03978    -5.60963    -0.43015
   7.08278  -3.39917  -2.80777    -5.23531    -4.43942    -0.79589
   7.49995  -3.28739  -2.80777    -5.88541    -4.83208    -1.05333
   7.80534  -2.98199  -2.80777    -7.41089    -6.15927    -1.25162
   7.50515  -2.56482  -2.90667    -9.79166    -8.54417    -1.24749
   7.29396  -2.19903  -2.90667   -11.20104   -10.15023    -1.05082
   6.87159  -2.19903  -2.90667   -11.22614   -10.59916    -0.62699
   6.66041  -2.56482  -2.90667   -10.02509    -9.64659    -0.37850
   6.87159  -2.93061  -2.90667    -8.25175    -7.54521    -0.70654
   7.29396  -2.93061  -2.90667    -8.16327    -7.06901    -1.09426
   7.08278  -2.56482  -2.93991    -9.96736    -9.02768    -0.93968
   7.08700  -0.41338   3.27740    -9.95544    -9.80935    -0.14608
   7.50938  -0.41338   3.24416   -10.96134   -10.68354    -0.27780
   6.87582  -0.77917   3.24416    -9.86257    -9.94706     0.08450
   7.29819  -0.77917   3.24416   -10.84587   -10.78675    -0.05913
   7.92135  -0.41338   3.14525   -12.01994   -11.61044    -0.40950
   7.80957   0.00379   3.14525   -10.68147   -10.15382    -0.52765
   6.36444  -0.83055   3.14525    -8.77007    -9.03873     0.26866
   6.66983  -1.13595   3.14525    -9.31412    -9.47845     0.16433
   7.08700  -1.24773   3.14525   -10.15750   -10.27419     0.11670
   7.50418  -1.13595   3.14525   -11.21297   -11.19538    -0.01758
   7.80957  -0.83055   3.14525   -12.07140   -11.83165    -0.23975
   8.31278  -0.41338   2.98311   -13.06538   -12.49095    -0.57443
   8.23885   0.00586   2.98311   -11.92017   -11.34653    -0.57364
   6.14801  -1.20129   2.98311    -8.06852    -8.15182     0.08330
   6.47412  -1.47493   2.98311    -8.38164    -8.41245     0.03080
   6.87415  -1.62053   2.98311    -8.94829    -9.07795     0.12967
   7.29986  -1.62053   2.98311    -9.79856    -9.96943     0.17087
   7.69989  -1.47493   2.98311   -10.91992   -10.96872     0.04880
   8.02600  -1.20129   2.98311   -12.15235   -11.94741    -0.20494
   8.23885  -0.83262   2.98311   -13.04655   -12.59259    -0.45396
   8.67402  -0.41338   2.76174   -14.03550   -13.25692    -0.77859
   8.61995  -0.00263   2.76174   -13.15134   -12.45905    -0.69230
   8.46140   0.38013   2.76174   -11.19038   -10.65210    -0.53827
   5.71260  -1.20689   2.76174    -7.18436    -6.90862    -0.27574
   5.96481  -1.53557   2.76174    -7.12161    -6.58995    -0.53166
   6.29349  -1.78778   2.76174    -7.17243    -6.80434    -0.36809
   6.67625  -1.94632   2.76174    -7.45293    -7.39918    -0.05375
   7.08700  -2.00040   2.76174    -7.97000    -8.17073     0.20073
   7.49775  -1.94632   2.76174    -8.71987    -9.01212     0.29225
   7.88051  -1.78778   2.76174    -9.81613    -9.99996     0.18383
   8.20920  -1.53557   2.76174   -11.26944   -11.17656    -0.09289
   8.46140  -1.20689   2.76174   -12.77421   -12.34374    -0.43047
   8.61995  -0.82413   2.76174   -13.83784   -13.14640    -0.69143
   8.99619  -0.41338   2.48659   -14.87072   -13.86798    -1.00274
   8.94832   0.01145   2.48659   -14.21811   -13.35468    -0.86343
   8.80712   0.41499   2.48659   -12.37700   -11.80853    -0.56847
   7.51184  -2.27470   2.48659    -6.57567    -6.98805     0.41237
   7.91537  -2.13350   2.48659    -7.28539    -7.72472     0.43933
   8.27736  -1.90604   2.48659    -8.73744    -8.96136     0.22392
   8.57967  -1.60374   2.48659   -10.78877   -10.61672    -0.17205
   8.80712  -1.24175   2.48659   -12.86332   -12.26128    -0.60203
   8.94832  -0.83822   2.48659   -14.35804   -13.44628    -0.91176
   9.27135  -0.41338   2.16442   -15.51894   -14.30887    -1.21006
   9.23188   0.00001   2.16442   -15.21899   -14.14787    -1.07111
   9.11488   0.39846   2.16442   -13.77634   -13.04522    -0.73112
   8.92459   0.76757   2.16442   -11.21861   -10.94746    -0.27116
   8.35405  -2.19270   2.16442    -4.82178    -5.39635     0.57457
   8.66789  -1.92075   2.16442    -7.19377    -7.43113     0.23737
   8.92459  -1.59433   2.16442   -10.11671    -9.85152    -0.26519
   9.11488  -1.22522   2.16442   -12.78927   -12.02945    -0.75982
   9.23188  -0.82677   2.16442   -14.67807   -13.57630    -1.10177
   9.49272  -0.41338   1.80317   -15.94564   -14.58789    -1.35775
   9.45617   0.00437   1.80317   -15.98957   -14.74546    -1.24411
   9.34764   0.40942   1.80317   -14.85127   -13.95323    -0.89804
   9.17042   0.78948   1.80317   -12.57655   -12.18726    -0.38929
   9.17042  -1.61624   1.80317    -8.53350    -8.34918    -0.18432
   9.34764  -1.23618   1.80317   -12.15674   -11.37561    -0.78113
   9.45617  -0.83113   1.80317   -14.66929   -13.47042    -1.19887
   9.65486  -0.41338   1.41174   -16.14017   -14.73547    -1.40470
   9.61983   0.00927   1.41174   -16.54743   -15.20284    -1.34458
   9.51572   0.42040   1.41174   -15.72225   -14.69083    -1.03142
   9.34536   0.80878   1.41174   -13.75752   -13.21873    -0.53879
   9.51572  -1.24716   1.41174   -11.12825   -10.46738    -0.66087
   9.61983  -0.83604   1.41174   -14.37938   -13.20603    -1.17335
   9.75376  -0.41338   0.99977   -16.12574   -14.80177    -1.32397
   9.72093   0.00379   0.99977   -16.88565   -15.54584    -1.33982
   9.62324   0.41069   0.99977   -16.41879   -15.31632    -1.10247
   9.46310   0.79730   0.99977   -14.86445   -14.17870    -0.68574
   9.24446   1.15410   0.99977   -12.31299   -12.13427    -0.17873
   9.62324  -1.23745   0.99977   -10.06651    -9.64568    -0.42083
   9.72093  -0.83055   0.99977   -13.94640   -12.93011    -1.01629
   9.78700  -0.41338   0.57740   -15.95568   -14.85069    -1.10499
   9.75536  -0.00123   0.57740   -17.01178   -15.80791    -1.20387
   9.66117   0.40127   0.57740   -16.84989   -15.79522    -1.05466
   9.50665   0.78466   0.57740   -15.64883   -14.91679    -0.73205
   9.29541   1.13998   0.57740   -13.54730   -13.21005    -0.33725
   9.66117  -1.22803   0.57740    -9.01543    -8.97043    -0.04500
   9.75536  -0.82553   0.57740   -13.42808   -12.70884    -0.71924
   9.75376  -0.41338   0.15502   -15.70594   -14.94848    -0.75746
   9.72093   0.00379   0.15502   -16.98166   -16.04368    -0.93799
   9.62324   0.41069   0.15502   -17.01429   -16.14394    -0.87035
   9.46310   0.79730   0.15502   -16.02032   -15.38518    -0.63514
   9.24446   1.15410   0.15502   -14.18109   -13.83452    -0.34657
   8.97269   1.47230   0.15502   -11.67168   -11.53025    -0.14143
   9.72093  -0.83055   0.15502   -12.87775   -12.59058    -0.28717
   9.65486  -0.41338  -0.25695   -15.45807   -15.14605    -0.31202
   9.61983   0.00927  -0.25695   -16.83859   -16.27014    -0.56845
   9.51572   0.42040  -0.25695   -16.98480   -16.40443    -0.58037
   9.34536   0.80878  -0.25695   -16.13327   -15.69987    -0.43340
   9.11340   1.16383  -0.25695   -14.49861   -14.24847    -0.25014
   8.82616   1.47585  -0.25695   -12.31048   -12.13242    -0.17806
   9.61983  -0.83604  -0.25695   -12.52697   -12.75087     0.22390
   9.49272  -0.41338  -0.64838   -15.27546   -15.45805     0.18259
   9.45617   0.00437  -0.64838   -16.59951   -16.47093    -0.12858
   9.34764   0.40942  -0.64838   -16.80157   -16.58535    -0.21621
   9.17042   0.78948  -0.64838   -16.09436   -15.93629    -0.15807
   8.92989   1.13299  -0.64838   -14.69816   -14.62958    -0.06858
   8.63337   1.42951  -0.64838   -12.86206   -12.78768    -0.07438
   9.45617  -0.83113  -0.64838   -12.59412   -13.33017     0.73605
   9.27135  -0.41338  -1.00962   -15.17757   -15.84524     0.66766
   9.23188   0.00001  -1.00962   -16.30270   -16.63225     0.32955
   9.11488   0.39846  -1.00962   -16.46146   -16.64843     0.18698
   8.92459   0.76757  -1.00962   -15.81763   -15.99288     0.17525
   8.66789   1.09399  -1.00962   -14.58834   -14.78317     0.19483
   8.35405   1.36594  -1.00962   -13.03776   -13.19021     0.15244
   9.23188  -0.82677  -1.00962   -12.99635   -14.19200     1.19565
   8.99619  -0.41338  -1.33179   -15.12674   -16.20878     1.08204
   8.94832   0.01145  -1.33179   -15.95694   -16.69613     0.73919
   8.80712   0.41499  -1.33179   -15.94627   -16.51543     0.56916
   8.57967   0.77698  -1.33179   -15.21711   -15.73428     0.51718
   8.27736   1.07928  -1.33179   -14.02044   -14.51879     0.49834
   7.91537   1.30674  -1.33179   -12.68134   -13.15249     0.47115
   8.94832  -0.83822  -1.33179   -13.57240   -15.12127     1.54887
   8.67402  -0.41338  -1.60695   -15.03074   -16.40238     1.37164
   8.61995  -0.00263  -1.60695   -15.47878   -16.55181     1.07304
   8.46140   0.38013  -1.60695   -15.31437   -16.21306     0.89869
   8.20920   0.70881  -1.60695   -14.59148   -15.41845     0.82697
   7.88051   0.96102  -1.60695   -13.55672   -14.37061     0.81390
   7.49775   1.11956  -1.60695   -12.53576   -13.39995     0.86420
   8.31278  -0.41338  -1.82832   -14.76467   -16.26227     1.49760
   8.23885   0.00586  -1.82832   -14.84374   -16.10099     1.25726
   8.02600   0.37453  -1.82832   -14.42644   -15.52825     1.10181
   7.69989   0.64817  -1.82832   -13.58182   -14.62350     1.04169
   7.29986   0.79377  -1.82832   -12.64118   -13.69447     1.05329
   6.87415   0.79377  -1.82832   -11.88566   -12.96359     1.07793
   7.92135  -0.41338  -1.99045   -14.21121   -15.64924     1.43803
   7.80957   0.00379  -1.99045   -13.96899   -15.23325     1.26426
   7.50418   0.30918  -1.99045   -13.27622   -14.38578     1.10956
   7.08700   0.42097  -1.99045   -12.34562   -13.28428     0.93866
   6.66983   0.30918  -1.99045   -11.50664   -11.95362     0.44698
   7.29819  -0.04759  -2.08936   -12.76794   -13.73617     0.96824
   6.42291   0.69961   3.56324    -6.55371    -5.93752    -0.61619
   6.84528   0.69961   3.53000    -6.06300    -5.24072    -0.82228
   6.63409   1.06540   3.53000    -5.63315    -4.76355    -0.86961
   6.21172   1.06540   3.53000    -6.78652    -6.17282    -0.61369
   6.00053   0.69961   3.53000    -7.57153    -7.28599    -0.28554
   6.21172   0.33383   3.53000    -7.24020    -6.98555    -0.25465
   6.63409   0.33383   3.53000    -6.92582    -6.40659    -0.51923
   7.25725   0.69961   3.43109    -6.04229    -5.15722    -0.88507
   7.14547   1.11678   3.43109    -4.71009    -3.74369    -0.96640
   6.84008   1.42218   3.43109    -4.45971    -3.54365    -0.91606
   6.42291   1.53396   3.43109    -5.63127    -4.86043    -0.77084
   6.00573   1.42218   3.43109    -7.57843    -7.06791    -0.51052
   5.70034   1.11678   3.43109    -9.06249    -8.89640    -0.16609
   5.58856   0.69961   3.43109    -9.17670    -9.31897     0.14227
   5.70034   0.28244   3.43109    -8.32768    -8.56574     0.23806
   6.00573  -0.02295   3.43109    -7.67821    -7.80302     0.12481
   6.42291  -0.13473   3.43109    -7.75162    -7.67011    -0.08151
   6.84008  -0.02295   3.43109    -7.97690    -7.62444    -0.35247
   7.14547   0.28244   3.43109    -7.43097    -6.77715    -0.65382
   7.64868   0.69961   3.26896    -6.45645    -5.64773    -0.80872
   6.21005   1.90676   3.26896    -6.34663    -5.82178    -0.52486
   5.81002   1.76116   3.26896    -8.91377    -8.57076    -0.34301
   5.48391  -0.08830   3.26896    -8.48330    -9.11581     0.63251
   5.81002  -0.36194   3.26896    -7.82755    -8.25012     0.42256
   6.21005  -0.50754   3.26896    -8.10617    -8.35364     0.24747
   6.63576  -0.50754   3.26896    -9.00915    -9.08679     0.07764
   7.36190  -0.08830   3.26896    -9.68059    -9.24553    -0.43505
   7.57476   0.28037   3.26896    -8.42808    -7.75793    -0.67015
   8.00993   0.69961   3.04759    -7.30233    -6.66942    -0.63290
   6.01216   2.23256   3.04759    -7.61734    -7.38024    -0.23710
   5.30072  -0.42258   3.04759    -8.20845    -8.99842     0.78997
   5.62940  -0.67479   3.04759    -7.65185    -8.14435     0.49250
   6.01216  -0.83333   3.04759    -8.05157    -8.41373     0.36215
   7.95585   0.28886   3.04759    -9.88892    -9.26736    -0.62156
   5.59454  -1.02051   2.77243    -7.22828    -7.25484     0.02656
   6.63496   3.25869   0.02889    -8.18837    -7.87613    -0.31224
   8.50632   1.90247  -0.36254    -8.89934    -8.53457    -0.36477
   8.26579   2.24598  -0.36254    -6.83985    -6.27691    -0.56295
   7.24571   2.96025  -0.36254    -6.41566    -5.72709    -0.68856
   6.84066   3.06878  -0.36254    -8.08107    -7.55124    -0.52983
   6.42291   3.10533  -0.36254   -10.67582   -10.34725    -0.32856
   8.26050   1.88056  -0.72378    -9.51493    -9.17133    -0.34360
   8.00379   2.20698  -0.72378    -7.85767    -7.29147    -0.56621
   7.68995   2.47893  -0.72378    -7.18436    -6.49795    -0.68641
   7.33032   2.68656  -0.72378    -7.44477    -6.77153    -0.67324
   6.93789   2.82238  -0.72378    -8.61884    -8.08779    -0.53106
   6.52684   2.88148  -0.72378   -10.71723   -10.41326    -0.30397
   8.14303   1.52798  -1.04595   -11.82291   -11.89647     0.07357
   7.91557   1.88997  -1.04595    -9.67055    -9.45682    -0.21373
   7.61327   2.19227  -1.04595    -8.63767    -8.24604    -0.39163
   7.25127   2.41973  -1.04595    -8.67908    -8.26801    -0.41107
   6.84774   2.56093  -1.04595    -9.76468    -9.49101    -0.27367
   6.42291   2.60880  -1.04595   -11.86746   -11.84377    -0.02369
   7.79731   1.49312  -1.32111   -11.56814   -11.88080     0.31267
   7.54510   1.82180  -1.32111   -10.08847   -10.15341     0.06494
   7.21642   2.07401  -1.32111    -9.70506    -9.67898    -0.02608
   6.83366   2.23256  -1.32111   -10.40348   -10.45748     0.05400
   6.42291   2.28663  -1.32111   -12.10466   -12.38341     0.27875
   7.36190   1.48752  -1.54248   -11.15900   -11.69356     0.53456
   7.03580   1.76116  -1.54248   -10.64005   -11.04821     0.40816
   6.63576   1.90676  -1.54248   -11.35290   -11.84391     0.49100
   7.14547   1.11678  -1.70461   -11.89695   -12.86211     0.96516
   6.84008   1.42218  -1.70461   -11.27446   -12.06733     0.79287
   6.42291   1.53396  -1.70461   -11.91578   -12.78125     0.86548
   6.63409   1.06540  -1.80352   -11.51103   -12.51240     1.00136
   6.21172   1.06540  -1.80352   -11.78400   -12.71873     0.93473
   6.42291   0.69961  -1.83676   -11.29266   -12.10229     0.80963
   5.14140   0.94960   3.42352   -10.87788   -11.29608     0.41821
   5.35258   1.31539   3.39028   -10.79818   -10.88534     0.08715
   4.93021   1.31539   3.39028   -11.83546   -12.17058     0.33513
   4.71902   0.94960   3.39028   -11.50727   -12.17664     0.66937
   4.93021   0.58382   3.39028   -10.60805   -11.36034     0.75229
   5.35258   0.58382   3.39028    -9.89018   -10.34495     0.45478
   5.55857   1.67217   3.29138   -10.35642   -10.19547    -0.16095
   5.14140   1.78395   3.29138   -11.96849   -11.97372     0.00523
   4.72422   1.67217   3.29138   -12.67193   -12.84546     0.17354
   4.41883   1.36677   3.29138   -12.36005   -12.86514     0.50509
   4.30705   0.94960   3.29138   -11.57881   -12.45892     0.88011
   4.41883   0.53243   3.29138   -10.75802   -11.81460     1.05658
   4.72422   0.22704   3.29138   -10.02760   -11.02270     0.99510
   5.14140   0.11526   3.29138    -9.44778   -10.27017     0.82239
   5.75428   2.01115   3.12924    -9.56199    -9.30825    -0.25374
   5.35425   2.15675   3.12924   -11.61959   -11.47238    -0.14721
   4.92854   2.15675   3.12924   -12.96686   -12.80801    -0.15885
   4.52851   2.01115   3.12924   -13.30383   -13.23898    -0.06485
   4.20240   1.73751   3.12924   -12.77798   -13.01665     0.23868
   3.98955   1.36884   3.12924   -11.87373   -12.56424     0.69050
   3.91562   0.94960   3.12924   -11.03852   -12.14961     1.11109
   3.98955   0.53036   3.12924   -10.36144   -11.66593     1.30449
   4.20240   0.16169   3.12924    -9.75087   -10.97871     1.22784
   4.52851  -0.11195   3.12924    -9.20870   -10.23997     1.03127
   4.92854  -0.25755   3.12924    -8.78388    -9.66873     0.88485
   5.55215   2.48255   2.90787   -10.96761   -10.83402    -0.13359
   5.14140   2.53662   2.90787   -12.81061   -12.52166    -0.28895
   4.73065   2.48255   2.90787   -13.72614   -13.31695    -0.40919
   4.34789   2.32400   2.90787   -13.65586   -13.30446    -0.35140
   4.01920   2.07179   2.90787   -12.78049   -12.71469    -0.06580
   3.76700   1.74311   2.90787   -11.53551   -11.93891     0.40341
   3.60845   1.36035   2.90787   -10.45682   -11.40538     0.94856
   3.55438   0.94960   2.90787    -9.81237   -11.22799     1.41562
   3.60845   0.53885   2.90787    -9.44214   -11.05173     1.60959
   3.76700   0.15609   2.90787    -9.07065   -10.52358     1.45293
   4.01920  -0.17259   2.90787    -8.63704    -9.73147     1.09443
   4.34789  -0.42480   2.90787    -8.25677    -8.98630     0.72953
   4.73065  -0.58334   2.90787    -7.97565    -8.48734     0.51169
   5.14140  -0.63742   2.90787    -7.78677    -8.34198     0.55521
   5.56623   2.81092   2.63271   -11.19477   -11.10206    -0.09271
   5.14140   2.85879   2.63271   -13.18335   -12.76922    -0.41413
   4.71656   2.81092   2.63271   -14.12336   -13.46938    -0.65397
   4.31303   2.66972   2.63271   -13.95895   -13.27275    -0.68620
   3.95104   2.44226   2.63271   -12.77609   -12.32263    -0.45346
   3.64873   2.13996   2.63271   -10.91176   -10.92804     0.01627
   3.28008   0.52477   2.63271    -7.95996   -10.04881     2.08885
   5.65638   3.07237   2.31054   -10.99710   -10.99962     0.00251
   5.24533   3.13147   2.31054   -13.15134   -12.71435    -0.43699
   4.83053   3.11171   2.31054   -14.29216   -13.49971    -0.79245
   4.42697   3.01381   2.31054   -14.35804   -13.39643    -0.96161
   4.04922   2.84130   2.31054   -13.30634   -12.43543    -0.87091
   3.71095   2.60042   2.31054   -11.17092   -10.67625    -0.49467
   5.55915   3.31877   1.94930   -12.02434   -11.85840    -0.16594
   5.14140   3.35532   1.94930   -13.85102   -13.19180    -0.65922
   4.72365   3.31877   1.94930   -14.61344   -13.59087    -1.02257
   4.31859   3.21024   1.94930   -14.23192   -13.06825    -1.16367
   3.93854   3.03301   1.94930   -12.58219   -11.57741    -1.00479
   5.77177   3.43888   1.55787   -11.22552   -11.23901     0.01350
   5.35345   3.50868   1.55787   -13.41051   -12.88626    -0.52425
   4.92935   3.50868   1.55787   -14.53814   -13.56324    -0.97490
   4.51103   3.43888   1.55787   -14.53375   -13.29001    -1.24374
   4.10990   3.30117   1.55787   -13.25237   -12.01446    -1.23791
   5.96547   3.48584   1.14590   -10.56412   -10.66778     0.10366
   5.55857   3.58353   1.14590   -12.91289   -12.53233    -0.38056
   5.14140   3.61636   1.14590   -14.28212   -13.44218    -0.83994
   4.72422   3.58353   1.14590   -14.59964   -13.41654    -1.18310
   4.31732   3.48584   1.14590   -13.73618   -12.42079    -1.31539
   3.93071   3.32570   1.14590   -11.45832   -10.32137    -1.13695
   6.05404   3.49068   0.72352   -10.75175   -10.74164    -0.01010
   5.65545   3.60021   0.72352   -12.91415   -12.54203    -0.37211
   5.24481   3.64762   0.72352   -14.18987   -13.42097    -0.76890
   4.83175   3.63179   0.72352   -14.46598   -13.36653    -1.09945
   4.42595   3.55309   0.72352   -13.59060   -12.32437    -1.26623
   4.03691   3.41336   0.72352   -11.35290   -10.17161    -1.18129
   5.96547   3.48584   0.30115   -12.00739   -11.78640    -0.22100
   5.55857   3.58353   0.30115   -13.63704   -13.13903    -0.49801
   5.14140   3.61636   0.30115   -14.36809   -13.54835    -0.81974
   4.72422   3.58353   0.30115   -14.00664   -12.93261    -1.07403
   4.31732   3.48584   0.30115   -12.32805   -11.15926    -1.16879
   3.93071   3.32570   0.30115    -9.05559    -8.02726    -1.02833
   6.17289   3.30117  -0.11082   -11.65285   -11.41158    -0.24127
   5.77177   3.43888  -0.11082   -13.35654   -13.01397    -0.34257
   5.35345   3.50868  -0.11082   -14.29843   -13.71732    -0.58111
   4.92935   3.50868  -0.11082   -14.21811   -13.38451    -0.83360
   4.51103   3.43888  -0.11082   -12.83320   -11.82530    -1.00789
   4.10990   3.30117  -0.11082    -9.83182    -8.78502    -1.04680
   6.34426   3.03301  -0.50225   -11.52609   -11.25134    -0.27475
   5.96420   3.21024  -0.50225   -13.17707   -12.96266    -0.21441
   5.55915   3.31877  -0.50225   -14.29780   -13.95937    -0.33844
   5.14140   3.35532  -0.50225   -14.60528   -14.05551    -0.54977
   4.72365   3.31877  -0.50225   -13.81462   -13.04726    -0.76736
   4.31859   3.21024  -0.50225   -11.64846   -10.68771    -0.96075
   6.04881   2.93655  -0.86350   -13.35089   -13.29356    -0.05733
   5.65638   3.07237  -0.86350   -14.51869   -14.39476    -0.12393
   5.24533   3.13147  -0.86350   -15.08721   -14.78701    -0.30020
   4.83053   3.11171  -0.86350   -14.83872   -14.29963    -0.53909
   4.42697   3.01381  -0.86350   -13.70230   -12.83966    -0.86264
   5.96976   2.66972  -1.18567   -13.97401   -14.14949     0.17548
   5.56623   2.81092  -1.18567   -15.15373   -15.21812     0.06440
   5.14140   2.85879  -1.18567   -15.90548   -15.75093    -0.15456
   4.71656   2.81092  -1.18567   -16.27195   -15.76213    -0.50982
   6.26359   2.07179  -1.46082   -12.89783   -13.47641     0.57858
   5.93491   2.32400  -1.46082   -14.20054   -14.64692     0.44638
   5.55215   2.48255  -1.46082   -15.51203   -15.79713     0.28509
   5.14140   2.53662  -1.46082   -16.74133   -16.76188     0.02056
   4.73065   2.48255  -1.46082   -18.22539   -17.78042    -0.44497
   6.08039   1.73751  -1.68219   -13.21661   -14.03784     0.82123
   5.75428   2.01115  -1.68219   -14.63854   -15.23585     0.59731
   5.35425   2.15675  -1.68219   -16.24748   -16.57648     0.32900
   4.92854   2.15675  -1.68219   -18.20656   -18.09020    -0.11636
   5.97574   0.94960  -1.84433   -11.89946   -12.50985     0.61039
   5.86396   1.36677  -1.84433   -13.12185   -13.85691     0.73506
   5.55857   1.67217  -1.84433   -14.75212   -15.28736     0.53524
   5.14140   1.78395  -1.84433   -16.71685   -16.86435     0.14750
   4.72422   1.67217  -1.84433   -18.92192   -18.39009    -0.53183
   5.35258   1.31539  -1.94324   -14.41515   -14.56030     0.14515
   4.27667  -0.46061   2.89606    -8.05534    -8.69827     0.64294
   3.65350  -0.09482   2.79715    -8.18021    -9.38347     1.20325
   3.76529  -0.51199   2.79715    -7.39018    -7.85159     0.46142
   4.07068  -0.81739   2.79715    -7.00363    -6.92051    -0.08313
   4.48785  -0.92917   2.79715    -7.05446    -6.70819    -0.34627
   4.90502  -0.81739   2.79715    -7.39206    -7.40953     0.01747
   3.33600   0.32442   2.63502    -8.04216   -10.00867     1.96651
   3.33600  -0.51406   2.63502    -7.44226    -7.85508     0.41282
   3.54885  -0.88273   2.63502    -6.85993    -6.69216    -0.16777
   3.87496  -1.15637   2.63502    -6.53426    -5.95806    -0.57620
   4.27500  -1.30197   2.63502    -6.61332    -5.56548    -1.04784
   4.70071  -1.30197   2.63502    -6.76769    -5.39622    -1.37147
   5.10074  -1.15637   2.63502    -6.84299    -5.85843    -0.98456
   3.69434  -1.46922   2.41365    -6.40687    -5.81168    -0.59519
   4.07710  -1.62776   2.41365    -6.63529    -5.53543    -1.09985
   5.86225   0.69869  -1.95504   -11.56061   -11.37615    -0.18446
   5.61004   1.02737  -1.95504   -12.77860   -12.87164     0.09303
   5.28136   1.27958  -1.95504   -14.50990   -14.52704     0.01714
   4.89860   1.43812  -1.95504   -16.75074   -16.33891    -0.41183
   5.63970   0.32442  -2.17642   -11.47527    -9.94405    -1.53122
   5.42685   0.69309  -2.17642   -12.21384   -11.26651    -0.94734
   5.10074   0.96673  -2.17642   -13.72677   -12.89395    -0.83282
   4.70071   1.11233  -2.17642   -16.05985   -14.88310    -1.17675
   5.21042   0.32235  -2.33855   -11.78337   -10.15106    -1.63232
   4.90502   0.62774  -2.33855   -12.88842   -11.48041    -1.40801
   4.48785   0.73952  -2.33855   -14.59650   -12.99436    -1.60214
   4.69904   0.27096  -2.43746   -11.80471   -10.31120    -1.49351
   4.48785  -0.09482  -2.47070   -10.54153    -9.61945    -0.92208
  -4.39313  -3.29041  -0.02824    22.73592    21.56120     1.17472
  -4.72428  -3.82326  -0.35556    16.62775    14.90777     1.71997
  -4.36315  -3.61477  -0.35556    19.89017    18.87732     1.01285
  -4.05983  -3.32860  -0.35556    22.71145    22.70546     0.00599
  -4.81896  -4.07208  -0.72900    13.54730    12.39556     1.15174
  -4.43784  -3.90239  -0.72900    17.04692    16.25692     0.79000
  -4.10032  -3.65718  -0.72900    20.04956    19.79623     0.25333
  -3.82117  -3.34714  -0.72900    22.70392    23.22387    -0.51995
  -5.02233  -4.25196  -1.13420    10.10353     9.50941     0.59412
  -4.62491  -4.13141  -1.13420    13.93636    13.43894     0.49742
  -4.25865  -3.93564  -1.13420    17.17431    16.91658     0.25773
  -3.93763  -3.67217  -1.13420    19.99685    20.11215    -0.11530
  -3.67416  -3.35115  -1.13420    22.56022    23.19048    -0.63026
  -4.92639  -4.27328  -1.55559    10.31563    10.15968     0.15595
  -4.53833  -4.13898  -1.55559    13.89808    13.77265     0.12543
  -4.18270  -3.93366  -1.55559    16.95280    16.97255    -0.01976
  -3.87236  -3.66474  -1.55559    19.63979    19.89533    -0.25554
  -3.61852  -3.34196  -1.55559    22.10465    22.66556    -0.56091
  -3.43035  -2.97696  -1.55559    24.52495    25.39926    -0.87430
  -5.02233  -4.25196  -1.97699     9.17356     9.25889    -0.08533
  -4.62491  -4.13141  -1.97699    12.82504    12.87862    -0.05358
  -4.25865  -3.93564  -1.97699    15.92431    16.04562    -0.12131
  -3.93763  -3.67217  -1.97699    18.62260    18.88004    -0.25744
  -3.67416  -3.35115  -1.97699    21.05232    21.48390    -0.43159
  -3.47839  -2.98489  -1.97699    23.34900    23.93299    -0.58399
  -5.22703  -4.15882  -2.38219     7.44728     7.61093    -0.16365
  -4.81896  -4.07208  -2.38219    11.25689    11.36112    -0.10422
  -4.43784  -3.90239  -2.38219    14.47539    14.60394    -0.12855
  -4.10032  -3.65718  -2.38219    17.23392    17.44223    -0.20831
  -3.82117  -3.34714  -2.38219    19.64795    19.96066    -0.31271
  -3.61258  -2.98585  -2.38219    21.81411    22.20967    -0.39556
  -3.48366  -2.58908  -2.38219    23.80144    24.18081    -0.37938
  -3.63965  -2.17417  -2.75562    23.19087    23.32588    -0.13501
  -5.12376  -3.94286  -2.75562     9.09952     9.11111    -0.01159
  -4.72428  -3.82326  -2.75562    12.53199    12.56925    -0.03726
  -4.36315  -3.61477  -2.75562    15.44552    15.54553    -0.10001
  -4.05983  -3.32860  -2.75562    17.92544    18.10432    -0.17888
  -3.83069  -2.98020  -2.75562    20.03952    20.28169    -0.24217
  -3.68806  -2.58835  -2.75562    21.81223    22.05668    -0.24445
  -3.90828  -2.17417  -3.08294    20.99208    21.04177    -0.04969
  -3.96491  -1.76210  -3.08294    21.51479    21.44885     0.06594
  -4.13063  -1.38059  -3.08294    21.28449    21.06908     0.21541
  -4.39313  -1.05793  -3.08294    20.45493    20.08590     0.36903
  -5.12488  -3.66958  -3.08294     9.99309     9.78190     0.21119
  -4.73295  -3.53028  -3.08294    13.17895    13.07079     0.10817
  -4.39313  -3.29041  -3.08294    15.86470    15.85352     0.01118
  -4.13063  -2.96776  -3.08294    18.07353    18.13796    -0.06443
  -3.96491  -2.58625  -3.08294    19.80357    19.89686    -0.09328
  -4.23560  -2.17417  -3.35157    18.98091    18.85640     0.12451
  -4.30797  -1.76374  -3.35157    19.42142    19.21974     0.20168
  -4.51635  -1.40281  -3.35157    19.16979    18.83547     0.33432
  -5.22724  -3.35597  -3.35157    10.30245     9.77517     0.52728
  -4.83561  -3.21343  -3.35157    13.34085    13.01003     0.33082
  -4.51635  -2.94554  -3.35157    15.86156    15.66631     0.19524
  -4.30797  -2.58461  -3.35157    17.76981    17.64757     0.12224
  -4.60903  -2.17417  -3.55117    17.11156    16.70889     0.40267
  -4.71977  -1.76087  -3.55117    17.59160    17.09928     0.49232
  -5.02233  -2.89003  -3.55117    13.15197    12.51269     0.63928
  -4.71977  -2.58747  -3.55117    15.60051    15.15040     0.45012
  -5.01423  -2.17417  -3.67409    15.35265    14.55213     0.80051
  -6.69723   0.85562  -2.46700     3.09927     2.43563     0.66364
  -5.36193   0.22013  -2.87220    15.24346    13.94181     1.30165
  -5.69944   0.46535  -2.87220    13.20029    11.88158     1.31871
  -6.08057   0.63503  -2.87220    10.43297     9.28791     1.14506
  -6.48864   0.72177  -2.87220     6.63654     5.86606     0.77048
  -6.90583   0.72177  -2.87220     1.76079     1.50467     0.25612
  -8.64920  -1.67778  -2.87220   -11.84299   -12.22230     0.37931
  -5.32144  -0.10844  -3.24564    15.26229    14.43537     0.82692
  -5.62475   0.17772  -3.24564    13.45569    12.56966     0.88602
  -5.98588   0.38622  -3.24564    11.22489    10.38481     0.84008
  -6.38536   0.50581  -3.24564     8.33019     7.66270     0.66749
  -6.80166   0.53006  -3.24564     4.71071     4.31846     0.39225
  -7.21232   0.45765  -3.24564     0.56790     0.48103     0.08687
  -7.59522   0.29248  -3.24564    -3.58747    -3.44292    -0.14455
  -8.48106  -1.05437  -3.24564    -8.76254    -9.01183     0.24929
  -8.48106  -1.47138  -3.24564    -7.80559    -8.13310     0.32751
  -8.38490  -1.87714  -3.24564    -7.15612    -7.44519     0.28907
  -5.22652  -0.85080  -3.57296    16.18473    15.52514     0.65959
  -5.39224  -0.46929  -3.57296    14.94728    14.28503     0.66225
  -5.65474  -0.14663  -3.57296    13.40862    12.72479     0.68383
  -5.99455   0.09324  -3.57296    11.48342    10.81795     0.66547
  -6.38648   0.23253  -3.57296     9.04116     8.46739     0.57377
  -6.80146   0.26092  -3.57296     6.08057     5.66248     0.41809
  -7.20871   0.17629  -3.57296     2.84199     2.59201     0.24998
  -7.57803  -0.01508  -3.57296    -0.18637    -0.32753     0.14116
  -7.88202  -0.29898  -3.57296    -2.44038    -2.57590     0.13552
  -8.09814  -0.65438  -3.57296    -3.60692    -3.82066     0.21374
  -8.21036  -1.05490  -3.57296    -3.84224    -4.15294     0.31070
  -8.21036  -1.47085  -3.57296    -3.62198    -3.99178     0.36979
  -8.09814  -1.87137  -3.57296    -3.37600    -3.75166     0.37565
  -7.88202  -2.22677  -3.57296    -3.21536    -3.58996     0.37460
  -5.49720  -1.26287  -3.84158    14.49735    13.62154     0.87581
  -5.56957  -0.85244  -3.84158    14.05182    13.33313     0.71869
  -5.77796  -0.49151  -3.84158    12.92230    12.26879     0.65351
  -6.09722  -0.22362  -3.84158    11.23744    10.62733     0.61011
  -6.48885  -0.08107  -3.84158     9.01919     8.47965     0.53955
  -6.90562  -0.08107  -3.84158     6.40499     5.96299     0.44200
  -7.29725  -0.22362  -3.84158     3.78074     3.42066     0.36008
  -7.61651  -0.49151  -3.84158     1.67733     1.33788     0.33945
  -7.82489  -0.85244  -3.84158     0.43612     0.05642     0.37970
  -7.89727  -1.26287  -3.84158    -0.02447    -0.46576     0.44129
  -7.82489  -1.67331  -3.84158    -0.02824    -0.52802     0.49978
  -7.61651  -2.03424  -3.84158     0.26230    -0.32539     0.58769
  -7.29725  -2.30213  -3.84158     1.04606     0.26607     0.77998
  -5.87064  -1.26287  -4.04119    12.29981    11.39857     0.90125
  -5.98138  -0.84958  -4.04119    11.93335    11.20472     0.72863
  -6.28393  -0.54702  -4.04119    10.47313     9.84082     0.63231
  -6.69723  -0.43628  -4.04119     8.26305     7.70711     0.55594
  -7.11053  -0.54702  -4.04119     5.85090     5.35159     0.49931
  -7.41309  -0.84958  -4.04119     3.98782     3.48933     0.49849
  -7.52383  -1.26287  -4.04119     3.09425     2.53818     0.55607
  -7.41309  -1.67617  -4.04119     3.09237     2.42778     0.66459
  -7.11053  -1.97873  -4.04119     3.98155     3.12019     0.86135
  -6.69723  -2.08947  -4.04119     5.98142     4.85446     1.12696
  -6.28393  -1.97873  -4.04119     8.78325     7.51761     1.26564
  -5.98138  -1.67617  -4.04119    11.22489    10.08456     1.14033
  -6.27584  -1.26287  -4.16410    10.21585     9.35417     0.86168
  -6.48654  -0.89794  -4.16410     9.44778     8.74839     0.69939
  -6.90793  -0.89794  -4.16410     7.22452     6.59687     0.62765
  -7.11863  -1.26287  -4.16410     5.75050     5.07674     0.67376
  -6.90793  -1.62781  -4.16410     6.28890     5.44320     0.84570
  -6.48654  -1.62781  -4.16410     8.55735     7.57180     0.98554
  -6.69723  -1.26287  -4.20561     8.08044     7.29991     0.78053
  -5.83629  -1.95710   2.84738    31.71057    33.49379    -1.78323
  -6.04699  -2.32204   2.84738    31.21044    32.69430    -1.48386
  -5.43109  -1.95710   2.72447    28.87799    30.65228    -1.77429
  -5.54183  -1.54380   2.72447    30.93747    33.09556    -2.15808
  -6.25769  -2.78369   2.72447    28.90246    30.12447    -1.22201
  -5.84439  -2.67295   2.72447    27.44915    28.77796    -1.32881
  -5.54183  -2.37040   2.72447    27.67442    29.17560    -1.50118
  -6.85770  -2.99636   2.52486    29.82992    30.85589    -1.02597
  -6.46607  -3.13890   2.52486    26.44890    27.50392    -1.05503
  -6.04930  -3.13890   2.52486    24.98743    26.03445    -1.04702
  -5.65767  -2.99636   2.52486    24.74458    25.82900    -1.08442
  -5.33841  -2.72846   2.52486    25.32754    26.51076    -1.18322
  -5.13003  -2.36753   2.52486    26.44011    27.76473    -1.32462
  -7.13848  -3.20490   2.25624    27.21383    28.22986    -1.01603
  -6.76917  -3.39626   2.25624    24.19426    25.13190    -0.93764
  -6.36192  -3.48089   2.25624    22.72714    23.56346    -0.83632
  -5.94694  -3.45250   2.25624    22.28788    23.06184    -0.77396
  -5.55501  -3.31321   2.25624    22.58595    23.36606    -0.78011
  -5.21519  -3.07334   2.25624    23.46321    24.31351    -0.85031
  -4.95269  -2.75068   2.25624    24.83745    25.77761    -0.94016
  -7.49016  -3.26344   1.92892    24.98743    26.05153    -1.06410
  -7.15567  -3.51246   1.92892    22.03751    22.92802    -0.89052
  -6.77278  -3.67762   1.92892    20.45995    21.16615    -0.70620
  -6.36211  -3.75003   1.92892    19.83871    20.38693    -0.54822
  -5.94582  -3.72579   1.92892    19.92154    20.36840    -0.44686
  -5.54634  -3.60619   1.92892    20.54968    20.97397    -0.42429
  -5.18520  -3.39769   1.92892    21.63904    22.12492    -0.48588
  -4.88189  -3.11153   1.92892    23.18961    23.79093    -0.60131
  -7.59299  -3.44010   1.55548    19.94664    20.84845    -0.90181
  -7.25548  -3.68532   1.55548    18.10616    18.76691    -0.66075
  -6.87435  -3.85501   1.55548    17.20317    17.63348    -0.43030
  -6.46628  -3.94175   1.55548    17.03814    17.26426    -0.22613
  -6.04909  -3.94175   1.55548    17.45543    17.52951    -0.07408
  -5.64102  -3.85501   1.55548    18.33771    18.33994    -0.00223
  -5.25990  -3.68532   1.55548    19.61030    19.64324    -0.03294
  -4.92238  -3.44010   1.55548    21.25751    21.43212    -0.17461
  -8.01915  -3.13407   1.15028    18.11243    18.93347    -0.82103
  -7.75569  -3.45510   1.15028    15.81198    16.40604    -0.59405
  -7.43466  -3.71856   1.15028    14.37687    14.75323    -0.37636
  -7.06840  -3.91433   1.15028    13.75689    13.89642    -0.13953
  -6.67099  -4.03489   1.15028    13.83784    13.73368     0.10416
  -6.25769  -4.07559   1.15028    14.49861    14.17382     0.32478
  -5.84439  -4.03489   1.15028    15.62561    15.14343     0.48219
  -5.44697  -3.91433   1.15028    17.12913    16.58991     0.53922
  -5.08071  -3.71856   1.15028    18.94639    18.48967     0.45673
  -4.75968  -3.45510   1.15028    21.07365    20.87008     0.20357
  -7.95556  -3.29232   0.72889    12.07517    12.07843    -0.00327
  -7.67219  -3.58952   0.72889    10.38152    10.35768     0.02383
  -7.33769  -3.82771   0.72889     9.63541     9.47036     0.16505
  -6.96415  -3.99830   0.72889     9.72514     9.32533     0.39981
  -6.56509  -4.09511   0.72889    10.52145     9.83682     0.68463
  -6.15491  -4.11465   0.72889    11.89256    10.93045     0.96211
  -5.74845  -4.05621   0.72889    13.71736    12.54337     1.17399
  -5.36039  -3.92190   0.72889    15.88666    14.62569     1.26097
  -5.00476  -3.71658   0.72889    18.31135    17.14955     1.16180
  -4.69442  -3.44767   0.72889    20.93748    20.13531     0.80217
  -7.06840  -3.91433   0.30749     4.41955     3.64719     0.77236
  -6.67099  -4.03489   0.30749     5.71222     4.57894     1.13328
  -6.25769  -4.07559   0.30749     7.79994     6.23406     1.56589
  -5.84439  -4.03489   0.30749    10.49196     8.53158     1.96038
  -5.44697  -3.91433   0.30749    13.61382    11.39511     2.21870
  -5.08071  -3.71856   0.30749    16.99986    14.75068     2.24918
  -4.75968  -3.45510   0.30749    20.48442    18.54355     1.94087
  -5.61339   0.42444   3.29899    17.13917    17.99012    -0.85096
  -5.19199   0.42444   3.25749    15.18510    15.96740    -0.78229
  -5.40269   0.78938   3.25749    13.99158    14.64952    -0.65794
  -5.82409   0.78938   3.25749    15.45179    16.19621    -0.74441
  -6.03478   0.42444   3.25749    18.85729    19.87094    -1.01365
  -5.82409   0.05950   3.25749    21.09059    22.21518    -1.12458
  -5.40269   0.05950   3.25749    18.74810    19.71671    -0.96860
  -4.78679   0.42444   3.13457    12.83069    13.67341    -0.84273
  -4.89753   0.83774   3.13457    11.12135    11.89359    -0.77224
  -5.20009   1.14029   3.13457    11.28199    11.81875    -0.53675
  -5.61339   1.25104   3.13457    12.27534    12.74928    -0.47394
  -6.02668   1.14029   3.13457    13.70543    14.37642    -0.67099
  -6.32924   0.83774   3.13457    16.09562    17.10321    -1.00759
  -6.43998   0.42444   3.13457    20.26479    21.55350    -1.28871
  -6.32924   0.01114   3.13457    25.03951    26.43876    -1.39925
  -6.02668  -0.29141   3.13457    26.44702    27.91041    -1.46339
  -5.61339  -0.40216   3.13457    24.05746    25.43601    -1.37855
  -5.20009  -0.29141   3.13457    20.33445    21.39880    -1.06436
  -4.89753   0.01114   3.13457    16.33721    17.16305    -0.82585
  -5.01337   1.46370   2.93497     8.82341     9.25499    -0.43157
  -5.40500   1.60624   2.93497    10.03764    10.28848    -0.25084
  -5.82177   1.60624   2.93497    11.02973    11.38218    -0.35245
  -6.21340   1.46370   2.93497    11.96912    12.60739    -0.63827
  -6.53267   1.19581   2.93497    13.28626    14.32544    -1.03918
  -6.74105   0.83488   2.93497    15.81136    17.29038    -1.47902
  -5.82177  -0.75736   2.93497    30.22400    32.15394    -1.92994
  -5.40500  -0.75736   2.93497    25.95317    27.58002    -1.62686
  -5.01337  -0.61482   2.93497    22.05194    23.15408    -1.10214
  -4.69411  -0.34693   2.93497    18.06914    18.74994    -0.68081
  -5.30264   1.91985   2.66634     8.47201     8.43219     0.03982
  -5.71762   1.94823   2.66634     9.43774     9.53294    -0.09519
  -6.12487   1.86360   2.66634    10.03199    10.42264    -0.39064
  -6.49418   1.67224   2.66634    10.47815    11.26356    -0.78541
  -6.79817   1.38833   2.66634    11.04856    12.33548    -1.28692
  -5.71762  -1.09935   2.66634    33.33644    35.95167    -2.61523
  -5.30152   2.19313   2.33903     7.57843     7.13778     0.44065
  -5.71781   2.21738   2.33903     8.42683     8.29382     0.13300
  -6.12848   2.14497   2.33903     8.80270     9.05516    -0.25245
  -6.51137   1.97980   2.33903     8.87863     9.55451    -0.67587
  -6.84586   1.73078   2.33903     8.74874     9.91668    -1.16794
  -7.11390   1.41134   2.33903     8.47326    10.30421    -1.83095
  -5.40479   2.40909   1.96559     7.26154     6.47387     0.78767
  -5.82198   2.40909   1.96559     7.79430     7.56089     0.23340
  -6.23006   2.32235   1.96559     7.89093     8.15996    -0.26903
  -6.61118   2.15266   1.96559     7.67130     8.40029    -0.72898
  -6.94869   1.90745   1.96559     7.15173     8.35154    -1.19982
  -7.22785   1.59741   1.96559     6.20732     8.01470    -1.80738
  -5.61339   2.54294   1.56039     7.18310     6.39938     0.78372
  -6.02668   2.50223   1.56039     7.28601     7.22561     0.06040
  -6.42410   2.38167   1.56039     7.05195     7.54919    -0.49724
  -6.79036   2.18591   1.56039     6.54430     7.48456    -0.94026
  -7.11139   1.92244   1.56039     5.74987     7.07894    -1.32907
  -5.51061   2.58199   1.13899     6.99297     5.68836     1.30460
  -5.92079   2.56245   1.13899     6.98293     6.69843     0.28450
  -6.31985   2.46564   1.13899     6.66415     7.08461    -0.42046
  -6.69339   2.29506   1.13899     6.11132     7.01320    -0.90188
  -7.02789   2.05686   1.13899     5.39533     6.59935    -1.20403
  -5.74964   2.67421   0.24075     6.33785     5.47131     0.86654
  -6.15771   2.58747   0.24075     5.78689     5.75655     0.03034
  -6.53883   2.41778   0.24075     4.94101     5.51081    -0.56980
  -5.54104   2.80805  -0.16445     5.94440     4.63193     1.31246
  -5.95434   2.76735  -0.16445     5.43674     4.78036     0.65638
  -6.35176   2.64679  -0.16445     4.45720     4.32778     0.12942
  -6.71802   2.45102  -0.16445     3.00828     3.29881    -0.29053
  -7.03905   2.18756  -0.16445     1.04104     1.65691    -0.61587
  -5.43827   2.84711  -0.58585     5.80070     4.45972     1.34098
  -5.84844   2.82757  -0.58585     5.30685     4.36817     0.93867
  -6.24751   2.73076  -0.58585     4.26142     3.70463     0.55679
  -6.62104   2.56017  -0.58585     2.63052     2.42622     0.20430
  -6.95554   2.32198  -0.58585     0.25477     0.37594    -0.12117
  -5.12775   2.76735  -1.00724     5.88855     4.55060     1.33795
  -5.54104   2.80805  -1.00724     5.74234     4.52927     1.21307
  -5.95434   2.76735  -1.00724     4.94854     3.96237     0.98617
  -6.35176   2.64679  -1.00724     3.53288     2.81686     0.71602
  -6.71802   2.45102  -1.00724     1.36923     0.94495     0.42427
  -7.03905   2.18756  -1.00724    -1.85868    -1.96638     0.10770
  -4.92438   2.58747  -1.41244     6.13704     5.03927     1.09777
  -5.33245   2.67421  -1.41244     6.17030     4.92856     1.24174
  -5.74964   2.67421  -1.41244     5.52710     4.33941     1.18769
  -6.15771   2.58747  -1.41244     4.24761     3.22427     1.02334
  -6.53883   2.41778  -1.41244     2.23393     1.44347     0.79047
  -6.87635   2.17256  -1.41244    -0.78062    -1.27901     0.49839
  -4.82969   2.33865  -1.78588     6.79091     5.83321     0.95770
  -5.22918   2.45825  -1.78588     6.72000     5.49407     1.22593
  -5.64547   2.48249  -1.78588     6.05296     4.77272     1.28024
  -6.05614   2.41008  -1.78588     4.77409     3.58235     1.19175
  -6.43903   2.24492  -1.78588     2.78238     1.77962     1.00276
  -6.77352   1.99590  -1.78588    -0.14370    -0.86465     0.72095
  -4.49855   1.80580  -2.11320     7.98820     7.32581     0.66238
  -4.83836   2.04567  -2.11320     7.81500     6.78176     1.03325
  -5.23030   2.18496  -2.11320     7.40461     6.13000     1.27461
  -5.64527   2.21335  -2.11320     6.54555     5.19773     1.34782
  -6.05252   2.12872  -2.11320     5.13428     3.85640     1.27788
  -6.42184   1.93736  -2.11320     3.07480     1.98313     1.09167
  -6.72583   1.65345  -2.11320     0.28991    -0.49517     0.78507
  -4.34101   0.68956  -2.38182    13.74497    12.38098     1.36399
  -4.41338   1.09999  -2.38182    11.30835    10.23877     1.06958
  -4.62177   1.46092  -2.38182     9.83747     8.78480     1.05267
  -4.94103   1.72881  -2.38182     8.95582     7.73227     1.22354
  -5.33266   1.87136  -2.38182     8.10868     6.73637     1.37230
  -5.74943   1.87136  -2.38182     6.96034     5.56210     1.39824
  -6.14106   1.72881  -2.38182     5.39909     4.10672     1.29237
  -6.46032   1.46092  -2.38182     3.56676     2.49523     1.07154
  -6.66870   1.09999  -2.38182     2.21699     1.44404     0.77295
  -4.41338   0.27912  -2.38182    16.76768    15.06361     1.70408
  -4.71445   0.68956  -2.58143    13.72238    12.23811     1.48427
  -4.82519   1.10286  -2.58143    11.52233    10.15980     1.36253
  -5.12775   1.40541  -2.58143     9.98242     8.58126     1.40116
  -5.54104   1.51615  -2.58143     8.70230     7.24930     1.45301
  -5.95434   1.40541  -2.58143     7.43411     6.03947     1.39463
  -6.25690   1.10286  -2.58143     6.77397     5.52283     1.25113
  -4.82519   0.27626  -2.58143    16.21171    14.56343     1.64828
  -5.11965   0.68956  -2.70434    13.32391    11.77454     1.54937
  -5.33035   1.05450  -2.70434    11.09625     9.59217     1.50408
  -5.75174   1.05450  -2.70434     9.88014     8.39981     1.48033
  -5.96244   0.68956  -2.70434    11.31149     9.84678     1.46470
  -5.33035   0.32462  -2.70434    15.40975    13.79987     1.60988
  -5.54104   0.68956  -2.74585    12.60729    11.05685     1.55044
  -3.57850  -3.12085  -0.76748    23.85352    25.15151    -1.29799
  -3.17203  -3.06241  -0.76748    22.40334    24.03881    -1.63546
  -2.78398  -2.92810  -0.76748    21.73881    23.39588    -1.65706
  -2.42835  -2.72278  -0.76748    21.73065    23.23347    -1.50281
  -2.11801  -2.45387  -0.76748    22.38138    23.67143    -1.29005
  -3.26797  -3.04109  -1.18888    23.27182    24.47912    -1.20730
  -2.87056  -2.92053  -1.18888    22.17179    23.44350    -1.27171
  -2.50430  -2.72476  -1.18888    21.90949    23.11427    -1.20478
  -2.18327  -2.46130  -1.18888    22.39832    23.49319    -1.09487
  -3.06460  -2.86121  -1.59408    23.03901    23.94899    -0.90997
  -2.68348  -2.69152  -1.59408    22.23705    23.11103    -0.87398
  -2.34597  -2.44630  -1.59408    22.30106    23.09602    -0.79496
  -2.06681  -2.13627  -1.59408    23.17455    23.88432    -0.70976
  -3.36941  -2.73199  -1.96751    24.70944    25.32613    -0.61669
  -2.96992  -2.61239  -1.96751    22.92920    23.50150    -0.57230
  -2.60879  -2.40389  -1.96751    22.30671    22.80132    -0.49461
  -2.30548  -2.11773  -1.96751    22.50814    22.91039    -0.40225
  -2.07633  -1.76933  -1.96751    23.37034    23.65394    -0.28360
  -3.37052  -2.45870  -2.29483    24.45844    24.81283    -0.35440
  -2.97859  -2.31941  -2.29483    22.77169    23.02811    -0.25641
  -2.63878  -2.07954  -2.29483    22.16489    22.31510    -0.15021
  -2.37627  -1.75688  -2.29483    22.23454    22.26394    -0.02939
  -2.21056  -1.37537  -2.29483    22.58846    22.45525     0.13321
  -2.48124  -0.96330  -2.56346    20.97137    20.50795     0.46342
  -2.55361  -0.55286  -2.56346    19.83558    19.22118     0.61440
  -2.76199  -0.19193  -2.56346    17.99446    17.36563     0.62883
  -3.08126   0.07596  -2.56346    16.16025    15.62388     0.53637
  -3.47289   0.21850  -2.56346    15.30496    14.69690     0.60806
  -3.88966   0.21850  -2.56346    15.79818    14.85386     0.94432
  -4.28129   0.07596  -2.56346    17.23706    15.93941     1.29765
  -4.60055  -0.19193  -2.56346    19.12774    17.72627     1.40147
  -3.47289  -2.14510  -2.56346    24.20241    24.32089    -0.11848
  -3.08126  -2.00256  -2.56346    22.48618    22.47500     0.01117
  -2.76199  -1.73466  -2.56346    21.73128    21.58876     0.14253
  -2.55361  -1.37373  -2.56346    21.42443    21.13431     0.29012
  -2.85468  -0.96330  -2.76306    20.15749    19.63312     0.52437
  -2.96542  -0.55000  -2.76306    18.90184    18.27019     0.63165
  -3.26797  -0.24745  -2.76306    17.59788    16.92397     0.67391
  -3.68127  -0.13670  -2.76306    17.25024    16.46337     0.78687
  -4.09457  -0.24745  -2.76306    18.24798    17.31153     0.93645
  -4.39713  -0.55000  -2.76306    20.24597    19.40469     0.84128
  -3.68127  -1.78989  -2.76306    23.88364    23.81018     0.07346
  -3.26797  -1.67915  -2.76306    22.08582    21.86888     0.21694
  -2.96542  -1.37660  -2.76306    21.03412    20.66433     0.36979
  -3.25988  -0.96330  -2.88598    20.01442    19.46526     0.54915
  -3.47058  -0.59836  -2.88598    18.92004    18.25603     0.66400
  -3.89197  -0.59836  -2.88598    19.37875    18.67180     0.70694
  -4.10267  -0.96330  -2.88598    21.49157    20.99377     0.49781
  -3.89197  -1.32824  -2.88598    22.60226    22.29632     0.30595
  -3.47058  -1.32824  -2.88598    21.39933    21.01245     0.38688
  -3.68127  -0.96330  -2.92748    20.46873    19.92866     0.54007
  -3.80573  -1.30244   3.11029    17.12662    16.39659     0.73003
  -3.38434  -1.30244   3.06879    15.92117    14.50074     1.42043
  -3.59504  -0.93750   3.06879    14.70192    13.82131     0.88061
  -4.01643  -0.93750   3.06879    16.59198    16.31175     0.28022
  -4.22713  -1.30244   3.06879    19.14218    19.02309     0.11909
  -4.01643  -1.66738   3.06879    19.05119    18.56684     0.48434
  -3.59504  -1.66738   3.06879    17.60792    16.51069     1.09723
  -2.97914  -1.30244   2.94587    15.60804    13.30680     2.30124
  -4.52159  -0.88914   2.94587    19.88578    20.29355    -0.40778
  -4.63233  -1.30244   2.94587    22.01680    22.54403    -0.52724
  -4.52159  -1.71574   2.94587    21.98480    22.27279    -0.28800
  -4.21903  -2.01829   2.94587    20.64946    20.45380     0.19566
  -3.80573  -2.12903   2.94587    19.16791    18.41641     0.75149
  -3.39244  -2.01829   2.94587    17.99446    16.66595     1.32851
  -3.08988  -1.71574   2.94587    17.00049    15.08402     1.91647
  -4.93340  -0.89200   2.74626    24.13276    25.30395    -1.17119
  -5.00577  -1.30244   2.74626    25.89292    27.23095    -1.33802
  -4.93340  -1.71287   2.74626    25.62812    26.75240    -1.12429
  -4.72501  -2.07380   2.74626    23.96584    24.61801    -0.65217
  -4.40575  -2.34170   2.74626    21.97287    22.08065    -0.10778
  -4.01412  -2.48424   2.74626    20.28989    19.88516     0.40474
  -3.59735  -2.48424   2.74626    19.07441    18.18560     0.88881
  -3.20572  -2.34170   2.74626    18.28061    16.87535     1.40526
  -2.88646  -2.07380   2.74626    17.80370    15.78097     2.02273
  -2.67807  -1.71287   2.74626    17.40837    14.64036     2.76801
  -4.99052  -2.26633   2.47764    26.50788    27.74993    -1.24204
  -4.68653  -2.55024   2.47764    23.79516    24.38196    -0.58680
  -4.31721  -2.74160   2.47764    21.65159    21.70028    -0.04869
  -3.90997  -2.82623   2.47764    20.13050    19.73946     0.39104
  -3.49499  -2.79784   2.47764    19.12461    18.32774     0.79687
  -3.10306  -2.65855   2.47764    18.53726    17.29550     1.24176
  -2.76324  -2.41868   2.47764    18.33520    16.53000     1.80520
  -2.50074  -2.09602   2.47764    18.53287    15.94592     2.58695
  -4.70372  -2.85780   2.15032    23.72613    24.32353    -0.59739
  -4.32083  -3.02296   2.15032    21.58005    21.70768    -0.12763
  -3.91016  -3.09537   2.15032    20.15059    19.92728     0.22331
  -3.49387  -3.07113   2.15032    19.23630    18.69815     0.53816
  -3.09439  -2.95153   2.15032    18.72300    17.83585     0.88715
  -2.73325  -2.74303   2.15032    18.59248    17.25476     1.33772
  -2.42994  -2.45687   2.15032    18.94326    16.96017     1.98308
  -4.42240  -3.20035   1.77689    21.81223    22.05762    -0.24539
  -4.01433  -3.28709   1.77689    20.35515    20.36570    -0.01055
  -3.59714  -3.28709   1.77689    19.43460    19.24625     0.18835
  -3.18907  -3.20035   1.77689    18.90247    18.48376     0.41871
  -2.80794  -3.03066   1.77689    18.71610    17.98437     0.73173
  -2.47043  -2.78544   1.77689    18.93573    17.75205     1.18368
  -4.61645  -3.25967   1.37168    22.47739    22.67170    -0.19431
  -4.21903  -3.38023   1.37168    20.83771    20.99649    -0.15878
  -3.80573  -3.42093   1.37168    19.81863    19.95406    -0.13542
  -3.39244  -3.38023   1.37168    19.19928    19.26330    -0.06402
  -2.99502  -3.25967   1.37168    18.89682    18.80563     0.09119
  -2.62876  -3.06390   1.37168    18.91627    18.55619     0.36009
  -2.30773  -2.80044   1.37168    19.35365    18.57201     0.78164
  -4.51220  -3.34364   0.95029    21.83106    21.68968     0.14137
  -4.11314  -3.44045   0.95029    20.58168    20.77781    -0.19613
  -3.70296  -3.45999   0.95029    19.79416    20.19432    -0.40016
  -3.29650  -3.40155   0.95029    19.32667    19.79290    -0.46623
  -2.90844  -3.26724   0.95029    19.14218    19.53812    -0.39594
  -2.55281  -3.06192   0.95029    19.26329    19.44815    -0.18487
  -2.24247  -2.79301   0.95029    19.77031    19.58592     0.18440
  -4.21903  -3.38023   0.52889    21.32277    21.30464     0.01813
  -3.80573  -3.42093   0.52889    20.46308    21.06227    -0.59918
  -3.39244  -3.38023   0.52889    19.92343    20.83687    -0.91344
  -2.99502  -3.25967   0.52889    19.68372    20.67968    -0.99596
  -2.62876  -3.06390   0.52889    19.76529    20.64765    -0.88235
  -2.30773  -2.80044   0.52889    20.21773    20.79418    -0.57645
  -4.42240  -3.20035   0.12369    23.41740    22.29337     1.12403
  -4.01433  -3.28709   0.12369    22.11469    22.53023    -0.41554
  -3.59714  -3.28709   0.12369    21.22300    22.44250    -1.21950
  -3.18907  -3.20035   0.12369    20.72036    22.29958    -1.57921
  -2.80794  -3.03066   0.12369    20.62247    22.24782    -1.62535
  -7.80735  -1.10956   4.10668    21.69740    20.79543     0.90196
  -7.38595  -1.10956   4.06518    23.98153    23.34382     0.63771
  -7.59665  -0.74462   4.06518    21.43008    20.77752     0.65255
  -8.01804  -0.74462   4.06518    18.85541    17.94352     0.91189
  -8.22874  -1.10956   4.06518    19.06625    17.95857     1.10768
  -8.01804  -1.47450   4.06518    21.68359    20.64784     1.03575
  -7.59665  -1.47450   4.06518    24.03612    23.20900     0.82713
  -6.98075  -1.10956   3.94226    26.00462    25.70263     0.30199
  -7.09149  -0.69626   3.94226    23.94953    23.72182     0.22771
  -7.39405  -0.39371   3.94226    20.91866    20.63038     0.28827
  -7.80735  -0.28296   3.94226    17.71271    17.20119     0.51152
  -8.22064  -0.39371   3.94226    15.39971    14.54708     0.85263
  -8.52320  -0.69626   3.94226    14.79479    13.64582     1.14897
  -8.63394  -1.10956   3.94226    15.99459    14.73860     1.25599
  -8.52320  -1.52286   3.94226    18.44815    17.25458     1.19358
  -8.22064  -1.82541   3.94226    21.36670    20.31114     1.05556
  -7.80735  -1.93615   3.94226    24.04616    23.16276     0.88340
  -7.39405  -1.82541   3.94226    25.95379    25.27324     0.68055
  -7.09149  -1.52286   3.94226    26.68735    26.21692     0.47044
  -6.60732  -1.10956   3.74266    27.85766    27.98276    -0.12511
  -6.67968  -0.69912   3.74266    26.09247    26.31370    -0.22123
  -6.88807  -0.33819   3.74266    23.48580    23.72978    -0.24398
  -7.20733  -0.07030   3.74266    20.22840    20.41333    -0.18493
  -7.59896   0.07224   3.74266    16.70305    16.71623    -0.01318
  -8.01573   0.07224   3.74266    13.48330    13.18787     0.29543
  -9.00738  -1.10956   3.74266    12.37637    11.04094     1.33543
  -8.93501  -1.51999   3.74266    14.88390    13.64117     1.24273
  -8.72662  -1.88092   3.74266    17.78989    16.68364     1.10626
  -8.40736  -2.14882   3.74266    20.73480    19.76868     0.96612
  -8.01573  -2.29136   3.74266    23.45631    22.63579     0.82051
  -7.59896  -2.29136   3.74266    25.76931    25.11680     0.65250
  -7.20733  -2.14882   3.74266    27.51755    27.06360     0.45395
  -6.88807  -1.88092   3.74266    28.53850    28.30101     0.23749
  -6.67968  -1.51999   3.74266    28.68032    28.64575     0.03457
  -6.28000  -1.10956   3.47403    29.64480    30.31879    -0.67399
  -6.33663  -0.69748   3.47403    28.00512    28.76962    -0.76450
  -6.50235  -0.31597   3.47403    25.63502    26.42997    -0.79495
  -6.76485   0.00668   3.47403    22.54265    23.32810    -0.78545
  -7.10467   0.24655   3.47403    18.82403    19.56299    -0.73896
  -9.20825  -1.71806   3.47403    12.44791    11.35128     1.09662
  -8.99213  -2.07345   3.47403    15.63942    14.69371     0.94571
  -8.68814  -2.35736   3.47403    18.77697    17.96194     0.81502
  -8.31883  -2.54872   3.47403    21.71183    21.01823     0.69360
  -7.91158  -2.63335   3.47403    24.35427    23.79708     0.55720
  -7.49660  -2.60496   3.47403    26.64468    26.25854     0.38614
  -7.10467  -2.46567   3.47403    28.51591    28.34229     0.17363
  -6.76485  -2.22580   3.47403    29.86757    29.93606    -0.06849
  -6.50235  -1.90315   3.47403    30.57038    30.88189    -0.31151
  -6.33663  -1.52163   3.47403    30.51077    31.03169    -0.52092
  -6.01137  -1.10956   3.14671    31.48592    32.88116    -1.39525
  -6.05978  -0.69538   3.14671    29.93346    31.38625    -1.45279
  -6.20241  -0.30353   3.14671    27.76479    29.19312    -1.42833
  -6.43155   0.04487   3.14671    24.85189    26.22694    -1.37506
  -6.73486   0.33103   3.14671    21.06173    22.42878    -1.36705
  -9.30786  -2.09646   3.14671    11.69301    10.98684     0.70617
  -9.03982  -2.41590   3.14671    15.21334    14.62421     0.58913
  -8.70533  -2.66492   3.14671    18.51781    18.02378     0.49403
  -8.32244  -2.83008   3.14671    21.54679    21.15178     0.39502
  -7.91177  -2.90249   3.14671    24.28336    24.01778     0.26558
  -7.49548  -2.87825   3.14671    26.72751    26.64018     0.08733
  -7.09600  -2.75865   3.14671    28.86230    29.00933    -0.14703
  -6.73486  -2.55015   3.14671    30.62058    31.05305    -0.43246
  -6.43155  -2.26399   3.14671    31.88062    32.62296    -0.74234
  -6.20241  -1.91559   3.14671    32.49683    33.52912    -1.03229
  -6.05978  -1.52374   3.14671    32.36820    33.62373    -1.25554
  -5.81177  -1.10956   2.77328    33.51967    35.87447    -2.35479
  -9.14265  -2.59256   2.77328    13.35842    13.16680     0.19162
  -8.80514  -2.83778   2.77328    16.95907    16.81551     0.14356
  -8.42401  -3.00747   2.77328    20.22400    20.14801     0.07599
  -8.01594  -3.09421   2.77328    23.18271    23.22060    -0.03789
  -7.59875  -3.09421   2.77328    25.88477    26.10163    -0.21686
  -7.19068  -3.00747   2.77328    28.36782    28.83979    -0.47196
  -6.80956  -2.83778   2.77328    30.62184    31.42214    -0.80031
  -8.98432  -2.87102   2.36808    13.88679    14.13016    -0.24338
  -8.61806  -3.06679   2.36808    17.56525    17.81855    -0.25330
  -8.22064  -3.18735   2.36808    20.86595    21.19473    -0.32879
  -7.80735  -3.22805   2.36808    23.88803    24.37770    -0.48966
  -7.39405  -3.18735   2.36808    26.74634    27.49159    -0.74525
  -8.51381  -3.15076   1.94668    17.07328    17.65911    -0.58584
  -8.11475  -3.24757   1.94668    20.50011    21.18424    -0.68413
  -7.70457  -3.26711   1.94668    23.69350    24.60050    -0.90700
  -8.22064  -3.18735   1.52529    18.13753    18.97283    -0.83529
  -1.82783  -2.54659  -0.47717    20.83771    22.00441    -1.16670
  -1.42876  -2.64340  -0.47717    19.25450    20.44391    -1.18940
  -1.01859  -2.66294  -0.47717    18.18146    19.43476    -1.25330
  -0.61212  -2.60450  -0.47717    17.71020    18.97128    -1.26108
  -0.22407  -2.47019  -0.47717    18.05219    19.20968    -1.15748
  -1.93208  -2.46262  -0.89856    21.82541    23.02432    -1.19891
  -1.53466  -2.58318  -0.89856    20.14368    21.36209    -1.21840
  -1.12136  -2.62388  -0.89856    19.09574    20.37352    -1.27778
  -0.70807  -2.58318  -0.89856    18.75500    20.05309    -1.29809
  -0.31065  -2.46262  -0.89856    19.35867    20.57483    -1.21616
  -1.73803  -2.40330  -1.30377    21.41627    22.50345    -1.08718
  -1.32996  -2.49004  -1.30377    20.11293    21.32253    -1.20959
  -0.91277  -2.49004  -1.30377    19.54504    20.84440    -1.29936
  -0.50470  -2.40330  -1.30377    19.85001    21.17506    -1.32505
  -0.12357  -2.23361  -1.30377    21.32277    22.58208    -1.25931
  -2.01935  -2.06075  -1.67720    23.17957    23.83070    -0.65113
  -1.63645  -2.22591  -1.67720    21.39996    22.37335    -0.97340
  -1.22579  -2.29832  -1.67720    20.36143    21.54610    -1.18467
  -0.80950  -2.27408  -1.67720    20.09160    21.43259    -1.34099
  -0.41002  -2.15448  -1.67720    20.72225    22.18403    -1.46178
  -0.04888  -1.94598  -1.67720    22.40083    24.00368    -1.60285
  -2.00216  -1.75319  -2.00452    23.04780    23.40460    -0.35680
  -1.63284  -1.94455  -2.00452    21.54930    22.37435    -0.82505
  -1.22559  -2.02918  -2.00452    20.63879    21.78241    -1.14362
  -0.81061  -2.00079  -2.00452    20.44865    21.85224    -1.40359
  -0.41868  -1.86150  -2.00452    21.08181    22.75362    -1.67181
  -0.07887  -1.62163  -2.00452    22.53700    24.59363    -2.05663
  -2.04064  -1.27675  -2.27314    22.60979    22.62235    -0.01255
  -1.72138  -1.54465  -2.27314    21.67857    22.27025    -0.59168
  -1.32975  -1.68719  -2.27314    20.85967    21.89913    -1.03946
  -0.91298  -1.68719  -2.27314    20.60051    22.01932    -1.41881
  -0.52135  -1.54465  -2.27314    21.08620    22.90818    -1.82198
  -0.20209  -1.27675  -2.27314    22.30169    24.65393    -2.35224
  -1.53466   0.21047  -2.47275    19.61469    20.77208    -1.15739
  -1.83722  -0.09209  -2.47275    19.45279    19.88339    -0.43059
  -1.94796  -0.50539  -2.47275    20.52646    20.62620    -0.09973
  -1.83722  -0.91869  -2.47275    21.19037    21.50374    -0.31337
  -1.53466  -1.22124  -2.47275    20.95568    21.75556    -0.79988
  -1.12136  -1.33198  -2.47275    20.63188    21.93822    -1.30634
  -0.70807  -1.22124  -2.47275    20.91238    22.74933    -1.83695
  -0.40551  -0.91869  -2.47275    21.89820    24.37641    -2.47821
  -0.69997  -0.50539  -2.59567    21.32340    23.77756    -2.45416
  -0.91067  -0.14045  -2.59567    21.05294    23.46095    -2.40800
  -1.33206  -0.14045  -2.59567    20.13615    21.60135    -1.46519
  -1.54276  -0.50539  -2.59567    20.22338    21.13067    -0.90730
  -1.33206  -0.87033  -2.59567    20.50136    21.65617    -1.15480
  -0.91067  -0.87033  -2.59567    20.71785    22.50651    -1.78866
  -1.12136  -0.50539  -2.63717    20.47124    22.14314    -1.67190
  -1.17344  -0.73810   3.42190     9.32165     6.64843     2.67322
  -0.75204  -0.73810   3.38040     7.92921     5.24571     2.68350
  -0.96274  -0.37316   3.38040     8.40361     5.58460     2.81901
  -1.38413  -0.37316   3.38040     9.10579     6.36677     2.73902
  -1.59483  -0.73810   3.38040    10.21962     7.55192     2.66770
  -1.38413  -1.10304   3.38040    10.58671     7.99483     2.59188
  -0.96274  -1.10304   3.38040     9.19239     6.65178     2.54061
  -0.34684  -0.73810   3.25748     5.77622     3.07178     2.70445
  -0.45758  -0.32480   3.25748     6.45958     3.51957     2.94001
  -0.76014  -0.02224   3.25748     8.04718     5.01840     3.02878
  -1.17344   0.08850   3.25748     8.62324     5.65009     2.97315
  -2.00003  -0.73810   3.25748    10.82454     8.14721     2.67733
  -1.88929  -1.15140   3.25748    12.16741     9.46990     2.69751
  -1.58673  -1.45395   3.25748    12.06199     9.51605     2.54594
  -1.17344  -1.56469   3.25748    10.79818     8.40265     2.39553
  -0.76014  -1.45395   3.25748     8.88114     6.52584     2.35530
  -0.45758  -1.15140   3.25748     6.88127     4.41663     2.46464
   0.02660  -0.73810   3.05788     2.43160    -0.29741     2.72901
  -2.30110  -1.14853   3.05788    13.55609    10.63464     2.92145
  -2.09271  -1.50946   3.05788    14.20682    11.45025     2.75657
  -1.77345  -1.77735   3.05788    13.65335    11.15482     2.49853
  -1.38182  -1.91990   3.05788    12.37009    10.08785     2.28224
  -0.96505  -1.91990   3.05788    10.62060     8.46900     2.15159
  -0.57342  -1.77735   3.05788     8.50275     6.38266     2.12009
  -0.25416  -1.50946   3.05788     6.11508     3.91687     2.19821
  -0.04578  -1.14853   3.05788     3.80459     1.40292     2.40167
  -2.57434  -1.34660   2.78925    16.24183    12.93410     3.30772
  -2.35822  -1.70199   2.78925    16.52233    13.59008     2.93225
  -2.05423  -1.98590   2.78925    15.70029    13.16951     2.53078
  -1.68491  -2.17726   2.78925    14.34298    12.12584     2.21714
  -1.27767  -2.26189   2.78925    12.69452    10.69076     2.00375
  -0.86269  -2.23350   2.78925    10.79003     8.91151     1.87851
  -0.47076  -2.09421   2.78925     8.56425     6.72997     1.83428
  -0.13094  -1.85434   2.78925     5.92181     4.04896     1.87285
   0.13156  -1.53168   2.78925     2.83697     0.82885     2.00812
  -2.40591  -2.04444   2.46193    18.54667    15.77532     2.77135
  -2.07142  -2.29346   2.46193    16.90071    14.64102     2.25970
  -1.68853  -2.45862   2.46193    15.15812    13.23392     1.92420
  -1.27786  -2.53103   2.46193    13.35591    11.64792     1.70799
  -0.86157  -2.50679   2.46193    11.41565     9.84083     1.57483
  -0.46209  -2.38719   2.46193     9.20305     7.69403     1.50903
  -0.10095  -2.17869   2.46193     6.53426     5.02763     1.50663
   0.20236  -1.89253   2.46193     3.17269     1.60337     1.56932
  -2.17122  -2.46632   2.08850    18.39983    16.40522     1.99462
  -1.79010  -2.63601   2.08850    16.34913    14.72293     1.62620
  -1.38203  -2.72275   2.08850    14.44339    13.04674     1.39665
  -0.96484  -2.72275   2.08850    12.52885    11.27998     1.24887
  -0.55677  -2.63601   2.08850    10.44113     9.28135     1.15978
  -0.17565  -2.46632   2.08850     7.97439     6.85447     1.11992
   0.16187  -2.22110   2.08850     4.82806     3.70736     1.12070
   0.44102  -1.91107   2.08850     0.54154    -0.61373     1.15528
  -1.98415  -2.69533   1.68330    18.07541    16.75474     1.32067
  -1.58673  -2.81589   1.68330    16.01090    14.93611     1.07480
  -1.17344  -2.85659   1.68330    14.11018    13.20072     0.90946
  -0.76014  -2.81589   1.68330    12.19000    11.39163     0.79837
  -0.36272  -2.69533   1.68330    10.06023     9.33007     0.73017
   0.00354  -2.49956   1.68330     7.45544     6.76582     0.68962
   0.32457  -2.23610   1.68330     3.94139     3.28408     0.65731
  -1.87990  -2.77930   1.26190    18.16703    17.43467     0.73236
  -1.48084  -2.87611   1.26190    16.16590    15.60213     0.56377
  -1.07066  -2.89565   1.26190    14.33985    13.90597     0.43388
  -0.66420  -2.83721   1.26190    12.51944    12.17695     0.34249
  -0.27614  -2.70290   1.26190    10.51518    10.23209     0.28309
   0.07949  -2.49758   1.26190     8.03149     7.80123     0.23026
   0.38983  -2.22867   1.26190     4.51807     4.38024     0.13783
  -1.98415  -2.69533   0.84050    19.51429    19.29004     0.22425
  -1.58673  -2.81589   0.84050    17.42657    17.31693     0.10964
  -1.17344  -2.85659   0.84050    15.61432    15.62996    -0.01564
  -0.76014  -2.81589   0.84050    13.93385    14.04472    -0.11087
  -0.36272  -2.69533   0.84050    12.22828    12.39618    -0.16790
   0.00354  -2.49956   0.84050    10.24409    10.45676    -0.21267
   0.32457  -2.23610   0.84050     7.43536     7.75637    -0.32101
  -1.38203  -2.72275   0.43530    17.51505    17.96651    -0.45147
  -0.96484  -2.72275   0.43530    15.91552    16.50058    -0.58505
  -0.55677  -2.63601   0.43530    14.52057    15.17947    -0.65890
  -0.28433   1.61080   3.70353     6.67168     5.95121     0.72047
   0.13707   1.61080   3.66202     5.48945     4.92017     0.56928
  -0.07363   1.97574   3.66202     6.74259     6.24520     0.49739
  -0.49503   1.97574   3.66202     7.57216     6.95819     0.61397
  -0.70572   1.61080   3.66202     7.38139     6.57083     0.81057
  -0.49503   1.24586   3.66202     6.74008     5.73113     1.00895
  -0.07363   1.24586   3.66202     5.54279     4.68997     0.85282
   0.54227   1.61080   3.53911     3.94766     3.55100     0.39666
   0.43153   2.02410   3.53911     5.37901     5.10110     0.27791
   0.12897   2.32665   3.53911     6.85805     6.58052     0.27753
  -0.28433   2.43740   3.53911     8.00388     7.62309     0.38080
  -0.69763   2.32665   3.53911     8.40047     7.88466     0.51581
  -1.00018   2.02410   3.53911     8.01079     7.38978     0.62101
  -1.11092   1.61080   3.53911     7.45544     6.66593     0.78951
  -1.00018   1.19750   3.53911     7.32806     6.17639     1.15166
  -0.69763   0.89495   3.53911     7.08019     5.62095     1.45924
  -0.28433   0.78420   3.53911     5.78752     4.38466     1.40286
   0.12897   0.89495   3.53911     3.97653     2.93567     1.04085
   0.43153   1.19750   3.53911     3.20846     2.56316     0.64529
   0.91570   1.61080   3.33950     2.17056     1.92311     0.24744
   0.84333   2.02123   3.33950     3.87926     3.77250     0.10677
   0.63495   2.38216   3.33950     5.43800     5.42273     0.01526
   0.31569   2.65006   3.33950     6.92582     6.91021     0.01561
  -0.07595   2.79260   3.33950     8.28313     8.16884     0.11428
  -0.49271   2.79260   3.33950     9.18486     8.91200     0.27286
  -0.88434   2.65006   3.33950     9.30910     8.88853     0.42057
  -1.20361   2.38216   3.33950     8.62449     8.13865     0.48584
  -1.41199   2.02123   3.33950     7.48556     7.01385     0.47171
  -1.48436   1.61080   3.33950     6.61081     6.03866     0.57215
  -1.41199   1.20036   3.33950     6.68862     5.63987     1.04875
  -1.20361   0.83943   3.33950     7.51129     5.75428     1.75701
  -0.88434   0.57154   3.33950     7.89470     5.68027     2.21443
  -0.49271   0.42900   3.33950     6.82354     4.59357     2.22997
  -0.07595   0.42900   3.33950     4.34801     2.45844     1.88957
   0.31569   0.57154   3.33950     1.62086     0.30374     1.31712
   0.63495   0.83943   3.33950     0.17759    -0.58530     0.76288
   0.84333   1.20036   3.33950     0.61684     0.18715     0.42969
   1.24302   1.61080   3.07088     0.38717     0.19467     0.19250
   1.18638   2.02287   3.07088     2.55145     2.53240     0.01906
   1.02067   2.40439   3.07088     4.12713     4.30189    -0.17476
   0.75817   2.72704   3.07088     5.53338     5.83654    -0.30316
   0.41835   2.96691   3.07088     7.09650     7.41181    -0.31531
   0.02642   3.10620   3.07088     8.74936     8.95699    -0.20763
  -0.38856   3.13459   3.07088    10.08220    10.09518    -0.01298
  -0.79581   3.04996   3.07088    10.65072    10.44035     0.21037
  -1.16512   2.85860   3.07088    10.24284     9.85906     0.38378
  -1.46911   2.57469   3.07088     8.91628     8.50156     0.41472
   1.46323   2.02498   2.74356     1.81413     1.71389     0.10024
   1.32061   2.41683   2.74356     3.19402     3.44594    -0.25191
   1.09147   2.76523   2.74356     4.14282     4.70434    -0.56152
   0.78815   3.05139   2.74356     5.43109     6.17410    -0.74301
   0.42702   3.25989   2.74356     7.36194     8.11639    -0.75445
   0.02754   3.37949   2.74356     9.63290    10.24072    -0.60782
  -0.38876   3.40374   2.74356    11.55119    11.89900    -0.34781
  -0.79942   3.33132   2.74356    12.49371    12.52271    -0.02900
  -1.18232   3.16616   2.74356    12.20255    11.92267     0.27988
  -1.51680   2.91714   2.74356    10.72163    10.24288     0.47875
   1.53872   2.42248   2.37012     3.08860     3.22949    -0.14089
   1.33013   2.78377   2.37012     2.83383     3.57008    -0.73625
   1.05098   3.09380   2.37012     3.16579     4.35357    -1.18778
   0.71346   3.33902   2.37012     4.92783     6.31936    -1.39153
   0.33234   3.50871   2.37012     8.07667     9.41276    -1.33608
  -0.07573   3.59545   2.37012    11.65411    12.73951    -1.08540
  -0.49292   3.59545   2.37012    14.39068    15.08951    -0.69884
  -0.90100   3.50871   2.37012    15.48442    15.71187    -0.22745
  -1.28212   3.33902   2.37012    14.84813    14.58170     0.26643
  -1.46130   3.37227   1.96492    18.15824    17.57821     0.58003
  -2.03484   3.55981  -1.25312    17.48555    18.02392    -0.53837
  -1.79731   3.68886  -1.67452    16.36796    16.41349    -0.04553
  -2.11834   3.42540  -1.67452    13.77258    14.36938    -0.59680
  -2.38180   3.10437  -1.67452    10.56914    12.06847    -1.49933
  -1.23701   3.82530  -2.07972    14.09198    13.67178     0.42020
  -1.61813   3.65562  -2.07972    14.01480    13.80201     0.21278
  -1.95564   3.41040  -2.07972    12.90662    13.05737    -0.15075
  -2.23480   3.10037  -2.07972    11.18473    11.90539    -0.72066
  -2.44339   2.73907  -2.07972     9.16854    10.68581    -1.51727
  -0.72477   3.72033  -2.45315    10.08157     9.48585     0.59572
  -1.13543   3.64792  -2.45315    11.63152    11.14233     0.48919
  -1.51833   3.48275  -2.45315    12.11282    11.78859     0.32423
  -1.85281   3.23374  -2.45315    11.77898    11.72582     0.05316
  -2.12085   2.91430  -2.45315    10.97514    11.32262    -0.34748
  -2.30800   2.54165  -2.45315    10.06588    10.91811    -0.85223
  -2.40417   2.13589  -2.45315     9.48481    10.81918    -1.33438
  -1.85281   0.62105  -2.45315    16.70619    17.50749    -0.80130
  -1.51833   0.37204  -2.45315    19.39757    20.61199    -1.21442
  -0.30959   3.42280  -2.78047     6.78965     6.22891     0.56074
  -0.72457   3.45118  -2.78047     8.99660     8.47838     0.51823
  -1.13182   3.36656  -2.78047    10.40599     9.95810     0.44789
  -1.50113   3.17519  -2.78047    11.02597    10.71093     0.31504
  -1.80512   2.89129  -2.78047    11.08433    10.99016     0.09417
  -2.02124   2.53589  -2.78047    10.93059    11.13386    -0.20327
  -2.13346   2.13537  -2.78047    10.96949    11.47142    -0.50192
  -2.13346   1.71942  -2.78047    11.57881    12.26925    -0.69045
  -2.02124   1.31890  -2.78047    12.93611    13.66694    -0.73083
  -1.80512   0.96350  -2.78047    14.82679    15.60997    -0.78318
  -1.50113   0.67959  -2.78047    16.74258    17.84854    -1.10596
  -1.13182   0.48823  -2.78047    18.23229    20.03061    -1.79832
  -0.72457   0.40360  -2.78047    19.12963    21.84142    -2.71179
  -0.02032   2.96665  -3.04910     4.02485     3.82992     0.19493
  -0.41196   3.10920  -3.04910     6.84738     6.51806     0.32933
  -0.82872   3.10920  -3.04910     8.85228     8.48756     0.36472
  -1.22035   2.96665  -3.04910    10.09412     9.77289     0.32123
  -1.53962   2.69876  -3.04910    10.74861    10.55850     0.19011
  -1.74800   2.33783  -3.04910    11.17092    11.18512    -0.01420
  -1.82037   1.92739  -3.04910    11.76957    12.00430    -0.23473
  -1.74800   1.51696  -3.04910    12.79304    13.22968    -0.43664
  -1.53962   1.15603  -3.04910    14.12712    14.82718    -0.70006
  -1.22035   0.88814  -3.04910    15.33947    16.50470    -1.16523
  -0.82872   0.74559  -3.04910    15.99333    17.81765    -1.82431
   0.09552   2.34069  -3.24870     3.31639     3.60660    -0.29021
  -0.20704   2.64325  -3.24870     5.46937     5.50615    -0.03678
  -0.62034   2.75399  -3.24870     7.85705     7.71876     0.13828
  -1.03364   2.64325  -3.24870     9.56889     9.39835     0.17054
  -1.33619   2.34069  -3.24870    10.66390    10.60275     0.06114
  -1.44694   1.92739  -3.24870    11.58320    11.74299    -0.15979
  -1.33619   1.51410  -3.24870    12.60165    13.07958    -0.47793
  -1.03364   1.21154  -3.24870    13.39733    14.33983    -0.94251
  -0.62034   1.10080  -3.24870    13.27183    14.72562    -1.45380
  -0.20704   1.21154  -3.24870    11.55747    13.13773    -1.58026
  -0.19894   1.92739  -3.37162     7.24460     7.83194    -0.58735
  -0.40964   2.29233  -3.37162     7.35002     7.58152    -0.23150
  -0.83104   2.29233  -3.37162     9.30095     9.38701    -0.08607
  -1.04173   1.92739  -3.37162    10.78375    11.04874    -0.26499
  -0.83104   1.56245  -3.37162    11.41691    12.10803    -0.69112
  -0.40964   1.56245  -3.37162    10.02697    10.95441    -0.92744
  -0.62034   1.92739  -3.41312     9.38440     9.83151    -0.44710
  -0.25709   3.71062   2.23414    13.87800    14.99742    -1.11942
  -0.04640   4.07556   2.19263    11.93272    12.97136    -1.03864
  -0.46779   4.07556   2.19263    15.08972    15.88403    -0.79431
  -0.67849   3.71062   2.19263    16.74509    17.44879    -0.70370
   0.15620   4.42648   2.06972    10.56412    11.33732    -0.77320
  -0.25709   4.53722   2.06972    13.90875    14.52319    -0.61444
  -0.67039   4.42648   2.06972    16.34411    16.87677    -0.53266
  -0.97295   4.12392   2.06972    17.76479    18.19516    -0.43036
  -1.08369   3.71062   2.06972    18.52534    18.79406    -0.26872
   0.34292   4.74988   1.87011     9.56701     9.96888    -0.40187
  -0.04871   4.89243   1.87011    12.93799    13.28978    -0.35179
  -0.46548   4.89243   1.87011    15.58671    15.93726    -0.35055
  -0.85711   4.74988   1.87011    17.47551    17.80609    -0.33058
  -1.17637   4.48199   1.87011    18.63076    18.88949    -0.25873
  -1.38476   4.12106   1.87011    19.16351    19.26390    -0.10039
  -1.45713   3.71062   1.87011    19.38440    19.19151     0.19288
   0.44558   5.06674   1.60149     9.42394     9.41734     0.00660
   0.05365   5.20603   1.60149    12.73468    12.79813    -0.06345
  -0.36132   5.23441   1.60149    15.38277    15.52302    -0.14025
  -0.76857   5.14979   1.60149    17.39394    17.57629    -0.18235
  -1.13789   4.95842   1.60149    18.79265    18.96666    -0.17401
  -1.44188   4.67452   1.60149    19.60214    19.70352    -0.10138
  -1.65800   4.31912   1.60149    19.86068    19.79646     0.06422
  -1.77022   3.91860   1.60149    19.69188    19.29914     0.39274
   0.45425   5.35972   1.27417     9.99685     9.67358     0.32328
   0.05477   5.47931   1.27417    13.12436    12.97087     0.15349
  -0.36152   5.50356   1.27417    15.64758    15.62829     0.01929
  -0.77219   5.43115   1.27417    17.61294    17.67395    -0.06101
  -1.15508   5.26598   1.27417    19.04805    19.13391    -0.08586
  -1.48957   5.01697   1.27417    19.96484    20.01892    -0.05408
  -1.75761   4.69753   1.27417    20.36206    20.31573     0.04633
  -1.94476   4.32488   1.27417    20.23906    19.98405     0.25501
  -2.04093   3.91912   1.27417    19.65109    18.97752     0.67357
   0.35957   5.60853   0.90073    11.08809    10.63260     0.45549
  -0.04850   5.69527   0.90073    13.93950    13.70079     0.23870
  -0.46569   5.69527   0.90073    16.25312    16.16707     0.08605
  -0.87376   5.60853   0.90073    18.06914    18.07341    -0.00427
  -1.25489   5.43885   0.90073    19.41201    19.44966    -0.03766
  -1.59240   5.19363   0.90073    20.28675    20.30620    -0.01944
  -1.87155   4.88360   0.90073    20.68020    20.62556     0.05464
  -2.08015   4.52230   0.90073    20.55847    20.35168     0.20679
  -2.20907   4.12553   0.90073    19.88452    19.38055     0.50397
   0.55362   5.66786   0.49553     9.44465     8.78032     0.66433
   0.15620   5.78841   0.49553    12.49120    12.10047     0.39074
  -0.25709   5.82912   0.49553    15.01379    14.82495     0.18885
  -0.67039   5.78841   0.49553    17.05759    17.00078     0.05681
  -1.06781   5.66786   0.49553    18.65209    18.66645    -0.01436
  -1.43407   5.47209   0.49553    19.81047    19.84587    -0.03539
  -1.75510   5.20863   0.49553    20.52835    20.54251    -0.01416
  -2.01856   4.88760   0.49553    20.78060    20.73081     0.04979
  -2.21433   4.52134   0.49553    20.51078    20.34304     0.16774
  -2.33489   4.12392   0.49553    19.63540    19.25254     0.38286
   0.25214   5.80974   0.07414    11.40624    11.00056     0.40568
  -0.15432   5.86818   0.07414    14.02860    13.83588     0.19272
  -0.56450   5.84864   0.07414    16.18975    16.13999     0.04975
  -0.96356   5.75183   0.07414    17.91602    17.94920    -0.03318
  -1.33710   5.58124   0.07414    19.22250    19.29100    -0.06850
  -1.67159   5.34304   0.07414    20.11042    20.17813    -0.06771
  -1.95497   5.04585   0.07414    20.56286    20.60217    -0.03931
  -2.17698   4.70039   0.07414    20.53211    20.52401     0.00810
  -2.32960   4.31917   0.07414    19.92970    19.86056     0.06914
   0.15620   5.78841  -0.34726    11.34349    11.13049     0.21300
  -0.25709   5.82912  -0.34726    13.94828    13.90311     0.04517
  -0.67039   5.78841  -0.34726    16.08621    16.14841    -0.06221
  -1.06781   5.66786  -0.34726    17.77672    17.89471    -0.11799
  -1.43407   5.47209  -0.34726    19.03048    19.16612    -0.13564
  -1.75510   5.20863  -0.34726    19.84562    19.97449    -0.12888
  -2.01856   4.88760  -0.34726    20.19765    20.31231    -0.11467
  -2.21433   4.52134  -0.34726    20.02697    20.14513    -0.11817
  -2.33489   4.12392  -0.34726    19.22313    19.40599    -0.18287
  -0.04850   5.69527  -0.75246    11.72376    11.78830    -0.06454
  -0.46569   5.69527  -0.75246    14.22752    14.38173    -0.15421
  -0.87376   5.60853  -0.75246    16.24497    16.44694    -0.20197
  -1.25489   5.43885  -0.75246    17.78989    18.00427    -0.21438
  -1.59240   5.19363  -0.75246    18.86921    19.07486    -0.20565
  -1.87155   4.88360  -0.75246    19.47476    19.67141    -0.19665
  -2.08015   4.52230  -0.75246    19.57516    19.79478    -0.21962
  -2.20907   4.12553  -0.75246    19.10704    19.44022    -0.33318
  -2.25268   3.71062  -0.75246    18.00576    18.63365    -0.62789
  -0.36152   5.50356  -1.12589    12.56337    12.87258    -0.30921
  -0.77219   5.43115  -1.12589    14.85440    15.16597    -0.31156
  -1.15508   5.26598  -1.12589    16.61771    16.91043    -0.29273
  -1.48957   5.01697  -1.12589    17.86959    18.13023    -0.26064
  -1.75761   4.69753  -1.12589    18.62134    18.85887    -0.23753
  -1.94476   4.32488  -1.12589    18.88427    19.14241    -0.25814
  -2.04093   3.91912  -1.12589    18.69476    19.07056    -0.37580
  -0.36132   5.23441  -1.45321    11.34098    11.80317    -0.46219
  -0.76857   5.14979  -1.45321    13.83658    14.22726    -0.39068
  -1.13789   4.95842  -1.45321    15.72602    16.04047    -0.31445
  -1.44188   4.67452  -1.45321    17.04630    17.28069    -0.23440
  -1.65800   4.31912  -1.45321    17.87022    18.03480    -0.16458
  -1.77022   3.91860  -1.45321    18.36030    18.47147    -0.11117
  -0.85711   4.74988  -1.72184    13.45882    13.77734    -0.31852
  -1.17637   4.48199  -1.72184    15.33884    15.48575    -0.14691
  -1.38476   4.12106  -1.72184    16.67732    16.61502     0.06230
   0.04951  -1.30092  -2.16406    23.19212    25.68750    -2.49538
  -0.72548   0.04564  -2.56926    21.57566    24.63183    -3.05617
  -0.59657  -0.35113  -2.56926    21.82729    24.68579    -2.85850
  -0.38797  -0.71243  -2.56926    21.54617    24.15929    -2.61312
  -0.10882  -1.02246  -2.56926    20.82892    23.15353    -2.32461
   0.22870  -1.26768  -2.56926    19.98932    22.01206    -2.02275
   0.60982  -1.43737  -2.56926    19.18924    20.98672    -1.79748
  -0.55734   0.25204  -2.94269    17.91226    20.48056    -2.56830
  -0.46118  -0.15372  -2.94269    18.36344    20.77791    -2.41447
  -0.27403  -0.52636  -2.94269    18.37850    20.56638    -2.18788
  -0.00598  -0.84580  -2.94269    17.93673    19.86992    -1.93318
   0.32850  -1.09482  -2.94269    17.15172    18.84575    -1.69404
   0.71140  -1.25998  -2.94269    16.07930    17.61496    -1.53565
   1.12206  -1.33240  -2.94269    14.58520    16.11096    -1.52575
   1.53835  -1.30815  -2.94269    12.41779    14.07718    -1.65939
  -0.17442   1.06904  -3.27001    11.83483    13.54008    -1.70525
  -0.28664   0.66852  -3.27001    13.67845    15.64916    -1.97071
  -0.28664   0.25257  -3.27001    14.78350    16.77823    -1.99473
  -0.17442  -0.14796  -3.27001    15.32127    17.18233    -1.86105
   0.04170  -0.50335  -3.27001    15.29554    16.94799    -1.65245
   0.34569  -0.78726  -3.27001    14.73267    16.16486    -1.43219
   0.71501  -0.97862  -3.27001    13.67280    14.92557    -1.25277
   1.12226  -1.06325  -3.27001    12.07391    13.22420    -1.15029
   1.53724  -1.03486  -3.27001     9.84688    10.94355    -1.09667
   1.92917  -0.89557  -3.27001     7.02497     7.99429    -0.96932
   2.26898  -0.65570  -3.27001     3.79329     4.42783    -0.63454
   2.53149  -0.33305  -3.27001     0.21084     0.25727    -0.04643
   2.69720   0.04847  -3.27001    -4.06689    -4.87167     0.80479
   0.09883   0.87098  -3.53864     9.19615    10.42904    -1.23289
   0.02646   0.46054  -3.53864    11.22175    12.64568    -1.42392
   0.09883   0.05011  -3.53864    12.23079    13.62136    -1.39057
   0.30721  -0.31082  -3.53864    12.38641    13.61595    -1.22954
   0.62647  -0.57872  -3.53864    11.75451    12.78372    -1.02921
   1.01810  -0.72126  -3.53864    10.36897    11.21242    -0.84345
   1.43487  -0.72126  -3.53864     8.23418     8.89727    -0.66309
   1.82650  -0.57872  -3.53864     5.40913     5.80621    -0.39708
   2.14577  -0.31082  -3.53864     1.99987     1.93521     0.06467
   2.35415   0.05011  -3.53864    -2.07204    -2.83850     0.76646
   2.05308   0.46054  -3.73824    -4.14219    -5.34042     1.19823
   0.81319   1.17639  -3.73824     0.35266     0.37832    -0.02566
   0.51063   0.87384  -3.73824     5.32003     5.89105    -0.57102
   0.39989   0.46054  -3.73824     8.21724     9.07554    -0.85831
   0.51063   0.04724  -3.73824     9.34424    10.19532    -0.85108
   0.81319  -0.25531  -3.73824     8.96711     9.63851    -0.67140
   1.22649  -0.36606  -3.73824     7.24334     7.65860    -0.41526
   1.63979  -0.25531  -3.73824     4.34237     4.39275    -0.05039
   1.94234   0.04724  -3.73824     0.47942    -0.03494     0.51436
   1.64788   0.46054  -3.86116    -0.99523    -1.70500     0.70977
   1.43718   0.82548  -3.86116    -2.76104    -3.49161     0.73057
   1.01579   0.82548  -3.86116     1.11006     0.97410     0.13597
   0.80509   0.46054  -3.86116     5.20707     5.52489    -0.31782
   1.01579   0.09560  -3.86116     5.86721     6.13515    -0.26793
   1.43718   0.09560  -3.86116     3.24673     3.10217     0.14457
   1.22649   0.46054  -3.90266     2.13855     1.93645     0.20210
   3.12975   3.80612   0.31684     0.58045     0.37501     0.20544
   3.68119   3.44683   0.04822    -3.03213    -2.46373    -0.56840
   3.51547   3.82834   0.04822    -0.14997     0.02355    -0.17353
   3.25297   4.15099   0.04822     1.52924     1.39977     0.12947
   2.91315   4.39087   0.04822     1.71373     1.37808     0.33565
   3.95804   3.44893  -0.27910    -5.34575    -4.55561    -0.79015
   3.81542   3.84078  -0.27910    -1.34664    -0.95524    -0.39139
   3.58627   4.18918  -0.27910     1.46084     1.52749    -0.06665
   3.28296   4.47535  -0.27910     3.05597     2.88558     0.17039
   2.92182   4.68384  -0.27910     3.43624     3.10782     0.32842
   2.52234   4.80344  -0.27910     2.49937     2.07077     0.42860
   4.16245   3.44966  -0.65253    -6.62525    -5.84049    -0.78475
   4.03353   3.84643  -0.65253    -2.27660    -1.82958    -0.44703
   3.82493   4.20773  -0.65253     1.01280     1.16321    -0.15041
   3.54578   4.51776  -0.65253     3.26619     3.18745     0.07873
   3.20826   4.76297  -0.65253     4.54442     4.30714     0.23729
   2.82714   4.93266  -0.65253     4.86885     4.54145     0.32739
   2.41907   5.01940  -0.65253     4.19678     3.84142     0.35536
   4.28826   3.44805  -1.05774    -7.28915    -6.59535    -0.69380
   4.16771   3.84547  -1.05774    -2.95180    -2.55412    -0.39769
   3.97194   4.21173  -1.05774     0.48757     0.62691    -0.13933
   3.70848   4.53276  -1.05774     3.03652     2.97415     0.06237
   3.38745   4.79622  -1.05774     4.75213     4.54932     0.20281
   3.02119   4.99199  -1.05774     5.68210     5.40169     0.28041
   2.62377   5.11254  -1.05774     5.84713     5.55371     0.29342
   2.21047   5.15325  -1.05774     5.22904     4.99633     0.23271
   4.21575   3.83754  -1.47913    -3.60190    -3.32394    -0.27796
   4.02758   4.20254  -1.47913    -0.12676    -0.07153    -0.05523
   3.77374   4.52532  -1.47913     2.54894     2.44100     0.10794
   3.46340   4.79424  -1.47913     4.47854     4.26244     0.21610
   3.10777   4.99956  -1.47913     5.71347     5.44488     0.26859
   2.71971   5.13387  -1.47913     6.29329     6.03086     0.26244
   2.31325   5.19231  -1.47913     6.24246     6.05126     0.19120
   1.90307   5.17277  -1.47913     5.56475     5.52820     0.03655
   4.16771   3.84547  -1.90053    -4.14909    -4.06954    -0.07955
   3.97194   4.21173  -1.90053    -0.60743    -0.70672     0.09929
   3.70848   4.53276  -1.90053     2.12475     1.91425     0.21049
   3.38745   4.79622  -1.90053     4.11395     3.84673     0.26723
   3.02119   4.99199  -1.90053     5.42231     5.14944     0.27287
   2.62377   5.11254  -1.90053     6.10190     5.87681     0.22509
   2.21047   5.15325  -1.90053     6.19666     6.07850     0.11815
   1.79718   5.11254  -1.90053     5.74736     5.80389    -0.05653
   1.39976   4.99199  -1.90053     4.79919     5.10863    -0.30944
   3.82493   4.20773  -2.30573    -1.24686    -1.52415     0.27729
   3.54578   4.51776  -2.30573     1.49285     1.17437     0.31847
   3.20826   4.76297  -2.30573     3.45569     3.14651     0.30918
   2.82714   4.93266  -2.30573     4.71824     4.46397     0.25427
   2.41907   5.01940  -2.30573     5.34826     5.19466     0.15360
   2.00188   5.01940  -2.30573     5.41164     5.40441     0.00723
   1.59381   4.93266  -2.30573     4.98368     5.16258    -0.17890
   1.21268   4.76297  -2.30573     4.17419     4.54974    -0.37555
   0.87517   4.51776  -2.30573     3.17269     3.67047    -0.49778
   3.58627   4.18918  -2.67916    -2.03815    -2.46562     0.42747
   3.28296   4.47535  -2.67916     0.63002     0.24854     0.38148
   2.92182   4.68384  -2.67916     2.44729     2.15566     0.29163
   2.52234   4.80344  -2.67916     3.51154     3.34644     0.16510
   2.10605   4.82769  -2.67916     3.91127     3.90620     0.00507
   1.69538   4.75528  -2.67916     3.74372     3.91909    -0.17537
   1.31249   4.59011  -2.67916     3.13378     3.47560    -0.34182
   0.97800   4.34110  -2.67916     2.26343     2.68495    -0.42152
   0.70996   4.02166  -2.67916     1.39244     1.69820    -0.30576
   2.91315   4.39087  -3.00648    -0.55660    -0.87946     0.32286
   2.52122   4.53016  -3.00648     0.89295     0.75143     0.14152
   2.10624   4.55854  -3.00648     1.48218     1.54864    -0.06646
   1.69900   4.47391  -3.00648     1.33283     1.61822    -0.28539
   1.32968   4.28255  -3.00648     0.58045     1.06185    -0.48140
   2.63292   1.60868   2.84428    -3.65399    -4.47637     0.82238
   3.05432   1.60868   2.80277    -5.81576    -6.67750     0.86175
   2.84362   1.97362   2.80277    -3.77196    -4.34184     0.56988
   2.42223   1.97362   2.80277    -1.75514    -2.30193     0.54678
   2.21153   1.60868   2.80277    -2.45670    -3.19245     0.73575
   2.84362   1.24375   2.80277    -5.45494    -6.67276     1.21782
   3.34878   2.02198   2.67986    -7.70707    -8.09776     0.39069
   3.04622   2.32454   2.67986    -4.48920    -4.81143     0.32223
   2.63292   2.43528   2.67986    -1.80032    -2.12519     0.32487
   2.21962   2.32454   2.67986    -0.10166    -0.41692     0.31526
   1.91707   2.02198   2.67986     0.34513    -0.05809     0.40322
   3.55220   2.38005   2.48025    -9.50489    -9.40340    -0.10149
   3.23294   2.64794   2.48025    -5.49510    -5.56623     0.07113
   2.84131   2.79048   2.48025    -2.55396    -2.72524     0.17128
   2.42454   2.79048   2.48025    -0.57417    -0.72133     0.14716
   2.03291   2.64794   2.48025     0.90361     0.84295     0.06066
   1.71365   2.38005   2.48025     2.18436     2.13377     0.05059
   3.67542   2.72493   2.21163   -10.42231    -9.90913    -0.51317
   3.33560   2.96480   2.21163    -5.91051    -5.78591    -0.12461
   2.94367   3.10409   2.21163    -2.96059    -3.01935     0.05877
   2.52869   3.13247   2.21163    -1.19917    -1.24636     0.04719
   2.12144   3.04785   2.21163    -0.07844     0.04483    -0.12327
   1.75213   2.85648   2.21163     1.17721     1.52910    -0.35189
   3.70540   3.04928   1.88431    -9.87386    -9.19802    -0.67584
   3.34427   3.25778   1.88431    -5.48883    -5.29597    -0.19286
   2.94479   3.37737   1.88431    -2.95620    -2.96812     0.01192
   2.52850   3.40162   1.88431    -1.85931    -1.83770    -0.02161
   2.11783   3.32921   1.88431    -1.72189    -1.42605    -0.29584
   3.63071   3.33691   1.51087    -7.88717    -7.32825    -0.55891
   3.24959   3.50659   1.51087    -4.32982    -4.20644    -0.12337
   2.84152   3.59333   1.51087    -2.79179    -2.82905     0.03726
   2.42433   3.59333   1.51087    -3.09362    -3.01964    -0.07398
   3.80990   3.37015   1.10567    -9.52183    -8.63634    -0.88549
   3.44364   3.56592   1.10567    -4.98619    -4.71268    -0.27351
   3.04622   3.68647   1.10567    -2.87964    -2.93400     0.05436
   3.88585   3.36817   0.68428    -9.62474    -8.61436    -1.01038
   3.53022   3.57349   0.68428    -4.38504    -4.04372    -0.34132
   3.14216   3.70780   0.68428    -1.71624    -1.81950     0.10326
   3.80990   3.37015   0.26288    -6.65725    -5.84883    -0.80841
   3.44364   3.56592   0.26288    -1.09438    -0.90182    -0.19255
   0.88272  -2.25992   1.00870     2.82254     3.45676    -0.63423
   0.60948  -2.45798   0.74008     7.53011     8.04335    -0.51324
   0.82560  -2.81337   0.74008     7.25213     7.62408    -0.37195
   1.12959  -3.09728   0.74008     5.79442     6.03496    -0.24054
   0.32272  -2.46374   0.41276    11.43322    11.99397    -0.56074
   0.50987  -2.83638   0.41276    10.67017    10.97181    -0.30164
   0.77791  -3.15582   0.41276     9.10956     9.21628    -0.10672
   1.11239  -3.40484   0.41276     6.93147     6.89023     0.04124
   1.49529  -3.57001   0.41276     4.11081     3.92159     0.18923
   0.18733  -2.66116   0.03932    14.30533    14.80253    -0.49719
   0.39592  -3.02245   0.03932    12.75162    12.88183    -0.13021
   0.67508  -3.33249   0.03932    10.76430    10.65484     0.10946
   1.01259  -3.57770   0.03932     8.36972     8.09565     0.27407
   1.39371  -3.74739   0.03932     5.46937     5.05536     0.41401
   0.05315  -2.66019  -0.36588    16.75952    17.32976    -0.57024
   0.24891  -3.02645  -0.36588    14.85629    14.94550    -0.08922
   0.51238  -3.34748  -0.36588    12.71962    12.50167     0.21795
   0.83341  -3.61095  -0.36588    10.31814     9.90089     0.41725
   1.19967  -3.80672  -0.36588     7.55019     6.98835     0.56185
   1.59708  -3.92727  -0.36588     4.21122     3.52142     0.68979
  -0.06212  -2.45802  -0.78727    19.45844    20.36792    -0.90947
   0.09050  -2.83925  -0.78727    17.28538    17.55979    -0.27441
   0.31251  -3.18470  -0.78727    15.07654    14.92914     0.14740
   0.59588  -3.48190  -0.78727    12.73844    12.31821     0.42023
   0.93038  -3.72010  -0.78727    10.17820     9.57680     0.60140
   1.30391  -3.89068  -0.78727     7.25087     6.51678     0.73409
   1.70298  -3.98749  -0.78727     3.71109     2.86901     0.84208
  -0.06741  -2.26278  -1.20867    21.32215    22.46955    -1.14741
   0.05315  -2.66019  -1.20867    18.85164    19.29550    -0.44386
   0.24891  -3.02645  -1.20867    16.48530    16.43504     0.05026
   0.51238  -3.34748  -1.20867    14.07567    13.69618     0.37949
   0.83341  -3.61095  -1.20867    11.50978    10.91276     0.59702
   1.19967  -3.80672  -1.20867     8.64645     7.90062     0.74583
   1.59708  -3.92727  -1.20867     5.27045     4.41551     0.85495
   2.01038  -3.96798  -1.20867     1.01657     0.09713     0.91944
   0.05841  -2.26439  -1.61387    20.82453    21.77517    -0.95064
   0.18733  -2.66116  -1.61387    18.36909    18.69950    -0.33042
   0.39592  -3.02245  -1.61387    15.94251    15.83207     0.11044
   0.67508  -3.33249  -1.61387    13.43372    13.02422     0.40951
   1.01259  -3.57770  -1.61387    10.72225    10.11372     0.60854
   1.39371  -3.74739  -1.61387     7.64432     6.89998     0.74434
   1.80179  -3.83413  -1.61387     3.94515     3.10798     0.83717
   0.22655  -1.64098  -1.98731    22.96371    24.89566    -1.93195
   0.22655  -2.05798  -1.98731    20.62498    21.77300    -1.14802
   0.32272  -2.46374  -1.98731    18.27935    18.80336    -0.52401
   0.50987  -2.83638  -1.98731    15.87787    15.94339    -0.06552
   0.77791  -3.15582  -1.98731    13.34775    13.09506     0.25269
   1.11239  -3.40484  -1.98731    10.58107    10.11691     0.46416
   1.49529  -3.57001  -1.98731     7.42093     6.81595     0.60498
   1.90595  -3.64242  -1.98731     3.62261     2.92659     0.69602
   0.49726  -1.64151  -2.31462    20.66514    22.36691    -1.70176
   0.49726  -2.05746  -2.31462    18.57805    19.62663    -1.04858
   0.60948  -2.45798  -2.31462    16.34223    16.85116    -0.50893
   0.82560  -2.81337  -2.31462    13.90185    14.01488    -0.11304
   1.12959  -3.09728  -2.31462    11.18912    11.03407     0.15506
   1.49890  -3.28864  -2.31462     8.08546     7.75843     0.32703
   1.90615  -3.37327  -2.31462     4.40825     3.97338     0.43488
   0.81035  -1.84948  -2.58325    17.06700    18.36890    -1.30190
   0.88272  -2.25992  -2.58325    15.01316    15.79247    -0.77930
   1.09110  -2.62085  -2.58325    12.54705    12.92347    -0.37641
   1.41037  -2.88874  -2.58325     9.63227     9.74417    -0.11190
   1.80200  -3.03128  -2.58325     6.18850     6.14570     0.04280
   1.29453  -1.43618  -2.78285    15.14494    16.90432    -1.75938
   1.18378  -1.84948  -2.78285    14.13465    15.45150    -1.31685
   1.29453  -2.26278  -2.78285    11.96723    12.80733    -0.84010
   1.59708  -2.56533  -2.78285     8.90875     9.42325    -0.51450
   2.01038  -2.67608  -2.78285     5.14244     5.50696    -0.36452
   1.58898  -1.84948  -2.90577    10.86407    12.23551    -1.37144
   1.79968  -2.21442  -2.90577     8.09111     9.04724    -0.95614
   5.17368  -4.00015   1.07323    -2.33559    -3.34916     1.01357
   5.38980  -4.35554   1.07323     1.00778     0.75718     0.25060
   5.69379  -4.63945   1.07323     3.76945     3.94488    -0.17543
   6.06310  -4.83081   1.07323     5.78689     6.20881    -0.42192
   6.47035  -4.91544   1.07323     7.14922     7.71364    -0.56443
   5.07407  -4.37856   0.74591    -1.56438    -2.10585     0.54147
   5.34211  -4.69799   0.74591     2.39018     2.25178     0.13840
   5.67659  -4.94701   0.74591     5.26480     5.33990    -0.07509
   6.05949  -5.11218   0.74591     7.26782     7.46227    -0.19445
   6.47015  -5.18459   0.74591     8.62386     8.87405    -0.25019
   6.88645  -5.16034   0.74591     9.55509     9.80076    -0.24567
   4.96012  -4.56462   0.37247    -2.24146    -2.36634     0.12488
   5.23928  -4.87466   0.37247     2.43662     2.38268     0.05394
   5.57679  -5.11987   0.37247     5.65825     5.64467     0.01359
   5.95791  -5.28956   0.37247     7.85705     7.86837    -0.01132
   6.36598  -5.37630   0.37247     9.34362     9.35353    -0.00991
   6.78317  -5.37630   0.37247    10.35453    10.32234     0.03220
   7.19125  -5.28956   0.37247    11.10880    10.97625     0.13255
   5.07658  -4.88965  -0.03273     0.71913     0.89054    -0.17142
   5.39761  -5.15312  -0.03273     4.73581     4.73933    -0.00352
   5.76387  -5.34889  -0.03273     7.42846     7.35029     0.07817
   6.16128  -5.46944  -0.03273     9.23568     9.10443     0.13125
   6.57458  -5.51015  -0.03273    10.44239    10.24948     0.19291
   6.98788  -5.46944  -0.03273    11.26317    10.97167     0.29149
   7.38529  -5.34889  -0.03273    11.89758    11.44694     0.45064
   5.16008  -5.02407  -0.45412     1.89069     2.14912    -0.25844
   5.49458  -5.26227  -0.45412     5.59989     5.58859     0.01130
   5.86811  -5.43285  -0.45412     8.06412     7.91151     0.15262
   6.26718  -5.52967  -0.45412     9.69816     9.45219     0.24597
   6.67736  -5.54920  -0.45412    10.76430    10.42716     0.33714
   7.08382  -5.49076  -0.45412    11.45707    10.99758     0.45948
   7.47188  -5.35646  -0.45412    11.95092    11.31171     0.63920
   5.07658  -4.88965  -0.87552    -0.43549     0.13431    -0.56980
   5.39761  -5.15312  -0.87552     4.10140     4.20788    -0.10648
   5.76387  -5.34889  -0.87552     7.05634     6.92832     0.12802
   6.16128  -5.46944  -0.87552     8.97778     8.71446     0.26332
   6.57458  -5.51015  -0.87552    10.19075     9.82319     0.36756
   6.98788  -5.46944  -0.87552    10.91239    10.42861     0.48378
   7.38529  -5.34889  -0.87552    11.31086    10.66869     0.64217
   7.75155  -5.15312  -0.87552    11.54115    10.67948     0.86168
   5.23928  -4.87466  -1.28072     0.64508     1.05164    -0.40656
   5.57679  -5.11987  -1.28072     4.65926     4.67447    -0.01521
   5.95791  -5.28956  -1.28072     7.24522     7.05613     0.18910
   6.36598  -5.37630  -1.28072     8.85981     8.54725     0.31256
   6.78317  -5.37630  -1.28072     9.78350     9.36860     0.41490
   7.19125  -5.28956  -1.28072    10.20268     9.67058     0.53210
   7.57237  -5.11987  -1.28072    10.25664     9.56904     0.68760
   5.34211  -4.69799  -1.65416    -0.07718     0.25092    -0.32811
   5.67659  -4.94701  -1.65416     3.88868     3.88090     0.00778
   6.05949  -5.11218  -1.65416     6.41126     6.22749     0.18377
   6.47015  -5.18459  -1.65416     7.90097     7.61464     0.28634
   6.88645  -5.16034  -1.65416     8.61633     8.25082     0.36551
   7.28593  -5.04074  -1.65416     8.72113     8.27124     0.44989
   7.64706  -4.83224  -1.65416     8.30760     7.76218     0.54542
   5.38980  -4.35554  -1.98148    -2.55208    -2.30857    -0.24351
   5.69379  -4.63945  -1.98148     1.79719     1.80228    -0.00509
   6.06310  -4.83081  -1.98148     4.60466     4.47549     0.12918
   6.47035  -4.91544  -1.98148     6.19289     5.99786     0.19503
   6.88533  -4.88706  -1.98148     6.80597     6.57822     0.22774
   7.27726  -4.74776  -1.98148     6.58508     6.34545     0.23964
   5.44692  -3.80209  -2.25010    -6.74510    -6.97923     0.23413
   5.65530  -4.16302  -2.25010    -1.96410    -2.04735     0.08324
   5.97456  -4.43091  -2.25010     1.59889     1.51155     0.08734
   6.36620  -4.57345  -2.25010     3.70482     3.61885     0.08597
   6.78296  -4.57345  -2.25010     4.46285     4.41588     0.04697
   7.17460  -4.43091  -2.25010     3.98280     4.03040    -0.04760
   5.74798  -3.39165  -2.44970    -7.27597    -8.15843     0.88245
   5.85873  -3.80495  -2.44970    -3.45820    -3.77243     0.31422
   6.16128  -4.10750  -2.44970    -0.06903    -0.14420     0.07517
   6.57458  -4.21825  -2.44970     1.58007     1.66007    -0.08000
   6.36388  -3.75659  -2.57262    -2.24084    -2.19286    -0.04798
   8.44672  -2.64952   2.18301     0.12425    -0.08030     0.20455
   8.23602  -3.01446   2.18301     1.74761     1.94438    -0.19677
   8.85192  -2.64952   2.06009     1.84111     1.59068     0.25044
   8.74118  -2.23623   2.06009    -2.37889    -2.79216     0.41327
   8.43862  -3.36538   2.06009     4.51619     4.85164    -0.33546
   8.74118  -3.06282   2.06009     4.07881     4.07818     0.00063
   9.22535  -2.64952   1.86049     3.42118     3.09803     0.32315
   9.15299  -2.23909   1.86049    -0.26418    -0.63476     0.37058
   8.23371  -3.83132   1.86049     6.03727     6.70289    -0.66562
   8.62534  -3.68878   1.86049     6.82354     7.13562    -0.31208
   8.94460  -3.42089   1.86049     6.72627     6.76153    -0.03526
   9.15299  -3.05996   1.86049     5.65323     5.47539     0.17784
   9.55267  -2.64952   1.59186     4.76719     4.35328     0.41391
   9.49604  -2.23745   1.59186     1.45959     1.04452     0.41506
   9.33032  -1.85594   1.59186    -3.46762    -3.71528     0.24766
   8.33607  -4.14493   1.59186     8.05032     8.56069    -0.51037
   8.72800  -4.00564   1.59186     8.66402     8.88587    -0.22184
   9.06782  -3.76577   1.59186     8.72113     8.71950     0.00163
   9.33032  -3.44311   1.59186     8.17268     7.99021     0.18247
   9.49604  -3.06160   1.59186     6.91202     6.58813     0.32389
   9.82130  -2.64952   1.26454     5.81074     5.30574     0.50500
   9.77289  -2.23534   1.26454     2.80811     2.31168     0.49642
   9.63026  -1.84349   1.26454    -1.56438    -1.90706     0.34268
   8.73667  -4.29862   1.26454    10.10416    10.17523    -0.07107
   9.09781  -4.09012   1.26454    10.19703    10.10602     0.09101
   9.40112  -3.80395   1.26454     9.91026     9.68255     0.22771
   9.63026  -3.45556   1.26454     9.16415     8.81731     0.34684
   9.77289  -3.06371   1.26454     7.84952     7.40522     0.44429
  10.02090  -2.64952   0.89111     6.50665     5.92584     0.58081
   9.97730  -2.23462   0.89111     3.75690     3.17523     0.58167
   9.84838  -1.83785   0.89111    -0.14495    -0.62164     0.47669
   9.63978  -1.47655   0.89111    -5.79380    -5.93196     0.13817
   8.64199  -4.54743   0.89111    11.26505    11.10776     0.15729
   9.02311  -4.37775   0.89111    11.26129    11.02024     0.24104
   9.36063  -4.13253   0.89111    11.06864    10.75429     0.31435
   9.63978  -3.82250   0.89111    10.59801    10.20899     0.38902
   9.84838  -3.46120   0.89111     9.75652     9.29242     0.46410
   9.97730  -3.06443   0.89111     8.43875     7.90603     0.53272
  10.14382  -2.64952   0.48591     6.82040     6.19394     0.62646
  10.10311  -2.23623   0.48591     4.27961     3.63310     0.64651
   9.98256  -1.83881   0.48591     0.76682     0.16229     0.60453
   9.78679  -1.47255   0.48591    -4.17796    -4.59256     0.41460
   8.83604  -4.60676   0.48591    12.06638    11.58431     0.48207
   9.20230  -4.41099   0.48591    11.79467    11.32841     0.46626
   9.52333  -4.14753   0.48591    11.42507    10.95610     0.46896
   9.78679  -3.82650   0.48591    10.84587    10.35220     0.49368
   9.98256  -3.46024   0.48591     9.95669     9.42236     0.53434
  10.10311  -3.06282   0.48591     8.65587     8.07324     0.58263
  10.18532  -2.64952   0.06451     6.72376     6.09314     0.63063
  10.14629  -2.24074   0.06451     4.35303     3.67855     0.67448
  10.03060  -1.84673   0.06451     1.15462     0.45732     0.69729
   9.84243  -1.48174   0.06451    -3.20908    -3.86476     0.65567
   8.92262  -4.61433   0.06451    12.27785    11.54917     0.72868
   9.27825  -4.40901   0.06451    11.80973    11.18386     0.62587
   9.58859  -4.14009   0.06451    11.31839    10.75195     0.56644
   9.84243  -3.81731   0.06451    10.66954    10.12334     0.54620
  10.03060  -3.45232   0.06451     9.75526     9.19948     0.55578
  10.14629  -3.05831   0.06451     8.47703     7.88976     0.58727
  10.14382  -2.64952  -0.35689     6.18850     5.60451     0.58399
  10.10311  -2.23623  -0.35689     3.86985     3.21668     0.65317
   9.98256  -1.83881  -0.35689     0.78878     0.04693     0.74184
   9.78679  -1.47255  -0.35689    -3.31890    -4.15692     0.83802
   9.52333  -1.15152  -0.35689    -8.86922    -9.78764     0.91842
   9.20230  -4.41099  -0.35689    11.43260    10.67401     0.75858
   9.52333  -4.14753  -0.35689    10.83332    10.20862     0.62471
   9.78679  -3.82650  -0.35689    10.13302     9.58195     0.55107
   9.98256  -3.46024  -0.35689     9.19929     8.67308     0.52621
  10.10311  -3.06282  -0.35689     7.92105     7.38157     0.53948
  10.02090  -2.64952  -0.76209     5.18009     4.70409     0.47601
   9.97730  -2.23462  -0.76209     2.87525     2.30584     0.56941
   9.84838  -1.83785  -0.76209    -0.14433    -0.86845     0.72413
   9.63978  -1.47655  -0.76209    -4.05873    -5.02124     0.96251
   9.36063  -1.16652  -0.76209    -9.08383   -10.41892     1.33509
   9.02311  -4.37775  -0.76209    10.60930     9.73762     0.87169
   9.36063  -4.13253  -0.76209     9.89331     9.24206     0.65125
   9.63978  -3.82250  -0.76209     9.14721     8.63379     0.51341
   9.84838  -3.46120  -0.76209     8.19778     7.75245     0.44534
   9.97730  -3.06443  -0.76209     6.91390     6.47903     0.43487
   9.82130  -2.64952  -1.13552     3.65524     3.36081     0.29443
   9.77289  -2.23534  -1.13552     1.30710     0.90315     0.40396
   9.63026  -1.84349  -1.13552    -1.73193    -2.34951     0.61758
   9.40112  -1.49510  -1.13552    -5.54028    -6.53005     0.98977
   9.40112  -3.80395  -1.13552     7.66064     7.23150     0.42913
   9.63026  -3.45556  -1.13552     6.70933     6.40241     0.30692
   9.77289  -3.06371  -1.13552     5.41729     5.15357     0.26372
   9.55267  -2.64952  -1.46284     1.55120     1.53574     0.01546
   9.49604  -2.23745  -1.46284    -0.92809    -1.05476     0.12667
   9.33032  -3.44311  -1.46284     4.65989     4.56408     0.09581
   9.49604  -3.06160  -1.46284     3.37663     3.36768     0.00895
   7.01988   1.49884   3.42384    -3.93888    -3.12512    -0.81376
   7.44128   1.49884   3.38234    -3.43122    -2.84157    -0.58965
   7.23058   1.86378   3.38234    -2.91353    -2.53305    -0.38048
   6.80918   1.86378   3.38234    -3.83283    -3.27060    -0.56222
   7.84648   1.49884   3.25942    -3.30823    -2.99214    -0.31609
   7.73573   1.91214   3.25942    -2.26782    -2.23942    -0.02840
   7.43318   2.21469   3.25942    -2.01744    -2.09159     0.07414
   7.01988   2.32544   3.25942    -2.67507    -2.64621    -0.02887
   6.60658   2.21469   3.25942    -4.11332    -3.83716    -0.27616
   7.73573   1.08554   3.25942    -4.74021    -4.05190    -0.68831
   8.21991   1.49884   3.05981    -3.49962    -3.45103    -0.04859
   8.14754   1.90928   3.05981    -2.19064    -2.43274     0.24211
   7.93916   2.27021   3.05981    -1.43762    -1.86746     0.42984
   7.61990   2.53810   3.05981    -1.29894    -1.78450     0.48556
   7.22826   2.68064   3.05981    -1.80221    -2.21108     0.40888
   6.81150   2.68064   3.05981    -2.95620    -3.18513     0.22893
   6.41987   2.53810   3.05981    -4.72326    -4.71840    -0.00486
   6.10060   2.27021   3.05981    -6.90888    -6.68018    -0.22870
   8.14754   1.08840   3.05981    -5.21460    -4.83106    -0.38354
   8.54723   1.49884   2.79119    -3.96837    -4.14091     0.17254
   8.49059   1.91091   2.79119    -2.40211    -2.85898     0.45687
   8.32488   2.29243   2.79119    -1.35856    -2.02963     0.67107
   8.06238   2.61508   2.79119    -0.83333    -1.62342     0.79008
   7.72256   2.85495   2.79119    -0.82329    -1.62911     0.80582
   7.33063   2.99424   2.79119    -1.34350    -2.06613     0.72264
   6.91565   3.02263   2.79119    -2.42721    -2.98882     0.56161
   6.50840   2.93800   2.79119    -4.12587    -4.48150     0.35563
   6.13909   2.74664   2.79119    -6.48719    -6.62984     0.14264
   8.32488   0.70525   2.79119    -8.47765    -8.04028    -0.43737
   8.49059   1.08677   2.79119    -6.03664    -5.89179    -0.14485
   8.81585   1.49884   2.46387    -4.69252    -5.01185     0.31933
   8.76745   1.91302   2.46387    -2.85140    -3.44731     0.59591
   8.62482   2.30487   2.46387    -1.57254    -2.38819     0.81565
   8.39568   2.65327   2.46387    -0.79568    -1.75732     0.96163
   8.09236   2.93943   2.46387    -0.48820    -1.51073     1.02253
   7.73123   3.14793   2.46387    -0.64069    -1.63941     0.99872
   7.33175   3.26753   2.46387    -1.27322    -2.17128     0.89806
   6.91545   3.29178   2.46387    -2.43599    -3.17607     0.74007
   6.50479   3.21936   2.46387    -4.22502    -4.77215     0.54713
   6.12189   3.05420   2.46387    -6.78652    -7.13018     0.34366
   8.76745   1.08466   2.46387    -7.17683    -7.18365     0.00682
   9.01546   1.49884   2.09044    -5.64696    -6.02722     0.38027
   8.97185   1.91374   2.09044    -3.50841    -4.15618     0.64777
   8.84293   2.31051   2.09044    -2.01180    -2.87363     0.86184
   8.63434   2.67181   2.09044    -1.04292    -2.05612     1.01320
   8.35518   2.98185   2.09044    -0.53589    -1.63059     1.09470
   8.01767   3.22706   2.09044    -0.46310    -1.56539     1.10229
   7.63655   3.39675   2.09044    -0.82643    -1.86678     1.04035
   7.22848   3.48349   2.09044    -1.66039    -2.58145     0.92106
   6.81129   3.48349   2.09044    -3.04468    -3.80576     0.76109
   6.40321   3.39675   2.09044    -5.12424    -5.70301     0.57877
   6.02209   3.22706   2.09044    -8.15135    -8.52989     0.37854
   8.97185   1.08393   2.09044    -8.61382    -8.67331     0.05948
   9.13838   1.49884   1.68524    -6.79718    -7.15240     0.35522
   9.09767   1.91214   1.68524    -4.34237    -4.95165     0.60929
   8.97712   2.30955   1.68524    -2.63679    -3.44514     0.80835
   8.78135   2.67581   1.68524    -1.50853    -2.46039     0.95186
   8.51788   2.99684   1.68524    -0.85969    -1.89574     1.03605
   8.19685   3.26031   1.68524    -0.64382    -1.70028     1.05646
   7.83059   3.45607   1.68524    -0.84902    -1.86468     1.01566
   7.43318   3.57663   1.68524    -1.49912    -2.42042     0.92130
   7.01988   3.61734   1.68524    -2.65813    -3.44748     0.78935
   6.60658   3.57663   1.68524    -4.45908    -5.09279     0.63371
   6.20917   3.45607   1.68524    -7.14357    -7.60529     0.46172
   9.09767   1.08554   1.68524   -10.30747   -10.32646     0.01899
   9.17988   1.49884   1.26384    -8.08483    -8.34388     0.25905
   9.14085   1.90762   1.26384    -5.30810    -5.79796     0.48986
   9.02516   2.30163   1.26384    -3.40863    -4.06987     0.66124
   8.83699   2.66662   1.26384    -2.14859    -2.93431     0.78572
   8.58315   2.98941   1.26384    -1.40123    -2.26059     0.85936
   8.27280   3.25832   1.26384    -1.10253    -1.98065     0.87811
   7.91718   3.46365   1.26384    -1.22929    -2.07405     0.84476
   7.52912   3.59795   1.26384    -1.79970    -2.56445     0.76475
   7.12266   3.65639   1.26384    -2.87274    -3.52615     0.65341
   6.71248   3.63685   1.26384    -4.57768    -5.10338     0.52570
   6.31341   3.54004   1.26384    -7.16177    -7.55012     0.38835
   9.13838   1.49884   0.84245    -9.41829    -9.53797     0.11968
   9.09767   1.91214   0.84245    -6.26756    -6.57751     0.30994
   8.97712   2.30955   0.84245    -4.17670    -4.61851     0.44180
   8.78135   2.67581   0.84245    -2.82819    -3.36142     0.53323
   8.51788   2.99684   0.84245    -2.05760    -2.63934     0.58173
   8.19685   3.26031   0.84245    -1.78652    -2.36884     0.58232
   7.83059   3.45607   0.84245    -1.98983    -2.52826     0.53842
   7.43318   3.57663   0.84245    -2.69390    -3.15323     0.45933
   7.01988   3.61734   0.84245    -3.98594    -4.34769     0.36175
   6.60658   3.57663   0.84245    -6.05107    -6.31547     0.26440
   6.20917   3.45607   0.84245    -9.26141    -9.42846     0.16705
   9.01546   1.49884   0.43725   -10.66829   -10.64025    -0.02803
   8.97185   1.91374   0.43725    -7.19691    -7.28193     0.08502
   8.84293   2.31051   0.43725    -4.96988    -5.12653     0.15666
   8.63434   2.67181   0.43725    -3.59375    -3.79551     0.20176
   8.35518   2.98185   0.43725    -2.87211    -3.08748     0.21537
   8.01767   3.22706   0.43725    -2.71774    -2.91031     0.19257
   7.63655   3.39675   0.43725    -3.11621    -3.25377     0.13755
   7.22848   3.48349   0.43725    -4.12085    -4.18806     0.06720
   6.81129   3.48349   0.43725    -5.88227    -5.88772     0.00545
   6.40321   3.39675   0.43725    -8.72050    -8.69397    -0.02653
   8.76745   1.91302   0.06381    -7.99322    -7.83427    -0.15894
   8.62482   2.30487   0.06381    -5.72728    -5.55703    -0.17025
   8.39568   2.65327   0.06381    -4.42143    -4.23947    -0.18196
   8.09236   2.93943   0.06381    -3.86483    -3.65665    -0.20818
   7.73123   3.14793   0.06381    -3.97778    -3.72570    -0.25209
   7.33175   3.26753   0.06381    -4.77911    -4.47879    -0.30032
   6.91545   3.29178   0.06381    -6.39871    -6.07633    -0.32239
   8.32488   2.29243  -0.26351    -6.40185    -5.89587    -0.50599
   8.06238   2.61508  -0.26351    -5.33132    -4.75462    -0.57670
   7.72256   2.85495  -0.26351    -5.14683    -4.51653    -0.63031
   7.33063   2.99424  -0.26351    -5.81639    -5.15631    -0.66008
  -7.81482  -3.83693   0.40726     4.56199     4.36491     0.19708
  -7.46083  -4.05488   0.40726     4.54944     4.31300     0.23644
  -7.07511  -4.20988   0.40726     5.14621     4.73580     0.41040
  -8.24091  -3.74989   0.05741     0.25226     0.02984     0.22242
  -7.92308  -4.02134   0.05741     0.09852     0.05278     0.04574
  -7.56670  -4.23974   0.05741     0.42545     0.39431     0.03114
  -7.18054  -4.39969   0.05741     1.26318     1.10302     0.16016
  -6.77411  -4.49726   0.05741     2.60730     2.20907     0.39824
  -6.35742  -4.53006   0.05741     4.42520     3.72814     0.69706
  -5.94074  -4.49726   0.05741     6.66227     5.66268     0.99959
  -5.53431  -4.39969   0.05741     9.24886     8.00126     1.24760
  -5.14815  -4.23974   0.05741    12.10089    10.71812     1.38278
  -4.79177  -4.02134   0.05741    15.11921    13.77625     1.34296
  -4.47393  -3.74989   0.05741    18.18648    17.14021     1.04627
  -8.59481  -3.59406  -0.31814    -3.46385    -3.72951     0.26566
  -8.31942  -3.90141  -0.31814    -3.61257    -3.52844    -0.08413
  -8.00221  -4.16540  -0.31814    -3.44503    -3.16574    -0.27928
  -7.64995  -4.38038  -0.31814    -2.88152    -2.56341    -0.31811
  -7.27014  -4.54178  -0.31814    -1.88253    -1.66616    -0.21637
  -6.87087  -4.64616  -0.31814    -0.43863    -0.43512    -0.00351
  -6.46066  -4.69130  -0.31814     1.43323     1.15554     0.27769
  -6.04826  -4.67623  -0.31814     3.69791     3.11944     0.57847
  -5.64244  -4.60127  -0.31814     6.30584     5.45666     0.84919
  -5.25186  -4.46802  -0.31814     9.19113     8.15121     1.03992
  -4.88484  -4.27932  -0.31814    12.27409    11.16902     1.10507
  -4.54921  -4.03920  -0.31814    15.45368    14.45964     0.99403
  -8.73371  -3.59288  -0.71241    -6.68925    -6.71665     0.02740
  -8.47031  -3.90679  -0.71241    -6.61207    -6.25582    -0.35625
  -8.16578  -4.18099  -0.71241    -6.31777    -5.71714    -0.60063
  -7.82605  -4.41014  -0.71241    -5.70281    -5.00727    -0.69554
  -7.45774  -4.58977  -0.71241    -4.70946    -4.05963    -0.64983
  -7.06801  -4.71641  -0.71241    -3.31137    -2.82552    -0.48585
  -6.66445  -4.78756  -0.71241    -1.50728    -1.26938    -0.23789
  -6.25491  -4.80186  -0.71241     0.68399     0.63283     0.05116
  -5.84738  -4.75903  -0.71241     3.22854     2.89296     0.33557
  -5.44976  -4.65989  -0.71241     6.07994     5.50786     0.57208
  -5.06982  -4.50639  -0.71241     9.17607     8.45526     0.72081
  -9.00009  -3.27153  -1.11806    -9.35868    -9.53220     0.17353
  -8.77882  -3.62565  -1.11806    -9.06186    -8.76006    -0.30181
  -8.51041  -3.94552  -1.11806    -8.77447    -8.09756    -0.67691
  -8.20010  -4.22492  -1.11806    -8.30634    -7.38796    -0.91838
  -7.85393  -4.45842  -1.11806    -7.53953    -6.52569    -1.01383
  -7.47862  -4.64147  -1.11806    -6.40499    -5.43570    -0.96929
  -7.08150  -4.77050  -1.11806    -4.86947    -4.06255    -0.80692
  -6.67028  -4.84301  -1.11806    -2.92796    -2.36496    -0.56300
  -6.25297  -4.85758  -1.11806    -0.59362    -0.31383    -0.27979
  -5.83769  -4.81394  -1.11806     2.10404     2.10660    -0.00256
  -5.43253  -4.71292  -1.11806     5.12236     4.89499     0.22737
  -5.04538  -4.55650  -1.11806     8.40110     8.02701     0.37408
  -9.16993  -2.89007  -1.52751   -11.80596   -12.15328     0.34732
  -9.00009  -3.27153  -1.52751   -11.01593   -10.89057    -0.12536
  -8.77882  -3.62565  -1.52751   -10.55596    -9.99369    -0.56227
  -8.51041  -3.94552  -1.52751   -10.12675    -9.21770    -0.90905
  -8.20010  -4.22492  -1.52751    -9.53689    -8.40424    -1.13265
  -7.85393  -4.45842  -1.52751    -8.66402    -7.44531    -1.21871
  -7.47862  -4.64147  -1.52751    -7.43599    -6.26336    -1.17263
  -7.08150  -4.77050  -1.52751    -5.81701    -4.80052    -1.01650
  -6.67028  -4.84301  -1.52751    -3.79706    -3.01317    -0.78389
  -6.25297  -4.85758  -1.52751    -1.38617    -0.87018    -0.51599
  -5.83769  -4.81394  -1.52751     1.38931     1.64553    -0.25622
  -5.43253  -4.71292  -1.52751     4.48983     4.53244    -0.04261
  -5.04538  -4.55650  -1.52751     7.85956     7.76323     0.09633
  -9.11754  -2.87100  -1.93315   -12.52885   -12.61660     0.08775
  -8.95086  -3.24536  -1.93315   -11.73757   -11.40809    -0.32948
  -8.73371  -3.59288  -1.93315   -11.21861   -10.50492    -0.71369
  -8.47031  -3.90679  -1.93315   -10.71535    -9.69703    -1.01832
  -8.16578  -4.18099  -1.93315   -10.05396    -8.84161    -1.21235
  -7.82605  -4.41014  -1.93315    -9.12085    -7.83802    -1.28283
  -7.45774  -4.58977  -1.93315    -7.84701    -6.61243    -1.23457
  -7.06801  -4.71641  -1.93315    -6.19666    -5.10907    -1.08758
  -6.66445  -4.78756  -1.93315    -4.15976    -3.28570    -0.87406
  -6.25491  -4.80186  -1.93315    -1.74322    -1.11257    -0.63065
  -5.84738  -4.75903  -1.93315     1.02912     1.42560    -0.39649
  -5.44976  -4.65989  -1.93315     4.11960     4.32451    -0.20491
  -9.11658  -2.48103  -2.32742   -13.28500   -13.52528     0.24027
  -8.99768  -2.87621  -2.32742   -12.18498   -12.07041    -0.11457
  -8.82252  -3.24988  -2.32742   -11.52547   -11.04612    -0.47934
  -8.59481  -3.59406  -2.32742   -11.01656   -10.21271    -0.80385
  -8.31942  -3.90141  -2.32742   -10.44364    -9.39786    -1.04578
  -8.00221  -4.16540  -2.32742    -9.65674    -8.47764    -1.17910
  -7.64995  -4.38038  -2.32742    -8.55797    -7.36128    -1.19669
  -7.27014  -4.54178  -2.32742    -7.08960    -5.98073    -1.10887
  -6.87087  -4.64616  -2.32742    -5.22527    -4.28466    -0.94061
  -6.46066  -4.69130  -2.32742    -2.96310    -2.23610    -0.72700
  -6.04826  -4.67623  -2.32742    -0.31940     0.18630    -0.50570
  -5.64244  -4.60127  -2.32742     2.67068     2.98356    -0.31288
  -5.25186  -4.46802  -2.32742     5.95256     6.12808    -0.17552
  -8.98829  -2.28309  -2.70298   -12.28852   -12.50632     0.21780
  -8.89071  -2.68952  -2.70298   -11.37110   -11.30321    -0.06788
  -8.73076  -3.07568  -2.70298   -10.80007   -10.42262    -0.37744
  -8.51237  -3.43206  -2.70298   -10.33508    -9.67446    -0.66062
  -8.24091  -3.74989  -2.70298    -9.77597    -8.90350    -0.87247
  -7.92308  -4.02134  -2.70298    -8.97464    -7.99015    -0.98449
  -7.56670  -4.23974  -2.70298    -7.83257    -6.84370    -0.98888
  -7.18054  -4.39969  -2.70298    -6.29141    -5.39568    -0.89573
  -6.77411  -4.49726  -2.70298    -4.32731    -3.59585    -0.73146
  -6.35742  -4.53006  -2.70298    -1.94465    -1.41171    -0.53295
  -5.94074  -4.49726  -2.70298     0.82831     1.16801    -0.33970
  -5.53431  -4.39969  -2.70298     3.94139     4.12544    -0.18406
  -4.45053  -0.32669  -3.05282    17.10089    16.35216     0.74873
  -4.73817  -0.02657  -3.05282    15.61495    14.70329     0.91166
  -5.07239   0.22062  -3.05282    14.34361    13.29873     1.04488
  -8.79950  -2.07425  -3.05282   -10.26041   -10.48924     0.22883
  -8.72925  -2.48398  -3.05282    -9.73644    -9.76190     0.02546
  -8.59076  -2.87593  -3.05282    -9.38629    -9.17112    -0.21516
  -8.38803  -3.23885  -3.05282    -9.04806    -8.60497    -0.44309
  -8.12687  -3.56228  -3.05282    -8.55923    -7.94529    -0.61394
  -7.81482  -3.83693  -3.05282    -7.78802    -7.08933    -0.69869
  -7.46083  -4.05488  -3.05282    -6.64282    -5.95462    -0.68819
  -7.07511  -4.20988  -3.05282    -5.07090    -4.47856    -0.59235
  -6.66873  -4.29746  -3.05282    -3.05660    -2.61812    -0.43848
  -6.25340  -4.31510  -3.05282    -0.61559    -0.35251    -0.26308
  -5.84107  -4.26230  -3.05282     2.20570     2.31008    -0.10439
  -5.44359  -4.14057  -3.05282     5.33069     5.32131     0.00939
  -4.32197  -1.05153  -3.37044    17.88402    17.51038     0.37364
  -4.51297  -0.68104  -3.37044    16.70430    16.19415     0.51015
  -4.77063  -0.35340  -3.37044    15.45870    14.81992     0.63878
  -8.54000  -2.07481  -3.37044    -7.36696    -7.58241     0.21545
  -8.46112  -2.48410  -3.37044    -7.37888    -7.43736     0.05847
  -8.30620  -2.87107  -3.37044    -7.30860    -7.19142    -0.11719
  -8.08085  -3.22172  -3.37044    -7.04630    -6.78021    -0.26610
  -7.79321  -3.52339  -3.37044    -6.47151    -6.12029    -0.35121
  -7.45368  -3.76517  -3.37044    -5.48632    -5.13401    -0.35230
  -7.07452  -3.93832  -3.37044    -4.03489    -3.76014    -0.27475
  -6.66945  -4.03659  -3.37044    -2.10153    -1.95963    -0.14190
  -6.25310  -4.05643  -3.37044     0.28677     0.27761     0.00917
  -5.84052  -3.99711  -3.37044     3.06413     2.92205     0.14208
  -5.44662  -3.86078  -3.37044     6.11759     5.89002     0.22757
  -4.63914  -1.07144  -3.64992    15.90172    15.45152     0.45020
  -4.85021  -0.72065  -3.64992    15.04454    14.51265     0.53189
  -8.15158  -2.47092  -3.64992    -4.87449    -5.05050     0.17600
  -7.97968  -2.84248  -3.64992    -4.97176    -5.03965     0.06790
  -7.73193  -3.16840  -3.64992    -4.69126    -4.68949    -0.00177
  -7.41990  -3.43343  -3.64992    -3.94954    -3.94257    -0.00698
  -7.05819  -3.62520  -3.64992    -2.69327    -2.74832     0.05505
  -6.66372  -3.73472  -3.64992    -0.91240    -1.07891     0.16651
  -6.25492  -3.75689  -3.64992     1.35040     1.05695     0.29346
  -5.85092  -3.69066  -3.64992     3.99724     3.59820     0.39904
  -5.47060  -3.53912  -3.64992     6.87248     6.41461     0.45787
  -5.13175  -3.30937  -3.64992     9.75966     9.29723     0.46242
  -4.79867  -1.86640  -3.88604    14.39193    13.85469     0.53725
  -4.85647  -1.44586  -3.88604    14.51618    13.97496     0.54122
  -5.02560  -1.05650  -3.88604    14.11269    13.54226     0.57043
  -7.78713  -2.48741  -3.88604    -2.37010    -2.71399     0.34389
  -7.56657  -2.85011  -3.88604    -2.41654    -2.71945     0.30291
  -7.25633  -3.13986  -3.88604    -1.81915    -2.13603     0.31688
  -6.87942  -3.33515  -3.88604    -0.53778    -0.92800     0.39023
  -6.46380  -3.42152  -3.88604     1.39809     0.89848     0.49961
  -6.04029  -3.39255  -3.88604     3.86358     3.26196     0.60161
  -5.64030  -3.25039  -3.88604     6.63529     5.97605     0.65923
  -5.29349  -3.00559  -3.88604     9.39946     8.73941     0.66005
  -5.02560  -2.67630  -3.88604    11.79404    11.17563     0.61841
  -4.85647  -2.28695  -3.88604    13.50777    12.94037     0.56740
  -5.16222  -1.86640  -4.07442    12.45606    11.73837     0.71770
  -5.23430  -1.45762  -4.07442    12.78174    12.09074     0.69100
  -7.27300  -2.63466  -4.07442     0.13931    -0.41503     0.55434
  -6.95503  -2.90148  -4.07442     0.78564     0.18332     0.60232
  -6.56497  -3.04345  -4.07442     2.27472     1.58578     0.68895
  -6.14988  -3.04345  -4.07442     4.44465     3.66925     0.77540
  -5.75982  -2.90148  -4.07442     6.97540     6.15430     0.82109
  -5.44185  -2.63466  -4.07442     9.42268     8.61214     0.81055
  -5.23430  -2.27518  -4.07442    11.34035    10.57589     0.76447
  -5.54803  -1.86640  -4.21153    10.70217     9.85499     0.84719
  -5.65647  -1.46171  -4.21153    11.14645    10.34723     0.79922
  -7.05838  -2.27110  -4.21153     2.71837     1.98589     0.73248
  -6.76212  -2.56735  -4.21153     3.07856     2.29027     0.78829
  -6.35742  -2.67579  -4.21153     4.66428     3.79675     0.86753
  -5.95273  -2.56735  -4.21153     6.98732     6.07277     0.91455
  -5.65647  -2.27110  -4.21153     9.24133     8.34260     0.89873
  -5.94892  -1.86640  -4.29484     9.04869     8.13936     0.90933
  -6.56167  -2.22017  -4.29484     5.31312     4.42744     0.88569
  -6.15317  -2.22017  -4.29484     7.13980     6.20127     0.93853
  -7.87897  -3.74759   0.56943     6.71749     6.59364     0.12385
  -5.60686  -1.23445   2.93993    29.42392    31.22462    -1.80070
  -5.19177  -1.23445   2.93993    25.57791    26.96018    -1.38226
  -5.70634   2.86376   0.79866     5.67520     4.84308     0.83212
  -6.10990   2.79260   0.79866     5.38654     5.24575     0.14079
  -6.49963   2.66597   0.79866     4.74523     5.11038    -0.36515
  -6.86794   2.48633   0.79866     3.75564     4.45604    -0.70040
  -7.20767   2.25718   0.79866     2.39458     3.26186    -0.86728
  -5.71217   2.91921   0.39302     5.37650     4.49302     0.88348
  -6.12339   2.84670   0.39302     4.89708     4.66278     0.23430
  -6.52051   2.71766   0.39302     4.00163     4.24719    -0.24556
  -6.89582   2.53461   0.39302     2.67382     3.23619    -0.56237
  -3.84485  -3.53106  -0.01207    20.03512    20.41923    -0.38411
  -3.42958  -3.48741  -0.01207    19.57892    20.51996    -0.94103
  -3.02441  -3.38640  -0.01207    19.24823    20.42898    -1.18075
  -2.63726  -3.22998  -0.01207    19.11582    20.30517    -1.18935
  -2.27564  -3.02119  -0.01207    19.22501    20.27868    -1.05367
  -3.43926  -3.43251  -0.41771    20.32378    21.31841    -0.99463
  -3.04164  -3.33337  -0.41771    19.85691    21.14292    -1.28601
  -2.66170  -3.17986  -0.41771    19.66238    21.00525    -1.34286
  -2.30681  -2.97497  -0.41771    19.77722    21.03616    -1.25895
  -2.83387   0.85186   4.04278     3.66026     4.63367    -0.97341
  -2.41199   0.85186   4.01726     3.84036     4.37821    -0.53785
  -2.62293   1.21722   4.01726     3.11496     4.10460    -0.98964
  -3.04481   1.21722   4.01726     3.00326     4.32958    -1.32632
  -3.25575   0.85186   4.01726     3.91252     5.16840    -1.25588
  -3.04481   0.48650   4.01726     4.71260     5.56053    -0.84793
  -2.62293   0.48650   4.01726     4.54442     5.00742    -0.46300
  -1.99627   0.85186   3.94108     4.40386     4.39005     0.01381
  -2.10849   1.27066   3.94108     3.78514     4.20209    -0.41695
  -2.41507   1.57725   3.94108     3.07605     3.97359    -0.89754
  -2.83387   1.68947   3.94108     2.53137     3.82500    -1.29363
  -3.25268   1.57725   3.94108     2.56463     4.07665    -1.51201
  -3.55926   1.27066   3.94108     3.35969     4.88813    -1.52845
  -3.67148   0.85186   3.94108     4.63228     6.00438    -1.37211
  -3.55926   0.43306   3.94108     5.75489     6.81971    -1.06482
  -3.25268   0.12647   3.94108     6.26380     6.89226    -0.62846
  -2.83387   0.01426   3.94108     6.15399     6.31478    -0.16079
  -2.41507   0.12647   3.94108     5.65825     5.48038     0.17787
  -2.10849   0.43306   3.94108     5.01443     4.76753     0.24690
  -1.59275   0.85186   3.81534     5.28865     4.66465     0.62400
  -1.66760   1.27635   3.81534     4.91152     4.71014     0.20138
  -1.88312   1.64964   3.81534     4.33044     4.58961    -0.25917
  -2.21331   1.92670   3.81534     3.53602     4.24717    -0.71115
  -2.61836   2.07412   3.81534     2.75351     3.85645    -1.10294
  -3.04939   2.07412   3.81534     2.27158     3.65799    -1.38641
  -3.45443   1.92670   3.81534     2.32869     3.86356    -1.53487
  -3.78462   1.64964   3.81534     3.03401     4.58918    -1.55517
  -4.00014   1.27635   3.81534     4.30597     5.78524    -1.47927
  -4.07499   0.85186   3.81534     5.84462     7.17661    -1.33199
  -4.00014   0.42737   3.81534     7.20632     8.31566    -1.10934
  -3.78462   0.05409   3.81534     8.04655     8.82812    -0.78157
  -3.45443  -0.22298   3.81534     8.29630     8.64373    -0.34743
  -3.04939  -0.37040   3.81534     8.09613     7.95874     0.13738
  -2.61836  -0.37040   3.81534     7.62612     7.04245     0.58367
  -2.21331  -0.22298   3.81534     7.00489     6.09837     0.90652
  -1.88312   0.05409   3.81534     6.31651     5.27906     1.03745
  -1.66760   0.42737   3.81534     5.70908     4.77398     0.93510
  -1.20734   0.85186   3.64188     6.41628     5.20176     1.21452
  -1.68374   2.00199   3.64188     5.41980     5.46681    -0.04701
  -2.02061   2.26048   3.64188     4.47791     4.93718    -0.45927
  -2.41290   2.42297   3.64188     3.49648     4.32244    -0.82596
  -2.83387   2.47839   3.64188     2.68323     3.80277    -1.11954
  -3.25485   2.42297   3.64188     2.22640     3.54417    -1.31777
  -3.64714   2.26048   3.64188     2.27158     3.68366    -1.41208
  -3.98400   2.00199   3.64188     2.89658     4.31266    -1.41607
  -4.24249   1.66513   3.64188     4.09513     5.45351    -1.35838
  -4.40498   1.27284   3.64188     5.74422     7.01395    -1.26973
  -4.46040   0.85186   3.64188     7.56965     8.73691    -1.16726
  -4.40498   0.43088   3.64188     9.19490    10.22768    -1.03279
  -4.24249   0.03860   3.64188    10.30433    11.12414    -0.81980
  -3.98400  -0.29827   3.64188    10.80069    11.29077    -0.49008
  -3.64714  -0.55676   3.64188    10.78501    10.83649    -0.05148
  -3.25485  -0.71925   3.64188    10.43046     9.98542     0.44504
  -2.83387  -0.77467   3.64188     9.89394     8.96313     0.93081
  -2.41290  -0.71925   3.64188     9.27836     7.92696     1.35140
  -2.02061  -0.55676   3.64188     8.59625     6.92984     1.66642
  -1.68374  -0.29827   3.64188     7.82567     5.98887     1.83680
  -1.42525   0.03860   3.64188     7.07140     5.24874     1.82266
  -1.26276   0.43088   3.64188     6.56751     4.97027     1.59724
  -1.83976   2.57372   3.42322     5.88165     6.06221    -0.18056
  -2.21948   2.74278   3.42322     4.70883     5.21619    -0.50736
  -2.62605   2.82920   3.42322     3.63642     4.41947    -0.78306
  -3.04170   2.82920   3.42322     2.80622     3.79945    -0.99322
  -3.44827   2.74278   3.42322     2.34940     3.47230    -1.12290
  -3.82799   2.57372   3.42322     2.36195     3.53327    -1.17133
  -4.16426   2.32940   3.42322     2.90411     4.05647    -1.15235
  -4.44238   2.02051   3.42322     3.99975     5.09171    -1.09197
  -4.65021   1.66055   3.42322     5.62374     6.64239    -1.01865
  -4.77865   1.26524   3.42322     7.65750     8.61470    -0.95721
  -4.82210   0.85186   3.42322     9.83747    10.75925    -0.92178
  -4.77865   0.43849   3.42322    11.78463    12.68107    -0.89644
  -4.65021   0.04318   3.42322    13.17268    13.98783    -0.81515
  -4.44238  -0.31679   3.42322    13.87926    14.49004    -0.61079
  -4.16426  -0.62568   3.42322    13.99283    14.25670    -0.26387
  -3.82799  -0.86999   3.42322    13.69602    13.49526     0.20076
  -3.44827  -1.03905   3.42322    13.14632    12.42486     0.72146
  -3.04170  -1.12547   3.42322    12.47175    11.23953     1.23223
  -2.62605  -1.12547   3.42322    11.78588    10.09427     1.69161
  -2.21948  -1.03905   3.42322    11.14143     9.05689     2.08454
  -1.73406   2.89566   3.16257     7.49623     7.47194     0.02429
  -2.11667   3.05920   3.16257     6.10441     6.34994    -0.24552
  -2.52233   3.15179   3.16257     4.78978     5.26970    -0.47992
  -2.93800   3.17045   3.16257     3.67909     4.34762    -0.66853
  -3.35033   3.11460   3.16257     2.89658     3.69120    -0.79462
  -3.74606   2.98602   3.16257     2.53639     3.38549    -0.84909
  -4.11247   2.78885   3.16257     2.66064     3.49882    -0.83818
  -4.43778   2.52942   3.16257     3.31137     4.09384    -0.78247
  -4.71154   2.21607   3.16257     4.52434     5.23165    -0.70730
  -4.92496   1.85888   3.16257     6.32028     6.95756    -0.63728
  -4.71154  -0.51235   3.16257    17.85704    18.55055    -0.69351
  -2.52233  -1.44806   3.16257    13.93071    11.67204     2.25868
  -1.71079   3.21871   2.86371     9.21874     9.08091     0.13783
  -2.10500   3.36821   2.86371     7.56588     7.61422    -0.04834
  -2.51809   3.45255   2.86371     5.96950     6.19484    -0.22535
  -2.93936   3.46953   2.86371     4.58835     4.96280    -0.37445
  -3.35790   3.41871   2.86371     3.55421     4.02719    -0.47298
  -3.76286   3.30141   2.86371     2.95243     3.46037    -0.50793
  -4.14377   3.12067   2.86371     2.83383     3.31505    -0.48122
  -4.49074   2.88116   2.86371     3.23042     3.64396    -0.41354
  -4.79481   2.58910   2.86371     4.18361     4.51432    -0.33072
  -5.04809   2.25205   2.86371     5.75363     6.01303    -0.25939
  -1.70732   3.50287   2.53101    11.37110    11.15967     0.21143
  -2.10531   3.63864   2.53101     9.36495     9.23973     0.12523
  -2.51884   3.71503   2.53101     7.39896     7.38842     0.01054
  -2.93907   3.73038   2.53101     5.68963     5.78752    -0.09789
  -3.35707   3.68439   2.53101     4.37374     4.54076    -0.16702
  -3.76391   3.57803   2.53101     3.51782     3.69721    -0.17939
  -4.15093   3.41356   2.53101     3.14822     3.28407    -0.13586
  -4.50988   3.19450   2.53101     3.27874     3.33188    -0.05314
  -4.83311   2.92550   2.53101     3.93135     3.89235     0.03900
  -5.11373   2.61231   2.53101     5.16064     5.05246     0.10818
  -1.79605   3.77202   2.16931    13.65963    13.39424     0.26539
  -2.20334   3.88614   2.16931    10.99083    10.73752     0.25331
  -2.62238   3.94373   2.16931     8.51719     8.33187     0.18531
  -3.04536   3.94373   2.16931     6.47213     6.35428     0.11786
  -3.46440   3.88614   2.16931     4.94415     4.85589     0.08825
  -3.87170   3.77202   2.16931     3.95017     3.83577     0.11440
  -4.25966   3.60350   2.16931     3.47766     3.28526     0.19240
  -4.62106   3.38373   2.16931     3.51154     3.21180     0.29974
  -4.94917   3.11679   2.16931     4.05497     3.65444     0.40052
  -5.23788   2.80766   2.16931     5.15060     4.69934     0.45126
  -2.31157   4.08247   1.78390    12.61294    12.26033     0.35262
  -2.72898   4.12274   1.78390     9.55132     9.23785     0.31347
  -3.14811   4.10930   1.78390     7.17243     6.89279     0.27964
  -3.56209   4.04237   1.78390     5.45369     5.16709     0.28659
  -3.96410   3.92305   1.78390     4.33923     3.99088     0.34835
  -4.34756   3.75331   1.78390     3.77196     3.31431     0.45765
  -4.70616   3.53592   1.78390     3.70733     3.11928     0.58804
  -5.03402   3.27446   1.78390     4.12274     3.42732     0.69542
  -5.32575   2.97323   1.78390     5.03765     4.31192     0.72573
  -2.52032   4.23566   1.38039    13.01141    12.61818     0.39322
  -2.93852   4.24855   1.38039     9.59462     9.22628     0.36834
  -3.35514   4.20994   1.38039     7.12474     6.75298     0.37176
  -3.76386   4.12043   1.38039     5.43298     5.00532     0.42766
  -4.15848   3.98137   1.38039     4.39131     3.85175     0.53956
  -4.53302   3.79487   1.38039     3.90499     3.21546     0.68953
  -4.88180   3.56376   1.38039     3.90687     3.06811     0.83876
  -5.19954   3.29154   1.38039     4.36119     3.43047     0.93072
  -5.48142   2.98234   1.38039     5.27484     4.38343     0.89141
  -2.41507   4.30101   0.96466    16.21171    15.83693     0.37478
  -2.83387   4.32634   0.96466    11.64156    11.28931     0.35224
  -3.25268   4.30101   0.96466     8.46573     8.10757     0.35816
  -3.66537   4.22538   0.96466     6.30710     5.88641     0.42069
  -4.06594   4.10056   0.96466     4.92909     4.38399     0.54510
  -4.44854   3.92836   0.96466     4.17796     3.46091     0.71705
  -4.80760   3.71130   0.96466     3.94829     3.04777     0.90052
  -5.13788   3.45255   0.96466     4.17106     3.13173     1.03932
  -5.43456   3.15587   0.96466     4.80672     3.75764     1.04908
  -5.69331   2.82559   0.96466     5.86533     5.04417     0.82117
  -2.73016   4.35033   0.54278    13.65774    13.41493     0.24282
  -3.14466   4.33804   0.54278     9.77597     9.53253     0.24344
  -3.55480   4.27681   0.54278     7.16616     6.86132     0.30484
  -3.95482   4.16750   0.54278     5.47000     5.03469     0.43531
  -4.33910   4.01165   0.54278     4.47226     3.84858     0.62368
  -4.70225   3.81145   0.54278     4.03426     3.19397     0.84029
  -5.03918   3.56969   0.54278     4.06124     3.02706     1.03419
  -5.34515   3.28979   0.54278     4.48795     3.36025     1.12769
  -5.61586   2.97566   0.54278     5.27986     4.26814     1.01173
  -2.83387   4.32634   0.12090    12.85014    12.80797     0.04217
  -3.25268   4.30101   0.12090     9.13152     9.06999     0.06153
  -3.66537   4.22538   0.12090     6.68360     6.52396     0.15964
  -4.06594   4.10056   0.12090     5.14495     4.80768     0.33727
  -4.44854   3.92836   0.12090     4.29970     3.72487     0.57483
  -4.80760   3.71130   0.12090     4.01041     3.17564     0.83477
  -5.13788   3.45255   0.12090     4.18298     3.12813     1.05484
  -5.43456   3.15587   0.12090     4.75966     3.61274     1.14691
  -2.93852   4.24855  -0.29482    11.45205    11.67087    -0.21882
  -3.35514   4.20994  -0.29482     8.19025     8.36547    -0.17521
  -3.76386   4.12043  -0.29482     6.05986     6.09735    -0.03749
  -4.15848   3.98137  -0.29482     4.76844     4.58030     0.18815
  -4.53302   3.79487  -0.29482     4.13403     3.65812     0.47592
  -4.88180   3.56376  -0.29482     4.04053     3.25710     0.78343
  -5.19954   3.29154  -0.29482     4.41892     3.36919     1.04973
  -2.72898   4.12274  -0.69834    12.62863    13.12029    -0.49166
  -3.14811   4.10930  -0.69834     9.00288     9.50439    -0.50151
  -3.56209   4.04237  -0.69834     6.57128     6.97054    -0.39926
  -3.96410   3.92305  -0.69834     5.04580     5.23367    -0.18787
  -4.34756   3.75331  -0.69834     4.24196     4.12695     0.11501
  -4.70616   3.53592  -0.69834     4.04053     3.56481     0.47572
  -5.03402   3.27446  -0.69834     4.37813     3.52851     0.84962
  -2.62238   3.94373  -1.08375    12.23393    12.97247    -0.73855
  -3.04536   3.94373  -1.08375     8.81651     9.61871    -0.80220
  -3.46440   3.88614  -1.08375     6.45645     7.17989    -0.72345
  -3.87170   3.77202  -1.08375     4.97050     5.48025    -0.50974
  -4.25966   3.60350  -1.08375     4.21875     4.39849    -0.17974
  -4.62106   3.38373  -1.08375     4.10893     3.87173     0.23721
  -4.94917   3.11679  -1.08375     4.60843     3.89877     0.70966
  -2.51884   3.71503  -1.44545    11.52107    12.42888    -0.90780
  -2.93907   3.73038  -1.44545     8.48393     9.53911    -1.05518
  -3.35707   3.68439  -1.44545     6.30145     7.32161    -1.02016
  -3.76391   3.57803  -1.44545     4.91465     5.73582    -0.82117
  -4.15093   3.41356  -1.44545     4.24761     4.72653    -0.47892
  -4.50988   3.19450  -1.44545     4.24573     4.26471    -0.01898
  -4.83311   2.92550  -1.44545     4.90587     4.36901     0.53686
  -2.51809   3.45255  -1.77815    10.14620    11.19302    -1.04682
  -2.93936   3.46953  -1.77815     7.58973     8.84146    -1.25173
  -3.35790   3.41871  -1.77815     5.77183     6.99719    -1.22536
  -3.76286   3.30141  -1.77815     4.69628     5.69686    -1.00058
  -4.14377   3.12067  -1.77815     4.33484     4.94250    -0.60766
  -4.49074   2.88116  -1.77815     4.67369     4.74682    -0.07312
  -2.52233   3.15179  -2.07701     9.21937    10.33961    -1.12024
  -2.93800   3.17045  -2.07701     7.01430     8.38949    -1.37519
  -3.35033   3.11460  -2.07701     5.51957     6.87351    -1.35394
  -3.74606   2.98602  -2.07701     4.74899     5.85502    -1.10603
  -4.11247   2.78885  -2.07701     4.70130     5.37098    -0.66968
  -4.43778   2.52942  -2.07701     5.38215     5.46134    -0.07919
  -2.62605   2.82920  -2.33766     8.21159     9.45437    -1.24278
  -3.04170   2.82920  -2.33766     6.41252     7.85198    -1.43946
  -3.44827   2.74278  -2.33766     5.37964     6.71681    -1.33717
  -3.82799   2.57372  -2.33766     5.12487     6.11697    -0.99210
  -4.16426   2.32940  -2.33766     5.64821     6.10726    -0.45905
  -4.44238   2.02051  -2.33766     6.93963     6.73465     0.20497
  -2.83387   2.47839  -2.55632     7.30296     8.66246    -1.35950
  -3.25485   2.42297  -2.55632     6.11445     7.47875    -1.36430
  -3.64714   2.26048  -2.55632     5.83709     6.90304    -1.06595
  -3.98400   2.00199  -2.55632     6.46460     7.01152    -0.54692
  -4.24249   1.66513  -2.55632     7.92733     7.83973     0.08760
  -2.61836   2.07412  -2.72978     8.58935     9.75856    -1.16921
  -3.04939   2.07412  -2.72978     7.15549     8.43920    -1.28371
  -3.45443   1.92670  -2.72978     6.80346     7.85112    -1.04766
  -3.78462   1.64964  -2.72978     7.55270     8.10826    -0.55555
  -4.00014   1.27635  -2.72978     9.23631     9.21565     0.02067
  -4.07499   0.85186  -2.72978    11.50790    11.01891     0.48899
  -4.00014   0.42737  -2.72978    13.96020    13.22748     0.73272
  -2.21331  -0.22298  -2.72978    17.67067    17.72814    -0.05747
  -1.88312   0.05409  -2.72978    17.33871    17.91731    -0.57859
  -2.41507   1.57725  -2.85552    10.28739    11.23551    -0.94811
  -2.83387   1.68947  -2.85552     8.54793     9.66026    -1.11232
  -3.25268   1.57725  -2.85552     8.03902     8.98143    -0.94241
  -3.55926   1.27066  -2.85552     8.97715     9.45815    -0.48100
  -3.67148   0.85186  -2.85552    10.97075    10.96999     0.00076
  -3.55926   0.43306  -2.85552    13.24171    12.96433     0.27738
  -2.83387   0.01426  -2.85552    15.56412    15.37585     0.18827
  -2.41507   0.12647  -2.85552    15.40661    15.57065    -0.16404
  -2.10849   0.43306  -2.85552    14.86633    15.43692    -0.57059
  -2.41199   0.85186  -2.93170    12.27722    12.95531    -0.67808
  -2.62293   1.21722  -2.93170    10.43988    11.30087    -0.86100
  -3.04481   1.21722  -2.93170     9.54003    10.31068    -0.77066
  -3.25575   0.85186  -2.93170    10.88039    11.22425    -0.34386
  -3.04481   0.48650  -2.93170    12.79304    12.92592    -0.13289
  -2.62293   0.48650  -2.93170    13.26053    13.60556    -0.34503
  -2.83387   0.85186  -2.95722    11.29015    11.85053    -0.56038
  -7.39065   2.02170   1.48819     2.73155     3.88808    -1.15654
  -7.49816   2.20067   1.11263     0.79380     1.63630    -0.84250
  -7.91057   2.21574   1.11263    -2.85391    -2.21522    -0.63870
  -7.29728   2.28347   0.71836     1.39244     2.17590    -0.78346
  -7.70482   2.32630   0.71836    -2.15299    -1.58979    -0.56319
  -8.11436   2.31200   0.71836    -5.68398    -5.29221    -0.39177
  -8.90765  -3.33253   0.71836     5.01819     4.96986     0.04834
  -8.51792  -3.45916   0.71836     7.11784     7.07924     0.03860
  -7.28760   2.33838   0.31272     0.10730     0.75192    -0.64461
  -7.70288   2.38202   0.31272    -3.60316    -3.14342    -0.45974
  -9.96032  -2.68827   0.31272    -4.49360    -4.83210     0.33851
  -9.65001  -2.96768   0.31272    -1.95155    -2.31031     0.35875
  -9.30384  -3.20118   0.31272     0.23406    -0.13897     0.37304
  -8.92853  -3.38422   0.31272     1.95846     1.58999     0.36847
  -8.53141  -3.51326   0.31272     3.16704     2.81837     0.34867
 -10.61984  -1.63283  -0.09674   -13.72552   -14.28130     0.55579
 -10.45000  -2.01429  -0.09674   -10.96949   -11.55102     0.58153
 -10.22873  -2.36840  -0.09674    -8.31764    -8.91472     0.59708
  -9.96032  -2.68827  -0.09674    -5.89043    -6.50088     0.61045
  -9.65001  -2.96768  -0.09674    -3.82216    -4.43668     0.61452
  -9.30384  -3.20118  -0.09674    -2.25150    -2.84796     0.59646
  -8.92853  -3.38422  -0.09674    -1.31526    -1.85721     0.54195
 -10.18362  -2.33563  -0.50238    -9.77032   -10.50850     0.73818
  -9.92022  -2.64954  -0.50238    -7.62424    -8.37968     0.75544
  -9.61569  -2.92374  -0.50238    -5.97389    -6.71636     0.74246
  -9.27596  -3.15289  -0.50238    -4.98745    -5.66699     0.67955
  -8.90765  -3.33253  -0.50238    -4.86508    -5.39887     0.53379
  -9.76933  -2.64417  -0.89665    -9.24698   -10.04632     0.79934
  -9.45212  -2.90815  -0.89665    -8.12625    -8.86348     0.73723
  -9.09986  -3.12314  -0.89665    -8.00702    -8.56994     0.56292
  -9.37299  -2.76410  -1.27221   -10.73983   -11.42325     0.68342
  -8.27610   2.31947   0.60562    -7.42469    -7.11315    -0.31154
  -8.68701   2.30202   0.60562   -10.33634   -10.13266    -0.20368
  -9.08907   2.21537   0.60562   -12.82190   -12.69113    -0.13077
  -9.47070   2.06201   0.60562   -14.91716   -14.83846    -0.07869
  -9.82092   1.84637   0.60562   -16.64469   -16.61095    -0.03374
 -10.12966   1.57465   0.60562   -18.01768   -18.03310     0.01542
 -10.38804   1.25465   0.60562   -19.04115   -19.11813     0.07698
 -10.58862   0.89559   0.60562   -19.71447   -19.86732     0.15285
  -7.97127   2.47114   0.22858    -6.04103    -5.70570    -0.33534
  -8.37901   2.50323   0.22858    -8.88302    -8.64338    -0.23965
  -8.78675   2.47114   0.22858   -11.34788   -11.16433    -0.18356
  -9.18445   2.37566   0.22858   -13.46824   -13.31222    -0.15602
  -9.56231   2.21915   0.22858   -15.26605   -15.11980    -0.14625
  -9.91104   2.00544   0.22858   -16.75513   -16.61136    -0.14377
 -10.22205   1.73982   0.22858   -17.93924   -17.80365    -0.13559
 -10.48767   1.42882   0.22858   -18.81775   -18.70612    -0.11163
 -10.70137   1.08009   0.22858   -19.38628   -19.32083    -0.06545
 -10.85789   0.70222   0.22858   -19.63603   -19.64190     0.00587
 -10.95337   0.30452   0.22858   -19.55884   -19.65500     0.09615
 -10.98546  -0.10322   0.22858   -19.13841   -19.33662     0.19821
 -10.95337  -0.51095   0.22858   -18.35528   -18.65370     0.29842
  -7.45629   2.46591  -0.17132    -3.19026    -2.83462    -0.35564
  -7.85928   2.57665  -0.17132    -6.30647    -6.05335    -0.25313
  -8.27445   2.62458  -0.17132    -9.01355    -8.82762    -0.18592
  -8.69207   2.60857  -0.17132   -11.36482   -11.21537    -0.14945
  -9.10236   2.52900  -0.17132   -13.39545   -13.25602    -0.13942
  -9.49569   2.38774  -0.17132   -15.12925   -14.97852    -0.15073
  -9.86284   2.18808  -0.17132   -16.57755   -16.40456    -0.17299
 -10.19522   1.93472  -0.17132   -17.74409   -17.54972    -0.19437
 -10.48502   1.63360  -0.17132   -18.62699   -18.42397    -0.20302
 -10.72546   1.29176  -0.17132   -19.22062   -19.03168    -0.18894
 -10.91091   0.91723  -0.17132   -19.51743   -19.37166    -0.14577
 -11.03700   0.51878  -0.17132   -19.50990   -19.43707    -0.07283
 -11.10080   0.10575  -0.17132   -19.18924   -19.21553     0.02628
 -11.10080  -0.31218  -0.17132   -18.54667   -18.68958     0.14291
 -11.03700  -0.72521  -0.17132   -17.57027   -17.83793     0.26766
 -10.91091  -1.12366  -0.17132   -16.24622   -16.63796     0.39174
 -10.72546  -1.49819  -0.17132   -14.56010   -15.07079     0.51068
  -7.35892   2.49594  -0.58513    -3.59626    -3.43413    -0.16212
  -7.75769   2.61895  -0.58513    -6.59575    -6.46349    -0.13226
  -8.17035   2.68115  -0.58513    -9.17231    -9.07663    -0.09567
  -8.58767   2.68115  -0.58513   -11.40499   -11.33303    -0.07195
  -9.00033   2.61895  -0.58513   -13.33834   -13.26984    -0.06850
  -9.39911   2.49594  -0.58513   -14.99873   -14.91321    -0.08552
  -9.77510   2.31488  -0.58513   -16.39996   -16.28260    -0.11736
 -10.11990   2.07979  -0.58513   -17.54517   -17.39245    -0.15272
 -10.42582   1.79594  -0.58513   -18.43435   -18.25274    -0.18161
 -10.68601   1.46967  -0.58513   -19.06248   -18.86932    -0.19316
 -10.89467   1.10826  -0.58513   -19.42205   -19.24413    -0.17792
 -11.04713   0.71979  -0.58513   -19.50739   -19.37527    -0.13211
 -11.13999   0.31294  -0.58513   -19.31411   -19.25757    -0.05654
 -11.17118  -0.10322  -0.58513   -18.83846   -18.88323     0.04477
 -11.13999  -0.51937  -0.58513   -18.07918   -18.24328     0.16411
 -11.04713  -0.92622  -0.58513   -17.03814   -17.33009     0.29195
 -10.89467  -1.31469  -0.58513   -15.72037   -16.14162     0.42125
 -10.68601  -1.67610  -0.58513   -14.14030   -14.68859     0.54829
 -10.42582  -2.00237  -0.58513   -12.33056   -13.00614     0.67558
  -7.35892   2.49594  -1.00362    -4.57580    -4.60611     0.03031
  -7.75769   2.61895  -1.00362    -7.41967    -7.42269     0.00301
  -8.17035   2.68115  -1.00362    -9.83809    -9.85282     0.01472
  -8.58767   2.68115  -1.00362   -11.92143   -11.95114     0.02971
  -9.00033   2.61895  -1.00362   -13.72050   -13.75119     0.03070
  -9.39911   2.49594  -1.00362   -15.26229   -15.27624     0.01395
  -9.77510   2.31488  -1.00362   -16.56060   -16.54346    -0.01714
 -10.11990   2.07979  -1.00362   -17.62047   -17.56573    -0.05474
 -10.42582   1.79594  -1.00362   -18.43999   -18.35222    -0.08778
 -10.68601   1.46967  -1.00362   -19.01479   -18.90881    -0.10598
 -10.89467   1.10826  -1.00362   -19.33859   -19.23847    -0.10012
 -11.04713   0.71979  -1.00362   -19.40761   -19.34154    -0.06608
 -11.13999   0.31294  -1.00362   -19.21999   -19.21651    -0.00347
 -11.17118  -0.10322  -1.00362   -18.77634   -18.86108     0.08475
 -11.13999  -0.51937  -1.00362   -18.08294   -18.27396     0.19101
 -11.04713  -0.92622  -1.00362   -17.15109   -17.45784     0.30675
 -10.89467  -1.31469  -1.00362   -16.00086   -16.42426     0.42339
 -10.68601  -1.67610  -1.00362   -14.66490   -15.20117     0.53627
 -10.42582  -2.00237  -1.00362   -13.20280   -13.84532     0.64252
 -10.11990  -2.28622  -1.00362   -11.71623   -12.46191     0.74568
  -7.45629   2.46591  -1.41744    -6.04292    -6.18727     0.14436
  -7.85928   2.57665  -1.41744    -8.65900    -8.76775     0.10874
  -8.27445   2.62458  -1.41744   -10.87725   -10.99566     0.11841
  -8.69207   2.60857  -1.41744   -12.77923   -12.91333     0.13410
  -9.10236   2.52900  -1.41744   -14.41013   -14.54838     0.13826
  -9.49569   2.38774  -1.41744   -15.79504   -15.92053     0.12549
  -9.86284   2.18808  -1.41744   -16.94464   -17.04460     0.09996
 -10.19522   1.93472  -1.41744   -17.86206   -17.93168     0.06962
 -10.48502   1.63360  -1.41744   -18.54604   -18.58989     0.04385
 -10.72546   1.29176  -1.41744   -18.99095   -19.02469     0.03374
 -10.91091   0.91723  -1.41744   -19.19426   -19.23948     0.04522
 -11.03700   0.51878  -1.41744   -19.15347   -19.23625     0.08278
 -11.10080   0.10575  -1.41744   -18.87235   -19.01671     0.14437
 -11.10080  -0.31218  -1.41744   -18.35842   -18.58402     0.22561
 -11.03700  -0.72521  -1.41744   -17.62611   -17.94553     0.31942
 -10.91091  -1.12366  -1.41744   -16.70179   -17.11709     0.41530
 -10.72546  -1.49819  -1.41744   -15.62310   -16.12980     0.50670
 -10.48502  -1.84003  -1.41744   -14.45280   -15.04067     0.58787
 -10.19522  -2.14115  -1.41744   -13.29504   -13.94958     0.65453
  -9.86284  -2.39451  -1.41744   -12.32554   -13.02737     0.70183
  -9.49569  -2.59417  -1.41744   -11.85428   -12.56396     0.70967
  -7.19571   2.21915  -1.81733    -4.50677    -4.81518     0.30841
  -7.57357   2.37566  -1.81733    -7.33119    -7.52732     0.19613
  -7.97127   2.47114  -1.81733    -9.69628    -9.87638     0.18010
  -8.37901   2.50323  -1.81733   -11.70619   -11.90720     0.20101
  -8.78675   2.47114  -1.81733   -13.42306   -13.65014     0.22709
  -9.18445   2.37566  -1.81733   -14.88453   -15.12691     0.24238
  -9.56231   2.21915  -1.81733   -16.11193   -16.35377     0.24184
  -9.91104   2.00544  -1.81733   -17.11469   -17.34328     0.22859
 -10.22205   1.73982  -1.81733   -17.89343   -18.10513     0.21169
 -10.48767   1.42882  -1.81733   -18.44752   -18.64664     0.19911
 -10.70137   1.08009  -1.81733   -18.77446   -18.97340     0.19894
 -10.85789   0.70222  -1.81733   -18.87298   -19.08987     0.21689
 -10.95337   0.30452  -1.81733   -18.74559   -19.00042     0.25483
 -10.98546  -0.10322  -1.81733   -18.40046   -18.71087     0.31041
 -10.95337  -0.51095  -1.81733   -17.85390   -18.23083     0.37693
 -10.85789  -0.90865  -1.81733   -17.12913   -17.57716     0.44803
 -10.70137  -1.28652  -1.81733   -16.26567   -16.77948     0.51380
 -10.48767  -1.63525  -1.81733   -15.32002   -15.88832     0.56830
 -10.22205  -1.94625  -1.81733   -14.38315   -14.98794     0.60479
  -9.91104  -2.21188  -1.81733   -13.60127   -14.21655     0.61529
  -9.56231  -2.42558  -1.81733   -13.21661   -13.79990     0.58329
  -7.10763   1.96163  -2.19438    -3.95770    -4.31743     0.35972
  -7.47488   2.14680  -2.19438    -6.89507    -7.12451     0.22943
  -7.86814   2.26723  -2.19438    -9.35240    -9.55994     0.20754
  -8.27610   2.31947  -2.19438   -11.42130   -11.65957     0.23827
  -8.68701   2.30202  -2.19438   -13.16891   -13.45214     0.28323
  -9.08907   2.21537  -2.19438   -14.63917   -14.95975     0.32058
  -9.47070   2.06201  -2.19438   -15.85717   -16.19950     0.34234
  -9.82092   1.84637  -2.19438   -16.83545   -17.18487     0.34942
 -10.12966   1.57465  -2.19438   -17.57780   -17.92652     0.34872
 -10.38804   1.25465  -2.19438   -18.08420   -18.43305     0.34886
 -10.58862   0.89559  -2.19438   -18.35403   -18.71171     0.35768
 -10.72564   0.50780  -2.19438   -18.39042   -18.76941     0.37899
 -10.79515   0.10243  -2.19438   -18.20091   -18.61434     0.41343
 -10.79515  -0.30886  -2.19438   -17.79993   -18.25819     0.45825
 -10.72564  -0.71423  -2.19438   -17.21384   -17.71952     0.50568
 -10.58862  -1.10202  -2.19438   -16.48154   -17.02888     0.54734
 -10.38804  -1.46108  -2.19438   -15.66013   -16.23616     0.57603
 -10.12966  -1.78108  -2.19438   -14.83746   -15.42167     0.58420
  -9.82092  -2.05280  -2.19438   -14.14908   -14.71233     0.56325
  -9.47070  -2.26845  -2.19438   -13.81023   -14.30616     0.49593
  -6.79466   1.40746  -2.54015    -0.16378    -0.70300     0.53922
  -7.10919   1.68000  -2.54015    -3.76506    -4.06607     0.30102
  -7.46961   1.88809  -2.54015    -6.79718    -6.99674     0.19956
  -7.86290   2.02421  -2.54015    -9.32856    -9.52623     0.19767
  -8.27485   2.08343  -2.54015   -11.43887   -11.68694     0.24807
  -8.69056   2.06363  -2.54015   -13.19276   -13.50702     0.31426
  -9.09500   1.96551  -2.54015   -14.63603   -15.00917     0.37314
  -9.47357   1.79263  -2.54015   -15.79630   -16.21152     0.41522
  -9.81258   1.55122  -2.54015   -16.68799   -17.12864     0.44066
 -10.09978   1.25001  -2.54015   -17.31550   -17.77254     0.45705
 -10.32479   0.89990  -2.54015   -17.68196   -18.15367     0.47171
 -10.47946   0.51353  -2.54015   -17.79115   -18.28231     0.49116
 -10.55823   0.10487  -2.54015   -17.65435   -18.17041     0.51605
 -10.55823  -0.31131  -2.54015   -17.29102   -17.83447     0.54345
 -10.47946  -0.71996  -2.54015   -16.73129   -17.29955     0.56826
 -10.32479  -1.10633  -2.54015   -16.02346   -16.60479     0.58134
 -10.09978  -1.45644  -2.54015   -15.23593   -15.81088     0.57495
  -9.81258  -1.75765  -2.54015   -14.46598   -15.00877     0.54279
  -9.47357  -1.99906  -2.54015   -13.85164   -14.32783     0.47618
  -9.09500  -2.17194  -2.54015   -13.57680   -13.93516     0.35837
  -6.86286   1.04933  -2.84692     0.51142     0.14893     0.36249
  -7.14607   1.34831  -2.84692    -3.31262    -3.51359     0.20096
  -7.48693   1.57942  -2.84692    -6.49033    -6.62676     0.13643
  -7.86951   1.73185  -2.84692    -9.11897    -9.27639     0.15742
  -8.27590   1.79848  -2.84692   -11.28137   -11.50953     0.22816
  -8.68712   1.77618  -2.84692   -13.04341   -13.35873     0.31531
  -9.08393   1.66601  -2.84692   -14.45468   -14.84859     0.39391
  -9.44778   1.47311  -2.84692   -15.54467   -15.99857     0.45390
  -9.76166   1.20650  -2.84692   -16.32842   -16.82462     0.49620
 -10.01088   0.87865  -2.84692   -16.81537   -17.34076     0.52538
 -10.18380   0.50489  -2.84692   -17.01241   -17.56068     0.54827
 -10.27233   0.10270  -2.84692   -16.93334   -17.49998     0.56664
 -10.27233  -0.30913  -2.84692   -16.59951   -17.17918     0.57967
 -10.18380  -0.71132  -2.84692   -16.04605   -16.62743     0.58138
 -10.01088  -1.08508  -2.84692   -15.32064   -15.88642     0.56578
  -9.76166  -1.41293  -2.84692   -14.48417   -15.01209     0.52792
  -9.44778  -1.67953  -2.84692   -13.60252   -14.06756     0.46504
  -9.08393  -1.87244  -2.84692   -12.71020   -13.08987     0.37966
  -7.26369   1.01210  -3.10785    -3.05911    -3.15038     0.09127
  -7.59036   1.26276  -3.10785    -6.46586    -6.53205     0.06619
  -7.97078   1.42034  -3.10785    -9.21560    -9.33314     0.11754
  -8.37901   1.47408  -3.10785   -11.41440   -11.62784     0.21344
  -8.78724   1.42034  -3.10785   -13.13817   -13.45681     0.31865
  -9.16766   1.26276  -3.10785   -14.43837   -14.84740     0.40903
  -9.49433   1.01210  -3.10785   -15.34449   -15.82094     0.47645
  -9.74499   0.68543  -3.10785   -15.87474   -16.39631     0.52157
  -9.90256   0.30502  -3.10785   -16.04416   -16.59260     0.54844
  -9.95631  -0.10322  -3.10785   -15.87348   -16.43202     0.55854
  -9.90256  -0.51145  -3.10785   -15.39155   -15.94237     0.55081
  -9.74499  -0.89186  -3.10785   -14.63666   -15.15667     0.52001
  -9.49433  -1.21853  -3.10785   -13.63578   -14.10263     0.46685
  -9.16766  -1.46919  -3.10785   -12.36570   -12.76366     0.39796
  -7.44836   0.67769  -3.31709    -3.11370    -3.13439     0.02069
  -7.77157   0.94890  -3.31709    -6.80597    -6.83207     0.02610
  -8.16805   1.09320  -3.31709    -9.69314    -9.80267     0.10953
  -8.58997   1.09320  -3.31709   -11.87185   -12.10148     0.22963
  -8.98645   0.94890  -3.31709   -13.41804   -13.76048     0.34244
  -9.30966   0.67769  -3.31709   -14.37875   -14.80427     0.42552
  -9.52062   0.31230  -3.31709   -14.78475   -15.25764     0.47289
  -9.59389  -0.10322  -3.31709   -14.66301   -15.14847     0.48546
  -9.52062  -0.51873  -3.31709   -14.04115   -14.50484     0.46369
  -9.30966  -0.88412  -3.31709   -12.92293   -13.33348     0.41055
  -8.98645  -1.15533  -3.31709   -11.20355   -11.54810     0.34455
  -7.96635   0.61153  -3.46998    -7.11972    -7.14387     0.02415
  -8.37901   0.72210  -3.46998   -10.10792   -10.23585     0.12792
  -8.79167   0.61153  -3.46998   -12.08834   -12.34220     0.25386
  -9.09375   0.30944  -3.46998   -13.06600   -13.40798     0.34198
  -9.20432  -0.10322  -3.46998   -13.06600   -13.43489     0.36888
  -9.09375  -0.51587  -3.46998   -12.09023   -12.42754     0.33732
  -8.79167  -0.81796  -3.46998   -10.01003   -10.28526     0.27523
  -8.17035   0.25819  -3.56310    -7.52007    -7.57859     0.05852
  -8.58767   0.25819  -3.56310   -10.35767   -10.52732     0.16965
  -8.79633  -0.10322  -3.56310   -10.94314   -11.17824     0.23510
  -8.58767  -0.46462  -3.56310    -8.94515    -9.14256     0.19741
  -8.37901  -0.10322  -3.59438    -8.10931    -8.23006     0.12076
  -8.54161  -0.25594   4.09964    10.53777     9.90900     0.62877
  -8.75027  -0.61734   4.09964    11.03538    10.18141     0.85397
  -8.33295   0.20797   4.00652     8.99535     8.77045     0.22490
  -8.74561   0.09740   4.00652     6.69302     6.30433     0.38869
  -9.04769  -0.20469   4.00652     6.17156     5.57660     0.59495
  -9.15826  -0.61734   4.00652     7.49435     6.70224     0.79211
  -9.04769  -1.03000   4.00652    10.54341     9.58506     0.95836
  -7.72551   0.43477   3.85363    11.55370    11.79436    -0.24065
  -8.12199   0.57907   3.85363     7.83759     8.01600    -0.17841
  -8.54391   0.57907   3.85363     5.00690     5.04979    -0.04289
  -8.94039   0.43477   3.85363     3.18461     3.04804     0.13657
  -9.26360   0.16356   3.85363     2.42281     2.09369     0.32913
  -9.47456  -0.20183   3.85363     2.73531     2.22574     0.50957
  -9.54782  -0.61734   3.85363     4.12085     3.45392     0.66693
  -9.47456  -1.03285   3.85363     6.56061     5.76050     0.80011
  -9.26360  -1.39825   3.85363     9.99811     9.08187     0.91624
  -7.21763   0.49797   3.64438    14.39758    15.04818    -0.65060
  -7.54430   0.74863   3.64438    10.32818    10.96665    -0.63847
  -7.92472   0.90621   3.64438     6.76957     7.33568    -0.56610
  -8.33295   0.95995   3.64438     3.83408     4.27713    -0.44305
  -8.74118   0.90621   3.64438     1.58195     1.86486    -0.28291
  -9.12160   0.74863   3.64438     0.03765     0.14243    -0.10478
  -9.44827   0.49797   3.64438    -0.79317    -0.86623     0.07306
  -9.69893   0.17130   3.64438    -0.91303    -1.14972     0.23670
  -9.85650  -0.20911   3.64438    -0.32568    -0.70367     0.37799
  -9.91025  -0.61734   3.64438     0.96950     0.47336     0.49614
  -9.85650  -1.02558   3.64438     2.97565     2.38108     0.59457
  -9.69893  -1.40599   3.64438     5.69402     5.01406     0.67996
  -9.44827  -1.73266   3.64438     9.11144     8.35024     0.76120
  -7.10001   0.83418   3.38346    12.52634    13.54268    -1.01633
  -7.44087   1.06529   3.38346     8.63516     9.60523    -0.97007
  -7.82345   1.21772   3.38346     5.20205     6.08457    -0.88251
  -8.22984   1.28435   3.38346     2.29292     3.04786    -0.75495
  -8.64106   1.26205   3.38346    -0.06463     0.53416    -0.59879
  -9.03787   1.15188   3.38346    -1.85994    -1.43345    -0.42649
  -9.40172   0.95898   3.38346    -3.09488    -2.84247    -0.25240
  -9.71560   0.69237   3.38346    -3.77823    -3.68816    -0.09008
  -9.96482   0.36452   3.38346    -3.91880    -3.97078     0.05198
 -10.13774  -0.00924   3.38346    -3.52347    -3.69280     0.16934
 -10.22627  -0.41143   3.38346    -2.59287    -2.85622     0.26335
 -10.22627  -0.82326   3.38346    -1.12324    -1.46067     0.33743
 -10.13774  -1.22545   3.38346     0.89483     0.49705     0.39777
  -9.96482  -1.59921   3.38346     3.47327     3.02142     0.45185
  -9.71560  -1.92706   3.38346     6.61897     6.11298     0.50599
  -9.40172  -2.19366   3.38346    10.32253     9.75803     0.56451
  -7.06313   1.16587   3.07669    10.40976    11.66486    -1.25510
  -7.42355   1.37396   3.07669     6.60454     7.80003    -1.19549
  -7.81684   1.51008   3.07669     3.26619     4.35805    -1.09187
  -8.22879   1.56930   3.07669     0.41604     1.37027    -0.95423
  -8.64450   1.54950   3.07669    -1.93900    -1.14584    -0.79316
  -9.04894   1.45138   3.07669    -3.80083    -3.17948    -0.62134
  -9.42751   1.27850   3.07669    -5.17758    -4.72546    -0.45212
  -9.76652   1.03709   3.07669    -6.07931    -5.78391    -0.29540
 -10.05372   0.73588   3.07669    -6.51920    -6.35916    -0.16004
 -10.27872   0.38577   3.07669    -6.50853    -6.45783    -0.05069
 -10.43340  -0.00060   3.07669    -6.05484    -6.08683     0.03199
 -10.51216  -0.40925   3.07669    -5.16001    -5.25131     0.09130
 -10.51216  -0.82543   3.07669    -3.82091    -3.95323     0.13232
 -10.43340  -1.23409   3.07669    -2.02811    -2.19060     0.16249
 -10.27872  -1.62046   3.07669     0.23030     0.04226     0.18804
 -10.05372  -1.97057   3.07669     2.96875     2.75300     0.21575
  -9.76652  -2.27178   3.07669     6.19603     5.94719     0.24884
  -9.42751  -2.51318   3.07669     9.90900     9.62083     0.28817
  -7.42882   1.63267   2.73092     4.91152     6.22453    -1.31301
  -7.82208   1.75310   2.73092     1.65161     2.84941    -1.19781
  -8.23004   1.80534   2.73092    -1.14834    -0.09586    -1.05248
  -8.64095   1.78789   2.73092    -3.50025    -2.60954    -0.89071
  -9.04301   1.70124   2.73092    -5.41227    -4.68853    -0.72374
  -9.42464   1.54789   2.73092    -6.89382    -6.33190    -0.56192
  -9.77486   1.33225   2.73092    -7.95682    -7.54256    -0.41426
 -10.08360   1.06052   2.73092    -8.61571    -8.32727    -0.28844
 -10.34198   0.74052   2.73092    -8.88365    -8.69539    -0.18826
 -10.54256   0.38146   2.73092    -8.77384    -8.65740    -0.11644
 -10.67958  -0.00633   2.73092    -8.29379    -8.22315    -0.07064
 -10.74908  -0.41170   2.73092    -7.44791    -7.40054    -0.04737
 -10.74908  -0.82299   2.73092    -6.23368    -6.19436    -0.03932
 -10.67958  -1.22836   2.73092    -4.64608    -4.60573    -0.04035
 -10.54256  -1.61615   2.73092    -2.67445    -2.63198    -0.04246
 -10.34198  -1.97521   2.73092    -0.30811    -0.26725    -0.04086
 -10.08360  -2.29521   2.73092     2.46423     2.49603    -0.03180
  -9.77486  -2.56693   2.73092     5.64884     5.66431    -0.01547
  -9.42464  -2.78257   2.73092     9.24384     9.23802     0.00582
  -7.52751   1.86153   2.35387     2.85391     4.15661    -1.30270
  -7.92521   1.95701   2.35387    -0.32756     0.83282    -1.16038
  -8.33295   1.98910   2.35387    -3.06350    -2.06302    -1.00048
  -8.74069   1.95701   2.35387    -5.37336    -4.53737    -0.83599
  -9.13839   1.86153   2.35387    -7.26593    -6.59129    -0.67464
  -9.51625   1.70502   2.35387    -8.75125    -8.22716    -0.52409
  -9.86498   1.49132   2.35387    -9.84249    -9.45117    -0.39131
 -10.17598   1.22569   2.35387   -10.55596   -10.27339    -0.28258
 -10.44161   0.91469   2.35387   -10.90800   -10.70662    -0.20138
 -10.65531   0.56596   2.35387   -10.91365   -10.76498    -0.14866
 -10.81183   0.18809   2.35387   -10.58609   -10.46233    -0.12376
 -10.90731  -0.20961   2.35387    -9.93348    -9.81091    -0.12257
 -10.93940  -0.61734   2.35387    -8.95895    -8.82041    -0.13854
 -10.90731  -1.02508   2.35387    -7.66252    -7.49727    -0.16525
 -10.81183  -1.42278   2.35387    -6.03978    -5.84440    -0.19538
 -10.65531  -1.80065   2.35387    -4.08258    -3.86131    -0.22127
 -10.44161  -2.14938   2.35387    -1.78338    -1.54461    -0.23878
 -10.17598  -2.46038   2.35387     0.86534     1.11102    -0.24568
  -9.86498  -2.72600   2.35387     3.86734     4.11111    -0.24377
  -9.51625  -2.93970   2.35387     7.22201     7.45898    -0.23698
  -9.13839  -3.09622   2.35387    10.91678    11.15206    -0.23528
  -7.41023   1.95178   1.95397     3.12876     4.40940    -1.28064
  -7.81322   2.06252   1.95397    -0.40851     0.69640    -1.10491
  -8.22839   2.11045   1.95397    -3.46699    -2.53952    -0.92747
  -8.64601   2.09444   1.95397    -6.07178    -5.31666    -0.75512
  -9.05630   2.01487   1.95397    -8.23292    -7.63918    -0.59374
  -9.44962   1.87361   1.95397    -9.95858    -9.51098    -0.44759
  -9.81678   1.67395   1.95397   -11.26129   -10.94057    -0.32072
 -10.14915   1.42060   1.95397   -12.16113   -11.94170    -0.21944
 -10.43896   1.11947   1.95397   -12.67820   -12.53222    -0.14598
 -10.67940   0.77763   1.95397   -12.83508   -12.73222    -0.10286
 -10.86484   0.40310   1.95397   -12.65122   -12.56209    -0.08913
 -10.99094   0.00465   1.95397   -12.14294   -12.04088    -0.10206
 -11.05474  -0.40838   1.95397   -11.32153   -11.18507    -0.13645
 -11.05474  -0.82631   1.95397   -10.19326   -10.00781    -0.18545
 -10.99094  -1.23934   1.95397    -8.75878    -8.51853    -0.24025
 -10.86484  -1.63779   1.95397    -7.01493    -6.72297    -0.29195
 -10.67940  -2.01232   1.95397    -4.95858    -4.62366    -0.33492
 -10.43896  -2.35416   1.95397    -2.58471    -2.22050    -0.36422
 -10.14915  -2.65528   1.95397     0.10856     0.48824    -0.37968
  -9.81678  -2.90864   1.95397     3.12060     3.50473    -0.38412
  -9.44962  -3.10829   1.95397     6.44452     6.83044    -0.38592
  -9.05630  -3.24956   1.95397    10.06400    10.46531    -0.40131
  -7.71163   2.10482   1.54016    -0.27736     0.70936    -0.98672
  -8.12429   2.16702   1.54016    -3.68787    -2.90852    -0.77935
  -8.54161   2.16702   1.54016    -6.62399    -6.02408    -0.59991
  -8.95427   2.10482   1.54016    -9.08508    -8.64244    -0.44264
  -9.35304   1.98181   1.54016   -11.07366   -10.76798    -0.30568
  -9.72903   1.80075   1.54016   -12.60165   -12.41129    -0.19036
 -10.07384   1.56566   1.54016   -13.68975   -13.59032    -0.09943
 -10.37976   1.28181   1.54016   -14.36244   -14.32881    -0.03363
 -10.63995   0.95554   1.54016   -14.64921   -14.65397     0.00476
 -10.84861   0.59413   1.54016   -14.57893   -14.59402     0.01510
 -11.00107   0.20566   1.54016   -14.17795   -14.17603    -0.00192
 -11.09393  -0.20119   1.54016   -13.46635   -13.42438    -0.04197
 -11.12512  -0.61734   1.54016   -12.46046   -12.35985    -0.10060
 -11.09393  -1.03350   1.54016   -11.16904   -10.99921    -0.16984
 -11.00107  -1.44035   1.54016    -9.59588    -9.35533    -0.24055
 -10.84861  -1.82882   1.54016    -7.74158    -7.43772    -0.30386
 -10.63995  -2.19023   1.54016    -5.60680    -5.25327    -0.35353
 -10.37976  -2.51650   1.54016    -3.19277    -2.80721    -0.38555
 -10.07384  -2.80035   1.54016    -0.50452    -0.10409    -0.40042
  -9.72903  -3.03544   1.54016     2.44791     2.85163    -0.40371
  -9.35304  -3.21650   1.54016     5.64821     6.05606    -0.40784
  -8.95427  -3.33951   1.54016     9.07692     9.50871    -0.43178
  -8.54161  -3.40171   1.54016    12.71522    13.22026    -0.50503
  -8.54161   2.16702   1.12167    -8.04091    -7.66563    -0.37527
  -8.95427   2.10482   1.12167   -10.76618   -10.53418    -0.23200
  -9.35304   1.98181   1.12167   -12.94803   -12.83032    -0.11772
  -9.72903   1.80075   1.12167   -14.59713   -14.57074    -0.02639
 -10.07384   1.56566   1.12167   -15.73919   -15.78312     0.04393
 -10.37976   1.28181   1.12167   -16.40749   -16.50313     0.09564
 -10.63995   0.95554   1.12167   -16.64343   -16.77072     0.12728
 -10.84861   0.59413   1.12167   -16.49032   -16.62649     0.13617
 -11.00107   0.20566   1.12167   -15.98769   -16.10890     0.12121
 -11.09393  -0.20119   1.12167   -15.16941   -15.25236     0.08295
 -11.12512  -0.61734   1.12167   -14.06123   -14.08628     0.02505
 -11.09393  -1.03350   1.12167   -12.68008   -12.63500    -0.04508
 -11.00107  -1.44035   1.12167   -11.03664   -10.91830    -0.11834
 -10.84861  -1.82882   1.12167    -9.13779    -8.95250    -0.18529
 -10.63995  -2.19023   1.12167    -6.98920    -6.75175    -0.23745
 -10.37976  -2.51650   1.12167    -4.59964    -4.32969    -0.26996
 -10.07384  -2.80035   1.12167    -1.98293    -1.70081    -0.28212
  -9.72903  -3.03544   1.12167     0.84086     1.11865    -0.27779
  -9.35304  -3.21650   1.12167     3.84161     4.11175    -0.27014
  -8.95427  -3.33951   1.12167     6.98857     7.26591    -0.27733
  -8.54161  -3.40171   1.12167    10.25790    10.58684    -0.32894
 -10.43896   1.11947   0.70786   -19.09511   -19.24142     0.14631
 -10.67940   0.77763   0.70786   -19.01479   -19.20073     0.18593
 -10.86484   0.40310   0.70786   -18.50965   -18.72215     0.21250
 -10.99094   0.00465   0.70786   -17.64180   -17.86051     0.21871
 -11.05474  -0.40838   0.70786   -16.46083   -16.66291     0.20208
 -11.05474  -0.82631   0.70786   -15.00563   -15.16859     0.16296
 -10.99094  -1.23934   0.70786   -13.29944   -13.40989     0.11045
 -10.86484  -1.63779   0.70786   -11.35918   -11.41403     0.05486
 -10.67940  -2.01232   0.70786    -9.19803    -9.20565     0.00761
 -10.43896  -2.35416   0.70786    -6.83107    -6.80956    -0.02151
 -10.14915  -2.65528   0.70786    -4.28150    -4.25384    -0.02766
  -9.81678  -2.90864   0.70786    -1.58383    -1.57264    -0.01120
  -9.44962  -3.10829   0.70786     1.21360     1.19236     0.02124
 -10.93940  -0.61734   0.30796   -17.83508   -18.15574     0.32067
 -10.90731  -1.02508   0.30796   -15.92619   -16.26290     0.33671
 -10.81183  -1.42278   0.30796   -13.81964   -14.15062     0.33097
 -10.65531  -1.80065   0.30796   -11.53676   -11.85532     0.31856
 -10.44161  -2.14938   0.30796    -9.10077    -9.41393     0.31316
 -10.17598  -2.46038   0.30796    -6.54116    -6.86936     0.32820
  -1.95226  -2.90139   0.27048    18.70355    19.31916    -0.61561
  -1.54104  -2.97390   0.27048    17.07391    17.59828    -0.52438
  -1.12373  -2.98847   0.27048    15.67895    16.22301    -0.54405
  -0.70845  -2.94482   0.27048    14.49735    15.06409    -0.56674
  -0.30329  -2.84380   0.27048    13.54040    14.09132    -0.55092
  -1.93877  -2.84729  -0.13516    19.24446    20.19771    -0.95325
  -1.53521  -2.91845  -0.13516    17.74911    18.58551    -0.83641
  -1.12568  -2.93275  -0.13516    16.56123    17.39894    -0.83771
  -0.71814  -2.88991  -0.13516    15.71221    16.54921    -0.83700
  -0.32052  -2.79078  -0.13516    15.30119    16.07436    -0.77317
  -0.49541   0.29788   3.55856     5.79944     3.85976     1.93968
  -0.09072   0.18944   3.55856     3.57994     1.80482     1.77512
   1.09273   0.25336   3.68865    -3.30698    -3.99796     0.69098
   1.51005   0.25336   3.65737    -4.93599    -5.47695     0.54096
   1.30139   0.61477   3.65737    -3.37286    -3.90087     0.52800
   0.88408   0.61477   3.65737    -1.47778    -2.17036     0.69257
   0.67542   0.25336   3.65737    -1.22929    -2.21460     0.98531
   0.88408  -0.10805   3.65737    -2.92419    -3.84791     0.92372
   1.30139  -0.10805   3.65737    -4.76091    -5.41359     0.65267
   1.91805   0.25336   3.56425    -6.12512    -6.66482     0.53970
   1.80748   0.66602   3.56425    -4.96674    -5.47321     0.50647
   1.50539   0.96810   3.56425    -3.15888    -3.59760     0.43871
   1.09273   1.07868   3.56425    -1.05108    -1.49709     0.44601
   0.26742   0.25336   3.56425     1.26882    -0.14742     1.41624
   0.37799  -0.15930   3.56425    -0.08848    -1.57743     1.48895
   0.68008  -0.46138   3.56425    -2.18875    -3.39736     1.20861
   1.09273  -0.57195   3.56425    -4.34550    -5.18295     0.83745
   1.50539  -0.46138   3.56425    -5.86282    -6.46075     0.59793
   1.80748  -0.15930   3.56425    -6.45331    -6.98305     0.52974
   2.30761   0.25336   3.41136    -6.92394    -7.60082     0.67689
   2.23434   0.66887   3.41136    -5.97891    -6.64537     0.66646
   2.02338   1.03427   3.41136    -4.53062    -5.08254     0.55193
   1.70017   1.30547   3.41136    -2.70394    -3.11319     0.40925
   1.30370   1.44978   3.41136    -0.61621    -0.92341     0.30720
   0.16209  -0.52755   3.41136     1.24937    -0.71072     1.96010
   0.48530  -0.79875   3.41136    -1.07116    -2.58353     1.51237
   0.88177  -0.94306   3.41136    -3.41679    -4.46674     1.04995
   1.30370  -0.94306   3.41136    -5.34073    -6.05014     0.70940
   1.70017  -0.79875   3.41136    -6.63529    -7.16862     0.53334
   2.02338  -0.52755   3.41136    -7.28037    -7.78848     0.50811
   2.23434  -0.16215   3.41136    -7.35441    -7.94209     0.58767
   2.67003   0.25336   3.20212    -7.41591    -8.35166     0.93576
   2.61629   0.66160   3.20212    -6.65662    -7.61768     0.96106
   2.45871   1.04201   3.20212    -5.43047    -6.25169     0.82122
   2.20805   1.36868   3.20212    -3.83032    -4.44638     0.61606
   1.88138   1.61934   3.20212    -2.03690    -2.44989     0.41299
   1.50097   1.77691   3.20212    -0.07154    -0.30173     0.23019
   0.30409  -1.11262   3.20212     0.45620    -1.34073     1.79693
   0.68450  -1.27019   3.20212    -2.12161    -3.37370     1.25209
   1.09273  -1.32394   3.20212    -4.31350    -5.15344     0.83994
   1.50097  -1.27019   3.20212    -5.98017    -6.56132     0.58116
   1.88138  -1.11262   3.20212    -7.09964    -7.55959     0.45995
   2.20805  -0.86196   3.20212    -7.71586    -8.16939     0.45353
   2.45871  -0.53529   3.20212    -7.91791    -8.47540     0.55748
   2.61629  -0.15487   3.20212    -7.80559    -8.56017     0.75457
   0.38781  -1.51586   2.94119     0.36960    -1.21223     1.58183
   0.78462  -1.62604   2.94119    -2.30170    -3.35829     1.05659
   1.19584  -1.64833   2.94119    -4.43837    -5.13631     0.69793
   1.60224  -1.58170   2.94119    -6.04103    -6.52861     0.48758
   1.98481  -1.42927   2.94119    -7.14231    -7.52864     0.38633
   2.32567  -1.19816   2.94119    -7.79179    -8.14555     0.35376
   2.60888  -0.89918   2.94119    -8.06412    -8.46160     0.39748
   2.82120  -0.54631   2.94119    -8.06852    -8.66006     0.59155
   0.78119  -1.91349   2.63442    -1.66039    -2.57323     0.91284
   1.19690  -1.93329   2.63442    -3.87801    -4.46248     0.58447
   1.60884  -1.87406   2.63442    -5.56036    -5.96482     0.40446
   2.00213  -1.73794   2.63442    -6.76518    -7.08624     0.32106
   2.36255  -1.52985   2.63442    -7.52823    -7.78870     0.26047
   0.78473  -2.15187   2.28865    -0.83459    -1.52572     0.69113
   1.19565  -2.16933   2.28865    -3.04781    -3.46281     0.41500
   1.60360  -2.11708   2.28865    -4.77409    -5.05768     0.28359
   1.99686  -1.99665   2.28865    -6.08119    -6.33594     0.25474
   0.68500  -2.32100   1.91160     0.92558     0.44582     0.47976
   1.09273  -2.35309   1.91160    -1.36734    -1.58566     0.21832
   0.77967  -2.45843   1.51171     1.93838     1.88176     0.05662
  -0.11231   3.78037  -2.86709     4.60906     4.41958     0.18947
  -0.01356   3.08909  -3.29159     2.75790     2.82928    -0.07138
   0.73217   3.58031   2.62680     4.82931     5.72213    -0.89282
   1.34883   3.21890   2.53368     1.79907     2.53122    -0.73215
   1.23826   3.63156   2.53368     1.78275     2.55218    -0.76942
   0.93617   3.93364   2.53368     3.34274     4.11574    -0.77300
   0.52352   4.04421   2.53368     6.02158     6.81061    -0.78903
   0.11086   3.93364   2.53368     8.98405     9.80181    -0.81776
   1.73839   3.21890   2.38079     0.20331     0.70753    -0.50421
   1.66512   3.63441   2.38079    -0.23281     0.35860    -0.59141
   1.45416   3.99981   2.38079     0.49385     1.09833    -0.60448
   1.13095   4.27101   2.38079     2.26594     2.85038    -0.58444
   0.73448   4.41532   2.38079     4.83120     5.41764    -0.58644
   0.31255   4.41532   2.38079     7.82065     8.45414    -0.63349
   2.04707   3.62713   2.17154    -1.57442    -1.18451    -0.38992
   1.88949   4.00755   2.17154    -1.40248    -0.97102    -0.43146
   1.63883   4.33422   2.17154    -0.33070     0.07241    -0.40311
   1.31216   4.58488   2.17154     1.49473     1.85158    -0.35685
   0.93175   4.74245   2.17154     3.94013     4.27881    -0.33868
   0.52352   4.79619   2.17154     6.83546     7.20779    -0.37233
   2.25198   4.01857   1.91062    -2.58848    -2.32425    -0.26422
   2.03966   4.37144   1.91062    -1.93461    -1.69259    -0.24202
   1.75645   4.67042   1.91062    -0.60053    -0.42445    -0.17607
   1.41559   4.90153   1.91062     1.32844     1.43811    -0.10967
   1.03302   5.05396   1.91062     3.78639     3.86742    -0.08103
   0.62662   5.12059   1.91062     6.68486     6.79415    -0.10929
   2.55583   4.03252   1.60384    -3.22728    -3.10767    -0.11961
   2.36513   4.40243   1.60384    -2.83697    -2.73354    -0.10343
   2.10786   4.72957   1.60384    -1.83986    -1.80945    -0.03041
   1.79333   5.00211   1.60384    -0.30873    -0.36916     0.06043
   1.43291   5.21020   1.60384     1.73444     1.60219     0.13225
   1.03962   5.34632   1.60384     4.26832     4.11080     0.15752
   0.62768   5.40555   1.60384     7.24020     7.11907     0.12113
   2.80987   4.02672   1.25807    -3.31576    -3.30591    -0.00985
   2.64046   4.40150   1.25807    -3.12939    -3.13461     0.00522
   2.41015   4.74225   1.25807    -2.45670    -2.53129     0.07459
   2.12557   5.03918   1.25807    -1.34726    -1.51677     0.16951
   1.79489   5.28375   1.25807     0.21335    -0.05011     0.26346
   1.42764   5.46891   1.25807     2.24146     1.91211     0.32936
   1.03438   5.58934   1.25807     4.73581     4.38972     0.34610
   0.62643   5.64159   1.25807     7.66377     7.36206     0.30171
   3.00239   4.02433   0.88103    -2.70519    -2.76753     0.06234
   2.84588   4.40220   0.88103    -2.65437    -2.74539     0.09102
   2.63217   4.75093   0.88103    -2.27284    -2.42821     0.15537
   2.36655   5.06193   0.88103    -1.55058    -1.79218     0.24160
   2.05555   5.32756   0.88103    -0.42733    -0.76272     0.33539
   1.70682   5.54126   0.88103     1.14395     0.72801     0.41594
   1.32895   5.69778   0.88103     3.18461     2.72369     0.46092
   0.93125   5.79326   0.88103     5.69151     5.23724     0.45427
   2.96987   4.43016   0.48113    -1.23557    -1.40421     0.16864
   2.75630   4.78940   0.48113    -1.21674    -1.44207     0.22533
   2.49039   5.11183   0.48113    -0.90550    -1.20002     0.29452
   2.17839   5.38989   0.48113    -0.17696    -0.55061     0.37365
   1.82759   5.61706   0.48113     1.04229     0.59542     0.44687
   1.44623   5.78802   0.48113     2.78175     2.28815     0.49360
   1.04324   5.89876   0.48113     5.03765     4.54354     0.49411
   0.62807   5.94669   0.48113     7.78237     7.34245     0.43992
   2.83051   4.79178   0.06732     0.71536     0.43478     0.28058
   2.57032   5.11806   0.06732     0.37713     0.06180     0.31534
   2.26441   5.40191   0.06732     0.52146     0.16015     0.36131
   1.91960   5.63699   0.06732     1.23431     0.82261     0.41171
   1.54361   5.81806   0.06732     2.53451     2.08657     0.44794
   1.14483   5.94106   0.06732     4.40386     3.95415     0.44971
   0.73217   6.00326   0.06732     6.80409     6.39856     0.40553
   2.26441   5.40191  -0.35117     1.70871     1.39035     0.31836
   1.91960   5.63699  -0.35117     1.86810     1.53662     0.33148
   1.54361   5.81806  -0.35117     2.74033     2.39786     0.34247
   1.14483   5.94106  -0.35117     4.26644     3.93512     0.33132
   0.73217   6.00326  -0.35117     6.37550     6.09067     0.28483
   0.31486   6.00326  -0.35117     8.98154     8.78169     0.19985
   2.17839   5.38989  -0.76499     3.07731     2.83336     0.24395
   1.82759   5.61706  -0.76499     2.68951     2.47956     0.20995
   1.44623   5.78802  -0.76499     3.19653     3.00750     0.18903
   1.04324   5.89876  -0.76499     4.46410     4.30535     0.15876
   0.62807   5.94669  -0.76499     6.36546     6.26261     0.10285
   0.21045   5.93069  -0.76499     8.77572     8.75479     0.02093
   1.70682   5.54126  -1.16488     3.44754     3.38609     0.06145
   1.32895   5.69778  -1.16488     3.57178     3.56103     0.01075
   0.93125   5.79326  -1.16488     4.54380     4.57801    -0.03421
   0.52352   5.82535  -1.16488     6.17909     6.26888    -0.08980
   0.11578   5.79326  -1.16488     8.31074     8.46831    -0.15757
   1.42764   5.46891  -1.54193     3.82467     3.94656    -0.12189
   1.03438   5.58934  -1.54193     4.01857     4.20326    -0.18468
   0.62643   5.64159  -1.54193     5.08283     5.31677    -0.23394
   0.21551   5.62413  -1.54193     6.77271     7.05204    -0.27933
  -0.18654   5.53748  -1.54193     8.86232     9.18116    -0.31884
   1.03962   5.34632  -1.88770     3.89056     4.19316    -0.30260
   0.62768   5.40555  -1.88770     4.51305     4.85966    -0.34661
   0.21197   5.38574  -1.88770     5.88980     6.25759    -0.36778
  -0.19248   5.28763  -1.88770     7.72401     8.08998    -0.36596
  -0.57105   5.11474  -1.88770     9.73706    10.06855    -0.33148
   1.03302   5.05396  -2.19447     3.76945     4.13662    -0.36717
   0.62662   5.12059  -2.19447     3.99535     4.39135    -0.39599
   0.21540   5.09829  -2.19447     5.08471     5.46845    -0.38375
  -0.18141   4.98812  -2.19447     6.68298     7.01427    -0.33130
  -0.54526   4.79522  -2.19447     8.48016     8.71351    -0.23334
  -0.85913   4.52861  -2.19447    10.22087    10.30642    -0.08554
  -1.10836   4.20076  -2.19447    11.75074    11.64370     0.10704
   0.52352   4.79619  -2.45540     3.58998     3.96207    -0.37209
   0.11528   4.74245  -2.45540     4.71448     5.01235    -0.29787
  -0.26513   4.58488  -2.45540     6.29957     6.46742    -0.16786
  -0.59180   4.33422  -2.45540     8.03149     8.00993     0.02157
  -0.84246   4.00755  -2.45540     9.72640     9.45906     0.26734
   0.31255   4.41532  -2.66464     3.37224     3.60369    -0.23145
  -0.08392   4.27101  -2.66464     4.91089     4.95621    -0.04532
  -0.40713   3.99981  -2.66464     6.72125     6.51516     0.20610
   0.11086   3.93364  -2.81753     3.46260     3.41532     0.04728
   0.04496   1.93118  -3.68104     3.50213     4.04870    -0.54657
  -0.06957   1.52242  -3.68104     6.12010     6.88125    -0.76115
  -0.06957   1.09792  -3.68104     7.96623     8.97771    -1.01148
   0.27946   1.31017  -3.86941     3.77196     4.37287    -0.60091
   4.68054   3.38511  -1.25731   -10.38591    -9.88666    -0.49925
   4.90232   2.99685  -1.67113   -13.45255   -13.04922    -0.40333
   4.74985   3.38532  -1.67113   -10.27986    -9.89205    -0.38781
   4.54119   3.74673  -1.67113    -6.80722    -6.53100    -0.27622
   5.02636   2.17384  -2.08962   -16.45644   -16.09158    -0.36486
   4.99518   2.58999  -2.08962   -15.08721   -14.68364    -0.40357
   4.90232   2.99685  -2.08962   -12.95431   -12.56862    -0.38569
   4.74985   3.38532  -2.08962   -10.28802    -9.99135    -0.29667
   4.54119   3.74673  -2.08962    -7.28727    -7.12907    -0.15819
   4.96399   2.17384  -2.50343   -15.85528   -15.31961    -0.53567
   4.93200   2.59054  -2.50343   -14.60842   -14.15304    -0.45539
   4.83677   2.99748  -2.50343   -12.73531   -12.38664    -0.34867
   4.68054   3.38511  -2.50343   -10.39156   -10.18356    -0.20800
   4.46697   3.74434  -2.50343    -7.73907    -7.68924    -0.04983
   4.20107   4.06677  -2.50343    -4.94226    -5.04220     0.09993
   4.83677   1.35020  -2.50343   -16.11884   -15.28015    -0.83868
   4.93200   1.75714  -2.50343   -16.36357   -15.72451    -0.63905
   4.84064   2.17384  -2.90333   -15.51517   -14.95570    -0.55947
   4.80855   2.58158  -2.90333   -14.38503   -13.94523    -0.43979
   4.71307   2.97928  -2.90333   -12.73844   -12.44182    -0.29662
   4.55655   3.35714  -2.90333   -10.69402   -10.55767    -0.13634
   4.34285   3.70587  -2.90333    -8.38917    -8.41117     0.02199
   4.07723   4.01688  -2.90333    -5.97201    -6.12777     0.15576
   3.76622   4.28250  -2.90333    -3.60190    -3.84636     0.24445
   0.70216   4.28250  -2.90333     1.63152     1.97725    -0.34573
   0.39116   4.01688  -2.90333     1.98230     2.15427    -0.17197
   4.07723   0.33080  -2.90333   -12.36445   -11.71478    -0.64967
   4.34285   0.64181  -2.90333   -14.10014   -13.27425    -0.82589
   4.55655   0.99054  -2.90333   -15.30119   -14.45148    -0.84971
   4.71307   1.36840  -2.90333   -15.96635   -15.19499    -0.77136
   4.80855   1.76610  -2.90333   -16.04918   -15.38296    -0.66622
   4.65906   2.17384  -3.28037   -15.24095   -14.73477    -0.50618
   4.62419   2.58365  -3.28037   -14.18736   -13.80402    -0.38334
   4.52055   2.98166  -3.28037   -12.66502   -12.43268    -0.23234
   4.35114   3.35644  -3.28037   -10.79128   -10.71929    -0.07200
   4.12083   3.69719  -3.28037    -8.70858    -8.77998     0.07140
   3.83624   3.99412  -3.28037    -6.57191    -6.74592     0.17402
   3.50557   4.23869  -3.28037    -4.54568    -4.76234     0.21666
   3.13832   4.42385  -3.28037    -2.78928    -2.98066     0.19138
   2.74506   4.54429  -3.28037    -1.43700    -1.53836     0.10137
   1.52414   4.49242  -3.28037    -0.10291     0.24491    -0.34782
   1.14251   4.33907  -3.28037    -0.17884     0.26137    -0.44021
   0.79228   4.12343  -3.28037    -0.13491     0.30919    -0.44411
   0.48354   3.85170  -3.28037     0.25226     0.60543    -0.35317
   0.22516   3.53171  -3.28037     1.10944     1.31431    -0.20487
   0.02458   3.17265  -3.28037     2.43285     2.51224    -0.07938
   3.13832  -0.07617  -3.28037    -6.28325    -6.44219     0.15894
   3.50557   0.10899  -3.28037    -9.42582    -9.46455     0.03873
   3.83624   0.35356  -3.28037   -11.89946   -11.71729    -0.18217
   4.12083   0.65049  -3.28037   -13.73869   -13.32385    -0.41484
   4.35114   0.99124  -3.28037   -14.98744   -14.41964    -0.56779
   4.52055   1.36602  -3.28037   -15.65824   -15.04134    -0.61691
   4.62419   1.76404  -3.28037   -15.74359   -15.15504    -0.58854
   4.42332   2.17384  -3.62614   -14.94288   -14.51442    -0.42846
   4.38376   2.58814  -3.62614   -13.96836   -13.64631    -0.32206
   4.26651   2.98746  -3.62614   -12.54580   -12.36151    -0.18429
   4.07580   3.35737  -3.62614   -10.81073   -10.76571    -0.04502
   3.81854   3.68451  -3.62614    -8.92632    -8.98917     0.06285
   3.50401   3.95705  -3.62614    -7.06701    -7.18011     0.11310
   3.14359   4.16514  -3.62614    -5.40223    -5.49406     0.09183
   2.75030   4.30126  -3.62614    -4.07191    -4.07275     0.00085
   2.33836   4.36049  -3.62614    -3.15575    -3.01239    -0.14335
   1.92265   4.34069  -3.62614    -2.64056    -2.33097    -0.30959
   1.51820   4.24257  -3.62614    -2.41026    -1.95217    -0.45810
   1.13963   4.06968  -3.62614    -2.27158    -1.71933    -0.55225
   0.80062   3.82827  -3.62614    -2.00740    -1.43836    -0.56905
   0.51342   3.52707  -3.62614    -1.44955    -0.93328    -0.51626
   0.28842   3.17696  -3.62614    -0.53276    -0.09534    -0.43741
   0.13374   2.79059  -3.62614     0.69654     1.08624    -0.38971
   0.05498   2.38193  -3.62614     2.09839     2.51827    -0.41988
   2.75030   0.04642  -3.62614    -5.14181    -5.63571     0.49390
   3.14359   0.18254  -3.62614    -8.27811    -8.63742     0.35931
   3.50401   0.39063  -3.62614   -10.92306   -11.07026     0.14720
   3.81854   0.66317  -3.62614   -12.96999   -12.86825    -0.10174
   4.07580   0.99031  -3.62614   -14.39381   -14.07801    -0.31581
   4.26651   1.36022  -3.62614   -15.19200   -14.74899    -0.44302
   4.38376   1.75954  -3.62614   -15.36896   -14.89305    -0.47591
   4.13868   2.17384  -3.93292   -14.57579   -14.21595    -0.35984
   4.09415   2.58325  -3.93292   -13.71548   -13.43093    -0.28455
   3.96266   2.97351  -3.93292   -12.42845   -12.24916    -0.17929
   3.75034   3.32639  -3.93292   -10.87411   -10.79242    -0.08169
   3.46713   3.62537  -3.93292    -9.23757    -9.20924    -0.02833
   3.12627   3.85647  -3.93292    -7.70205    -7.66040    -0.04165
   2.74370   4.00891  -3.93292    -6.42130    -6.29518    -0.12613
   2.33730   4.07553  -3.93292    -5.48381    -5.21789    -0.26591
   1.92608   4.05323  -3.93292    -4.88391    -4.45490    -0.42901
   1.52927   3.94306  -3.93292    -4.51493    -3.94050    -0.57443
   1.16542   3.75016  -3.93292    -4.20306    -3.53590    -0.66716
   0.85155   3.48355  -3.93292    -3.76882    -3.07804    -0.69078
   0.60232   3.15570  -3.93292    -3.09550    -2.43860    -0.65690
   0.42940   2.78195  -3.93292    -2.16993    -1.57046    -0.59947
   0.34087   2.37975  -3.93292    -1.07618    -0.52682    -0.54936
   0.34087   1.96793  -3.93292     0.03514     0.55229    -0.51715
   0.42940   1.56574  -3.93292     1.00276     1.47562    -0.47286
   2.33730   0.27215  -3.93292    -4.52748    -5.13384     0.60636
   2.74370   0.33877  -3.93292    -7.30547    -7.82019     0.51472
   3.12627   0.49121  -3.93292    -9.89582   -10.23160     0.33577
   3.46713   0.72231  -3.93292   -12.05006   -12.15370     0.10364
   3.75034   1.02130  -3.93292   -13.63202   -13.50694    -0.12507
   3.96266   1.37417  -3.93292   -14.58207   -14.28973    -0.29234
   4.09415   1.76443  -3.93292   -14.88829   -14.51835    -0.36995
   3.81149   2.17384  -4.19384   -14.11269   -13.79245    -0.32024
   3.75774   2.58207  -4.19384   -13.35654   -13.07443    -0.28211
   3.60017   2.96249  -4.19384   -12.17368   -11.95370    -0.21998
   3.34951   3.28916  -4.19384   -10.77371   -10.59345    -0.18026
   3.02284   3.53982  -4.19384    -9.38064    -9.18103    -0.19960
   2.64243   3.69739  -4.19384    -8.18021    -7.89260    -0.28762
   2.23419   3.75114  -4.19384    -7.27535    -6.84690    -0.42845
   1.82596   3.69739  -4.19384    -6.64846    -6.06598    -0.58248
   1.44555   3.53982  -4.19384    -6.17407    -5.46986    -0.70420
   1.11888   3.28916  -4.19384    -5.68022    -4.91955    -0.76066
   0.86821   2.96249  -4.19384    -5.03765    -4.29129    -0.74635
   0.71064   2.58207  -4.19384    -4.22251    -3.54484    -0.67767
   0.65690   2.17384  -4.19384    -3.32706    -2.75379    -0.57327
   0.71064   1.76561  -4.19384    -2.52510    -2.08926    -0.43584
   0.86821   1.38519  -4.19384    -2.02184    -1.77323    -0.24861
   1.11888   1.05852  -4.19384    -2.02748    -2.02092    -0.00657
   1.44555   0.80786  -4.19384    -2.72716    -2.97015     0.24299
   1.82596   0.65029  -4.19384    -4.18361    -4.60362     0.42001
   2.23419   0.59654  -4.19384    -6.24372    -6.71559     0.47187
   2.64243   0.65029  -4.19384    -8.57241    -8.96830     0.39589
   3.02284   0.80786  -4.19384   -10.78752   -11.01206     0.22454
   3.34951   1.05852  -4.19384   -12.58408   -12.59547     0.01140
   3.60017   1.38519  -4.19384   -13.77509   -13.59777    -0.17731
   3.75774   1.76561  -4.19384   -14.28149   -13.98943    -0.29205
   3.44907   2.17384  -4.40308   -13.52910   -13.21241    -0.31670
   3.37580   2.58935  -4.40308   -12.84637   -12.52603    -0.32035
   3.16484   2.95475  -4.40308   -11.71058   -11.39635    -0.31424
   2.84163   3.22595  -4.40308   -10.44113   -10.08687    -0.35426
   2.44515   3.37026  -4.40308    -9.31099    -8.85183    -0.45916
   2.02323   3.37026  -4.40308    -8.44440    -7.84324    -0.60115
   1.62676   3.22595  -4.40308    -7.77861    -7.05805    -0.72056
   1.30355   2.95475  -4.40308    -7.14984    -6.38338    -0.76647
   1.09258   2.58935  -4.40308    -6.44327    -5.72497    -0.71830
   1.01932   2.17384  -4.40308    -5.71159    -5.12438    -0.58721
   1.09258   1.75833  -4.40308    -5.17005    -4.77923    -0.39082
   1.30355   1.39293  -4.40308    -5.10855    -4.95742    -0.15113
   1.62676   1.12173  -4.40308    -5.77058    -5.84879     0.07821
   2.02323   0.97742  -4.40308    -7.20255    -7.41661     0.21405
   2.44515   0.97742  -4.40308    -9.14470    -9.35207     0.20738
   2.84163   1.12173  -4.40308   -11.12449   -11.20162     0.07714
   3.16484   1.39293  -4.40308   -12.67695   -12.57430    -0.10264
   3.37580   1.75833  -4.40308   -13.50714   -13.25846    -0.24868
   3.05951   2.17384  -4.55598   -12.79743   -12.45133    -0.34610
   2.94894   2.58650  -4.55598   -12.16804   -11.76861    -0.39942
   2.64685   2.88858  -4.55598   -11.06236   -10.59575    -0.46661
   2.23419   2.99915  -4.55598    -9.96862    -9.38716    -0.58145
   1.82154   2.88858  -4.55598    -9.08697    -8.40010    -0.68686
   1.51945   2.58650  -4.55598    -8.33960    -7.64511    -0.69449
   1.40888   2.17384  -4.55598    -7.71711    -7.14645    -0.57067
   1.51945   1.76118  -4.55598    -7.50690    -7.15287    -0.35402
   1.82154   1.45910  -4.55598    -8.09487    -7.95694    -0.13793
   2.23419   1.34853  -4.55598    -9.52434    -9.48250    -0.04184
   2.64685   1.45910  -4.55598   -11.25752   -11.15141    -0.10611
   2.94894   1.76118  -4.55598   -12.50940   -12.26570    -0.24370
   2.65151   2.17384  -4.64910   -11.88754   -11.48726    -0.40028
   2.44285   2.53525  -4.64910   -11.18724   -10.67777    -0.50947
   2.02553   2.53525  -4.64910   -10.08157    -9.48140    -0.60017
   1.81688   2.17384  -4.64910    -9.38754    -8.86030    -0.52725
   2.02553   1.81243  -4.64910    -9.74648    -9.41177    -0.33470
   2.44285   1.81243  -4.64910   -11.14771   -10.85289    -0.29482
   2.23419   2.17384  -4.68037   -10.76367   -10.29820    -0.46547
   2.96308   0.79761   3.04248    -6.91766    -8.13960     1.22193
   2.85465   1.20230   3.04248    -5.81513    -6.81095     0.99582
   3.15380  -0.20983   2.95754    -7.63428    -8.51491     0.88063
   2.94955  -0.56360   2.92960    -7.76857    -8.31860     0.55003
   2.74911  -0.91078   2.84629    -7.99322    -8.33207     0.33885
   3.15380  -1.01922   2.84629    -6.96912    -7.08737     0.11824
   2.94626  -1.38687   2.70918    -6.84738    -6.93009     0.08271
   3.36135  -1.38687   2.70918    -6.42068    -6.28802    -0.13265
   2.63181  -1.67858   2.52080    -6.83044    -7.03073     0.20029
   3.04743  -1.76494   2.52080    -6.29204    -6.42869     0.13665
   4.27693   0.19896  -2.79409   -11.60202   -10.81097    -0.79105
   2.77689  -1.84241   2.45340    -6.34161    -6.57766     0.23605
   2.28019  -1.89333   2.37009    -6.51606    -6.78143     0.26537
   2.57645  -2.18959   2.37009    -5.53024    -5.89751     0.36727
   2.98114  -2.29803   2.37009    -5.74485    -6.22158     0.47673
   3.38584  -2.18959   2.37009    -6.22740    -6.62388     0.39647
   2.06556  -2.25690   2.23297    -4.85379    -5.13248     0.27870
   2.38354  -2.52371   2.23297    -4.55886    -4.95566     0.39680
   2.77360  -2.66568   2.23297    -5.20080    -5.76718     0.56638
   1.77200  -2.47235   2.04460    -3.28376    -3.48168     0.19792
   2.08224  -2.76209   2.04460    -3.25928    -3.56139     0.30211
   2.45915  -2.95739   2.04460    -4.19365    -4.66302     0.46938
   2.87477  -3.04376   2.04460    -5.54656    -6.23245     0.68589
   1.35889  -2.46472   1.80847    -1.69867    -1.76190     0.06323
   1.60664  -2.79064   1.80847    -1.28263    -1.39559     0.11296
   1.91867  -3.05567   1.80847    -1.97665    -2.19943     0.22277
   2.28037  -3.24744   1.80847    -3.35027    -3.72629     0.37601
   2.67485  -3.35696   1.80847    -5.07279    -5.63922     0.56643
   1.03236  -2.49330   1.52900     0.66642     0.72994    -0.06353
   1.25771  -2.84396   1.52900     1.03476     1.06688    -0.03211
   1.54536  -3.14563   1.52900     0.26606     0.20625     0.05981
   1.88489  -3.38741   1.52900    -1.23808    -1.42672     0.18864
   2.26404  -3.56056   1.52900    -3.21724    -3.54947     0.33223
   0.95054  -2.86109   1.21138     3.79078     3.94906    -0.15828
   1.21169  -3.18452   1.21138     2.88152     2.94487    -0.06335
   1.52375  -3.45916   1.21138     1.26694     1.20935     0.05759
   1.87773  -3.67712   1.21138    -0.84588    -1.02593     0.18004
   2.26346  -3.83212   1.21138    -3.31200    -3.59341     0.28141
   1.09765  -3.37213   0.86153     4.76719     4.81861    -0.05142
   1.41549  -3.64358   0.86153     2.66754     2.59281     0.07474
   1.77187  -3.86197   0.86153     0.15688    -0.01986     0.17674
   2.15803  -4.02193   0.86153    -2.68260    -2.90798     0.22538
   1.33635  -3.78763   0.48598     3.97465     3.81227     0.16238
   1.68862  -4.00262   0.48598     1.14960     0.91804     0.23156
   2.06843  -4.16402   0.48598    -1.97791    -2.19984     0.22193
   1.51252  -4.03237   0.09171     3.14069     2.80620     0.33448
   1.88083  -4.21201   0.09171    -0.16252    -0.46565     0.30313
   1.85994  -4.26371  -0.31394     0.38529    -0.00479     0.39008
   1.85994  -4.26371  -0.72339     0.84337     0.37108     0.47229
   2.26404  -3.56056  -2.56632    -0.26983    -0.34778     0.07795
   2.28037  -3.24744  -2.84580     0.33635     0.42298    -0.08664
   4.04507  -0.34945  -3.08192    -9.04304    -8.95182    -0.09121
   3.69827  -0.10465  -3.08192    -8.76380    -8.54276    -0.22104
   2.08224  -2.76209  -3.08192     3.06601     3.44997    -0.38396
   2.45915  -2.95739  -3.08192    -0.65198    -0.39672    -0.25527
   3.89672  -0.72038  -3.27030    -7.86207    -7.97064     0.10857
   3.57874  -0.45356  -3.27030    -6.82103    -6.70082    -0.12021
   3.18869  -0.31159  -3.27030    -5.15060    -5.03764    -0.11296
   1.78594  -1.48864  -3.27030     7.58282     8.75951    -1.17669
   1.85802  -1.89742  -3.27030     6.30459     7.29678    -0.99219
   2.06556  -2.25690  -3.27030     3.97527     4.69208    -0.71680
   2.38354  -2.52371  -3.27030     0.84588     1.32058    -0.47470
   2.77360  -2.66568  -3.27030    -2.73531    -2.41390    -0.32141
   3.68210  -1.08394  -3.40741    -6.68423    -6.75610     0.07187
   3.38584  -0.78769  -3.40741    -5.10416    -4.93064    -0.17352
   2.98114  -0.67925  -3.40741    -2.64621    -2.30774    -0.33847
   2.57645  -0.78769  -3.40741     0.68399     1.24976    -0.56577
   2.28019  -1.08394  -3.40741     3.35153     4.20895    -0.85742
   2.17175  -1.48864  -3.40741     4.00351     4.95450    -0.95099
   2.28019  -1.89333  -3.40741     2.63115     3.42214    -0.79100
   2.57645  -2.18959  -3.40741    -0.19578     0.34438    -0.54016
   2.98114  -2.29803  -3.40741    -3.61947    -3.30125    -0.31823
   3.38964  -1.48864  -3.49072    -5.20080    -5.08045    -0.12035
   3.18539  -1.13487  -3.49072    -3.65022    -3.35035    -0.29988
   2.77689  -1.13487  -3.49072    -0.76305    -0.19729    -0.56576
   2.57264  -1.48864  -3.49072     0.67332     1.37643    -0.70312
   2.77689  -1.84241  -3.49072    -1.26318    -0.74206    -0.52112
   3.18539  -1.84241  -3.49072    -4.29279    -4.04411    -0.24868
   2.98114  -1.48864  -3.51866    -2.39395    -1.96300    -0.43095
   3.85533  -2.52686   2.39262    -6.50476    -6.79092     0.28616
   3.35862  -2.57779   2.30931    -6.21485    -6.85666     0.64181
   3.65488  -2.87405   2.30931    -6.41691    -7.04763     0.63071
   4.05958  -2.98248   2.30931    -6.49033    -6.93689     0.44655
   3.14400  -2.94136   2.17219    -6.00150    -6.74416     0.74266
   3.46197  -3.20817   2.17219    -6.35102    -7.09396     0.74294
   3.85203  -3.35014   2.17219    -6.49472    -7.17850     0.68377
   4.26712  -3.35014   2.17219    -6.29894    -6.82804     0.52910
   2.85044  -3.15680   1.98382    -5.52208    -6.19391     0.67183
   3.16068  -3.44655   1.98382    -6.11194    -6.80733     0.69538
   3.53758  -3.64184   1.98382    -6.50476    -7.19399     0.68923
   3.95320  -3.72821   1.98382    -6.48092    -7.14541     0.66449
   4.37671  -3.69924   1.98382    -6.01593    -6.61172     0.59578
   4.77670  -3.55709   1.98382    -5.30748    -5.70348     0.39601
   2.68508  -3.47509   1.74769    -5.12738    -5.67028     0.54290
   2.99710  -3.74013   1.74769    -5.95569    -6.51279     0.55709
   3.35881  -3.93189   1.74769    -6.51731    -7.06504     0.54773
   3.75328  -4.04142   1.74769    -6.63403    -7.18045     0.54642
   4.16208  -4.06358   1.74769    -6.23556    -6.79726     0.56170
   4.56608  -3.99735   1.74769    -5.38089    -5.94224     0.56135
   4.94640  -3.84581   1.74769    -4.30032    -4.76487     0.46455
   2.62379  -3.83008   1.46822    -5.01819    -5.41745     0.39926
   2.96332  -4.07186   1.46822    -6.05735    -6.42843     0.37108
   3.34248  -4.24502   1.46822    -6.67733    -7.01164     0.33431
   3.74755  -4.34328   1.46822    -6.74008    -7.07052     0.33044
   4.16390  -4.36312   1.46822    -6.17720    -6.55249     0.37528
   4.57648  -4.30380   1.46822    -5.00878    -5.45631     0.44753
   4.97038  -4.16747   1.46822    -3.41302    -3.88442     0.47139
   2.60218  -4.14362   1.15060    -5.07718    -5.31588     0.23870
   2.95617  -4.36157   1.15060    -6.23807    -6.38886     0.15079
   3.34189  -4.51657   1.15060    -6.87123    -6.94590     0.07467
   3.74827  -4.60415   1.15060    -6.86558    -6.92137     0.05579
   4.16360  -4.62179   1.15060    -6.14206    -6.25635     0.11429
   4.57593  -4.56899   1.15060    -4.66679    -4.90071     0.23392
   4.97341  -4.44726   1.15060    -2.50000    -2.85230     0.35230
   2.49392  -4.32804   0.80075    -4.72640    -4.83844     0.11204
   2.85030  -4.54643   0.80075    -6.14583    -6.10073    -0.04510
   3.23646  -4.70638   0.80075    -6.97289    -6.79115    -0.18173
   3.64289  -4.80396   0.80075    -7.10655    -6.85880    -0.24775
   4.05958  -4.83675   0.80075    -6.44703    -6.23366    -0.21337
   4.47626  -4.80396   0.80075    -4.89206    -4.81391    -0.07815
   4.88269  -4.70638   0.80075    -2.34689    -2.46523     0.11834
   2.09758  -4.20810   0.42520    -2.21134    -2.42356     0.21221
   2.41479  -4.47209   0.42520    -4.40198    -4.41960     0.01763
   2.76705  -4.68707   0.42520    -6.04417    -5.83024    -0.21394
   3.14686  -4.84847   0.42520    -7.05697    -6.63986    -0.41711
   3.54613  -4.95285   0.42520    -7.35441    -6.81519    -0.53922
   3.95634  -4.99799   0.42520    -6.83483    -6.28804    -0.54680
   4.36875  -4.98292   0.42520    -5.36207    -4.93490    -0.42717
   4.77456  -4.90796   0.42520    -2.74222    -2.54690    -0.19531
   2.25122  -4.48768   0.03093    -3.34902    -3.40522     0.05620
   2.59095  -4.71683   0.03093    -5.41415    -5.16220    -0.25195
   2.95926  -4.89647   0.03093    -6.82793    -6.28855    -0.53938
   3.34899  -5.02310   0.03093    -7.53011    -6.77808    -0.75203
   3.75255  -5.09426   0.03093    -7.43222    -6.58518    -0.84704
   4.16209  -5.10856   0.03093    -6.40562    -5.60605    -0.79957
   4.56962  -5.06572   0.03093    -4.24698    -3.64380    -0.60319
   2.21690  -4.53161  -0.37471    -2.98067    -3.03209     0.05142
   2.56307  -4.76511  -0.37471    -5.30873    -4.96920    -0.33953
   2.93838  -4.94816  -0.37471    -6.91139    -6.21499    -0.69640
   3.33550  -5.07719  -0.37471    -7.74096    -6.77917    -0.96179
   3.74672  -5.14970  -0.37471    -7.71272    -6.62125    -1.09147
   4.16403  -5.16428  -0.37471    -6.68737    -5.63092    -1.05645
   4.57931  -5.12063  -0.37471    -4.42896    -3.58552    -0.84344
   2.21690  -4.53161  -0.78417    -2.76983    -2.81371     0.04389
   2.56307  -4.76511  -0.78417    -5.26982    -4.86125    -0.40858
   2.93838  -4.94816  -0.78417    -7.00614    -6.19222    -0.81393
   3.33550  -5.07719  -0.78417    -7.94741    -6.82931    -1.11810
   3.74672  -5.14970  -0.78417    -8.01769    -6.74216    -1.27553
   4.16403  -5.16428  -0.78417    -7.08709    -5.83098    -1.25611
   4.57931  -5.12063  -0.78417    -4.93034    -3.88851    -1.04183
   2.25122  -4.48768  -1.18981    -2.75414    -2.76956     0.01543
   2.59095  -4.71683  -1.18981    -5.31187    -4.84801    -0.46385
   2.95926  -4.89647  -1.18981    -7.11533    -6.22423    -0.89110
   3.34899  -5.02310  -1.18981    -8.14194    -6.92821    -1.21373
   3.75255  -5.09426  -1.18981    -8.33082    -6.94273    -1.38808
   4.16209  -5.10856  -1.18981    -7.57592    -6.19290    -1.38302
   4.56962  -5.06572  -1.18981    -5.70532    -4.52186    -1.18346
   2.09758  -4.20810  -1.58408    -0.63378    -0.93829     0.30451
   2.41479  -4.47209  -1.58408    -3.77761    -3.59091    -0.18669
   2.76705  -4.68707  -1.58408    -6.15085    -5.48652    -0.66433
   3.14686  -4.84847  -1.58408    -7.75413    -6.68612    -1.06802
   3.54613  -4.95285  -1.58408    -8.55358    -7.21038    -1.34320
   3.95634  -4.99799  -1.58408    -8.48456    -7.03671    -1.44785
   4.36875  -4.98292  -1.58408    -7.45042    -6.09170    -1.35872
   4.77456  -4.90796  -1.58408    -5.30748    -4.23848    -1.06899
   2.17609  -4.05658  -1.95964    -0.82831    -1.05386     0.22555
   2.49392  -4.32804  -1.95964    -3.98343    -3.74736    -0.23607
   2.85030  -4.54643  -1.95964    -6.38177    -5.68536    -0.69641
   3.23646  -4.70638  -1.95964    -8.00451    -6.92150    -1.08301
   3.64289  -4.80396  -1.95964    -8.81337    -7.48033    -1.33304
   4.05958  -4.83675  -1.95964    -8.75878    -7.35520    -1.40358
   4.47626  -4.80396  -1.95964    -7.78237    -6.51040    -1.27197
   4.88269  -4.70638  -1.95964    -5.83835    -4.89495    -0.94340
   2.29013  -3.86897  -2.30948    -1.32593    -1.42016     0.09423
   2.60218  -4.14362  -2.30948    -4.33860    -4.04397    -0.29464
   2.95617  -4.36157  -2.30948    -6.66478    -5.96212    -0.70266
   3.34189  -4.51657  -2.30948    -8.25175    -7.20842    -1.04333
   3.74827  -4.60415  -2.30948    -9.05684    -7.80878    -1.24806
   4.16360  -4.62179  -2.30948    -9.05120    -7.77990    -1.27129
   4.57593  -4.56899  -2.30948    -8.24045    -7.14289    -1.09757
   4.97341  -4.44726  -2.30948    -6.71059    -5.96356    -0.74703
   2.33615  -3.52841  -2.62710    -0.88040    -0.90365     0.02325
   2.62379  -3.83008  -2.62710    -3.88742    -3.65413    -0.23329
   2.96332  -4.07186  -2.62710    -6.33345    -5.76447    -0.56898
   3.34248  -4.24502  -2.62710    -8.10366    -7.22710    -0.87656
   3.74755  -4.34328  -2.62710    -9.12964    -8.06303    -1.06661
   4.16390  -4.36312  -2.62710    -9.39633    -8.31236    -1.08396
   4.57648  -4.30380  -2.62710    -8.95895    -8.05045    -0.90851
   4.97038  -4.16747  -2.62710    -7.99949    -7.43386    -0.56563
   5.33136  -3.95906  -2.62710    -6.90260    -6.77507    -0.12753
   2.68508  -3.47509  -2.90657    -3.64897    -3.42062    -0.22834
   2.99710  -3.74013  -2.90657    -6.05170    -5.60144    -0.45026
   3.35881  -3.93189  -2.90657    -7.91038    -7.21911    -0.69127
   3.75328  -4.04142  -2.90657    -9.10705    -8.26035    -0.84670
   4.16208  -4.06358  -2.90657    -9.61596    -8.77025    -0.84570
   4.56608  -3.99735  -2.90657    -9.52497    -8.85926    -0.66571
   4.94640  -3.84581  -2.90657    -9.06563    -8.73270    -0.33293
   5.28525  -3.61607  -2.90657    -8.63077    -8.70885     0.07808
   5.56679  -3.31885  -2.90657    -8.66716    -9.13737     0.47021
   5.61833  -2.17309  -3.14270   -10.94314   -11.90731     0.96417
   5.56053  -1.75255  -3.14270   -11.14896   -12.03473     0.88577
   5.39140  -1.36319  -3.14270   -11.10253   -11.78367     0.68115
   5.12351  -1.03390  -3.14270   -10.86533   -11.34162     0.47629
   4.77670  -0.78910  -3.14270   -10.41101   -10.75631     0.34530
   4.37671  -0.64694  -3.14270    -9.63792    -9.88533     0.24741
   2.85044  -3.15680  -3.14270    -4.23694    -3.96488    -0.27206
   3.16068  -3.44655  -3.14270    -6.50351    -6.10318    -0.40033
   3.53758  -3.64184  -3.14270    -8.29066    -7.73371    -0.55695
   3.95320  -3.72821  -3.14270    -9.40825    -8.79503    -0.61322
   4.37671  -3.69924  -3.14270    -9.85943    -9.36621    -0.49322
   4.77670  -3.55709  -3.14270    -9.85504    -9.65657    -0.19846
   5.12351  -3.31228  -3.14270    -9.77409    -9.97094     0.19686
   5.39140  -2.98300  -3.14270    -9.96987   -10.55090     0.58103
   5.56053  -2.59364  -3.14270   -10.46686   -11.32302     0.85617
   5.25478  -2.17309  -3.33108   -10.76681   -11.62347     0.85666
   5.18270  -1.76431  -3.33108   -10.80634   -11.65893     0.85259
   4.97516  -1.40483  -3.33108   -10.58295   -11.31742     0.73447
   4.65718  -1.13802  -3.33108   -10.05709   -10.64445     0.58736
   4.26712  -0.99605  -3.33108    -9.12211    -9.54510     0.42299
   2.93645  -2.58188  -3.33108    -3.85103    -3.55665    -0.29438
   3.14400  -2.94136  -3.33108    -5.72163    -5.45577    -0.26587
   3.46197  -3.20817  -3.33108    -7.59475    -7.26430    -0.33045
   3.85203  -3.35014  -3.33108    -9.01731    -8.65022    -0.36710
   4.26712  -3.35014  -3.33108    -9.81990    -9.55870    -0.26119
   4.65718  -3.20817  -3.33108   -10.14118   -10.15083     0.00965
   4.97516  -2.94136  -3.33108   -10.30559   -10.67327     0.36769
   5.18270  -2.58188  -3.33108   -10.53839   -11.22369     0.68530
   4.86897  -2.17309  -3.46819   -10.44427   -11.13256     0.68829
   4.76053  -1.76840  -3.46819   -10.26041   -10.97789     0.71748
   4.46427  -1.47214  -3.46819    -9.62913   -10.22685     0.59771
   4.05958  -1.36370  -3.46819    -8.43812    -8.82121     0.38309
   3.65488  -1.47214  -3.46819    -6.79467    -6.89885     0.10418
   3.25019  -2.17309  -3.46819    -5.27924    -5.09847    -0.18077
   3.35862  -2.57779  -3.46819    -6.39181    -6.23327    -0.15854
   3.65488  -2.87405  -3.46819    -8.01518    -7.85717    -0.15801
   4.05958  -2.98248  -3.46819    -9.31789    -9.22783    -0.09006
   4.46427  -2.87405  -3.46819   -10.01442   -10.15752     0.14309
   4.76053  -2.57779  -3.46819   -10.32818   -10.79253     0.46435
   4.46808  -2.17309  -3.55150    -9.83056   -10.31792     0.48736
   4.26383  -1.81932  -3.55150    -9.22000    -9.69096     0.47096
   3.85533  -1.81932  -3.55150    -7.88842    -8.11756     0.22914
   3.65108  -2.17309  -3.55150    -7.33119    -7.38018     0.04899
   3.85533  -2.52686  -3.55150    -8.42306    -8.47314     0.05008
   4.26383  -2.52686  -3.55150    -9.55007    -9.78750     0.23744
   4.05958  -2.17309  -3.57944    -8.82216    -9.09331     0.27116
   4.82982  -1.66381   2.85845    -6.19289    -5.08772    -1.10517
   5.23832  -1.66381   2.85845    -6.17720    -5.05343    -1.12377
   4.33312  -1.71473   2.77514    -6.21611    -5.33233    -0.88378
   4.62938  -2.01099   2.77514    -6.00652    -4.97167    -1.03485
   5.03408  -2.11943   2.77514    -5.74736    -4.50992    -1.23744
   4.11850  -2.07830   2.63802    -6.18222    -5.66396    -0.51826
   4.43647  -2.34511   2.63802    -6.02095    -5.36315    -0.65780
   4.82653  -2.48708   2.63802    -5.64194    -4.72111    -0.92083
   5.24162  -2.48708   2.63802    -5.22025    -4.02207    -1.19818
   3.60437  -1.93104   2.44965    -6.30082    -6.27388    -0.02694
   3.82493  -2.29374   2.44965    -6.39495    -6.47461     0.07966
   4.13517  -2.58349   2.44965    -6.38052    -6.36415    -0.01636
   4.51208  -2.77879   2.44965    -6.00213    -5.73112    -0.27101
   4.92770  -2.86515   2.44965    -5.31375    -4.68881    -0.62494
   4.72778  -3.17836   2.21352    -5.69151    -5.72513     0.03362
   5.13657  -3.20052   2.21352    -4.61721    -4.23740    -0.37981
   5.13840  -3.50006   1.93405    -4.24196    -4.32512     0.08316
   5.92089   0.36269  -2.44075   -11.20669   -10.41423    -0.79246
   6.09801  -0.17084  -2.67687   -10.86909   -10.08021    -0.78888
   5.75120   0.07396  -2.67687   -11.05923   -10.11300    -0.94623
   5.35121   0.21611  -2.67687   -11.40812   -10.35783    -1.05030
   6.15720  -0.90125  -2.86524   -10.92055   -10.59813    -0.32242
   5.94965  -0.54177  -2.86524   -10.81136   -10.23267    -0.57869
   5.63168  -0.27496  -2.86524   -10.88101   -10.15181    -0.72920
   5.24162  -0.13299  -2.86524   -11.00965   -10.26742    -0.74223
   4.82653  -0.13299  -2.86524   -10.92494   -10.34261    -0.58233
   5.84347  -1.31004  -3.00236   -11.07178   -11.38272     0.31094
   5.73503  -0.90534  -3.00236   -10.87097   -10.77458    -0.09640
   5.43877  -0.60908  -3.00236   -10.81826   -10.54318    -0.27509
   5.03408  -0.50065  -3.00236   -10.74359   -10.57465    -0.16894
   5.23832  -0.95626  -3.08567   -10.94502   -11.26311     0.31808
   5.71260  -1.84700   2.96766    -5.93561    -5.14944    -0.78618
   6.00886  -2.14326   2.96766    -5.46435    -4.79518    -0.66918
   6.41355  -2.25169   2.96766    -5.47377    -5.05595    -0.41782
   5.29043  -1.85109   2.83054    -5.95193    -4.72347    -1.22846
   5.49797  -2.21056   2.83054    -5.32442    -4.21474    -1.10967
   5.81595  -2.47738   2.83054    -4.70695    -3.81137    -0.89558
   6.20601  -2.61935   2.83054    -4.34237    -3.65426    -0.68810
   6.62110  -2.61935   2.83054    -4.41139    -3.94996    -0.46143
   7.01115  -2.47738   2.83054    -5.06212    -4.88601    -0.17611
   5.51465  -2.71576   2.64217    -4.50175    -3.49467    -1.00708
   5.89156  -2.91105   2.64217    -3.76506    -2.89928    -0.86578
   6.30718  -2.99742   2.64217    -3.33521    -2.55859    -0.77663
   5.35108  -3.00934   2.40604    -4.33107    -3.53645    -0.79462
   5.71278  -3.20110   2.40604    -3.33270    -2.53352    -0.79919
   5.31730  -3.34107   2.12657    -3.89244    -3.50745    -0.38499
   6.51605   0.44818  -2.24822   -11.14833   -11.22333     0.07500
   7.74538  -0.63240  -2.48435   -11.92456   -12.41065     0.48609
   7.47748  -0.30311  -2.48435   -11.65160   -12.15654     0.50494
   7.13068  -0.05831  -2.48435   -11.29517   -11.61812     0.32295
   6.73069   0.08385  -2.48435   -10.99271   -10.96491    -0.02780
   6.30718   0.11282  -2.48435   -10.93812   -10.38931    -0.54881
   7.32913  -0.67404  -2.67273   -11.31086   -11.44795     0.13709
   7.01115  -0.40723  -2.67273   -10.97263   -11.00161     0.02898
   6.62110  -0.26526  -2.67273   -10.78438   -10.49091    -0.29347
   6.20601  -0.26526  -2.67273   -10.85403   -10.13321    -0.72082
   6.81825  -0.74135  -2.80984   -10.85717   -10.66675    -0.19042
   6.41355  -0.63291  -2.80984   -10.76053   -10.34042    -0.42011
   6.61780  -1.08853  -2.89315   -10.92871   -10.70403    -0.22468
   6.20930  -1.08853  -2.89315   -10.96949   -10.80702    -0.16247
   7.49128  -2.56482   2.73214    -4.42394    -4.38403    -0.03991
   6.87853  -2.91859   2.73214    -3.32141    -2.81129    -0.51012
   7.28703  -2.91859   2.73214    -2.93361    -2.57620    -0.35741
   7.89217  -2.56482   2.64884    -3.73305    -3.78264     0.04958
   6.67808  -3.26577   2.64884    -2.33120    -1.60691    -0.72429
   7.08278  -3.37421   2.64884    -1.50038    -0.83428    -0.66610
   7.48747  -3.26577   2.64884    -1.15336    -0.64624    -0.50713
   7.78373  -2.96952   2.64884    -1.73067    -1.48286    -0.24781
   8.27798  -2.56482   2.51172    -2.56400    -2.67115     0.10714
   6.16720  -3.33308   2.51172    -2.54141    -1.72458    -0.81683
   6.48518  -3.59990   2.51172    -1.49787    -0.68139    -0.81648
   6.87523  -3.74187   2.51172    -0.56539     0.25003    -0.81541
   7.29032  -3.74187   2.51172     0.18072     0.93013    -0.74941
   7.68038  -3.59990   2.51172     0.64696     1.25468    -0.60772
   7.99836  -3.33308   2.51172     0.60868     1.00761    -0.39893
   8.20590  -2.97360   2.51172    -0.32379    -0.18006    -0.14374
   5.87364  -3.54853   2.32334    -2.26217    -1.55097    -0.71120
   6.18388  -3.83827   2.32334    -1.05359    -0.28284    -0.77075
   6.56079  -4.03357   2.32334     0.03451     0.87228    -0.83777
   6.97641  -4.11994   2.32334     0.95632     1.80101    -0.84469
   7.39992  -4.09097   2.32334     1.73130     2.51251    -0.78121
   7.79991  -3.94881   2.32334     2.35881     3.01875    -0.65994
   8.14671  -3.70401   2.32334     2.72967     3.22057    -0.49090
   8.41461  -3.37472   2.32334     2.57530     2.85395    -0.27865
   5.46052  -3.54090   2.08722    -3.02271    -2.64799    -0.37472
   5.70828  -3.86682   2.08722    -1.55622    -1.07184    -0.48438
   6.02030  -4.13185   2.08722    -0.18323     0.46440    -0.64763
   6.38201  -4.32362   2.08722     0.98519     1.75239    -0.76720
   6.77648  -4.43314   2.08722     1.93587     2.74803    -0.81216
   7.18528  -4.45531   2.08722     2.72653     3.51317    -0.78664
   7.58928  -4.38908   2.08722     3.43122     4.14161    -0.71039
   7.96960  -4.23754   2.08722     4.08509     4.68665    -0.60157
   8.30845  -4.00779   2.08722     4.63918     5.10480    -0.46562
   5.35935  -3.92014   1.80774    -2.21197    -2.19815    -0.01382
   5.64699  -4.22181   1.80774    -0.32756    -0.01219    -0.31537
   5.98653  -4.46359   1.80774     1.26004     1.80398    -0.54394
   6.36568  -4.63674   1.80774     2.49310     3.16761    -0.67451
   6.77075  -4.73501   1.80774     3.42118     4.13337    -0.71219
   7.18710  -4.75485   1.80774     4.15411     4.83255    -0.67844
   7.59968  -4.69552   1.80774     4.80986     5.41140    -0.60154
   7.99358  -4.55920   1.80774     5.47188     5.97522    -0.50334
   8.35456  -4.35078   1.80774     6.15273     6.54484    -0.39211
   5.31333  -4.26070   1.49013    -1.05108    -1.18415     0.13307
   5.62539  -4.53535   1.49013     1.20545     1.42245    -0.21700
   5.97937  -4.75330   1.49013     2.93235     3.36957    -0.43722
   6.36510  -4.90830   1.49013     4.15913     4.70412    -0.54499
   6.77147  -4.99588   1.49013     5.00062     5.56260    -0.56198
   7.18680  -5.01352   1.49013     5.61244     6.12606    -0.51361
   7.59914  -4.96072   1.49013     6.14332     6.57413    -0.43081
   7.99662  -4.83899   1.49013     6.70870     7.04440    -0.33570
   8.36781  -4.65184   1.49013     7.36006     7.60176    -0.24170
   6.66609  -5.19568   1.14028     6.45268     6.83576    -0.38308
   7.08278  -5.22848   1.14028     6.95783     7.28836    -0.33054
   7.49947  -5.19568   1.14028     7.32806     7.57052    -0.24246
   7.90589  -5.09811   1.14028     7.71523     7.86022    -0.14499
   8.29205  -4.93815   1.14028     8.21473     8.27017    -0.05544
   8.64844  -4.71976   1.14028     8.85228     8.83147     0.02080
   7.39195  -5.37464   0.76472     8.48142     8.52463    -0.04321
   7.79777  -5.29969   0.76472     8.64394     8.58662     0.05732
   8.18835  -5.16644   0.76472     8.90812     8.76009     0.14804
   8.55536  -4.97774   0.76472     9.33420     9.11778     0.21643
   7.59283  -5.45745   0.37045     9.47916     9.25608     0.22308
   7.99044  -5.35831   0.37045     9.45971     9.13995     0.31975
   8.37039  -5.20481   0.37045     9.58458     9.18998     0.39460
   8.72527  -4.99991   0.37045     9.89394     9.45423     0.43971
   8.00767  -5.41134  -0.03519     9.83307     9.33324     0.49983
   8.39483  -5.25492  -0.03519     9.74836     9.18175     0.56661
   8.75645  -5.04614  -0.03519     9.85943     9.26226     0.59717
   8.00767  -5.41134  -0.44464     9.80170     9.18605     0.61565
   8.39483  -5.25492  -0.44464     9.51053     8.83934     0.67119
   8.75645  -5.04614  -0.44464     9.40511     8.71882     0.68629
   9.08549  -4.78906  -0.44464     9.46786     8.80570     0.66217
   7.99044  -5.35831  -0.85028     9.33107     8.67890     0.65217
   8.37039  -5.20481  -0.85028     8.86608     8.17201     0.69407
   8.72527  -4.99991  -0.85028     8.55735     7.86276     0.69459
   9.04818  -4.74762  -0.85028     8.39043     7.73756     0.65287
   9.33285  -4.45285  -0.85028     8.30007     7.71851     0.58156
   9.64228  -1.36497  -1.24455    -5.94189    -6.62417     0.68228
   9.44031  -1.00509  -1.24455    -9.44465   -10.31728     0.87264
   7.79777  -5.29969  -1.24455     8.68222     8.09816     0.58406
   8.18835  -5.16644  -1.24455     8.03589     7.41033     0.62555
   8.55536  -4.97774  -1.24455     7.49937     6.87163     0.62774
   8.89100  -4.73762  -1.24455     7.08458     6.50016     0.58442
   9.18809  -4.45119  -1.24455     6.74573     6.24319     0.50254
   9.44031  -4.12455  -1.24455     6.39118     5.98989     0.40129
   9.74644  -2.56482  -1.62011     0.16127     0.11223     0.04904
   9.71364  -2.14813  -1.62011    -1.89571    -2.04531     0.14960
   9.61607  -1.74171  -1.62011    -4.32605    -4.64697     0.32092
   9.45611  -1.35555  -1.62011    -7.03124    -7.57918     0.54794
   9.23772  -0.99916  -1.62011    -9.86884   -10.67939     0.81054
   7.90589  -5.09811  -1.62011     7.07642     6.59758     0.47885
   8.29205  -4.93815  -1.62011     6.36483     5.87564     0.48918
   8.64844  -4.71976  -1.62011     5.72853     5.27317     0.45536
   8.96627  -4.44831  -1.62011     5.15750     4.78149     0.37601
   9.23772  -4.13048  -1.62011     4.58835     4.32148     0.26687
   9.45611  -3.77410  -1.62011     3.91754     3.76468     0.15287
   9.61607  -3.38793  -1.62011     3.02460     2.96121     0.06339
   9.71364  -2.98151  -1.62011     1.79656     1.77393     0.02263
   9.53369  -2.56482  -1.96996    -1.77648    -1.60939    -0.16709
   9.49843  -2.15062  -1.96996    -3.64144    -3.57100    -0.07043
   9.39369  -1.74833  -1.96996    -5.75363    -5.85913     0.10550
   9.22246  -1.36952  -1.96996    -7.99510    -8.34231     0.34721
   8.98967  -1.02511  -1.96996   -10.20142   -10.83188     0.63046
   8.70203  -0.72499  -1.96996   -12.15862   -13.08564     0.92702
   7.59914  -4.96072  -1.96996     5.80697     5.52667     0.28030
   7.99662  -4.83899  -1.96996     5.07404     4.78273     0.29131
   8.36781  -4.65184  -1.96996     4.31601     4.04966     0.26635
   8.70203  -4.40465  -1.96996     3.57743     3.37984     0.19759
   8.98967  -4.10453  -1.96996     2.83383     2.74094     0.09289
   9.22246  -3.76012  -1.96996     2.01431     2.03970    -0.02540
   9.39369  -3.38132  -1.96996     1.02598     1.15256    -0.12658
   9.49843  -2.97903  -1.96996    -0.22026    -0.03828    -0.18198
   9.27529  -2.56482  -2.28757    -3.50715    -3.12659    -0.38056
   9.23566  -2.14989  -2.28757    -5.22904    -4.93708    -0.29195
   9.11823  -1.74995  -2.28757    -7.08646    -6.96790    -0.11856
   8.92723  -1.37946  -2.28757    -8.94201    -9.06141     0.11940
   8.66957  -1.05182  -2.28757   -10.61056   -10.99983     0.38927
   8.35456  -0.77886  -2.28757   -11.88377   -12.52565     0.64188
   7.59968  -4.69552  -2.28757     3.66968     3.60252     0.06715
   7.99358  -4.55920  -2.28757     2.94616     2.89753     0.04863
   8.35456  -4.35078  -2.28757     2.13039     2.13605    -0.00565
   8.66957  -4.07782  -2.28757     1.26694     1.36496    -0.09802
   8.92723  -3.75018  -2.28757     0.33258     0.54439    -0.21181
   9.11823  -3.37969  -2.28757    -0.73607    -0.41706    -0.31901
   9.23566  -2.97976  -2.28757    -2.00364    -1.61911    -0.38453
   8.97604  -2.56482  -2.56705    -4.97678    -4.39821    -0.57857
   8.93178  -2.15783  -2.56705    -6.54492    -6.04494    -0.49999
   8.80106  -1.76986  -2.56705    -8.14633    -7.80487    -0.34146
   8.58999  -1.41907  -2.56705    -9.62913    -9.50052    -0.12862
   8.30845  -1.12185  -2.56705   -10.81513   -10.90786     0.09273
   7.96960  -0.89210  -2.56705   -11.54868   -11.80595     0.25727
   7.18528  -4.45531  -2.56705     1.76769     1.89794    -0.13024
   7.58928  -4.38908  -2.56705     1.36985     1.53541    -0.16556
   7.96960  -4.23754  -2.56705     0.67018     0.88675    -0.21657
   8.30845  -4.00779  -2.56705    -0.19327     0.10348    -0.29675
   8.58999  -3.71058  -2.56705    -1.17156    -0.77121    -0.40035
   8.80106  -3.35978  -2.56705    -2.27660    -1.77285    -0.50375
   8.93178  -2.97182  -2.56705    -3.54104    -2.96736    -0.57368
   8.64153  -2.56482  -2.80317    -6.15775    -5.41798    -0.73977
   8.58373  -2.14427  -2.80317    -7.68009    -7.01545    -0.66463
   8.41461  -1.75492  -2.80317    -9.12085    -8.61186    -0.50899
   8.14671  -1.42563  -2.80317   -10.28488    -9.96653    -0.31835
   7.79991  -1.18083  -2.80317   -11.00714   -10.84281    -0.16433
   7.39992  -1.03867  -2.80317   -11.25752   -11.13818    -0.11934
   5.87364  -3.54853  -2.80317    -6.00464    -6.29178     0.28714
   6.18388  -3.83827  -2.80317    -3.24611    -3.26037     0.01426
   6.56079  -4.03357  -2.80317    -1.45206    -1.29331    -0.15874
   6.97641  -4.11994  -2.80317    -0.70093    -0.42758    -0.27335
   7.39992  -4.09097  -2.80317    -0.76933    -0.41196    -0.35737
   7.79991  -3.94881  -2.80317    -1.36797    -0.92728    -0.44069
   8.14671  -3.70401  -2.80317    -2.28162    -1.74155    -0.54008
   8.41461  -3.37472  -2.80317    -3.40487    -2.75905    -0.64581
   8.58373  -2.98537  -2.80317    -4.70632    -3.98042    -0.72590
   8.27798  -2.56482  -2.99155    -7.05132    -6.20760    -0.84372
   8.20590  -2.15604  -2.99155    -8.45193    -7.67791    -0.77401
   7.99836  -1.79656  -2.99155    -9.65549    -9.02267    -0.63282
   7.68038  -1.52974  -2.99155   -10.46435    -9.98726    -0.47708
   7.29032  -1.38778  -2.99155   -10.82517   -10.45951    -0.36566
   6.87523  -1.38778  -2.99155   -10.89168   -10.61931    -0.27237
   6.48518  -1.52974  -2.99155   -10.90925   -10.85968    -0.04957
   6.16720  -1.79656  -2.99155   -10.97702   -11.37636     0.39933
   5.95966  -2.15604  -2.99155   -10.91365   -11.72910     0.81546
   5.88758  -2.56482  -2.99155   -10.22840   -11.06126     0.83286
   5.95966  -2.97360  -2.99155    -8.55860    -9.06627     0.50767
   6.16720  -3.33308  -2.99155    -6.30020    -6.42988     0.12968
   6.48518  -3.59990  -2.99155    -4.31538    -4.15361    -0.16177
   6.87523  -3.74187  -2.99155    -3.18712    -2.82422    -0.36290
   7.29032  -3.74187  -2.99155    -2.98506    -2.47894    -0.50612
   7.68038  -3.59990  -2.99155    -3.48393    -2.85784    -0.62609
   7.99836  -3.33308  -2.99155    -4.43147    -3.69379    -0.73768
   8.20590  -2.97360  -2.99155    -5.66076    -4.83741    -0.82336
   7.89217  -2.56482  -3.12867    -7.67946    -6.81343    -0.86603
   7.78373  -2.16013  -3.12867    -9.00978    -8.22221    -0.78757
   7.48747  -1.86387  -3.12867    -9.94352    -9.31301    -0.63051
   7.08278  -1.75543  -3.12867   -10.33383    -9.88838    -0.44545
   6.67808  -1.86387  -3.12867   -10.33634   -10.14860    -0.18773
   6.38183  -2.16013  -3.12867   -10.04643   -10.17295     0.12652
   6.27339  -2.56482  -3.12867    -9.17984    -9.39608     0.21625
   6.38183  -2.96952  -3.12867    -7.56651    -7.56188    -0.00463
   6.67808  -3.26577  -3.12867    -5.90047    -5.59759    -0.30288
   7.08278  -3.37421  -3.12867    -5.08722    -4.54751    -0.53971
   7.48747  -3.26577  -3.12867    -5.33132    -4.61947    -0.71186
   7.78373  -2.96952  -3.12867    -6.32404    -5.49317    -0.83087
   7.49128  -2.56482  -3.21197    -8.09299    -7.30730    -0.78569
   7.28703  -2.21105  -3.21197    -9.26581    -8.60857    -0.65724
   6.87853  -2.21105  -3.21197    -9.49987    -9.10151    -0.39836
   6.67428  -2.56482  -3.21197    -8.67155    -8.41663    -0.25493
   6.87853  -2.91859  -3.21197    -7.25840    -6.80316    -0.45524
   7.28703  -2.91859  -3.21197    -6.97916    -6.28101    -0.69815
   7.08278  -2.56482  -3.23991    -8.37851    -7.79248    -0.58602
   7.08700  -0.41338   3.57740    -8.33709    -8.15266    -0.18443
   7.49550  -0.41338   3.54946    -8.86859    -8.60727    -0.26133
   6.88275  -0.76715   3.54946    -8.25865    -8.22286    -0.03580
   7.29125  -0.76715   3.54946    -8.77886    -8.65945    -0.11941
   7.89639  -0.41338   3.46615    -9.46473    -9.13503    -0.32970
   7.78796  -0.00869   3.46615    -8.71611    -8.28256    -0.43354
   6.38605  -0.81808   3.46615    -7.72903    -7.80958     0.08055
   6.68231  -1.11433   3.46615    -7.91854    -7.94326     0.02472
   7.08700  -1.22277   3.46615    -8.34211    -8.33201    -0.01010
   7.49170  -1.11433   3.46615    -8.94640    -8.86066    -0.08574
   7.78796  -0.81808   3.46615    -9.46786    -9.25602    -0.21184
   8.28221  -0.41338   3.32903   -10.08094    -9.67328    -0.40766
   8.21013  -0.00460   3.32903    -9.41641    -8.96532    -0.45109
   6.17142  -1.18164   3.32903    -7.30296    -7.31599     0.01303
   6.48940  -1.44846   3.32903    -7.36257    -7.32671    -0.03586
   6.87946  -1.59043   3.32903    -7.61483    -7.60856    -0.00626
   7.29455  -1.59043   3.32903    -8.08044    -8.08762     0.00718
   7.68461  -1.44846   3.32903    -8.74748    -8.69468    -0.05281
   8.00258  -1.18164   3.32903    -9.49798    -9.31731    -0.18067
   8.21013  -0.82216   3.32903   -10.05082    -9.73302    -0.31780
   8.64576  -0.41338   3.14066   -10.67707   -10.17445    -0.50263
   8.58795   0.00717   3.14066   -10.10667    -9.61369    -0.49297
   8.41883   0.39652   3.14066    -8.84224    -8.37958    -0.46266
   5.87786  -1.39709   3.14066    -6.79718    -6.56037    -0.23682
   6.18810  -1.68683   3.14066    -6.66603    -6.39835    -0.26769
   6.56501  -1.88213   3.14066    -6.68423    -6.52642    -0.15781
   6.98063  -1.96850   3.14066    -6.88566    -6.85677    -0.02889
   7.40414  -1.93953   3.14066    -7.29292    -7.33417     0.04126
   7.80413  -1.79737   3.14066    -7.95557    -7.96908     0.01351
   8.15094  -1.55257   3.14066    -8.86169    -8.75265    -0.10904
   8.41883  -1.22328   3.14066    -9.82680    -9.54519    -0.28161
   8.58795  -0.83393   3.14066   -10.53086   -10.09969    -0.43117
   8.98027  -0.41338   2.90453   -11.21799   -10.60538    -0.61261
   8.93600  -0.00638   2.90453   -10.83081   -10.26234    -0.56848
   8.80528   0.38158   2.90453    -9.75652    -9.29759    -0.45892
   7.18950  -2.30387   2.90453    -5.87600    -5.85564    -0.02036
   7.59351  -2.23763   2.90453    -6.15461    -6.23833     0.08371
   7.97382  -2.08610   2.90453    -6.73569    -6.82231     0.08662
   8.31268  -1.85636   2.90453    -7.69327    -7.67438    -0.01889
   8.59422  -1.55913   2.90453    -8.90373    -8.70034    -0.20339
   8.80528  -1.20834   2.90453   -10.08408    -9.67943    -0.40465
   8.93600  -0.82038   2.90453   -10.93059   -10.37463    -0.55596
   9.27951  -0.41338   2.62506   -11.67230   -10.94649    -0.72581
   9.23989   0.00155   2.62506   -11.45895   -10.79548    -0.66347
   9.12246   0.40149   2.62506   -10.51016   -10.00960    -0.50056
   8.93146   0.77198   2.62506    -8.85855    -8.57741    -0.28114
   7.99780  -2.40776   2.62506    -4.59713    -4.75249     0.15535
   8.35878  -2.19935   2.62506    -5.40035    -5.53917     0.13882
   8.67380  -1.92638   2.62506    -6.79154    -6.77869    -0.01284
   8.93146  -1.59874   2.62506    -8.46699    -8.21754    -0.24944
   9.12246  -1.22825   2.62506   -10.03199    -9.54089    -0.49110
   9.23989  -0.82832   2.62506   -11.16653   -10.50130    -0.66523
   9.53791  -0.41338   2.30744   -12.01681   -11.19106    -0.82575
   9.50266   0.00082   2.30744   -12.01806   -11.25350    -0.76457
   9.39791   0.40311   2.30744   -11.27133   -10.68810    -0.58322
   9.22668   0.78192   2.30744    -9.79919    -9.48611    -0.31308
   8.99390  -1.95309   2.30744    -5.52271    -5.54376     0.02105
   9.22668  -1.60868   2.30744    -7.80622    -7.53864    -0.26757
   9.39791  -1.22988   2.30744    -9.81550    -9.26588    -0.54963
   9.50266  -0.82759   2.30744   -11.26631   -10.51575    -0.75055
   9.75066  -0.41338   1.95759   -12.23832   -11.34467    -0.89365
   9.71786   0.00331   1.95759   -12.47050   -11.62174    -0.84876
   9.62029   0.40973   1.95759   -11.92833   -11.25846    -0.66987
   9.46034   0.79589   1.95759   -10.64695   -10.26163    -0.38532
   9.46034  -1.62265   1.95759    -6.77522    -6.55844    -0.21678
   9.62029  -1.23650   1.95759    -9.35805    -8.80748    -0.55057
   9.71786  -0.83007   1.95759   -11.20104   -10.41092    -0.79012
   9.91379  -0.41338   1.58204   -12.33558   -11.42475    -0.91083
   9.88366  -0.00180   1.58204   -12.80810   -11.91065    -0.89745
   9.79393   0.40101   1.58204   -12.50438   -11.75814    -0.74624
   9.64651   0.78647   1.58204   -11.48029   -10.99539    -0.48490
   9.44453   1.14635   1.58204    -9.77158    -9.62998    -0.14160
   9.64651  -1.61323   1.58204    -5.64445    -5.53303    -0.11142
   9.79393  -1.22777   1.58204    -8.80584    -8.31052    -0.49532
   9.88366  -0.82496   1.58204   -11.02220   -10.24892    -0.77328
  10.02426  -0.41338   1.18777   -12.32429   -11.45940    -0.86489
   9.99567  -0.00459   1.18777   -13.02647   -12.13591    -0.89056
   9.91047   0.39624   1.18777   -12.94113   -12.16348    -0.77765
   9.77032   0.78131   1.18777   -12.14733   -11.59316    -0.55417
   9.57794   1.14313   1.18777   -10.70406   -10.44886    -0.25520
   9.91047  -1.22300   1.18777    -8.12123    -7.75629    -0.36494
   9.99567  -0.82217   1.18777   -10.73292   -10.04552    -0.68741
  10.08001  -0.41338   0.78212   -12.23581   -11.48493    -0.75088
  10.05088   0.00317   0.78212   -13.15323   -12.33420    -0.81902
   9.96407   0.41160   0.78212   -13.23543   -12.49126    -0.74417
   9.82125   0.80398   0.78212   -12.59098   -12.03286    -0.55812
   9.62522   1.17267   0.78212   -11.30521   -11.00081    -0.30440
   9.37978   1.51049   0.78212    -9.44527    -9.41704    -0.02824
   9.96407  -1.23836   0.78212    -7.23581    -7.09218    -0.14364
  10.05088  -0.82993   0.78212   -10.33508    -9.81112    -0.52397
  10.08001  -0.41338   0.37267   -12.11219   -11.54144    -0.57075
  10.05088   0.00317   0.37267   -13.19590   -12.51301    -0.68289
   9.96407   0.41160   0.37267   -13.43372   -12.77962    -0.65411
   9.82125   0.80398   0.37267   -12.95682   -12.43770    -0.51911
   9.62522   1.17267   0.37267   -11.87122   -11.54492    -0.32631
   9.37978   1.51049   0.37267   -10.27233   -10.14023    -0.13210
   9.96407  -1.23836   0.37267    -6.59010    -6.70511     0.11500
  10.05088  -0.82993   0.37267   -10.00313    -9.70033    -0.30280
  10.02426  -0.41338  -0.03297   -12.00175   -11.66593    -0.33581
   9.99567  -0.00459  -0.03297   -13.17331   -12.68768    -0.48562
   9.91047   0.39624  -0.03297   -13.53538   -13.03003    -0.50535
   9.77032   0.78131  -0.03297   -13.22414   -12.79694    -0.42720
   9.57794   1.14313  -0.03297   -12.35378   -12.05570    -0.29808
   9.33707   1.47465  -0.03297   -11.03538   -10.85873    -0.17665
   9.99567  -0.82217  -0.03297    -9.83558    -9.79202    -0.04356
   9.91379  -0.41338  -0.42724   -11.94778   -11.88351    -0.06428
   9.88366  -0.00180  -0.42724   -13.14570   -12.90037    -0.24533
   9.79393   0.40101  -0.42724   -13.55609   -13.25192    -0.30416
   9.64651   0.78647  -0.42724   -13.31638   -13.04540    -0.27098
   9.44453   1.14635  -0.42724   -12.55207   -12.35682    -0.19525
   9.19231   1.47298  -0.42724   -11.39181   -11.25446    -0.13735
   9.88366  -0.82496  -0.42724    -9.78476   -10.03027     0.24551
   9.75066  -0.41338  -0.80280   -11.97978   -12.19828     0.21850
   9.71786   0.00331  -0.80280   -13.11934   -13.13646     0.01712
   9.62029   0.40973  -0.80280   -13.51467   -13.44316    -0.07151
   9.46034   0.79589  -0.80280   -13.29567   -13.21850    -0.07717
   9.24195   1.15228  -0.80280   -12.59349   -12.54522    -0.04827
   8.97049   1.47011  -0.80280   -11.55496   -11.51143    -0.04353
   9.71786  -0.83007  -0.80280    -9.95795   -10.48540     0.52745
   9.53791  -0.41338  -1.15264   -12.10152   -12.58666     0.48514
   9.50266   0.00082  -1.15264   -13.07981   -13.36247     0.28266
   9.39791   0.40311  -1.15264   -13.41553   -13.58763     0.17211
   9.22668   0.78192  -1.15264   -13.20468   -13.33916     0.13447
   8.99390   1.12633  -1.15264   -12.57466   -12.70086     0.12620
   8.70626   1.42645  -1.15264   -11.67983   -11.77977     0.09993
   9.50266  -0.82759  -1.15264   -10.41980   -11.18173     0.76193
   9.27951  -0.41338  -1.47026   -12.28664   -12.99586     0.70923
   9.23989   0.00155  -1.47026   -13.03714   -13.55824     0.52110
   9.12246   0.40149  -1.47026   -13.25865   -13.66190     0.40326
   8.93146   0.77198  -1.47026   -13.01078   -13.35617     0.34539
   8.67380   1.09962  -1.47026   -12.41716   -12.73150     0.31434
   8.35878   1.37258  -1.47026   -11.64846   -11.92627     0.27781
   9.23989  -0.82832  -1.47026   -11.05546   -11.98135     0.92589
   8.98027  -0.41338  -1.74974   -12.48305   -13.34952     0.86647
   8.93600  -0.00638  -1.74974   -12.95305   -13.66661     0.71356
   8.80528   0.38158  -1.74974   -13.03965   -13.64109     0.60144
   8.59422   0.73237  -1.74974   -12.75664   -13.29285     0.53620
   8.31268   1.02959  -1.74974   -12.22200   -12.72066     0.49865
   7.97382   1.25934  -1.74974   -11.61395   -12.09127     0.47733
   8.64576  -0.41338  -1.98586   -12.61859   -13.56015     0.94156
   8.58795   0.00717  -1.98586   -12.81186   -13.64198     0.83012
   8.41883   0.39652  -1.98586   -12.72213   -13.45456     0.73244
   8.15094   0.72581  -1.98586   -12.34499   -13.01715     0.67216
   7.80413   0.97061  -1.98586   -11.84048   -12.48584     0.64536
   7.40414   1.11277  -1.98586   -11.43071   -12.08487     0.65416
   8.28221  -0.41338  -2.17424   -12.62047   -13.54686     0.92639
   8.21013  -0.00460  -2.17424   -12.56086   -13.42869     0.86784
   8.00258   0.35488  -2.17424   -12.33558   -13.12379     0.78821
   7.68461   0.62170  -2.17424   -11.94151   -12.66885     0.72734
   7.29455   0.76367  -2.17424   -11.55496   -12.23045     0.67549
   6.87946   0.76367  -2.17424   -11.32153   -11.89618     0.57466
   6.48940   0.62170  -2.17424   -11.21359   -11.46769     0.25410
   7.78796  -0.00869  -2.31135   -12.18498   -12.97819     0.79321
   7.49170   0.28757  -2.31135   -11.82918   -12.52219     0.69301
   7.08700   0.39601  -2.31135   -11.44640   -11.96245     0.51605
   6.42291   0.69961   3.86324    -6.18662    -5.79892    -0.38769
   6.83141   0.69961   3.83530    -5.83333    -5.31380    -0.51953
   6.62716   1.05338   3.83530    -5.56350    -5.03374    -0.52976
   6.21866   1.05338   3.83530    -6.30961    -5.93259    -0.37702
   6.01441   0.69961   3.83530    -6.84738    -6.65654    -0.19084
   6.21866   0.34584   3.83530    -6.66854    -6.48041    -0.18814
   6.62716   0.34584   3.83530    -6.41628    -6.06199    -0.35429
   7.23230   0.69961   3.75199    -5.76869    -5.18909    -0.57961
   7.12386   1.10431   3.75199    -4.94477    -4.33396    -0.61081
   6.82760   1.40056   3.75199    -4.80233    -4.23126    -0.57107
   6.42291   1.50900   3.75199    -5.54718    -5.06804    -0.47915
   6.01821   1.40056   3.75199    -6.76769    -6.44243    -0.32526
   5.72195   1.10431   3.75199    -7.69891    -7.57964    -0.11928
   5.61352   0.69961   3.75199    -7.83006    -7.89001     0.05994
   5.72195   0.29492   3.75199    -7.38704    -7.49267     0.10562
   6.01821  -0.00134   3.75199    -7.00050    -7.02236     0.02186
   6.42291  -0.10978   3.75199    -6.97477    -6.85744    -0.11733
   6.82760  -0.00134   3.75199    -7.02246    -6.73532    -0.28714
   7.12386   0.29492   3.75199    -6.63905    -6.17816    -0.46089
   7.61811   0.69961   3.61487    -5.97954    -5.40775    -0.57179
   7.54603   1.10839   3.61487    -4.77095    -4.19889    -0.57207
   6.63045   1.87666   3.61487    -4.63855    -4.20862    -0.42993
   6.21536   1.87666   3.61487    -5.98268    -5.61876    -0.36392
   5.82531   1.73469   3.61487    -7.54768    -7.29998    -0.24770
   5.50733  -0.06865   3.61487    -7.57592    -7.90330     0.32738
   5.82531  -0.33547   3.61487    -7.16741    -7.35700     0.18959
   6.21536  -0.47743   3.61487    -7.24773    -7.31363     0.06589
   6.63045  -0.47743   3.61487    -7.66252    -7.60947    -0.05305
   7.02051  -0.33547   3.61487    -8.02459    -7.82359    -0.20100
   7.33849  -0.06865   3.61487    -7.91352    -7.54715    -0.36638
   7.54603   0.29083   3.61487    -7.16553    -6.66430    -0.50123
   7.98166   0.69961   3.42650    -6.45958    -5.94839    -0.51119
   5.90091   2.16836   3.42650    -7.33119    -7.11236    -0.21883
   5.52401  -0.57384   3.42650    -7.23267    -7.53274     0.30006
   5.90091  -0.76914   3.42650    -7.20381    -7.36730     0.16349
   7.92386   0.27906   3.42650    -8.03212    -7.53275    -0.49937
   8.31617   0.69961   3.19037    -7.21008    -6.78399    -0.42609
   5.36043  -0.86742   3.19037    -7.05572    -7.19460     0.13888
   5.72214  -1.05919   3.19037    -7.04568    -7.06398     0.01830
   8.61542   0.69961   2.91090    -8.23355    -7.87928    -0.35427
   5.32665  -1.19916   2.91090    -6.75765    -6.29462    -0.46303
   6.52542   3.63507   0.25287    -7.72025    -7.61830    -0.10195
   8.98241   1.89946  -0.14140    -8.73054    -8.58995    -0.14059
   6.73208   3.50944  -0.14140    -7.55019    -7.30771    -0.24249
   8.79624   1.90889  -0.51696    -9.17984    -8.99598    -0.18385
   8.57785   2.26527  -0.51696    -7.44352    -7.16713    -0.27638
   8.30640   2.58310  -0.51696    -6.34663    -5.98292    -0.36372
   7.98857   2.85455  -0.51696    -5.86408    -5.44492    -0.41916
   7.63218   3.07295  -0.51696    -5.97703    -5.54595    -0.43108
   7.24602   3.23290  -0.51696    -6.66666    -6.27074    -0.39592
   6.83959   3.33047  -0.51696    -7.92042    -7.59450    -0.32592
   6.42291   3.36327  -0.51696    -9.73142    -9.47817    -0.25325
   8.56259   1.89491  -0.86680    -9.53187    -9.38192    -0.14995
   8.32980   2.23932  -0.86680    -8.05346    -7.77541    -0.27805
   8.04216   2.53944  -0.86680    -7.21259    -6.83826    -0.37434
   7.70794   2.78663  -0.86680    -6.99046    -6.57335    -0.41710
   7.33675   2.97378  -0.86680    -7.36822    -6.97047    -0.39775
   6.93926   3.09551  -0.86680    -8.33144    -8.00681    -0.32463
   6.52693   3.14831  -0.86680    -9.86821    -9.64339    -0.22482
   8.26736   1.88497  -1.18442    -9.68686    -9.62488    -0.06199
   8.00970   2.21262  -1.18442    -8.54166    -8.34351    -0.19815
   7.69469   2.48558  -1.18442    -8.05471    -7.77933    -0.27538
   7.33371   2.69399  -1.18442    -8.21473    -7.93486    -0.27986
   6.93981   2.83032  -1.18442    -9.00664    -8.78985    -0.21679
   6.52723   2.88964  -1.18442   -10.40787   -10.29986    -0.10801
   7.93012   1.84537  -1.46389    -9.86194    -9.93797     0.07603
   7.64858   2.14259  -1.46389    -9.11144    -9.06964    -0.04179
   7.30973   2.37233  -1.46389    -9.03300    -8.95187    -0.08113
   6.92941   2.52387  -1.46389    -9.61972    -9.57800    -0.04172
   6.52541   2.59010  -1.46389   -10.84085   -10.89906     0.05821
   7.75473   1.50951  -1.70002   -10.86658   -11.23722     0.37063
   7.48684   1.83880  -1.70002    -9.98305   -10.19816     0.21511
   7.14004   2.08360  -1.70002    -9.86319   -10.02070     0.15750
   6.74004   2.22576  -1.70002   -10.52082   -10.71564     0.19481
   7.33849   1.46787  -1.88839   -10.77999   -11.26391     0.48392
   7.02051   1.73469  -1.88839   -10.50827   -10.89682     0.38855
   6.63045   1.87666  -1.88839   -11.03726   -11.43327     0.39600
   7.12386   1.10431  -2.02551   -11.29203   -11.96176     0.66972
   6.82760   1.40056  -2.02551   -10.99334   -11.54136     0.54802
   6.42291   1.50900  -2.02551   -11.51543   -12.03529     0.51986
   6.62716   1.05338  -2.10882   -11.24121   -11.79922     0.55802
   6.21866   1.05338  -2.10882   -11.59261   -11.97771     0.38510
   6.42291   0.69961  -2.13676   -11.24999   -11.54022     0.29023
   5.14140   0.94960   3.72352    -8.93448    -9.21026     0.27578
   5.34565   1.30337   3.69558    -8.86985    -8.93234     0.06249
   4.93715   1.30337   3.69558    -9.45280    -9.70010     0.24730
   4.73290   0.94960   3.69558    -9.29216    -9.75093     0.45877
   4.93715   0.59583   3.69558    -8.80710    -9.29158     0.48449
   5.34565   0.59583   3.69558    -8.42055    -8.69722     0.27667
   5.54609   1.65055   3.61227    -8.60002    -8.48762    -0.11240
   5.14140   1.75899   3.61227    -9.50551    -9.53273     0.02722
   4.73670   1.65055   3.61227    -9.91340   -10.09063     0.17723
   4.44044   1.35430   3.61227    -9.76217   -10.15935     0.39718
   4.33201   0.94960   3.61227    -9.35868    -9.97383     0.61515
   4.44044   0.54491   3.61227    -8.92130    -9.62330     0.70200
   4.73670   0.24865   3.61227    -8.51593    -9.15563     0.63970
   5.14140   0.14021   3.61227    -8.20782    -8.70543     0.49761
   5.34894   2.12665   3.47516    -9.28589    -9.18622    -0.09967
   4.93385   2.12665   3.47516   -10.06211   -10.01860    -0.04351
   4.54380   1.98468   3.47516   -10.26355   -10.32683     0.06329
   4.22582   1.71786   3.47516    -9.98932   -10.25757     0.26825
   4.01827   1.35838   3.47516    -9.52748   -10.06454     0.53707
   3.94619   0.94960   3.47516    -9.11646    -9.88845     0.77199
   4.01827   0.54082   3.47516    -8.77258    -9.64617     0.87359
   4.22582   0.18134   3.47516    -8.42808    -9.24920     0.82112
   4.54380  -0.08548   3.47516    -8.10429    -8.79212     0.68783
   4.93385  -0.22745   3.47516    -7.86897    -8.42991     0.56095
   5.45853   2.47575   3.28678    -9.15223    -9.01841    -0.13381
   5.03502   2.50472   3.28678   -10.15122    -9.98911    -0.16211
   4.61940   2.41835   3.28678   -10.54028   -10.38869    -0.15159
   4.24250   2.22305   3.28678   -10.33257   -10.30070    -0.03187
   3.93226   1.93331   3.28678    -9.73581    -9.94306     0.20725
   3.71169   1.57061   3.28678    -9.09073    -9.61424     0.52351
   3.59716   1.16185   3.28678    -8.67406    -9.50907     0.83500
   3.59716   0.73735   3.28678    -8.48142    -9.51427     1.03286
   3.71169   0.32859   3.28678    -8.30195    -9.33921     1.03726
   3.93226  -0.03411   3.28678    -8.02396    -8.89676     0.87280
   4.24250  -0.32385   3.28678    -7.72025    -8.36438     0.64413
   4.61940  -0.51915   3.28678    -7.49058    -7.94355     0.45297
   5.03502  -0.60552   3.28678    -7.38328    -7.75389     0.37061
   5.64790   2.77386   3.05066    -8.64959    -8.56121    -0.08838
   5.24390   2.84009   3.05066    -9.92406    -9.72452    -0.19954
   4.83510   2.81792   3.05066   -10.63378   -10.33805    -0.29573
   4.44063   2.70840   3.05066   -10.72727   -10.41861    -0.30866
   4.07892   2.51664   3.05066   -10.25162   -10.05067    -0.20095
   3.76690   2.25160   3.05066    -9.37876    -9.40842     0.02967
   3.51914   1.92568   3.05066    -8.42745    -8.77823     0.35077
   3.34724   1.55412   3.05066    -7.77735    -8.49135     0.71400
   3.25923   1.15430   3.05066    -7.62863    -8.68688     1.05825
   3.25923   0.74490   3.05066    -7.81187    -9.09263     1.28077
   3.34724   0.34508   3.05066    -7.95117    -9.22141     1.27024
   5.65830   3.08030   2.77118    -8.77321    -8.72577    -0.04745
   5.24572   3.13963   2.77118   -10.11545    -9.86484    -0.25061
   4.82937   3.11979   2.77118   -10.82893   -10.41648    -0.41245
   4.42430   3.02152   2.77118   -10.87537   -10.39777    -0.47759
   4.04514   2.84837   2.77118   -10.26417    -9.85631    -0.40787
   3.70561   2.60659   2.77118    -9.09324    -8.89589    -0.19735
   5.65775   3.34550   2.45356    -8.99221    -8.95239    -0.03982
   5.24542   3.39830   2.45356   -10.31563   -10.00779    -0.30784
   4.83009   3.38066   2.45356   -10.98706   -10.47113    -0.51594
   4.42372   3.29308   2.45356   -10.97326   -10.35542    -0.61783
   4.03799   3.13808   2.45356   -10.25288    -9.67436    -0.57851
   3.68401   2.92013   2.45356    -8.83220    -8.45080    -0.38140
   5.55808   3.58046   2.10372    -9.62349    -9.47633    -0.14715
   5.14140   3.61326   2.10372   -10.72225   -10.28467    -0.43758
   4.72471   3.58046   2.10372   -11.14331   -10.49626    -0.64706
   4.31828   3.48289   2.10372   -10.85089   -10.11684    -0.73406
   3.93212   3.32293   2.10372    -9.79354    -9.13112    -0.66242
   5.85638   3.68447   1.72816    -8.76694    -8.80525     0.03831
   5.45056   3.75943   1.72816   -10.20832    -9.91857    -0.28975
   5.03816   3.77450   1.72816   -11.00589   -10.44113    -0.56476
   4.62795   3.72936   1.72816   -11.13327   -10.38310    -0.75017
   4.22868   3.62498   1.72816   -10.54592    -9.74028    -0.80565
   3.84887   3.46358   1.72816    -9.16540    -8.47354    -0.69187
   6.04906   3.74309   1.33389    -8.32768    -8.43055     0.10287
   5.65144   3.84223   1.33389    -9.88641    -9.67716    -0.20925
   5.24391   3.88506   1.33389   -10.82956   -10.33701    -0.49255
   4.83437   3.87076   1.33389   -11.12888   -10.41530    -0.71358
   4.43081   3.79960   1.33389   -10.74045    -9.90992    -0.83053
   4.04108   3.67297   1.33389    -9.60152    -8.80143    -0.80010
   6.06629   3.79612   0.92825    -8.77886    -8.76463    -0.01422
   5.66113   3.89714   0.92825   -10.15812    -9.88273    -0.27540
   5.24585   3.94078   0.92825   -10.91992   -10.39103    -0.52889
   4.82854   3.92621   0.92825   -11.00526   -10.27556    -0.72970
   4.41732   3.85370   0.92825   -10.34638    -9.51737    -0.82900
   4.02020   3.72467   0.92825    -8.86796    -8.08863    -0.77933
   6.06629   3.79612   0.51879    -9.31161    -9.17924    -0.13237
   5.66113   3.89714   0.51879   -10.44615   -10.11659    -0.32956
   5.24585   3.94078   0.51879   -10.97640   -10.43564    -0.54075
   4.82854   3.92621   0.51879   -10.80132   -10.08858    -0.71274
   4.41732   3.85370   0.51879    -9.81425    -9.01855    -0.79570
   4.02020   3.72467   0.51879    -7.90474    -7.16362    -0.74112
   6.04906   3.74309   0.11315    -9.88139    -9.66394    -0.21745
   5.65144   3.84223   0.11315   -10.74861   -10.39406    -0.35455
   5.24391   3.88506   0.11315   -11.03413   -10.51232    -0.52181
   4.83437   3.87076   0.11315   -10.59236    -9.92552    -0.66684
   4.43081   3.79960   0.11315    -9.25702    -8.51342    -0.74360
   4.04108   3.67297   0.11315    -6.84299    -6.12970    -0.71329
   6.24696   3.55122  -0.28112    -9.86508    -9.63568    -0.22940
   5.85638   3.68447  -0.28112   -10.78124   -10.50181    -0.27943
   5.45056   3.75943  -0.28112   -11.20355   -10.80278    -0.40077
   5.03816   3.77450  -0.28112   -10.94377   -10.40275    -0.54101
   4.62795   3.72936  -0.28112    -9.77785    -9.12016    -0.65770
   4.22868   3.62498  -0.28112    -7.41779    -6.69508    -0.72271
   6.35067   3.32293  -0.65667   -10.18385    -9.95740    -0.22645
   5.96451   3.48289  -0.65667   -11.06174   -10.84193    -0.21980
   5.55808   3.58046  -0.65667   -11.53613   -11.23390    -0.30223
   5.14140   3.61326  -0.65667   -11.38992   -10.95817    -0.43175
   4.72471   3.58046  -0.65667   -10.36583    -9.79062    -0.57521
   6.05523   3.22377  -1.00652   -11.41879   -11.29042    -0.12837
   5.65775   3.34550  -1.00652   -11.99359   -11.80709    -0.18650
   5.24542   3.39830  -1.00652   -12.10466   -11.79546    -0.30920
   4.83009   3.38066  -1.00652   -11.54931   -11.06706    -0.48225
   6.05220   2.94398  -1.32414   -11.94088   -11.93878    -0.00210
   5.65830   3.08030  -1.32414   -12.61545   -12.53903    -0.07643
   5.24572   3.13963  -1.32414   -13.00890   -12.78857    -0.22033
   4.82937   3.11979  -1.32414   -13.07165   -12.61705    -0.45460
   6.02822   2.62232  -1.60361   -12.42594   -12.57098     0.14504
   5.64790   2.77386  -1.60361   -13.25928   -13.29490     0.03563
   5.24390   2.84009  -1.60361   -14.07880   -13.93108    -0.14772
   6.20533   2.08879  -1.83974   -12.19816   -12.56906     0.37090
   5.85852   2.33359  -1.83974   -13.12624   -13.35434     0.22810
   5.45853   2.47575  -1.83974   -14.29216   -14.32973     0.03757
   5.03502   2.50472  -1.83974   -15.88729   -15.60515    -0.28213
   6.05698   1.71786  -2.02811   -12.46046   -12.87653     0.41607
   5.73900   1.98468  -2.02811   -13.50902   -13.75328     0.24425
   5.34894   2.12665  -2.02811   -15.00626   -14.99854    -0.00772
   5.84235   1.35430  -2.16523   -12.59223   -12.80595     0.21372
   5.54609   1.65055  -2.16523   -13.86859   -13.95228     0.08369
   5.14140   1.75899  -2.16523   -15.81889   -15.55942    -0.25947
   3.78690  -0.49952   3.11805    -7.16930    -7.66788     0.49858
   4.08316  -0.79577   3.11805    -6.80471    -6.95092     0.14621
   4.48785  -0.90421   3.11805    -6.81601    -6.79245    -0.02356
   3.29265  -0.09482   2.98094    -7.64244    -8.63474     0.99230
   3.36473  -0.50360   2.98094    -7.22012    -7.74692     0.52679
   3.57227  -0.86308   2.98094    -6.69490    -6.82750     0.13261
   3.89025  -1.12990   2.98094    -6.36608    -6.18741    -0.17868
   4.28031  -1.27187   2.98094    -6.32592    -5.86641    -0.45951
   4.69540  -1.27187   2.98094    -6.45582    -5.85298    -0.60284
   5.08545  -1.12990   2.98094    -6.73443    -6.34544    -0.38900
   3.58895  -1.36827   2.79256    -6.27447    -6.04584    -0.22862
   3.96586  -1.56357   2.79256    -6.16277    -5.64260    -0.52017
   5.81968   0.71508  -2.33396   -11.63528   -11.17047    -0.46481
   5.55178   1.04437  -2.33396   -12.63365   -12.28996    -0.34369
   5.20498   1.28917  -2.33396   -14.29153   -13.82607    -0.46546
   5.40343   0.67344  -2.52233   -12.09148   -11.25181    -0.83967
   5.08545   0.94026  -2.52233   -13.49522   -12.66214    -0.83308
   5.18880   0.30988  -2.65945   -11.65850   -10.58229    -1.07621
   4.89255   0.60613  -2.65945   -12.78488   -11.74793    -1.03695
   4.69210   0.25895  -2.74276   -11.81161   -10.84883    -0.96278
  -4.33620  -3.93805  -0.35559    16.84863    16.13879     0.70984
  -4.00364  -3.68063  -0.35559    19.31349    19.20996     0.10353
  -4.49876  -4.22563  -0.73474    13.92757    13.32536     0.60221
  -4.12745  -4.01125  -0.73474    16.58382    16.30528     0.27854
  -3.80342  -3.73048  -0.73474    18.99597    19.18915    -0.19318
  -3.53838  -3.39346  -0.73474    21.26441    22.12476    -0.86034
  -4.70525  -4.42203  -1.13884    11.21861    10.85320     0.36541
  -4.31562  -4.25549  -1.13884    14.02233    13.79191     0.23041
  -3.96198  -4.02206  -1.13884    16.51731    16.52445    -0.00714
  -3.65571  -3.72924  -1.13884    18.81713    19.16366    -0.34654
  -3.40665  -3.38643  -1.13884    21.03412    21.82614    -0.79202
  -4.61478  -4.42943  -1.55559    11.14896    11.04799     0.10097
  -4.23563  -4.25263  -1.55559    13.80835    13.79018     0.01817
  -3.89294  -4.01268  -1.55559    16.18975    16.33162    -0.14187
  -3.59712  -3.71686  -1.55559    18.39732    18.76411    -0.36679
  -3.35717  -3.37417  -1.55559    20.53964    21.17597    -0.63633
  -4.70525  -4.42203  -1.97235    10.15436    10.19889    -0.04453
  -4.31562  -4.25549  -1.97235    12.86081    12.93514    -0.07434
  -3.96198  -4.02206  -1.97235    15.26417    15.43307    -0.16890
  -3.65571  -3.72924  -1.97235    17.46296    17.77295    -0.30999
  -3.40665  -3.38643  -1.97235    19.55571    20.02539    -0.46969
  -3.22280  -3.00466  -1.97235    21.64469    22.23976    -0.59508
  -4.90393  -4.36586  -2.37644     8.72740     8.83493    -0.10752
  -4.49876  -4.22563  -2.37644    11.55057    11.65089    -0.10032
  -4.12745  -4.01125  -2.37644    14.02735    14.17826    -0.15091
  -3.80342  -3.73048  -2.37644    16.24873    16.48654    -0.23781
  -3.53838  -3.39346  -2.37644    18.29692    18.63266    -0.33574
  -3.34191  -3.01237  -2.37644    20.24220    20.64522    -0.40302
  -5.12089  -4.22866  -2.75559     7.47803     7.55135    -0.07332
  -4.71377  -4.12325  -2.75559    10.32567    10.38825    -0.06258
  -4.33620  -3.93805  -2.75559    12.81688    12.91271    -0.09582
  -4.00364  -3.68063  -2.75559    15.01818    15.17379    -0.15561
  -3.72970  -3.36153  -2.75559    16.98919    17.21099    -0.22180
  -3.52561  -2.99383  -2.75559    18.77257    19.03642    -0.26385
  -3.39971  -2.59256  -2.75559    20.37272    20.61201    -0.23929
  -3.59712  -2.17417  -3.09828    19.70505    19.75849    -0.05344
  -3.64668  -1.75018  -3.09828    20.32754    20.23658     0.09096
  -5.11637  -3.98475  -3.09828     8.10178     8.03282     0.06895
  -4.70743  -3.86232  -3.09828    10.83019    10.79937     0.03081
  -4.33775  -3.64888  -3.09828    13.21347    13.23943    -0.02596
  -4.02725  -3.35594  -3.09828    15.28739    15.37419    -0.08680
  -3.79268  -2.99929  -3.09828    17.07767    17.20809    -0.13042
  -3.64668  -2.59816  -3.09828    18.57491    18.70237    -0.12746
  -3.89294  -2.17417  -3.39410    17.88402    17.83852     0.04550
  -3.95015  -1.75796  -3.39410    18.36218    18.22742     0.13476
  -4.11752  -1.37261  -3.39410    18.26115    18.00676     0.25439
  -5.12176  -3.68460  -3.39410     8.83722     8.58391     0.25331
  -4.72589  -3.54390  -3.39410    11.36231    11.19806     0.16426
  -4.38266  -3.30163  -3.39410    13.55546    13.46987     0.08559
  -4.11752  -2.97573  -3.39410    15.39908    15.37122     0.02786
  -3.95015  -2.59039  -3.39410    16.86432    16.85539     0.00892
  -4.23563  -2.17417  -3.63405    16.22300    16.02309     0.19991
  -4.30800  -1.76375  -3.63405    16.66665    16.39721     0.26945
  -4.83563  -3.21340  -3.63405    11.51354    11.17119     0.34235
  -4.51637  -2.94552  -3.63405    13.56864    13.32721     0.24143
  -4.30800  -2.58460  -3.63405    15.16941    14.97866     0.19075
  -4.61478  -2.17417  -3.81085    14.68498    14.26888     0.41610
  -5.02520  -2.88505  -3.81085    11.39495    10.82624     0.56871
  -4.72475  -2.58460  -3.81085    13.39231    12.95225     0.44006
  -6.58992   0.98983  -2.86646     3.80773     3.15988     0.64785
  -5.26524   0.24358  -3.24561    13.23857    12.34112     0.89745
  -5.59780   0.50100  -3.24561    11.38114    10.46324     0.91790
  -5.97537   0.68621  -3.24561     9.11709     8.27959     0.83749
  -6.38250   0.79162  -3.24561     6.26882     5.61849     0.65033
  -6.80250   0.81292  -3.24561     2.80120     2.41471     0.38649
  -7.21820   0.74924  -3.24561    -1.14144    -1.25155     0.11011
  -8.76503  -1.47315  -3.24561    -9.80358   -10.12956     0.32598
  -8.68037  -1.88509  -3.24561    -8.75187    -9.01934     0.26746
  -5.28885  -0.08111  -3.58830    13.05973    12.39600     0.66373
  -5.59935   0.21183  -3.58830    11.36733    10.67928     0.68806
  -5.96904   0.42527  -3.58830     9.34864     8.69653     0.65211
  -6.37798   0.54770  -3.58830     6.88441     6.34156     0.54284
  -6.80413   0.57252  -3.58830     3.97214     3.59217     0.37997
  -7.22452   0.49839  -3.58830     0.78376     0.57380     0.20996
  -7.61649   0.32932  -3.58830    -2.32116    -2.41122     0.09006
  -7.95889   0.07441  -3.58830    -4.86634    -4.92604     0.05970
  -8.23328  -0.25260  -3.58830    -6.45268    -6.56539     0.11271
  -8.42486  -0.63407  -3.58830    -6.98230    -7.18587     0.20358
  -8.52331  -1.04944  -3.58830    -6.71812    -6.99820     0.28008
  -8.52331  -1.47631  -3.58830    -6.10629    -6.41542     0.30912
  -8.42486  -1.89168  -3.58830    -5.52459    -5.80666     0.28206
  -5.37913  -0.46132  -3.88411    12.67946    12.09033     0.58913
  -5.64426  -0.13542  -3.88411    11.27948    10.69205     0.58743
  -5.98750   0.10686  -3.88411     9.53501     8.97191     0.56309
  -6.38336   0.24755  -3.88411     7.41151     6.91458     0.49693
  -6.80251   0.27622  -3.88411     4.95293     4.55625     0.39668
  -7.21385   0.19074  -3.88411     2.35944     2.06378     0.29566
  -7.58687  -0.00254  -3.88411    -0.02196    -0.25468     0.23272
  -7.89391  -0.28930  -3.88411    -1.81350    -2.04263     0.22913
  -8.11221  -0.64827  -3.88411    -2.80685    -3.07653     0.26968
  -8.22555  -1.05281  -3.88411    -3.07982    -3.39968     0.31987
  -8.22555  -1.47294  -3.88411    -2.91541    -3.26621     0.35080
  -8.11221  -1.87749  -3.88411    -2.58408    -2.94367     0.35958
  -7.89391  -2.23645  -3.88411    -2.17495    -2.54735     0.37241
  -5.56960  -0.85245  -4.12407    11.78902    11.15711     0.63191
  -5.77798  -0.49153  -4.12407    10.77308    10.19329     0.57979
  -6.09723  -0.22365  -4.12407     9.25200     8.71262     0.53938
  -6.48886  -0.08111  -4.12407     7.30923     6.82626     0.48297
  -6.90561  -0.08111  -4.12407     5.10353     4.68916     0.41438
  -7.29723  -0.22365  -4.12407     2.94804     2.58748     0.36056
  -7.61649  -0.49153  -4.12407     1.23306     0.88710     0.34596
  -7.82486  -0.85245  -4.12407     0.21147    -0.15694     0.36841
  -7.89723  -1.26287  -4.12407    -0.14495    -0.55150     0.40654
  -7.82486  -1.67330  -4.12407    -0.03702    -0.48514     0.44812
  -7.61649  -2.03422  -4.12407     0.41541    -0.09633     0.51174
  -5.87638  -1.26287  -4.30087    10.22589     9.48739     0.73850
  -5.98636  -0.85245  -4.30087     9.85755     9.22844     0.62911
  -6.28681  -0.55200  -4.30087     8.53350     7.97680     0.55670
  -6.69723  -0.44203  -4.30087     6.60203     6.10548     0.49654
  -7.10766  -0.55200  -4.30087     4.56262     4.10974     0.45289
  -7.40811  -0.85245  -4.30087     3.02773     2.57743     0.45031
  -7.51808  -1.26287  -4.30087     2.34626     1.85725     0.48901
  -7.40811  -1.67330  -4.30087     2.48745     1.92403     0.56342
  -7.10766  -1.97375  -4.30087     3.40926     2.71850     0.69076
  -6.69723  -2.08372  -4.30087     5.16189     4.30953     0.85236
  -5.98636  -1.67330  -4.30087     9.37687     8.50260     0.87428
  -6.28048  -1.26287  -4.40915     8.38415     7.67722     0.70693
  -6.48886  -0.90195  -4.40915     7.63930     7.04011     0.59919
  -6.90561  -0.90195  -4.40915     5.71661     5.17238     0.54424
  -7.11399  -1.26287  -4.40915     4.53752     3.96495     0.57257
  -6.90561  -1.62380  -4.40915     5.12738     4.44174     0.68564
  -6.48886  -1.62380  -4.40915     7.06576     6.28801     0.77775
  -6.69723  -1.26287  -4.44561     6.52045     5.87188     0.64857
  -5.84093  -1.95710   3.09243    29.14782    30.43658    -1.28877
  -6.04931  -2.31802   3.09243    28.74558    29.81507    -1.06949
  -5.43684  -1.95710   2.98415    26.70931    28.03478    -1.32546
  -5.54681  -1.54667   2.98415    28.48391    30.07071    -1.58680
  -6.25769  -2.77795   2.98415    26.88502    27.78340    -0.89838
  -5.84726  -2.66797   2.98415    25.58105    26.59408    -1.01303
  -5.54681  -2.36752   2.98415    25.71346    26.85223    -1.13877
  -6.46606  -3.13887   2.80735    24.91213    25.70911    -0.79698
  -6.04931  -3.13887   2.80735    23.53914    24.37637    -0.83724
  -5.65769  -2.99633   2.80735    23.23166    24.10865    -0.87699
  -5.33843  -2.72844   2.80735    23.64832    24.58451    -0.93619
  -5.13006  -2.36752   2.80735    24.50989    25.52888    -1.01899
  -6.77430  -3.41072   2.56740    23.16451    23.88548    -0.72096
  -6.36296  -3.49619   2.56740    21.72061    22.42339    -0.70277
  -5.94382  -3.46752   2.56740    21.19915    21.88317    -0.68402
  -5.54795  -3.32683   2.56740    21.34662    22.03671    -0.69009
  -5.20472  -3.08455   2.56740    22.01115    22.72994    -0.71879
  -4.93958  -2.75865   2.56740    23.08105    23.82640    -0.74535
  -7.17694  -3.54929   2.27158    21.61017    22.30208    -0.69191
  -6.78498  -3.71837   2.27158    19.99936    20.61931    -0.61995
  -6.36459  -3.79249   2.27158    19.26580    19.80811    -0.54231
  -5.93843  -3.76767   2.27158    19.17920    19.66656    -0.48736
  -5.52949  -3.64525   2.27158    19.59838    20.06922    -0.47085
  -5.15981  -3.43181   2.27158    20.44426    20.93645    -0.49220
  -4.84931  -3.13887   2.27158    21.69426    22.21615    -0.52189
  -7.52993  -3.60069   1.92889    19.46221    20.14965    -0.68745
  -7.17303  -3.82315   1.92889    17.94426    18.50800    -0.56374
  -6.77866  -3.96921   1.92889    17.16929    17.60828    -0.43899
  -6.36296  -4.03289   1.92889    16.97852    17.30648    -0.32796
  -5.94295  -4.01159   1.92889    17.25588    17.50481    -0.24893
  -5.53583  -3.90618   1.92889    17.92104    18.13757    -0.21652
  -5.15825  -3.72097   1.92889    18.92945    19.16640    -0.23694
  -4.82570  -3.46355   1.92889    20.28362    20.58201    -0.29840
  -7.73457  -3.66151   1.54974    16.24810    16.84146    -0.59336
  -7.38532  -3.91021   1.54974    15.10792    15.54407    -0.43615
  -6.99531  -4.08832   1.54974    14.57767    14.85674    -0.27907
  -6.57864  -4.18941   1.54974    14.57454    14.70366    -0.12912
  -6.15038  -4.20981   1.54974    15.01505    15.01967    -0.00462
  -5.72599  -4.14879   1.54974    15.82893    15.75432     0.07461
  -5.32082  -4.00856   1.54974    16.96409    16.87495     0.08915
  -4.94951  -3.79418   1.54974    18.39795    18.37351     0.02444
  -4.62548  -3.51341   1.54974    20.16753    20.28162    -0.11409
  -7.89104  -3.66545   1.14564    12.74848    13.12175    -0.37326
  -7.55975  -3.92964   1.14564    11.91013    12.15101    -0.24088
  -7.18662  -4.13044   1.14564    11.60265    11.68902    -0.08636
  -6.78362  -4.26138   1.14564    11.79530    11.70937     0.08592
  -6.36373  -4.31826   1.14564    12.42657    12.17311     0.25347
  -5.94042  -4.29925   1.14564    13.43247    13.04226     0.39021
  -5.52731  -4.20496   1.14564    14.75275    14.28632     0.46643
  -5.13768  -4.03842   1.14564    16.34223    15.88876     0.45347
  -4.78404  -3.80499   1.14564    18.18146    17.85905     0.32241
  -7.80038  -3.79561   0.72889     8.38478     8.38213     0.00265
  -7.45769  -4.03556   0.72889     8.03463     7.94808     0.08655
  -7.07854  -4.21236   0.72889     8.25489     8.01109     0.24380
  -6.67444  -4.32064   0.72889     8.99158     8.54401     0.44757
  -6.25769  -4.35710   0.72889    10.17381     9.51382     0.65999
  -5.84093  -4.32064   0.72889    11.72690    10.88781     0.83909
  -5.43684  -4.21236   0.72889    13.57993    12.63754     0.94240
  -5.05769  -4.03556   0.72889    15.67142    14.74480     0.92663
  -4.71500  -3.79561   0.72889    17.95556    17.21488     0.74068
  -5.61339   0.42444   3.53899    15.62812    16.42060    -0.79248
  -5.19663   0.42444   3.50253    13.98279    14.76785    -0.78505
  -5.40501   0.78536   3.50253    12.85641    13.56097    -0.70455
  -5.82177   0.78536   3.50253    14.10139    14.82918    -0.72778
  -6.03014   0.42444   3.50253    17.09399    17.96328    -0.86929
  -5.82177   0.06352   3.50253    19.06060    19.98949    -0.92889
  -5.40501   0.06352   3.50253    17.09712    17.95608    -0.85896
  -4.90251   0.83486   3.39426    10.47376    11.33508    -0.86132
  -5.20296   1.13532   3.39426    10.46372    11.13391    -0.67019
  -5.61339   1.24529   3.39426    11.25125    11.83062    -0.57937
  -6.02381   1.13532   3.39426    12.53011    13.20812    -0.67801
  -6.32426   0.83486   3.39426    14.71071    15.58259    -0.87189
  -6.43424   0.42444   3.39426    18.34650    19.35679    -1.01029
  -6.02381  -0.28644   3.39426    23.60377    24.69732    -1.09355
  -5.61339  -0.39641   3.39426    21.72312    22.79343    -1.07031
  -5.20296  -0.28644   3.39426    18.54228    19.45031    -0.90803
  -4.90251   0.01402   3.39426    15.06588    15.88048    -0.81460
  -5.01339   1.46367   3.21745     8.28940     8.95668    -0.66728
  -5.40501   1.60621   3.21745     9.22690     9.68841    -0.46151
  -5.82177   1.60621   3.21745    10.07467    10.55269    -0.47803
  -6.21339   1.46367   3.21745    10.95883    11.60768    -0.64885
  -6.53264   1.19579   3.21745    12.25777    13.15956    -0.90179
  -6.74102   0.83486   3.21745    14.66678    15.81627    -1.14949
  -5.40501  -0.75733   3.21745    23.49709    24.71611    -1.21902
  -5.01339  -0.61479   3.21745    20.05897    20.97653    -0.91756
  -5.29952   1.93486   2.97750     7.76104     8.05284    -0.29180
  -5.71866   1.96353   2.97750     8.58307     8.88294    -0.29987
  -6.13000   1.87806   2.97750     9.13591     9.60409    -0.46818
  -6.50303   1.68477   2.97750     9.61596    10.35091    -0.73496
  -6.81007   1.39801   2.97750    10.31061    11.38493    -1.07432
  -5.29413   2.23502   2.68168     6.84362     6.86060    -0.01698
  -5.72029   2.25984   2.68168     7.60165     7.71591    -0.11426
  -6.14068   2.18571   2.68168     7.95745     8.29657    -0.33912
  -6.53264   2.01663   2.68168     8.06287     8.69976    -0.63689
  -6.87505   1.76172   2.68168     8.03589     9.04160    -1.00571
  -5.71866   2.50023   2.33899     6.87311     6.77502     0.09809
  -6.13436   2.43655   2.33899     7.06764     7.27005    -0.20241
  -6.52873   2.29049   2.33899     6.94841     7.47549    -0.52708
  -6.88563   2.06804   2.33899     6.55810     7.44328    -0.88518
  -7.19044   1.77829   2.33899     5.86157     7.19413    -1.33256
  -5.50608   2.67715   1.95984     6.18160     5.64495     0.53664
  -5.93435   2.65675   1.95984     6.43323     6.32415     0.10907
  -6.35101   2.55567   1.95984     6.29518     6.57941    -0.28424
  -6.74102   2.37755   1.95984     5.83521     6.48234    -0.64713
  -7.09027   2.12885   1.95984     5.02635     6.03948    -1.01313
  -5.71943   2.78560   1.55575     6.04041     5.50547     0.53494
  -6.13932   2.72872   1.55575     5.93373     5.92868     0.00505
  -6.54232   2.59778   1.55575     5.49636     5.91538    -0.41903
  -6.91545   2.39699   1.55575     4.74899     5.51384    -0.76485
  -7.24674   2.13279   1.55575     3.63579     4.70288    -1.06709
  -6.03014   2.78798   1.13899     5.73418     5.52420     0.20998
  -6.43424   2.67970   1.13899     5.23594     5.54102    -0.30508
  -6.81339   2.50290   1.13899     4.44653     5.12236    -0.67583
  -7.15608   2.26295   1.13899     3.36847     4.29314    -0.92467
  -5.86200   2.92186   0.23500     5.12236     4.46086     0.66150
  -6.27867   2.82078   0.23500     4.41516     4.32035     0.09481
  -5.64708   3.05072  -0.16909     4.89520     3.93932     0.95588
  -6.06698   2.99384  -0.16909     4.24385     3.73019     0.51366
  -6.46997   2.86290  -0.16909     3.14759     3.00994     0.13765
  -6.84311   2.66210  -0.16909     1.56250     1.73599    -0.17349
  -7.17440   2.39791  -0.16909    -0.63880    -0.21626    -0.42255
  -5.54104   3.08956  -0.58585     4.78915     3.81287     0.97628
  -5.95780   3.05310  -0.58585     4.13717     3.43903     0.69814
  -6.36189   2.94482  -0.58585     3.00577     2.58492     0.42085
  -6.74104   2.76802  -0.58585     1.33220     1.17238     0.15983
  -7.08373   2.52806  -0.58585    -1.06426    -0.98299    -0.08127
  -5.22378   3.03170  -1.00260     4.98494     4.01826     0.96668
  -5.64708   3.05072  -1.00260     4.59776     3.71449     0.88327
  -6.06698   2.99384  -1.00260     3.68097     2.96462     0.71635
  -6.46997   2.86290  -1.00260     2.22201     1.70832     0.51370
  -6.84311   2.66210  -1.00260     0.08283    -0.21417     0.29700
  -5.00934   2.88125  -1.40670     5.21774     4.43607     0.78168
  -5.43373   2.94226  -1.40670     4.98243     4.08629     0.89614
  -5.86200   2.92186  -1.40670     4.18549     3.33226     0.85323
  -6.27867   2.82078  -1.40670     2.83823     2.11224     0.72599
  -6.66867   2.64267  -1.40670     0.82831     0.27698     0.55133
  -7.01793   2.39397  -1.40670    -2.11345    -2.45506     0.34161
  -4.81918   2.63864  -1.78585     5.63880     5.06639     0.57241
  -5.22631   2.74405  -1.78585     5.49447     4.65258     0.84189
  -5.64632   2.76535  -1.78585     4.83371     3.91562     0.91809
  -6.06201   2.70167  -1.78585     3.66591     2.79193     0.87398
  -6.45639   2.55561  -1.78585     1.91390     1.16097     0.75293
  -6.81328   2.33315  -1.78585    -0.60868    -1.18314     0.57445
  -4.81285   2.37770  -2.12854     6.35165     5.75048     0.60117
  -5.22179   2.50013  -2.12854     5.97138     5.10558     0.86580
  -5.64794   2.52495  -2.12854     5.14997     4.18863     0.96134
  -6.06833   2.45083  -2.12854     3.83597     2.90082     0.93514
  -6.46030   2.28175  -2.12854     1.92645     1.10839     0.81806
  -6.80270   2.02684  -2.12854    -0.74674    -1.36699     0.62025
  -4.48808   1.81701  -2.42435     7.79430     7.36941     0.42489
  -4.83131   2.05929  -2.42435     7.26530     6.55208     0.71322
  -5.22717   2.19998  -2.42435     6.61521     5.69314     0.92206
  -5.64632   2.22865  -2.42435     5.65386     4.64472     1.00914
  -6.05766   2.14317  -2.42435     4.27836     3.29433     0.98403
  -6.43068   1.94989  -2.42435     2.41905     1.55537     0.86368
  -6.73773   1.66313  -2.42435     0.07969    -0.56836     0.64806
  -4.34104   0.68956  -2.66431    12.95933    11.98136     0.97797
  -4.41341   1.09998  -2.66431    10.77748    10.00546     0.77201
  -4.62179   1.46090  -2.66431     9.27585     8.51314     0.76270
  -4.94104   1.72879  -2.66431     8.22539     7.33311     0.89228
  -5.33267   1.87133  -2.66431     7.24648     6.22938     1.01710
  -5.74942   1.87133  -2.66431     6.08559     5.02981     1.05578
  -6.14104   1.72879  -2.66431     4.67118     3.67628     0.99490
  -6.46030   1.46090  -2.66431     3.18273     2.33790     0.84483
  -6.66867   1.09998  -2.66431     2.35316     1.71669     0.63647
  -4.72020   0.68956  -2.84111    12.71711    11.60317     1.11394
  -4.83017   1.09998  -2.84111    10.65260     9.63017     1.02243
  -5.13062   1.40043  -2.84111     9.08948     8.03906     1.05042
  -5.54104   1.51041  -2.84111     7.79116     6.69304     1.09812
  -5.95147   1.40043  -2.84111     6.63466     5.56644     1.06821
  -6.25192   1.09998  -2.84111     6.19791     5.22661     0.97130
  -4.83017   0.27913  -2.84111    14.98367    13.75364     1.23003
  -5.12429   0.68956  -2.94939    12.22640    11.04479     1.18160
  -5.33267   1.05048  -2.94939    10.09286     8.94703     1.14583
  -5.74942   1.05048  -2.94939     8.93887     7.80471     1.13416
  -5.54104   0.68956  -2.98585    11.49472    10.30739     1.18733
  -3.26452  -3.32684  -0.76748    20.84524    21.97629    -1.13105
  -2.86042  -3.21856  -0.76748    20.18008    21.45464    -1.27456
  -2.48127  -3.04176  -0.76748    20.02257    21.28976    -1.26719
  -2.13858  -2.80180  -0.76748    20.37084    21.58021    -1.20937
  -2.95090  -3.21116  -1.18424    20.50262    21.52996    -1.02734
  -2.56127  -3.04462  -1.18424    20.13364    21.19560    -1.06196
  -2.20763  -2.81119  -1.18424    20.35829    21.41194    -1.05365
  -3.14957  -3.15499  -1.58833    21.27383    22.05781    -0.78398
  -2.74440  -3.01476  -1.58833    20.44238    21.27316    -0.83078
  -2.37309  -2.80038  -1.58833    20.33507    21.17061    -0.83554
  -2.04906  -2.51961  -1.58833    20.89920    21.75096    -0.85176
  -2.95941  -2.91238  -1.96748    20.96007    21.57097    -0.61089
  -2.58184  -2.72717  -1.96748    20.42355    21.03125    -0.60770
  -2.24928  -2.46975  -1.96748    20.57541    21.17936    -0.60395
  -2.95308  -2.65144  -2.31017    20.89356    21.30213    -0.40857
  -2.58339  -2.43801  -2.31017    20.37147    20.75413    -0.38266
  -2.27290  -2.14507  -2.31017    20.51517    20.87844    -0.36327
  -2.03832  -1.78842  -2.31017    21.14582    21.49755    -0.35173
  -2.13858  -0.96330  -2.60599    20.27797    20.26193     0.01604
  -2.97153  -2.33303  -2.60599    20.61180    20.81994    -0.20814
  -2.62830  -2.09075  -2.60599    20.11231    20.27731    -0.16500
  -2.36317  -1.76486  -2.60599    20.12611    20.24993    -0.12382
  -2.19579  -1.37951  -2.60599    20.33005    20.40185    -0.07179
  -2.48127  -0.96330  -2.84594    18.95079    18.77501     0.17578
  -2.55364  -0.55287  -2.84594    18.04717    17.79185     0.25532
  -2.76202  -0.19195  -2.84594    16.64218    16.35611     0.28607
  -3.47289   0.21847  -2.84594    14.50865    14.11084     0.39781
  -3.88965   0.21847  -2.84594    14.79040    14.12021     0.67019
  -4.28127   0.07593  -2.84594    15.90172    14.96051     0.94121
  -3.08127  -2.00253  -2.84594    20.25726    20.28389    -0.02663
  -2.76202  -1.73464  -2.84594    19.64607    19.61427     0.03179
  -2.55364  -1.37372  -2.84594    19.35804    19.26126     0.09678
  -2.86042  -0.96330  -3.02274    18.27998    17.99813     0.28185
  -2.97040  -0.55287  -3.02274    17.27471    16.91672     0.35799
  -3.27085  -0.25242  -3.02274    16.24622    15.81935     0.42687
  -3.68127  -0.14245  -3.02274    15.95129    15.39431     0.55698
  -4.09170  -0.25242  -3.02274    16.75450    16.05525     0.69925
  -3.27085  -1.67417  -3.02274    19.84562    19.71844     0.12718
  -2.97040  -1.37372  -3.02274    19.00789    18.80845     0.19944
  -3.26452  -0.96330  -3.13102    18.14820    17.79770     0.35050
  -3.47289  -0.60238  -3.13102    17.26969    16.81716     0.45253
  -3.88965  -0.60238  -3.13102    17.64808    17.11883     0.52925
  -3.47289  -1.32422  -3.13102    19.25011    18.98596     0.26415
  -3.68127  -0.96330  -3.16748    18.50086    18.10798     0.39289
  -3.80573  -1.30244   3.35029    15.69276    15.17591     0.51684
  -3.38898  -1.30244   3.31383    14.52684    13.48144     1.04540
  -4.01411  -0.94152   3.31383    15.31060    15.18458     0.12602
  -4.22249  -1.30244   3.31383    17.53073    17.48192     0.04881
  -4.01411  -1.66336   3.31383    17.40147    17.04558     0.35588
  -3.59736  -1.66336   3.31383    16.03224    15.19702     0.83522
  -4.51661  -0.89201   3.20555    18.21660    18.62062    -0.40402
  -4.62658  -1.30244   3.20555    20.11670    20.55229    -0.43559
  -4.51661  -1.71286   3.20555    20.08972    20.32052    -0.23081
  -4.21616  -2.01331   3.20555    18.86294    18.71373     0.14920
  -3.80573  -2.12329   3.20555    17.46045    16.86793     0.59253
  -3.39531  -2.01331   3.20555    16.30960    15.25668     1.05292
  -3.09486  -1.71286   3.20555    15.32002    13.82895     1.49107
  -5.00573  -1.30244   3.02875    23.62887    24.65432    -1.02545
  -4.93337  -1.71286   3.02875    23.42116    24.26790    -0.84674
  -4.72499  -2.07378   3.02875    21.93648    22.43017    -0.49369
  -4.40573  -2.34167   3.02875    20.11482    20.19169    -0.07687
  -4.01411  -2.48421   3.02875    18.53161    18.19834     0.33327
  -3.59736  -2.48421   3.02875    17.34687    16.61251     0.73437
  -3.20573  -2.34167   3.02875    16.52484    15.36421     1.16062
  -2.88648  -2.07378   3.02875    15.95882    14.31321     1.64561
  -2.67810  -1.71286   3.02875    15.42983    13.25605     2.17378
  -5.00242  -2.27601   2.78880    24.34674    25.29106    -0.94432
  -4.69537  -2.56277   2.78880    21.87247    22.32392    -0.45145
  -4.32235  -2.75606   2.78880    19.86946    19.89088    -0.02142
  -3.91101  -2.84153   2.78880    18.40423    18.05492     0.34931
  -3.49187  -2.81286   2.78880    17.39707    16.69527     0.70180
  -3.09600  -2.67217   2.78880    16.75952    15.67361     1.08591
  -2.75277  -2.42989   2.78880    16.44012    14.88519     1.55494
  -2.48763  -2.10399   2.78880    16.39871    14.23776     2.16094
  -4.72499  -2.89463   2.49298    21.91514    22.39911    -0.48397
  -4.33303  -3.06371   2.49298    19.86946    19.94658    -0.07712
  -3.91263  -3.13783   2.49298    18.46258    18.21810     0.24448
  -3.48648  -3.11301   2.49298    17.52948    16.99030     0.53917
  -3.07754  -2.99058   2.49298    16.96409    16.10393     0.86016
  -2.70786  -2.77715   2.49298    16.73442    15.47363     1.26080
  -2.39736  -2.48421   2.49298    16.88503    15.08004     1.80499
  -4.72108  -3.16849   2.15029    21.57127    21.99980    -0.42853
  -4.32671  -3.31455   2.15029    19.67682    19.78210    -0.10528
  -3.91101  -3.37823   2.15029    18.41489    18.28183     0.13307
  -3.49100  -3.35693   2.15029    17.58972    17.24063     0.34909
  -3.08387  -3.25152   2.15029    17.09587    16.50500     0.59087
  -2.70630  -3.06631   2.15029    16.90322    16.00484     0.89838
  -2.37374  -2.80889   2.15029    17.06512    15.74539     1.31973
  -4.54336  -3.43366   1.77114    20.28362    20.47697    -0.19335
  -4.12669  -3.53475   1.77114    18.85101    18.88875    -0.03773
  -3.69842  -3.55515   1.77114    17.92983    17.84540     0.08443
  -3.27404  -3.49413   1.77114    17.36005    17.13357     0.22648
  -2.86886  -3.35390   1.77114    17.07642    16.65384     0.42258
  -2.49756  -3.13952   1.77114    17.09022    16.38700     0.70322
  -4.33167  -3.60672   1.36704    19.26329    19.30301    -0.03972
  -3.91178  -3.66360   1.36704    18.29755    18.36690    -0.06935
  -3.48847  -3.64459   1.36704    17.68510    17.74629    -0.06119
  -3.07536  -3.55030   1.36704    17.33746    17.32741     0.01005
  -2.68573  -3.38376   1.36704    17.23706    17.07744     0.15962
  -2.33209  -3.15033   1.36704    17.42280    17.02274     0.40006
  -4.22249  -3.66598   0.95029    18.96271    18.92611     0.03660
  -3.80573  -3.70244   0.95029    18.25864    18.44574    -0.18709
  -3.38898  -3.66598   0.95029    17.81311    18.11241    -0.29930
  -2.98489  -3.55770   0.95029    17.58784    17.89368    -0.30585
  -2.60573  -3.38090   0.95029    17.58972    17.80379    -0.21408
  -2.26304  -3.14095   0.95029    17.86269    17.89131    -0.02862
  -4.33167  -3.60672   0.53353    19.51178    19.13735     0.37443
  -3.91178  -3.66360   0.53353    18.83658    19.03288    -0.19630
  -3.48847  -3.64459   0.53353    18.38101    18.90345    -0.52244
  -3.07536  -3.55030   0.53353    18.13691    18.80292    -0.66601
  -2.68573  -3.38376   0.53353    18.12624    18.79317    -0.66693
  -2.33209  -3.15033   0.53353    18.38917    18.94062    -0.55145
  -4.12669  -3.53475   0.12944    20.17192    20.00514     0.16678
  -3.69842  -3.55515   0.12944    19.52810    20.10415    -0.57606
  -3.27404  -3.49413   0.12944    19.11268    20.07478    -0.96209
  -2.86886  -3.35390   0.12944    18.97087    20.08099    -1.11012
  -7.80735  -1.10956   4.34668    18.39356    17.74848     0.64508
  -7.39059  -1.10956   4.31022    20.24973    19.79631     0.45342
  -7.59897  -0.74864   4.31022    18.23229    17.76716     0.46513
  -8.01572  -0.74864   4.31022    16.18347    15.53352     0.64995
  -8.22410  -1.10956   4.31022    16.30646    15.51130     0.79516
  -8.01572  -1.47048   4.31022    18.36783    17.61686     0.75097
  -7.59897  -1.47048   4.31022    20.26856    19.67375     0.59480
  -6.98650  -1.10956   4.20195    21.92895    21.71426     0.21468
  -7.09647  -0.69914   4.20195    20.29491    20.13161     0.16330
  -7.39692  -0.39868   4.20195    17.90849    17.69637     0.21212
  -7.80735  -0.28871   4.20195    15.40034    15.02962     0.37071
  -8.21777  -0.39868   4.20195    13.57617    12.97117     0.60499
  -8.51822  -0.69914   4.20195    13.05283    12.24003     0.81280
  -8.62819  -1.10956   4.20195    13.93322    13.02977     0.90345
  -8.51822  -1.51998   4.20195    15.82955    14.95175     0.87781
  -8.21777  -1.82043   4.20195    18.14004    17.35600     0.78404
  -7.80735  -1.93041   4.20195    20.29930    19.64627     0.65304
  -7.39692  -1.82043   4.20195    21.85741    21.36003     0.49738
  -7.09647  -1.51998   4.20195    22.46735    22.12832     0.33903
  -6.60735  -1.10956   4.02514    23.49207    23.57024    -0.07816
  -6.67971  -0.69914   4.02514    22.06951    22.21760    -0.14809
  -6.88809  -0.33821   4.02514    20.00061    20.16134    -0.16073
  -7.20735  -0.07033   4.02514    17.46359    17.57217    -0.10858
  -7.59897   0.07221   4.02514    14.75275    14.73256     0.02019
  -9.00735  -1.10956   4.02514    11.21485    10.25152     0.96333
  -8.93498  -1.51998   4.02514    13.11432    12.18820     0.92612
  -8.72660  -1.88090   4.02514    15.36896    14.52431     0.84465
  -8.40735  -2.14879   4.02514    17.69953    16.95373     0.74580
  -8.01572  -2.29133   4.02514    19.88703    19.25488     0.63215
  -7.59897  -2.29133   4.02514    21.76830    21.26820     0.50010
  -7.20735  -2.14879   4.02514    23.20028    22.85168     0.34860
  -6.88809  -1.88090   4.02514    24.03989    23.85181     0.18808
  -6.67971  -1.51998   4.02514    24.15912    24.12012     0.03900
  -6.26466  -1.10956   3.78519    25.00876    25.44707    -0.43830
  -6.32186  -0.69335   3.78519    23.65585    24.16697    -0.51112
  -6.48924  -0.30800   3.78519    21.73944    22.27711    -0.53767
  -6.75438   0.01790   3.78519    19.31349    19.83750    -0.52401
  -7.09761   0.26017   3.78519    16.47212    16.94607    -0.47395
  -9.22232  -1.72417   3.78519    11.33784    10.47839     0.85945
  -9.00403  -2.08313   3.78519    13.78638    13.01994     0.76644
  -8.69699  -2.36989   3.78519    16.24371    15.57111     0.67260
  -8.32396  -2.56318   3.78519    18.58244    18.00728     0.57516
  -7.91262  -2.64865   3.78519    20.71723    20.25344     0.46379
  -7.49348  -2.61998   3.78519    22.58469    22.25416     0.33054
  -7.09761  -2.47929   3.78519    24.11519    23.94265     0.17254
  -6.75438  -2.23701   3.78519    25.21961    25.22043    -0.00083
  -6.48924  -1.91112   3.78519    25.79001    25.96243    -0.17241
  -6.32186  -1.52577   3.78519    25.73228    26.05492    -0.32264
  -5.96884  -1.10956   3.48937    26.56624    27.45178    -0.88554
  -6.01840  -0.68557   3.48937    25.22965    26.17658    -0.94693
  -6.16440  -0.28444   3.48937    23.39606    24.35097    -0.95490
  -6.39897   0.07221   3.48937    21.05294    21.98349    -0.93055
  -6.70947   0.36515   3.48937    18.16389    19.07126    -0.90737
  -9.34340  -2.11984   3.48937    10.88164    10.23716     0.64448
  -9.06901  -2.44684   3.48937    13.57868    13.02059     0.55809
  -8.72660  -2.70175   3.48937    16.16527    15.68844     0.47683
  -8.33464  -2.87083   3.48937    18.58056    18.19118     0.38938
  -7.91425  -2.94496   3.48937    20.79378    20.51127     0.28252
  -7.48809  -2.92014   3.48937    22.78487    22.63904     0.14583
  -7.07915  -2.79770   3.48937    24.52433    24.54723    -0.02290
  -6.70947  -2.58427   3.48937    25.94940    26.16896    -0.21956
  -6.39897  -2.29133   3.48937    26.96471    27.39075    -0.42604
  -6.16440  -1.93468   3.48937    27.45480    28.07358    -0.61878
  -6.01840  -1.53355   3.48937    27.32929    28.10414    -0.77485
  -5.72889  -1.10956   3.14668    28.27495    29.72494    -1.44999
  -9.07959  -2.75316   3.14668    13.29442    12.99198     0.30243
  -8.72269  -2.97561   3.14668    15.93560    15.69240     0.24321
  -8.32832  -3.12167   3.14668    18.38226    18.21432     0.16794
  -7.91262  -3.18535   3.14668    20.64255    20.57723     0.06532
  -7.49261  -3.16405   3.14668    22.72839    22.80340    -0.07501
  -7.08549  -3.05864   3.14668    24.63979    24.89723    -0.25744
  -6.70791  -2.87343   3.14668    26.34410    26.82244    -0.47834
  -6.37535  -2.61601   3.14668    27.75726    28.48536    -0.72811
  -6.10142  -2.29692   3.14668    28.75813    29.73906    -0.98092
  -5.89733  -1.92921   3.14668    29.22061    30.42072    -1.20012
  -5.77143  -1.52795   3.14668    29.05934    30.41606    -1.35673
  -8.93498  -3.06267   2.76753    13.79078    13.77156     0.01922
  -8.54497  -3.24078   2.76753    16.51605    16.54459    -0.02854
  -8.12830  -3.34187   2.76753    19.03048    19.14290    -0.11242
  -7.70004  -3.36227   2.76753    21.38050    21.62301    -0.24251
  -7.27565  -3.30125   2.76753    23.61004    24.03600    -0.42596
  -6.87048  -3.16102   2.76753    25.73730    26.40110    -0.66379
  -8.73628  -3.28290   2.36344    14.29404    14.53523    -0.24119
  -8.33328  -3.41384   2.36344    17.01680    17.31294    -0.29614
  -7.91339  -3.47072   2.36344    19.55822    19.96505    -0.40683
  -7.49008  -3.45171   2.36344    22.00739    22.58757    -0.58019
  -8.62819  -3.36482   1.94668    13.84286    14.28475    -0.44189
  -8.22410  -3.47310   1.94668    16.62586    17.13336    -0.50750
  -7.80735  -3.50956   1.94668    19.26078    19.90826    -0.64749
  -8.33328  -3.41384   1.52993    14.51053    15.07935    -0.56882
  -1.94221  -2.76065  -0.47717    19.95229    21.08472    -1.13242
  -1.53812  -2.86893  -0.47717    18.32453    19.32787    -1.00334
  -1.12136  -2.90539  -0.47717    17.16113    18.13816    -0.97703
  -0.70461  -2.86893  -0.47717    16.52484    17.46978    -0.94494
  -0.30052  -2.76065  -0.47717    16.59637    17.43534    -0.83897
  -1.64730  -2.80967  -0.89393    19.06374    20.12513    -1.06139
  -1.22740  -2.86655  -0.89393    17.88026    18.91127    -1.03101
  -0.80410  -2.84754  -0.89393    17.31299    18.31396    -1.00097
  -0.39099  -2.75325  -0.89393    17.54642    18.44408    -0.89766
  -1.85899  -2.63661  -1.29802    20.27860    21.28921    -1.01061
  -1.44232  -2.73770  -1.29802    18.81273    19.83446    -1.02173
  -1.01405  -2.75810  -1.29802    18.02207    19.05864    -1.03657
  -0.58967  -2.69708  -1.29802    17.99634    19.00231    -1.00597
  -1.64233  -2.51750  -1.67717    19.72388    20.64276    -0.91888
  -1.22664  -2.58118  -1.67717    18.68347    19.69422    -1.01075
  -0.80663  -2.55988  -1.67717    18.33771    19.40599    -1.06828
  -0.39950  -2.45447  -1.67717    18.81713    19.89631    -1.07918
  -1.64865  -2.26666  -2.01986    19.89644    20.70572    -0.80928
  -1.22826  -2.34078  -2.01986    18.90937    19.89925    -0.98988
  -0.80211  -2.31596  -2.01986    18.61507    19.74294    -1.12787
  -0.39317  -2.19354  -2.01986    19.10892    20.36103    -1.25211
  -2.01100  -1.76572  -2.31568    21.12762    21.49335    -0.36573
  -1.63798  -1.95901  -2.31568    19.83118    20.55502    -0.72384
  -1.22664  -2.04448  -2.31568    18.98906    19.97469    -0.98563
  -0.80749  -2.01581  -2.31568    18.75438    19.96400    -1.20963
  -0.41163  -1.87512  -2.31568    19.20932    20.66083    -1.45151
  -0.06840  -1.63284  -2.31568    20.34260    22.13434    -1.79174
  -2.04062  -1.27673  -2.55563    20.54843    20.72242    -0.17399
  -1.72136  -1.54462  -2.55563    19.79228    20.37553    -0.58325
  -1.32974  -1.68716  -2.55563    19.06562    19.99553    -0.92991
  -0.91299  -1.68716  -2.55563    18.77822    20.01885    -1.24063
  -0.52136  -1.54462  -2.55563    19.09951    20.67544    -1.57594
  -1.53179   0.20549  -2.73243    17.90912    19.04364    -1.13452
  -1.83224  -0.09496  -2.73243    17.89343    18.48141    -0.58797
  -1.94221  -0.50539  -2.73243    18.75124    19.06756    -0.31632
  -1.83224  -0.91581  -2.73243    19.28023    19.71223    -0.43200
  -1.53179  -1.21626  -2.73243    19.07252    19.84748    -0.77495
  -1.12136  -1.32624  -2.73243    18.74998    19.91571    -1.16572
  -0.71094  -1.21626  -2.73243    18.89557    20.48377    -1.58821
  -0.70461  -0.50539  -2.84071    19.08382    21.13943    -2.05561
  -0.91299  -0.14447  -2.84071    18.84976    20.87285    -2.02309
  -1.32974  -0.14447  -2.84071    18.24923    19.58299    -1.33376
  -1.53812  -0.50539  -2.84071    18.39983    19.30180    -0.90196
  -1.32974  -0.86631  -2.84071    18.60754    19.67647    -1.06893
  -0.91299  -0.86631  -2.84071    18.70229    20.25642    -1.55412
  -1.12136  -0.50539  -2.87717    18.49459    19.96733    -1.47274
  -1.17344  -0.73810   3.66190     8.12688     5.97732     2.14955
  -0.75668  -0.73810   3.62544     6.89005     4.71244     2.17761
  -0.96506  -0.37718   3.62544     7.28413     5.05431     2.22982
  -1.38181  -0.37718   3.62544     8.01079     5.88116     2.12963
  -1.59019  -0.73810   3.62544     8.99974     6.90052     2.09922
  -1.38181  -1.09902   3.62544     9.23317     7.13082     2.10235
  -0.96506  -1.09902   3.62544     7.98443     5.89257     2.09186
  -0.35259  -0.73810   3.51716     5.10416     2.91795     2.18621
  -0.46256  -0.32767   3.51716     5.59111     3.28014     2.31097
  -0.76301  -0.02722   3.51716     6.83295     4.49788     2.33507
  -1.88431  -1.14852   3.51716    10.68147     8.56070     2.12077
  -1.58386  -1.44897   3.51716    10.51518     8.44081     2.07437
  -1.17344  -1.55895   3.51716     9.37311     7.37498     1.99813
  -0.76301  -1.44897   3.51716     7.70142     5.72268     1.97874
  -0.46256  -1.14852   3.51716     6.01844     3.97085     2.04759
   0.02656  -0.73810   3.34036     2.48933     0.32481     2.16452
  -2.09269  -1.50944   3.34036    12.42532    10.25598     2.16933
  -1.77344  -1.77733   3.34036    11.91327     9.86503     2.04824
  -1.38181  -1.91987   3.34036    10.75991     8.83656     1.92335
  -0.96506  -1.91987   3.34036     9.20305     7.36124     1.84181
  -0.57344  -1.77733   3.34036     7.36320     5.54143     1.82176
  -0.25418  -1.50944   3.34036     5.36834     3.49855     1.86980
  -0.04580  -1.14852   3.34036     3.53162     1.54332     1.98831
  -2.37012  -1.71167   3.10041    14.41640    12.14501     2.27139
  -2.06307  -1.99843   3.10041    13.73493    11.66605     2.06887
  -1.69005  -2.19171   3.10041    12.53952    10.65805     1.88147
  -1.27871  -2.27719   3.10041    11.05609     9.31349     1.74260
  -0.85957  -2.24852   3.10041     9.34675     7.68922     1.65753
  -0.46370  -2.10783   3.10041     7.39143     5.76586     1.62558
  -0.12047  -1.86555   3.10041     5.15876     3.51095     1.64781
   0.14467  -1.53965   3.10041     2.69139     0.96527     1.72612
  -2.43510  -2.07538   2.80459    16.22112    14.00944     2.21168
  -2.09269  -2.33029   2.80459    14.86570    12.95000     1.91570
  -1.70072  -2.49937   2.80459    13.32077    11.62390     1.69687
  -1.28033  -2.57349   2.80459    11.67544    10.12943     1.54601
  -0.85418  -2.54867   2.80459     9.90022     8.44997     1.45024
  -0.44524  -2.42624   2.80459     7.90913     6.50784     1.40129
  -0.07556  -2.21281   2.80459     5.58609     4.19134     1.39475
   0.23494  -1.91987   2.80459     2.80811     1.37881     1.42930
  -2.08878  -2.60415   2.46190    15.71849    14.04917     1.66931
  -1.69441  -2.75021   2.46190    13.96585    12.51282     1.45303
  -1.27871  -2.81389   2.46190    12.25338    10.94595     1.30742
  -0.85870  -2.79259   2.46190    10.48945     9.27857     1.21088
  -0.45157  -2.68718   2.46190     8.55735     7.40542     1.15193
  -0.07400  -2.50197   2.46190     6.31212     5.18739     1.12473
   0.25855  -2.24455   2.46190     3.56174     2.43942     1.12233
  -1.91106  -2.86932   2.08275    15.58671    14.33151     1.25520
  -1.49439  -2.97040   2.08275    13.72865    12.63823     1.09043
  -1.06613  -2.99080   2.08275    11.94966    10.97201     0.97765
  -0.64174  -2.92979   2.08275    10.11043     9.20963     0.90081
  -0.23657  -2.78956   2.08275     8.05597     7.20602     0.84994
   0.13475  -2.57518   2.08275     5.58358     4.76827     0.81531
   0.45878  -2.29441   2.08275     2.39144     1.60756     0.78387
  -2.10237  -2.91144   1.67866    17.25086    16.27673     0.97413
  -1.69937  -3.04238   1.67866    15.23279    14.41050     0.82229
  -1.27948  -3.09926   1.67866    13.43686    12.72314     0.71372
  -0.85617  -3.08024   1.67866    11.70242    11.07042     0.63201
  -0.44306  -2.98596   1.67866     9.88578     9.31467     0.57111
  -0.05343  -2.81942   1.67866     7.81500     7.29477     0.52023
   0.30021  -2.58599   1.67866     5.23719     4.77723     0.45996
  -1.99428  -2.99336   1.26190    17.34123    16.84522     0.49601
  -1.59019  -3.10164   1.26190    15.40850    14.98538     0.42312
  -1.17344  -3.13810   1.26190    13.69351    13.34331     0.35020
  -0.75668  -3.10164   1.26190    12.05885    11.77064     0.28821
  -0.35259  -2.99336   1.26190    10.37273    10.13593     0.23681
   0.02656  -2.81656   1.26190     8.46510     8.28600     0.17910
   0.36926  -2.57660   1.26190     6.05358     5.97788     0.07571
  -1.69937  -3.04238   0.84515    16.66100    16.62438     0.03663
  -1.27948  -3.09926   0.84515    14.92782    14.92857    -0.00075
  -0.85617  -3.08024   0.84515    13.37411    13.42480    -0.05069
  -0.44306  -2.98596   0.84515    11.89633    11.98890    -0.09258
  -0.05343  -2.81942   0.84515    10.36520    10.50488    -0.13968
   0.30021  -2.58599   0.84515     8.54229     8.79176    -0.24947
  -0.28433   1.61080   3.94353     5.60366     5.00100     0.60266
   0.13243   1.61080   3.90707     4.60404     4.08792     0.51611
  -0.07595   1.97172   3.90707     5.61370     5.19054     0.42316
  -0.49271   1.97172   3.90707     6.33722     5.85700     0.48022
  -0.70108   1.61080   3.90707     6.24246     5.60623     0.63624
  -0.49271   1.24988   3.90707     5.70720     4.87794     0.82926
  -0.07595   1.24988   3.90707     4.70067     3.95744     0.74323
   0.53652   1.61080   3.79879     3.32329     2.91526     0.40803
   0.42655   2.02122   3.79879     4.44779     4.16028     0.28751
   0.12610   2.32168   3.79879     5.67582     5.42145     0.25438
  -0.28433   2.43165   3.79879     6.63968     6.34100     0.29867
  -0.69475   2.32168   3.79879     7.00991     6.63870     0.37120
  -0.99520   2.02122   3.79879     6.77773     6.34081     0.43692
  -1.10518   1.61080   3.79879     6.40562     5.83084     0.57478
  -0.99520   1.20038   3.79879     6.28890     5.41175     0.87715
  -0.69475   0.89992   3.79879     6.00715     4.85158     1.15557
  -0.28433   0.78995   3.79879     4.92971     3.77242     1.15730
   0.12610   0.89992   3.79879     3.49021     2.57919     0.91102
   0.42655   1.20038   3.79879     2.82819     2.21060     0.61759
   0.91567   1.61080   3.62199     1.83986     1.53270     0.30716
   0.84330   2.02122   3.62199     3.15449     2.97540     0.17909
   0.63493   2.38214   3.62199     4.46661     4.37480     0.09182
   0.31567   2.65003   3.62199     5.73293     5.66383     0.06910
  -0.07595   2.79257   3.62199     6.85366     6.73894     0.11472
  -0.49271   2.79257   3.62199     7.58847     7.38905     0.19942
  -0.88433   2.65003   3.62199     7.72339     7.45004     0.27335
  -1.20358   2.38214   3.62199     7.25652     6.96792     0.28860
  -1.41196   2.02122   3.62199     6.47276     6.21069     0.26207
  -0.88433   0.57157   3.62199     6.62587     4.96971     1.65616
  -0.49271   0.42903   3.62199     5.70030     3.97649     1.72381
  -0.07595   0.42903   3.62199     3.79518     2.29387     1.50131
   0.31567   0.57157   3.62199     1.76016     0.64838     1.11179
   0.63493   0.83945   3.62199     0.62688    -0.10362     0.73050
   0.84330   1.20038   3.62199     0.79631     0.32357     0.47274
   1.25836   1.61080   3.38203     0.28301     0.03002     0.25298
   1.20115   2.02701   3.38203     1.91704     1.80668     0.11036
   1.03378   2.41236   3.38203     3.30384     3.33618    -0.03235
   0.76864   2.73825   3.38203     4.60090     4.72995    -0.12905
   0.42541   2.98053   3.38203     5.94440     6.09462    -0.15023
   0.02954   3.12122   3.38203     7.25966     7.35360    -0.09395
  -0.38960   3.14989   3.38203     8.27748     8.26170     0.01577
  -0.80094   3.06442   3.38203     8.71171     8.57549     0.13622
  -1.17397   2.87113   3.38203     8.42180     8.21453     0.20728
  -1.48101   2.58437   3.38203     7.46234     7.29688     0.16547
   1.50462   2.03479   3.08622     0.95068     0.82688     0.12380
   1.35862   2.43592   3.08622     2.33622     2.43662    -0.10040
   1.12405   2.79257   3.08622     3.47829     3.77252    -0.29423
   0.81355   3.08551   3.08622     4.76593     5.17410    -0.40817
   0.44387   3.29895   3.08622     6.34036     6.76085    -0.42050
   0.03492   3.42138   3.08622     8.01079     8.34773    -0.33695
  -0.39123   3.44620   3.08622     9.36621     9.55231    -0.18610
  -0.81162   3.37207   3.08622    10.02384    10.03148    -0.00764
  -1.20358   3.20299   3.08622     9.79605     9.65636     0.13969
  -1.54599   2.94808   3.08622     8.68912     8.51544     0.17368
   1.62569   2.43045   2.74353     1.78087     1.84105    -0.06018
   1.42160   2.79816   2.74353     2.40148     2.78955    -0.38807
   1.14766   3.11725   2.74353     3.20657     3.84750    -0.64093
   0.81510   3.37467   2.74353     4.63353     5.40366    -0.77013
   0.43753   3.55988   2.74353     6.70494     7.46982    -0.76488
   0.03041   3.66529   2.74353     9.00915     9.65562    -0.64647
  -0.38960   3.68659   2.74353    10.91804    11.36395    -0.44592
  -0.80530   3.62291   2.74353    11.92080    12.11870    -0.19790
  -1.19967   3.47685   2.74353    11.81600    11.76397     0.05204
  -1.02195   3.74203   2.36438    15.04517    15.27779    -0.23262
  -1.41196   3.56391   2.36438    14.15661    14.00394     0.15267
  -1.92241   3.89994  -1.66988    15.16314    15.37871    -0.21557
  -2.25369   3.63575  -1.66988    12.76041    13.40765    -0.64725
  -1.35796   4.05862  -2.07397    13.36030    13.22499     0.13532
  -1.74797   3.88051  -2.07397    13.04153    13.06048    -0.01895
  -2.09722   3.63181  -2.07397    11.87687    12.19717    -0.32030
  -2.39309   3.32150  -2.07397    10.20017    11.00459    -0.80443
  -1.14131   3.93951  -2.45312    10.71974    10.47672     0.24303
  -1.53568   3.79345  -2.45312    11.20983    11.07573     0.13410
  -1.89258   3.57099  -2.45312    10.94188    11.00841    -0.06653
  -2.19739   3.28125  -2.45312    10.18260    10.56148    -0.37888
  -2.43763   2.93608  -2.45312     9.19239     9.99820    -0.80581
  -0.72724   3.76279  -2.79581     8.04718     7.74803     0.29915
  -1.14763   3.68866  -2.79581     9.36056     9.11265     0.24791
  -1.53959   3.51959  -2.79581     9.94226     9.80300     0.13926
  -1.88200   3.26468  -2.79581     9.95607    10.00171    -0.04564
  -2.15639   2.93767  -2.79581     9.65612     9.96541    -0.30930
  -2.34797   2.55620  -2.79581     9.33546     9.95555    -0.62009
  -2.44641   2.14083  -2.79581     9.31224    10.21084    -0.89860
  -1.53959   0.33520  -2.79581    17.19439    18.31271    -1.11832
  -1.14763   0.16612  -2.79581    18.50965    20.28602    -1.77637
  -0.30647   3.43782  -3.09163     5.28426     5.08816     0.19609
  -0.72561   3.46649  -3.09163     7.25777     7.02992     0.22785
  -1.13695   3.38101  -3.09163     8.55233     8.35278     0.19955
  -1.50998   3.18773  -3.09163     9.24886     9.14009     0.10877
  -1.81702   2.90097  -3.09163     9.53877     9.58481    -0.04604
  -2.03531   2.54200  -3.09163     9.69502     9.94090    -0.24588
  -2.14866   2.13746  -3.09163    10.01505    10.45565    -0.44060
  -2.14866   1.71733  -3.09163    10.74108    11.31196    -0.57088
  -2.03531   1.31278  -3.09163    11.94025    12.57202    -0.63177
  -1.81702   0.95382  -3.09163    13.41866    14.14123    -0.72256
  -1.50998   0.66706  -3.09163    14.81048    15.79481    -0.98433
  -1.13695   0.47378  -3.09163    15.80383    17.26053    -1.45670
  -0.41196   3.10916  -3.33158     5.39595     5.33901     0.05695
  -0.82872   3.10916  -3.33158     7.24899     7.13386     0.11513
  -1.22034   2.96663  -3.33158     8.45130     8.36156     0.08974
  -1.53959   2.69874  -3.33158     9.18988     9.19775    -0.00788
  -1.74797   2.33782  -3.33158     9.75213     9.90810    -0.15598
  -1.82034   1.92739  -3.33158    10.43235    10.74904    -0.31669
  -1.74797   1.51697  -3.33158    11.37612    11.84919    -0.47307
  -1.53959   1.15605  -3.33158    12.45418    13.13166    -0.67748
  -1.22034   0.88816  -3.33158    13.32454    14.32824    -1.00371
  -0.82872   0.74562  -3.33158    13.64268    15.06472    -1.42203
  -0.20991   2.63827  -3.50839     4.20369     4.41178    -0.20809
  -0.62034   2.74824  -3.50839     6.39997     6.45789    -0.05792
  -1.03076   2.63827  -3.50839     8.01581     8.04813    -0.03233
  -1.33121   2.33782  -3.50839     9.11332     9.23253    -0.11921
  -1.44119   1.92739  -3.50839    10.03011    10.31571    -0.28560
  -1.33121   1.51697  -3.50839    10.92620    11.44328    -0.51708
  -1.03076   1.21652  -3.50839    11.49597    12.32714    -0.83116
  -0.62034   1.10655  -3.50839    11.15524    12.29334    -1.13810
  -0.20358   1.92739  -3.61666     5.76305     6.31458    -0.55153
  -0.41196   2.28831  -3.61666     5.94691     6.26423    -0.31732
  -0.82872   2.28831  -3.61666     7.77296     7.99157    -0.21861
  -1.03709   1.92739  -3.61666     9.16666     9.52124    -0.35458
  -0.82872   1.56647  -3.61666     9.66051    10.30244    -0.64194
  -0.41196   1.56647  -3.61666     8.25112     9.02221    -0.77109
  -0.62034   1.92739  -3.65312     7.80120     8.26463    -0.46343
  -0.46547   4.07155   2.43768    12.72213    13.32032    -0.59819
  -0.25709   4.53147   2.32940    11.64971    12.16530    -0.51558
  -0.66752   4.42150   2.32940    13.53224    13.96499    -0.43275
  -0.96797   4.12105   2.32940    14.69062    15.02511    -0.33449
  -0.04872   4.89239   2.15260    10.79693    11.15400    -0.35708
  -0.46547   4.89239   2.15260    12.84324    13.17068    -0.32745
  -0.85710   4.74985   2.15260    14.33734    14.63069    -0.29336
  -1.17635   4.48197   2.15260    15.27170    15.49621    -0.22451
  -1.38473   4.12105   2.15260    15.72288    15.81735    -0.09448
  -1.45710   3.71062   2.15260    15.94439    15.81432     0.13007
   0.05677   5.22105   1.91265    10.57291    10.73248    -0.15957
  -0.36237   5.24972   1.91265    12.64745    12.82890    -0.18145
  -0.77371   5.16424   1.91265    14.24886    14.44059    -0.19173
  -1.14673   4.97096   1.91265    15.37336    15.54398    -0.17062
  -1.45378   4.68420   1.91265    16.02346    16.12778    -0.10433
  -1.67207   4.32523   1.91265    16.22175    16.19181     0.02994
  -1.78542   3.92069   1.91265    16.06048    15.78509     0.27539
   0.47110   5.39877   1.61683     8.42557     8.34194     0.08363
   0.06216   5.52120   1.61683    10.87097    10.85755     0.01343
  -0.36400   5.54602   1.61683    12.88152    12.93414    -0.05262
  -0.78438   5.47189   1.61683    14.46409    14.55751    -0.09342
  -1.17635   5.30282   1.61683    15.62310    15.72302    -0.09991
  -1.51876   5.04791   1.61683    16.35666    16.42112    -0.06446
  -1.79314   4.72090   1.61683    16.65347    16.62736     0.02612
  -1.98473   4.33943   1.61683    16.49973    16.29854     0.20120
   0.46477   5.65971   1.27414     8.81212     8.55597     0.25615
   0.05764   5.76512   1.27414    11.10566    10.96652     0.13914
  -0.36237   5.78642   1.27414    13.01141    12.96766     0.04375
  -0.77807   5.72273   1.27414    14.54442    14.56372    -0.01931
  -1.17244   5.57668   1.27414    15.71284    15.75974    -0.04691
  -1.52933   5.35422   1.27414    16.51605    16.55278    -0.03673
  -1.83414   5.06448   1.27414    16.93899    16.92354     0.01545
  -2.07439   4.71931   1.27414    16.95091    16.82608     0.12484
  -2.24024   4.33284   1.27414    16.50287    16.17590     0.32697
   0.27460   5.90231   0.89499    10.05082     9.76212     0.28870
  -0.14979   5.96333   0.89499    12.12913    11.97543     0.15370
  -0.57805   5.94293   0.89499    13.84474    13.78886     0.05588
  -0.99472   5.84185   0.89499    15.21083    15.21343    -0.00260
  -1.38473   5.66374   0.89499    16.23053    16.25502    -0.02449
  -1.73398   5.41504   0.89499    16.89695    16.90735    -0.01040
  -2.02985   5.10474   0.89499    17.18560    17.14316     0.04245
  -2.26165   4.74404   0.89499    17.04818    16.90047     0.14771
  -2.42100   4.34601   0.89499    16.40059    16.06145     0.33914
   0.47328   5.95848   0.49089     8.86106     8.46231     0.39875
   0.06017   6.05277   0.49089    11.04605    10.80811     0.23794
  -0.36314   6.07178   0.49089    12.89344    12.77891     0.11453
  -0.78303   6.01490   0.49089    14.41515    14.38406     0.03109
  -1.18603   5.88396   0.49089    15.61683    15.63283    -0.01600
  -1.55916   5.68317   0.49089    16.49785    16.52820    -0.03034
  -1.89045   5.41898   0.49089    17.04504    17.06052    -0.01548
  -2.16924   5.09988   0.49089    17.22765    17.19885     0.02879
  -2.38657   4.73613   0.49089    16.98480    16.87660     0.10820
  -2.53546   4.33941   0.49089    16.20543    15.96782     0.23761
   0.15966   6.07416   0.07414    10.27359    10.03337     0.24021
  -0.25709   6.11062   0.07414    12.17368    12.06139     0.11230
  -0.67385   6.07416   0.07414    13.76881    13.74569     0.02313
  -1.07794   5.96589   0.07414    15.06023    15.09217    -0.03194
  -1.45710   5.78908   0.07414    16.04856    16.10531    -0.05676
  -1.79979   5.54913   0.07414    16.72438    16.78210    -0.05772
  -2.09560   5.25331   0.07414    17.06512    17.10528    -0.04016
  -2.33556   4.91062   0.07414    17.02308    17.03347    -0.01039
  -2.51236   4.53147   0.07414    16.50726    16.48501     0.02226
   0.06017   6.05277  -0.34262    10.29116    10.16781     0.12334
  -0.36314   6.07178  -0.34262    12.16553    12.14608     0.01945
  -0.78303   6.01490  -0.34262    13.73305    13.78392    -0.05087
  -1.18603   5.88396  -0.34262    14.99120    15.08138    -0.09018
  -1.55916   5.68317  -0.34262    15.93435    16.04015    -0.10580
  -1.89045   5.41898  -0.34262    16.54994    16.65575    -0.10582
  -2.16924   5.09988  -0.34262    16.80784    16.91008    -0.10223
  -2.38657   4.73613  -0.34262    16.64720    16.76122    -0.11402
  -2.53546   4.33941  -0.34262    15.94878    16.12912    -0.18034
  -0.14979   5.96333  -0.74671    10.64570    10.69022    -0.04452
  -0.57805   5.94293  -0.74671    12.44289    12.55010    -0.10722
  -0.99472   5.84185  -0.74671    13.91942    14.06291    -0.14349
  -1.38473   5.66374  -0.74671    15.06525    15.22426    -0.15901
  -1.73398   5.41504  -0.74671    15.87160    16.03345    -0.16185
  -2.02985   5.10474  -0.74671    16.31713    16.48452    -0.16739
  -2.26165   4.74404  -0.74671    16.35729    16.55872    -0.20143
  -2.42100   4.34601  -0.74671    15.90235    16.21796    -0.31561
  -0.36237   5.78642  -1.12586    10.86093    11.05596    -0.19503
  -0.77807   5.72273  -1.12586    12.55019    12.76332    -0.21313
  -1.17244   5.57668  -1.12586    13.90812    14.12471    -0.21659
  -1.52933   5.35422  -1.12586    14.92406    15.13519    -0.21114
  -1.83414   5.06448  -1.12586    15.58796    15.79780    -0.20984
  -2.07439   4.71931  -1.12586    15.87850    16.11698    -0.23848
  -2.24024   4.33284  -1.12586    15.75802    16.09930    -0.34128
  -2.32489   3.92090  -1.12586    15.17004    15.76892    -0.59888
  -0.36400   5.54602  -1.46855    10.06149    10.36813    -0.30665
  -0.78438   5.47189  -1.46855    11.88126    12.16528    -0.28402
  -1.17635   5.30282  -1.46855    13.32893    13.58598    -0.25705
  -1.51876   5.04791  -1.46855    14.39319    14.62363    -0.23045
  -1.79314   4.72090  -1.46855    15.07717    15.29786    -0.22069
  -1.98473   4.33943  -1.46855    15.39595    15.65412    -0.25818
  -2.08317   3.92406  -1.46855    15.40410    15.78867    -0.38456
  -0.77371   5.16424  -1.76437    11.14896    11.45893    -0.30997
  -1.14673   4.97096  -1.76437    12.68510    12.92786    -0.24276
  -1.45378   4.68420  -1.76437    13.81839    13.99797    -0.17959
  -1.67207   4.32523  -1.76437    14.60528    14.73455    -0.12926
  -1.17635   4.48197  -2.00432    12.54768    12.62739    -0.07971
  -1.38473   4.12105  -2.00432    13.75752    13.67535     0.08217
   0.09886  -1.49257  -2.56351    19.11017    20.87689    -1.76672
  -0.75665  -0.16167  -2.94266    18.14444    20.22500    -2.08057
  -0.59081  -0.54814  -2.94266    18.24045    20.21866    -1.97821
  -0.35056  -0.89331  -2.94266    17.87084    19.70889    -1.83805
  -0.04575  -1.18306  -2.94266    17.15109    18.81729    -1.66620
   0.31114  -1.40551  -2.94266    16.23179    17.72475    -1.49296
   0.70552  -1.55157  -2.94266    15.13302    16.51181    -1.37880
  -0.59959   0.24710  -3.28535    14.85629    16.64802    -1.79173
  -0.50114  -0.16826  -3.28535    15.34198    17.07857    -1.73659
  -0.30956  -0.54973  -3.28535    15.37524    16.99574    -1.62050
  -0.03517  -0.87674  -3.28535    14.94853    16.42145    -1.47292
   0.30723  -1.13165  -3.28535    14.13277    15.45438    -1.32162
   0.69920  -1.30073  -3.28535    12.96497    14.16997    -1.20500
   1.11959  -1.37485  -3.28535    11.37424    12.53206    -1.15782
   1.54574  -1.35003  -3.28535     9.24321    10.41071    -1.16749
  -0.30183   0.67060  -3.58117    11.10441    12.47535    -1.37094
  -0.30183   0.25048  -3.58117    12.20004    13.62956    -1.42952
  -0.18848  -0.15407  -3.58117    12.71711    14.09751    -1.38040
   0.02981  -0.51303  -3.58117    12.67632    13.94425    -1.26793
   0.33685  -0.79979  -3.58117    12.10529    13.23629    -1.13100
   0.70987  -0.99308  -3.58117    11.03977    12.04259    -1.00282
   1.12121  -1.07855  -3.58117     9.47414    10.37652    -0.90238
   1.54036  -1.04988  -3.58117     7.38704     8.19766    -0.81062
   1.93623  -0.90919  -3.58117     4.83810     5.50019    -0.66209
   2.27946  -0.66691  -3.58117     1.97289     2.36124    -0.38835
   2.54459  -0.34102  -3.58117    -1.17093    -1.19363     0.02269
   0.09886   0.87097  -3.82112     7.23769     8.13392    -0.89623
   0.02649   0.46054  -3.82112     9.08697    10.12904    -1.04208
   0.09886   0.05012  -3.82112    10.00501    11.05691    -1.05190
   0.30723  -0.31080  -3.82112    10.11734    11.08437    -0.96703
   0.62649  -0.57869  -3.82112     9.48732    10.32478    -0.83747
   1.01811  -0.72123  -3.82112     8.16453     8.85986    -0.69534
   1.43487  -0.72123  -3.82112     6.19226     6.72786    -0.53560
   1.82649  -0.57869  -3.82112     3.65462     3.96542    -0.31081
   2.14574  -0.31080  -3.82112     0.65637     0.62908     0.02729
   2.35412   0.05012  -3.82112    -2.82254    -3.29837     0.47583
   0.51561   0.87097  -3.99793     3.97214     4.45409    -0.48196
   0.40564   0.46054  -3.99793     6.48782     7.16005    -0.67223
   0.51561   0.05012  -3.99793     7.45921     8.14511    -0.68591
   0.81606  -0.25033  -3.99793     7.06764     7.63808    -0.57044
   1.22649  -0.36031  -3.99793     5.47439     5.85352    -0.37913
   1.63691  -0.25033  -3.99793     2.88341     2.98601    -0.10260
   1.93736   0.05012  -3.99793    -0.45181    -0.73291     0.28110
   1.64324   0.46054  -4.10620    -1.48594    -1.84918     0.36324
   1.01811   0.82146  -4.10620     0.43926     0.47307    -0.03381
   0.80973   0.46054  -4.10620     3.87864     4.19285    -0.31422
   1.01811   0.09962  -4.10620     4.38880     4.66872    -0.27991
   1.43487   0.09962  -4.10620     2.06262     2.05268     0.00994
   1.22649   0.46054  -4.14266     1.22490     1.19325     0.03165
   3.52858   3.83631   0.35938    -2.38767    -2.16696    -0.22071
   3.26344   4.16221   0.35938    -0.84024    -0.89005     0.04982
   3.85342   3.85987   0.06356    -3.66591    -3.22689    -0.43902
   3.61885   4.21652   0.06356    -0.98456    -0.85941    -0.12516
   3.30835   4.50946   0.06356     0.49134     0.39769     0.09365
   2.93867   4.72290   0.06356     0.85781     0.60784     0.24997
   4.12049   3.85441  -0.27913    -4.74962    -4.23023    -0.51939
   3.91640   4.22211  -0.27913    -1.56187    -1.32892    -0.23295
   3.64247   4.54121  -0.27913     0.58107     0.59742    -0.01635
   3.30991   4.79863  -0.27913     1.82982     1.68873     0.14108
   2.93234   4.98383  -0.27913     2.26343     2.01037     0.25306
   4.30419   3.87295  -0.65828    -5.05647    -4.58997    -0.46650
   4.10772   4.25404  -0.65828    -1.76707    -1.53663    -0.23043
   3.84268   4.59106  -0.65828     0.62061     0.66035    -0.03974
   3.51866   4.87184  -0.65828     2.22954     2.12661     0.10293
   3.14734   5.08621  -0.65828     3.14382     2.94370     0.20013
   2.74217   5.22644  -0.65828     3.41240     3.15553     0.25687
   4.42330   3.86524  -1.06238    -5.30873    -4.92411    -0.38463
   4.23945   4.24701  -1.06238    -2.11973    -1.92630    -0.19342
   3.99039   4.58982  -1.06238     0.34388     0.37641    -0.03254
   3.68412   4.88264  -1.06238     2.15236     2.06259     0.08977
   3.33048   5.11607  -1.06238     3.36973     3.19876     0.17096
   2.94085   5.28261  -1.06238     4.04744     3.83558     0.21186
   2.52774   5.37690  -1.06238     4.22439     4.01237     0.21203
   2.10443   5.39591  -1.06238     3.93448     3.76642     0.16806
   4.46574   3.85560  -1.47913    -5.53338    -5.24999    -0.28339
   4.28893   4.23475  -1.47913    -2.46548    -2.34664    -0.11885
   4.04898   4.57744  -1.47913    -0.00690    -0.02015     0.01325
   3.75316   4.87326  -1.47913     1.88127     1.77124     0.11003
   3.41047   5.11321  -1.47913     3.24673     3.07615     0.17058
   3.03132   5.29001  -1.47913     4.13341     3.94030     0.19310
   2.62723   5.39829  -1.47913     4.58270     4.40640     0.17631
   2.21047   5.43475  -1.47913     4.63416     4.51890     0.11526
   1.79372   5.39829  -1.47913     4.33233     4.33309    -0.00076
   4.23945   4.24701  -1.89589    -2.66001    -2.65267    -0.00734
   3.99039   4.58982  -1.89589    -0.20896    -0.30404     0.09508
   3.68412   4.88264  -1.89589     1.69051     1.53107     0.15944
   3.33048   5.11607  -1.89589     3.08295     2.89507     0.18789
   2.94085   5.28261  -1.89589     4.01355     3.83329     0.18026
   2.52774   5.37690  -1.89589     4.52685     4.39248     0.13438
   2.10443   5.39591  -1.89589     4.67055     4.62394     0.04661
   1.68454   5.33903  -1.89589     4.49987     4.58959    -0.08972
   4.10772   4.25404  -2.29998    -2.94678    -3.06351     0.11673
   3.84268   4.59106  -2.29998    -0.50515    -0.68617     0.18102
   3.51866   4.87184  -2.29998     1.36985     1.16470     0.20515
   3.14734   5.08621  -2.29998     2.72778     2.53419     0.19359
   2.74217   5.22644  -2.29998     3.62073     3.47224     0.14849
   2.31778   5.28746  -2.29998     4.10077     4.03224     0.06853
   1.88952   5.26706  -2.29998     4.22753     4.27337    -0.04583
   1.47285   5.16598  -2.29998     4.07316     4.26418    -0.19102
   1.08284   4.98787  -2.29998     3.73494     4.08412    -0.34919
   3.64247   4.54121  -2.67913    -1.16027    -1.40490     0.24464
   3.30991   4.79863  -2.67913     0.65888     0.43473     0.22415
   2.93234   4.98383  -2.67913     1.95218     1.78006     0.17212
   2.52521   5.08924  -2.67913     2.77610     2.68521     0.09090
   2.10520   5.11055  -2.67913     3.19151     3.20780    -0.01629
   1.68950   5.04686  -2.67913     3.26870     3.41028    -0.14158
   1.29513   4.90080  -2.67913     3.09362     3.36142    -0.26780
   0.93824   4.67835  -2.67913     2.78426     3.13779    -0.35353
   3.30835   4.50946  -3.02182    -1.64533    -1.89630     0.25097
   2.93867   4.72290  -3.02182     0.00753    -0.16590     0.17343
   2.52973   4.84533  -3.02182     1.07053     1.00408     0.06645
   2.10357   4.87015  -3.02182     1.62023     1.68309    -0.06286
   1.68318   4.79602  -3.02182     1.74071     1.94366    -0.20295
   1.29122   4.62695  -3.02182     1.53301     1.86196    -0.32895
   2.10520   4.57385  -3.31764    -0.55346    -0.41480    -0.13867
   2.63292   1.60868   3.08428    -4.03865    -4.71178     0.67313
   3.04968   1.60868   3.04781    -5.87412    -6.58411     0.70999
   2.84130   1.96961   3.04781    -4.12776    -4.60455     0.47679
   2.42455   1.96961   3.04781    -2.36320    -2.81385     0.45065
   2.84130   1.24776   3.04781    -5.66453    -6.62356     0.95903
   3.34380   2.01911   2.93954    -7.26468    -7.62457     0.35989
   3.04335   2.31956   2.93954    -4.68436    -4.95413     0.26977
   2.63292   2.42953   2.93954    -2.38454    -2.64012     0.25558
   2.22250   2.31956   2.93954    -0.84337    -1.09588     0.25250
   1.92205   2.01911   2.93954    -0.41039    -0.72492     0.31453
   3.23292   2.64792   2.76274    -5.49071    -5.54777     0.05706
   2.84130   2.79045   2.76274    -2.99636    -3.10401     0.10765
   2.42455   2.79045   2.76274    -1.15211    -1.24275     0.09064
   2.03292   2.64792   2.76274     0.27861     0.24237     0.03624
   1.71367   2.38003   2.76274     1.37927     1.35303     0.02623
   3.34266   2.97842   2.52278    -5.86094    -5.73871    -0.12223
   2.94679   3.11911   2.52278    -3.31451    -3.30420    -0.01030
   2.52765   3.14778   2.52278    -1.55309    -1.53402    -0.01907
   2.11631   3.06230   2.52278    -0.21147    -0.07932    -0.13215
   1.74328   2.86902   2.52278     1.17031     1.45836    -0.28806
   3.36112   3.29683   2.22697    -5.59613    -5.38273    -0.21340
   2.95218   3.41926   2.22697    -3.27623    -3.19918    -0.07704
   2.52602   3.44408   2.22697    -1.89445    -1.79115    -0.10331
   2.10563   3.36995   2.22697    -1.05233    -0.76096    -0.29138
   3.73235   3.37256   1.88428    -8.47514    -7.90196    -0.57318
   3.35478   3.55777   1.88428    -5.21774    -4.97766    -0.24008
   2.94766   3.66318   1.88428    -3.32706    -3.22996    -0.09709
   2.52765   3.68448   1.88428    -2.56024    -2.42392    -0.13631
   3.56979   3.66014   1.50512    -6.28765    -5.89170    -0.39595
   3.16462   3.80037   1.50512    -3.96084    -3.83149    -0.12935
   2.74023   3.86139   1.50512    -3.21222    -3.15787    -0.05435
   3.75293   3.69001   1.10103    -7.16992    -6.60286    -0.56706
   3.36330   3.85654   1.10103    -4.20933    -4.02339    -0.18594
   2.95019   3.95083   1.10103    -3.12123    -3.14275     0.02151
   3.83292   3.68714   0.68428    -6.93649    -6.30388    -0.63261
   3.45377   3.86395   0.68428    -3.43310    -3.23947    -0.19364
   3.75293   3.69001   0.26752    -4.36496    -3.86776    -0.49720
   0.47433  -2.85976   0.75542     8.42055     8.65332    -0.23277
   0.74872  -3.18676   0.75542     7.05823     7.17911    -0.12088
   1.09113  -3.44167   0.75542     5.13868     5.16072    -0.02204
   0.19308  -2.85816   0.41273    11.38992    11.72276    -0.33284
   0.43333  -3.20333   0.41273     9.85441     9.97802    -0.12362
   0.73814  -3.49308   0.41273     7.96435     7.94373     0.02062
   1.09504  -3.71553   0.41273     5.72602     5.59675     0.12927
   0.00582  -2.88290   0.03357    13.73305    14.18547    -0.45242
   0.23762  -3.24359   0.03357    11.91139    12.04312    -0.13174
   0.53350  -3.55389   0.03357     9.86821     9.79486     0.07336
   0.88275  -3.80260   0.03357     7.58659     7.37615     0.21044
   1.27276  -3.98071   0.03357     4.96486     4.65615     0.30870
  -0.11909  -2.87498  -0.37052    15.59989    16.16223    -0.56234
   0.09824  -3.23873  -0.37052    13.57554    13.73455    -0.15901
   0.37703  -3.55783  -0.37052    11.45205    11.35401     0.09804
   0.70831  -3.82203  -0.37052     9.18548     8.92037     0.26511
   1.08145  -4.02282  -0.37052     6.68047     6.30454     0.37593
   1.48444  -4.15376  -0.37052     3.77321     3.32749     0.44572
  -0.06808  -3.04948  -0.78727    15.68962    16.03980    -0.35018
   0.17187  -3.39217  -0.78727    13.50777    13.51229    -0.00452
   0.46769  -3.68799  -0.78727    11.28262    11.05968     0.22295
   0.81038  -3.92794  -0.78727     8.92883     8.55681     0.37202
   1.18953  -4.10474  -0.78727     6.32530     5.85817     0.46712
   1.59363  -4.21302  -0.78727     3.28376     2.77198     0.51178
  -0.11909  -2.87498  -1.20403    17.04379    17.54301    -0.49922
   0.09824  -3.23873  -1.20403    14.73141    14.83048    -0.09907
   0.37703  -3.55783  -1.20403    12.43912    12.26836     0.17076
   0.70831  -3.82203  -1.20403    10.06902     9.71923     0.34979
   1.08145  -4.02282  -1.20403     7.50250     7.03863     0.46387
   1.48444  -4.15376  -1.20403     4.56890     4.04725     0.52165
   1.90434  -4.21064  -1.20403     1.00151     0.49934     0.50217
  -0.15353  -2.48486  -1.60812    18.97149    19.86598    -0.89448
   0.00582  -2.88290  -1.60812    16.53237    16.92807    -0.39571
   0.23762  -3.24359  -1.60812    14.18422    14.22428    -0.04005
   0.53350  -3.55389  -1.60812    11.82228    11.61818     0.20410
   0.88275  -3.80260  -1.60812     9.34111     8.97613     0.36497
   1.27276  -3.98071  -1.60812     6.60391     6.14215     0.46176
   1.68942  -4.08179  -1.60812     3.40800     2.91456     0.49345
  -0.05742  -2.05976  -1.98727    20.17192    21.50368    -1.33176
   0.02724  -2.47170  -1.98727    17.83947    18.61052    -0.77105
   0.19308  -2.85816  -1.98727    15.55722    15.90262    -0.34541
   0.43333  -3.20333  -1.98727    13.27183    13.30749    -0.03566
   0.73814  -3.49308  -1.98727    10.90863    10.72974     0.17889
   1.09504  -3.71553  -1.98727     8.36909     8.05002     0.31907
   1.48941  -3.86159  -1.98727     5.51079     5.11446     0.39633
   1.90511  -3.92527  -1.98727     2.12224     1.71965     0.40258
   0.18431  -1.63604  -2.32996    20.32817    22.08645    -1.75828
   0.18431  -2.06292  -2.32996    18.25111    19.41196    -1.16085
   0.28275  -2.47829  -2.32996    16.09813    16.77252    -0.67439
   0.47433  -2.85976  -2.32996    13.86231    14.16626    -0.30395
   0.74872  -3.18676  -2.32996    11.50915    11.54844    -0.03929
   1.09113  -3.44167  -2.32996     8.96711     8.82966     0.13745
   1.48309  -3.61075  -2.32996     6.11634     5.87527     0.24107
   1.90348  -3.68488  -2.32996     2.77861     2.50353     0.27509
   0.48206  -2.05954  -2.62578    16.09185    17.14919    -1.05734
   0.59541  -2.46409  -2.62578    14.09198    14.73792    -0.64594
   0.81370  -2.82305  -2.62578    11.87624    12.20721    -0.33096
   1.12074  -3.10981  -2.62578     9.41892     9.53078    -0.11186
   1.49376  -3.30310  -2.62578     6.64658     6.62331     0.02327
   1.90510  -3.38857  -2.62578     3.43938     3.35446     0.08492
   0.81038  -1.84948  -2.86574    14.51618    15.71036    -1.19418
   0.88275  -2.25990  -2.86574    12.74974    13.56606    -0.81632
   1.09113  -2.62083  -2.86574    10.55910    11.06756    -0.50846
   1.41038  -2.88871  -2.86574     7.97000     8.26784    -0.29784
   1.80200  -3.03125  -2.86574     4.95921     5.14071    -0.18151
   1.18953  -1.84948  -3.04254    11.81161    12.95944    -1.14783
   1.29951  -2.25990  -3.04254     9.97050    10.78334    -0.81284
   1.59996  -2.56036  -3.04254     7.29856     7.86452    -0.56595
   5.31292  -4.72893   1.08857     0.95319     0.90508     0.04811
   5.65533  -4.98384   1.08857     3.29944     3.45266    -0.15322
   6.04729  -5.15292   1.08857     5.00815     5.27927    -0.27112
   6.46768  -5.22705   1.08857     6.22427     6.56043    -0.33616
   4.99753  -4.74550   0.74588    -1.12010    -1.22596     0.10585
   5.30234  -5.03525   0.74588     2.05007     2.07077    -0.02069
   5.65924  -5.25770   0.74588     4.34299     4.43586    -0.09287
   6.05361  -5.40376   0.74588     5.98519     6.11723    -0.13204
   6.46931  -5.46744   0.74588     7.15988     7.30241    -0.14253
   6.88932  -5.44614   0.74588     8.02773     8.14902    -0.12130
   5.09770  -5.09606   0.36672     0.94691     1.04496    -0.09805
   5.44695  -5.34476   0.36672     3.81338     3.86971    -0.05633
   5.83696  -5.52288   0.36672     5.82203     5.85430    -0.03227
   6.25362  -5.62396   0.36672     7.23456     7.24239    -0.00783
   6.68189  -5.64436   0.36672     8.24234     8.20882     0.03351
   7.10628  -5.58334   0.36672     9.00413     8.90088     0.10325
   4.94123  -5.10001  -0.03737    -0.56413    -0.23558    -0.32855
   5.27251  -5.36420  -0.03737     2.89031     3.01438    -0.12407
   5.64565  -5.56499  -0.03737     5.27359     5.28598    -0.01239
   6.04864  -5.69593  -0.03737     6.93523     6.87593     0.05930
   6.46854  -5.75281  -0.03737     8.09989     7.97797     0.12192
   6.89185  -5.73380  -0.03737     8.93260     8.73479     0.19781
   7.30495  -5.63951  -0.03737     9.57266     9.27154     0.30112
   5.03189  -5.23016  -0.45412     0.41855     0.80305    -0.38450
   5.37458  -5.47011  -0.45412     3.59688     3.71512    -0.11823
   5.75373  -5.64691  -0.45412     5.78250     5.74979     0.03271
   6.15782  -5.75519  -0.45412     7.29668     7.16478     0.13190
   6.57458  -5.79165  -0.45412     8.34462     8.12917     0.21545
   6.99134  -5.75519  -0.45412     9.07441     8.76744     0.30697
   7.39543  -5.64691  -0.45412     9.61156     9.18764     0.42392
   4.94123  -5.10001  -0.87088    -1.53614    -0.86861    -0.66753
   5.27251  -5.36420  -0.87088     2.30045     2.54385    -0.24340
   5.64565  -5.56499  -0.87088     4.88516     4.89752    -0.01236
   6.04864  -5.69593  -0.87088     6.64156     6.51471     0.12685
   6.46854  -5.75281  -0.87088     7.82504     7.59687     0.22817
   6.89185  -5.73380  -0.87088     8.60567     8.28200     0.32366
   7.30495  -5.63951  -0.87088     9.11207     8.67768     0.43439
   7.69459  -5.47297  -0.87088     9.45531     8.88361     0.57171
   5.09770  -5.09606  -1.27497    -0.63880    -0.09608    -0.54272
   5.44695  -5.34476  -1.27497     2.83007     2.99507    -0.16500
   5.83696  -5.52288  -1.27497     5.14683     5.10188     0.04495
   6.25362  -5.62396  -1.27497     6.68047     6.50479     0.17567
   6.68189  -5.64436  -1.27497     7.65813     7.38296     0.27516
   7.10628  -5.58334  -1.27497     8.23230     7.86076     0.37154
   7.51145  -5.44311  -1.27497     8.51719     8.03516     0.48202
   5.30234  -5.03525  -1.65412     0.16190     0.52079    -0.35889
   5.65924  -5.25770  -1.65412     3.12060     3.19459    -0.07399
   6.05361  -5.40376  -1.65412     5.08283     4.99258     0.09024
   6.46931  -5.46744  -1.65412     6.32969     6.13393     0.19576
   6.88932  -5.44614  -1.65412     7.04191     6.76380     0.27811
   7.29644  -5.34073  -1.65412     7.34061     6.98334     0.35727
   7.67401  -5.15553  -1.65412     7.30672     6.86704     0.43968
   5.31292  -4.72893  -1.99682    -1.79719    -1.40607    -0.39112
   5.65533  -4.98384  -1.99682     1.56313     1.67527    -0.11215
   6.04729  -5.15292  -1.99682     3.76882     3.72245     0.04638
   6.46768  -5.22705  -1.99682     5.11106     4.97212     0.13894
   6.89383  -5.20223  -1.99682     5.78376     5.58474     0.19901
   7.30278  -5.07980  -1.99682     5.90863     5.66621     0.24242
   5.37790  -4.36522  -2.29263    -3.77008    -3.49352    -0.27656
   5.68494  -4.65198  -2.29263    -0.21210    -0.10936    -0.10274
   6.05796  -4.84527  -2.29263     2.17620     2.16815     0.00805
   6.46930  -4.93075  -2.29263     3.58371     3.51888     0.06483
   6.88845  -4.90207  -2.29263     4.17608     4.09158     0.08450
   7.28432  -4.76138  -2.29263     4.05434     3.98525     0.06909
   5.65533  -4.16300  -2.53259    -3.27748    -3.26522    -0.01226
   5.97458  -4.43088  -2.53259    -0.35203    -0.33922    -0.01281
   6.36620  -4.57342  -2.53259     1.45896     1.47058    -0.01162
   6.78296  -4.57342  -2.53259     2.18624     2.23170    -0.04546
   5.86370  -3.80207  -2.70939    -4.44779    -4.61336     0.16557
   6.16416  -4.10253  -2.70939    -1.66478    -1.65813    -0.00665
   6.57458  -4.21250  -2.70939    -0.20833    -0.08637    -0.12196
   8.84617  -2.64952   2.31977     0.01004    -0.11179     0.12183
   8.73620  -2.23910   2.31977    -3.51782    -3.71865     0.20083
   8.43575  -3.36040   2.31977     2.59726     2.86154    -0.26428
   8.73620  -3.05995   2.31977     2.02497     2.06070    -0.03573
   9.22532  -2.64952   2.14297     1.24310     1.07322     0.16987
   9.15296  -2.23910   2.14297    -1.91014    -2.08211     0.17197
   8.62532  -3.68876   2.14297     4.55007     4.81802    -0.26795
   8.94458  -3.42087   2.14297     4.30283     4.36938    -0.06655
   9.15296  -3.05995   2.14297     3.24736     3.16536     0.08200
   9.56801  -2.64952   1.90302     2.35316     2.11932     0.23384
   9.51081  -2.23331   1.90302    -0.54531    -0.74570     0.20039
   8.73506  -4.01926   1.90302     6.16779     6.39784    -0.23005
   9.07829  -3.77698   1.90302     6.09249     6.14619    -0.05370
   9.34343  -3.45108   1.90302     5.49824     5.41345     0.08479
   9.51081  -3.06574   1.90302     4.29781     4.11273     0.18508
   9.86383  -2.64952   1.60720     3.28689     2.98146     0.30544
   9.81427  -2.22554   1.60720     0.59111     0.32987     0.26124
   9.66827  -1.82440   1.60720    -3.24234    -3.32485     0.08251
   8.75352  -4.33767   1.60720     7.48807     7.64501    -0.15694
   9.12320  -4.12423   1.60720     7.49623     7.50397    -0.00774
   9.43370  -3.83129   1.60720     7.15612     7.04380     0.11232
   9.66827  -3.47465   1.60720     6.40687     6.19834     0.20854
   9.81427  -3.07351   1.60720     5.16001     4.88249     0.27752
  10.10378  -2.64952   1.26451     4.00665     3.63199     0.37466
  10.06124  -2.23113   1.26451     1.57254     1.23574     0.33680
   9.93534  -1.82987   1.26451    -1.79844    -1.99253     0.19409
   8.74718  -4.59861   1.26451     8.60253     8.61958    -0.01705
   9.12476  -4.41340   1.26451     8.56927     8.48137     0.08790
   9.45731  -4.15598   1.26451     8.32831     8.15470     0.17361
   9.73125  -3.83688   1.26451     7.82567     7.57800     0.24767
   9.93534  -3.46918   1.26451     6.99736     6.68605     0.31130
  10.06124  -3.06792   1.26451     5.76116     5.40317     0.35799
  10.28059  -2.64952   0.88536     4.48544     4.05345     0.43199
  10.23983  -2.22271   0.88536     2.17495     1.76877     0.40618
  10.11904  -1.81133   0.88536    -0.97954    -1.27762     0.29807
   9.92257  -1.43024   0.88536    -5.36583    -5.38824     0.02240
   8.96219  -4.70098   0.88536     9.44590     9.23459     0.21131
   9.33350  -4.48661   0.88536     9.22313     8.96614     0.25699
   9.65753  -4.20583   0.88536     8.85541     8.55649     0.29892
   9.92257  -3.86881   0.88536     8.27434     7.93295     0.34139
  10.11904  -3.48772   0.88536     7.41026     7.02693     0.38333
  10.23983  -3.07634   0.88536     6.18160     5.76427     0.41732
  10.38886  -2.64952   0.48127     4.70318     4.23364     0.46954
  10.35088  -2.22750   0.48127     2.56338     2.10087     0.46251
  10.23815  -1.81904   0.48127    -0.29367    -0.69614     0.40247
  10.05430  -1.43727   0.48127    -4.16729    -4.39942     0.23213
   9.14533  -4.73085   0.48127     9.85504     9.45904     0.39600
   9.49897  -4.49741   0.48127     9.48920     9.10078     0.38842
   9.80524  -4.20459   0.48127     9.02610     8.63408     0.39202
  10.05430  -3.86178   0.48127     8.38980     7.98293     0.40687
  10.23815  -3.48001   0.48127     7.50941     7.08033     0.42907
  10.35088  -3.07155   0.48127     6.31086     5.85763     0.45324
  10.42532  -2.64952   0.06451     4.64357     4.16247     0.48110
  10.38886  -2.23277   0.06451     2.63554     2.14228     0.49326
  10.28059  -1.82868   0.06451     0.00879    -0.47164     0.48042
  10.10378  -1.44953   0.06451    -3.46636    -3.87388     0.40752
   9.22532  -4.72799   0.06451     9.90838     9.37638     0.53199
   9.56801  -4.48803   0.06451     9.43774     8.95867     0.47908
   9.86383  -4.19221   0.06451     8.90812     8.45966     0.44847
  10.10378  -3.84952   0.06451     8.23669     7.79816     0.43853
  10.28059  -3.47037   0.06451     7.35127     6.90657     0.44470
  10.38886  -3.06628   0.06451     6.18034     5.71930     0.46104
  10.38886  -2.64952  -0.35225     4.28965     3.82986     0.45980
  10.35088  -2.22750  -0.35225     2.31990     1.82740     0.49250
  10.23815  -1.81904  -0.35225    -0.22967    -0.75361     0.52394
  10.05430  -1.43727  -0.35225    -3.54731    -4.08557     0.53826
   9.49897  -4.49741  -0.35225     9.16478     8.61710     0.54768
   9.80524  -4.20459  -0.35225     8.57554     8.09769     0.47785
  10.05430  -3.86178  -0.35225     7.87462     7.43535     0.43927
  10.23815  -3.48001  -0.35225     6.97791     6.55117     0.42673
  10.35088  -3.07155  -0.35225     5.81011     5.37430     0.43581
  10.28059  -2.64952  -0.75634     3.62449     3.22448     0.40002
  10.23983  -2.22271  -0.75634     1.65976     1.20751     0.45225
  10.11904  -1.81133  -0.75634    -0.85781    -1.38801     0.53020
   9.92257  -1.43024  -0.75634    -4.07567    -4.71039     0.63472
   9.33350  -4.48661  -0.75634     8.61571     8.01846     0.59725
   9.65753  -4.20583  -0.75634     7.96059     7.47860     0.48198
   9.92257  -3.86881  -0.75634     7.23142     6.82121     0.41021
  10.11904  -3.48772  -0.75634     6.32279     5.94702     0.37577
  10.23983  -3.07634  -0.75634     5.14809     4.77454     0.37355
  10.10378  -2.64952  -1.13549     2.62738     2.33326     0.29412
  10.06124  -2.23113  -1.13549     0.69654     0.33556     0.36097
   9.93534  -1.82987  -1.13549    -1.74071    -2.21847     0.47776
   9.73125  -1.46217  -1.13549    -4.77158    -5.43322     0.66164
   9.73125  -3.83688  -1.13549     6.21109     5.86962     0.34147
   9.93534  -3.46918  -1.13549     5.30246     5.01864     0.28382
  10.06124  -3.06792  -1.13549     4.13592     3.86677     0.26915
   9.86383  -2.64952  -1.47818     1.27322     1.14157     0.13164
   9.81427  -2.22554  -1.47818    -0.74862    -0.95827     0.20965
   9.66827  -3.47465  -1.47818     4.02359     3.87481     0.14878
   9.81427  -3.07351  -1.47818     2.83697     2.72385     0.11312
   7.43664   1.49884   3.62738    -3.87801    -3.41945    -0.45855
   7.22826   1.85976   3.62738    -3.47201    -3.15166    -0.32035
   6.81150   1.85976   3.62738    -4.19804    -3.77491    -0.42312
   7.84073   1.49884   3.51910    -3.74749    -3.44968    -0.29780
   7.73076   1.90926   3.51910    -2.93925    -2.83389    -0.10536
   7.43030   2.20972   3.51910    -2.74535    -2.71379    -0.03157
   7.01988   2.31969   3.51910    -3.26305    -3.17169    -0.09136
   6.60946   2.20972   3.51910    -4.38378    -4.13919    -0.24459
   8.21988   1.49884   3.34230    -3.85793    -3.72654    -0.13139
   8.14751   1.90926   3.34230    -2.84576    -2.91576     0.07000
   7.93913   2.27019   3.34230    -2.25527    -2.45828     0.20301
   7.61988   2.53807   3.34230    -2.14671    -2.39319     0.24648
   7.22826   2.68061   3.34230    -2.54518    -2.74565     0.20047
   6.81150   2.68061   3.34230    -3.45193    -3.53480     0.08287
   6.41988   2.53807   3.34230    -4.81739    -4.74389    -0.07350
   8.14751   1.08842   3.34230    -5.15876    -4.79692    -0.36184
   8.56257   1.49884   3.10235    -4.17796    -4.19359     0.01563
   8.50536   1.91505   3.10235    -2.96749    -3.18974     0.22225
   8.33799   2.30040   3.10235    -2.14545    -2.52429     0.37884
   8.07285   2.62629   3.10235    -1.72753    -2.19490     0.46737
   7.72962   2.86857   3.10235    -1.71938    -2.20285     0.48348
   7.33375   3.00926   3.10235    -2.13479    -2.56451     0.42972
   6.91460   3.03793   3.10235    -2.99448    -3.31385     0.31937
   6.50327   2.95246   3.10235    -4.32229    -4.49456     0.17228
   6.13024   2.75917   3.10235    -6.11759    -6.13214     0.01455
   8.50536   1.08263   3.10235    -5.73104    -5.51590    -0.21515
   8.85839   1.49884   2.80653    -4.68812    -4.81328     0.12516
   8.80883   1.92283   2.80653    -3.26305    -3.59994     0.33689
   8.66283   2.32396   2.80653    -2.25088    -2.75507     0.50419
   8.42826   2.68061   2.80653    -1.62776    -2.24326     0.61550
   8.11776   2.97355   2.80653    -1.37801    -2.04308     0.66507
   7.74808   3.18699   2.80653    -1.50038    -2.15270     0.65232
   7.33913   3.30941   2.80653    -2.00991    -2.59295     0.58304
   6.91298   3.33424   2.80653    -2.94176    -3.40965     0.46789
   6.49259   3.26011   2.80653    -4.35303    -4.67377     0.32074
   6.10063   3.09103   2.80653    -6.31839    -6.47396     0.15557
   8.80883   1.07485   2.80653    -6.54618    -6.43082    -0.11536
   9.09834   1.49884   2.46384    -5.37336    -5.55928     0.18591
   9.05580   1.91723   2.46384    -3.75564    -4.15340     0.39775
   8.92990   2.31849   2.46384    -2.58095    -3.14755     0.56660
   8.72581   2.68620   2.46384    -1.79154    -2.47962     0.68808
   8.45187   3.00529   2.46384    -1.35040    -2.10950     0.75910
   8.11931   3.26271   2.46384    -1.24121    -2.01860     0.77739
   7.74174   3.44792   2.46384    -1.46461    -2.20977     0.74516
   7.33462   3.55333   2.46384    -2.04129    -2.70887     0.66758
   6.91461   3.57463   2.46384    -3.01393    -3.56828     0.55435
   6.49891   3.51095   2.46384    -4.46034    -4.87217     0.41183
   6.10454   3.36489   2.46384    -6.49723    -6.74176     0.24452
   9.05580   1.08045   2.46384    -7.51254    -7.44726    -0.06529
   9.27514   1.49884   2.08469    -6.21611    -6.41053     0.19442
   9.23439   1.92565   2.08469    -4.33735    -4.74992     0.41257
   9.11359   2.33704   2.08469    -2.98318    -3.56528     0.58210
   8.91713   2.71813   2.08469    -2.05635    -2.76162     0.70527
   8.65209   3.05515   2.08469    -1.49724    -2.27868     0.78144
   8.32806   3.33592   2.08469    -1.27447    -2.08432     0.80985
   7.95675   3.55030   2.08469    -1.38052    -2.17127     0.79075
   7.55158   3.69053   2.08469    -1.82794    -2.55708     0.72914
   7.12719   3.75155   2.08469    -2.65625    -3.28755     0.63130
   6.69892   3.73115   2.08469    -3.94013    -4.44434     0.50420
   6.28226   3.63006   2.08469    -5.80948    -6.15742     0.34794
   9.23439   1.07203   2.08469    -8.77258    -8.68607    -0.08651
   9.38342   1.49884   1.68060    -7.19126    -7.34602     0.15476
   9.34544   1.92087   1.68060    -5.07781    -5.44946     0.37165
   9.23271   2.32933   1.68060    -3.56363    -4.09713     0.53350
   9.04886   2.71110   1.68060    -2.51318    -3.16439     0.65122
   8.79979   3.05390   1.68060    -1.84613    -2.57287     0.72673
   8.49352   3.34673   1.68060    -1.51732    -2.27791     0.76059
   8.13989   3.58016   1.68060    -1.50916    -2.26200     0.75283
   7.75025   3.74670   1.68060    -1.82605    -2.53269     0.70664
   7.33715   3.84099   1.68060    -2.49749    -3.12465     0.62717
   6.91384   3.86000   1.68060    -3.58496    -4.10638     0.52141
   6.49394   3.80312   1.68060    -5.20331    -5.59323     0.38993
   6.09095   3.67218   1.68060    -7.55145    -7.77005     0.21860
   9.41988   1.49884   1.26384    -8.26116    -8.33930     0.07814
   9.38342   1.91560   1.26384    -5.90235    -6.18998     0.28763
   9.27514   2.31969   1.26384    -4.23255    -4.66762     0.43507
   9.09834   2.69884   1.26384    -3.07542    -3.61487     0.53945
   8.85839   3.04153   1.26384    -2.32743    -2.93434     0.60691
   8.56257   3.33735   1.26384    -1.93210    -2.56959     0.63749
   8.21988   3.57730   1.26384    -1.86308    -2.49523     0.63215
   7.84073   3.75410   1.26384    -2.12035    -2.71297     0.59262
   7.43664   3.86238   1.26384    -2.72778    -3.25272     0.52493
   7.01988   3.89884   1.26384    -3.74372    -4.17890     0.43517
   6.60313   3.86238   1.26384    -5.28049    -5.60416     0.32367
   6.19903   3.75410   1.26384    -7.53576    -7.71475     0.17899
   9.38342   1.49884   0.84708    -9.36934    -9.35266    -0.01668
   9.34544   1.92087   0.84708    -6.70933    -6.88576     0.17643
   9.23271   2.32933   0.84708    -4.87387    -5.17539     0.30152
   9.04886   2.71110   0.84708    -3.63077    -4.01574     0.38497
   8.79979   3.05390   0.84708    -2.84889    -3.28377     0.43488
   8.49352   3.34673   0.84708    -2.45858    -2.91048     0.45190
   8.13989   3.58016   0.84708    -2.42972    -2.86647     0.43676
   7.75025   3.74670   0.84708    -2.76355    -3.15670     0.39315
   7.33715   3.84099   0.84708    -3.49523    -3.82231     0.32708
   6.91384   3.86000   0.84708    -4.70569    -4.95047     0.24478
   6.49394   3.80312   0.84708    -6.55057    -6.69608     0.14551
   9.23439   1.92565   0.44299    -7.49121    -7.53884     0.04763
   9.11359   2.33704   0.44299    -5.51832    -5.65373     0.13541
   8.91713   2.71813   0.44299    -4.22565    -4.41461     0.18896
   8.65209   3.05515   0.44299    -3.45632    -3.67122     0.21489
   8.32806   3.33592   0.44299    -3.13127    -3.34404     0.21277
   7.95675   3.55030   0.44299    -3.21975    -3.40530     0.18555
   7.55158   3.69053   0.44299    -3.73556    -3.87326     0.13770
   7.12719   3.75155   0.44299    -4.74021    -4.81774     0.07753
   6.69892   3.73115   0.44299    -6.36734    -6.37915     0.01181
   9.05580   1.91723   0.06384    -8.26179    -8.17696    -0.08483
   8.92990   2.31849   0.06384    -6.22740    -6.17633    -0.05108
   8.72581   2.68620   0.06384    -4.93599    -4.89974    -0.03625
   8.45187   3.00529   0.06384    -4.21812    -4.18000    -0.03812
   8.11931   3.26271   0.06384    -3.99096    -3.93412    -0.05685
   7.74174   3.44792   0.06384    -4.23255    -4.14228    -0.09028
   7.33462   3.55333   0.06384    -4.97364    -4.84381    -0.12983
   6.91461   3.57463   0.06384    -6.31400    -6.14868    -0.16532
   8.42826   2.68061  -0.27885    -5.57228    -5.30385    -0.26843
   8.11776   2.97355  -0.27885    -5.05333    -4.75381    -0.29952
   7.74808   3.18699  -0.27885    -5.13428    -4.80329    -0.33099
