11466     7     40286240.2389137074    20461.0125850954
   7.70048   0.19706  -1.54294    94.15843    96.62175    -2.46332
   4.73377  -1.65210  -1.54294    82.79737    79.94817     2.84920
   7.74083   0.19706  -1.95263    89.25570    91.18445    -1.92875
   4.47413  -1.54902  -1.95263    73.45187    72.14865     1.30321
   4.83719  -1.74308  -1.95263    73.42175    72.12600     1.29575
   4.38011  -1.43166  -2.36232    64.27454    64.23268     0.04186
   4.73377  -1.65210  -2.36232    64.01099    64.00514     0.00584
   5.12457  -1.79684  -2.36232    66.51036    66.57857    -0.06821
   4.92271   1.99942  -2.75627    83.29624    76.95434     6.34190
   4.23229   1.53130  -2.75627    76.30641    71.32129     4.98512
   3.97840   1.19731  -2.75627    73.70287    70.08953     3.61334
   4.23229  -1.13717  -2.75627    56.95715    57.71058    -0.75342
   4.55204  -1.40877  -2.75627    55.39466    56.61091    -1.21625
   4.92271  -1.60529  -2.75627    56.66348    57.71233    -1.04885
   5.32695  -1.71752  -2.75627    60.26915    61.04746    -0.77831
   7.53562  -0.22001  -2.75627    80.65944    79.23829     1.42115
   4.64894   1.63407  -3.11933    71.19346    66.43266     4.76080
   4.33386   1.35493  -3.11933    66.78395    62.88652     3.89743
   4.09475   1.00851  -3.11933    63.21970    60.55364     2.66606
   3.94548   0.61493  -3.11933    60.61177    58.86505     1.74672
   4.33386  -0.96081  -3.11933    49.14592    51.20766    -2.06174
   4.64894  -1.23994  -3.11933    48.55794    50.74140    -2.18346
   5.02166  -1.43556  -3.11933    50.36831    52.05591    -1.68761
   5.43036  -1.53629  -3.11933    54.22121    55.14169    -0.92047
   5.85130  -1.53629  -3.11933    59.41887    59.43013    -0.01125
   7.18691  -0.61438  -3.11933    74.00533    70.93378     3.07155
   7.33618  -0.22080  -3.11933    76.84607    74.14395     2.70212
   4.66841   1.31929  -3.43755    62.33742    59.56116     2.77626
   4.39163   0.99988  -3.43755    57.18306    55.47508     1.70798
   4.21606   0.61542  -3.43755    52.99694    52.64198     0.35496
   4.15591   0.19706  -3.43755    49.57513    50.44890    -0.87377
   4.21606  -0.22129  -3.43755    46.57187    48.52422    -1.95235
   4.39163  -0.60575  -3.43755    44.25636    46.99243    -2.73606
   4.66841  -0.92517  -3.43755    43.60250    46.41450    -2.81200
   5.02397  -1.15367  -3.43755    45.17002    47.30842    -2.13840
   5.42950  -1.27275  -3.43755    48.80079    49.77936    -0.97857
   5.85216  -1.27275  -3.43755    53.78007    53.37159     0.40849
   6.25769  -1.15367  -3.43755    59.03107    57.21745     1.81363
   6.61325  -0.92517  -3.43755    63.65080    60.67000     2.98080
   6.89003  -0.60575  -3.43755    67.62984    64.04285     3.58699
   7.06560  -0.22129  -3.43755    71.93016    68.55862     3.37154
   4.93774   1.12811  -3.69872    58.51401    57.29511     1.21890
   4.64888   0.81125  -3.69872    52.13286    51.88983     0.24303
   4.49400   0.41144  -3.69872    47.12283    48.25250    -1.12967
   4.49400  -0.01732  -3.69872    43.47449    45.79157    -2.31708
   4.64888  -0.41712  -3.69872    41.45516    44.34389    -2.88873
   4.93774  -0.73398  -3.69872    41.68232    44.23364    -2.55132
   5.32155  -0.92510  -3.69872    44.43269    45.79455    -1.36186
   5.74848  -0.96466  -3.69872    49.15282    48.85485     0.29797
   6.16087  -0.84732  -3.69872    54.71255    52.76047     1.95209
   6.50303  -0.58894  -3.69872    60.19950    57.10973     3.08977
   6.72874  -0.22440  -3.69872    65.71719    62.44186     3.27533
   5.23901   0.89303  -3.89278    56.54739    56.38188     0.16551
   4.94486   0.59888  -3.89278    49.44963    50.12601    -0.67638
   4.83719   0.19706  -3.89278    44.36680    46.13296    -1.76616
   4.94486  -0.20475  -3.89278    41.96282    44.20549    -2.24267
   5.23901  -0.49890  -3.89278    42.82313    44.41763    -1.59450
   5.64083  -0.60657  -3.89278    46.76954    46.81937    -0.04983
   6.04265  -0.49890  -3.89278    52.52317    50.94622     1.57695
   6.33680  -0.20475  -3.89278    58.79764    56.41642     2.38122
   6.05052   0.19706  -4.01228    57.91411    56.83452     1.07958
   5.43598   0.55187  -4.01228    53.31321    53.61202    -0.29881
   5.23114   0.19706  -4.01228    46.69047    47.78558    -1.09510
   5.43598  -0.15774  -4.01228    45.87534    46.64206    -0.76673
   5.84567  -0.15774  -4.01228    51.15646    50.45660     0.69986
   5.64083   0.19706  -4.05263    51.45766    51.50348    -0.04581
   3.83713   1.33361  -2.62531    78.89300    76.65886     2.23415
   5.73058   2.18647   1.97934    45.10413    39.87144     5.23269
   5.72972   2.45001   1.66111    52.72962    48.03736     4.69226
   5.30879   2.45001   1.66111    57.39955    53.41282     3.98673
   5.62429   2.65396   1.29805    61.55429    57.97265     3.58164
   5.20537   2.63125   1.29805    66.75195    63.65056     3.10139
   4.80113   2.51901   1.29805    70.17188    68.36340     1.80847
   4.43047   2.32250   1.29805    73.19647    72.71200     0.48447
   6.42804  -0.99748   1.29805    55.54651    51.30064     4.24587
   6.77528  -0.76205   1.29805    51.62960    46.88953     4.74007
   5.41493   2.77366   0.90410    71.90945    69.76401     2.14544
   5.00300   2.71056   0.90410    76.64966    75.33148     1.31818
   4.61220   2.56582   0.90410    80.57222    80.72109    -0.14887
   4.25853   2.34538   0.90410    85.25030    86.59081    -1.34051
   5.83114  -1.31924   0.90410    68.51713    66.53580     1.98133
   6.23458  -1.21478   0.90410    67.16109    63.40028     3.76080
   6.60873  -1.03125   0.90410    63.97146    59.50419     4.46727
   5.51925   2.81666   0.49441    77.93229    77.51399     0.41830
   5.10957   2.77631   0.49441    82.90279    83.15301    -0.25021
   4.71562   2.65681   0.49441    87.18554    88.96357    -1.77802
   4.35256   2.46274   0.49441    91.82598    95.39728    -3.57131
   5.51925  -1.38334   0.49441    80.68266    79.67323     1.00943
   5.92894  -1.34299   0.49441    79.15844    76.14809     3.01035
   6.32289  -1.22349   0.49441    76.88309    72.75035     4.13274
   6.68595  -1.02943   0.49441    72.78420    68.72975     4.05445
   5.83114   2.75256   0.08472    82.25081    83.74345    -1.49264
   5.41493   2.77366   0.08472    87.03871    88.69351    -1.65481
   5.41493  -1.34035   0.08472    91.83915    90.12213     1.71702
   5.83114  -1.31924   0.08472    90.06205    86.72265     3.33940
   6.23458  -1.21478   0.08472    87.97871    83.92042     4.05830
   6.60873  -1.03125   0.08472    84.21240    80.55318     3.65922
   4.95276   0.40724   3.45236    32.96370    33.39079    -0.42709
   5.36027   0.40724   3.40953    28.10929    29.37575    -1.26647
   5.15651   0.76015   3.40953    29.59460    30.40925    -0.81465
   4.74901   0.76015   3.40953    34.87196    34.78081     0.09115
   4.54525   0.40724   3.40953    39.73139    38.97442     0.75697
   4.74901   0.05433   3.40953    38.03021    37.87955     0.15066
   5.15651   0.05433   3.40953    31.79653    32.70197    -0.90544
   5.74996   0.40724   3.28291    25.00751    26.59339    -1.58588
   5.64316   0.80584   3.28291    25.34385    26.63163    -1.28777
   5.35136   1.09764   3.28291    27.93735    28.76747    -0.83012
   4.95276   1.20444   3.28291    32.16802    32.38605    -0.21803
   4.55416   1.09764   3.28291    37.50122    36.94306     0.55816
   4.26236   0.80584   3.28291    43.47511    42.01211     1.46300
   4.15556   0.40724   3.28291    48.83969    46.51730     2.32239
   4.26236   0.00864   3.28291    49.96231    47.75225     2.21006
   4.55416  -0.28316   3.28291    44.79163    44.05308     0.73854
   4.95276  -0.38997   3.28291    37.62484    38.14737    -0.52253
   5.35136  -0.28316   3.28291    31.47901    32.72716    -1.24815
   5.64316   0.00864   3.28291    27.13979    28.74369    -1.60391
   6.10482   0.40724   3.07803    23.60942    24.72964    -1.12022
   6.02702   0.82341   3.07803    23.68158    24.43083    -0.74924
   5.80414   1.18338   3.07803    25.49885    25.97443    -0.47558
   5.46628   1.43852   3.07803    28.64330    28.90934    -0.26605
   5.05906   1.55438   3.07803    32.65371    32.63371     0.02000
   4.63748   1.51532   3.07803    37.37258    36.88905     0.48353
   4.25849   1.32660   3.07803    42.88714    41.72060     1.16653
   3.97326   1.01372   3.07803    49.34860    47.21966     2.12894
   3.82032   0.61893   3.07803    56.93205    53.32308     3.60897
   4.63748  -0.70084   3.07803    46.65910    46.81699    -0.15789
   5.05906  -0.73991   3.07803    38.95453    39.93012    -0.97558
   5.46628  -0.62404   3.07803    33.01265    34.35233    -1.33968
   5.80414  -0.36890   3.07803    28.48140    29.98902    -1.50762
   6.02702  -0.00893   3.07803    25.29303    26.72319    -1.43016
   6.40932   0.40724   2.80386    23.80457    23.40770     0.39687
   6.35032   0.81760   2.80386    23.63703    22.66632     0.97071
   6.17810   1.19472   2.80386    25.06712    23.87257     1.19455
   5.90661   1.50803   2.80386    27.78675    26.71192     1.07483
   5.55784   1.73217   2.80386    31.19977    30.38420     0.81557
   5.16005   1.84898   2.80386    34.93283    34.30397     0.62886
   4.74547   1.84898   2.80386    39.01540    38.36147     0.65393
   4.34768   1.73217   2.80386    43.70353    42.74255     0.96098
   3.99891   1.50803   2.80386    49.25887    47.67562     1.58324
   3.72742   1.19472   2.80386    55.88788    53.32367     2.56421
   3.55520   0.81760   2.80386    64.18795    59.96682     4.22112
   4.74547  -1.03450   2.80386    47.66688    49.01897    -1.35210
   5.16005  -1.03450   2.80386    40.82702    42.22807    -1.40105
   5.55784  -0.91770   2.80386    35.52896    36.84003    -1.31107
   5.90661  -0.69356   2.80386    31.30519    32.46546    -1.16027
   6.17810  -0.38024   2.80386    27.93233    28.77396    -0.84163
   6.35032  -0.00312   2.80386    25.36519    25.65694    -0.29175
   6.65017   0.40724   2.47236    25.20329    22.02934     3.17395
   6.59684   0.82937   2.47236    24.57076    20.36348     4.20729
   6.44021   1.22497   2.47236    26.01529    21.55528     4.46001
   6.19012   1.56920   2.47236    29.26265    25.33691     3.92574
   5.86228   1.84041   2.47236    33.27871    30.25270     3.02601
   5.47729   2.02157   2.47236    37.18935    35.09493     2.09442
   5.05934   2.10130   2.47236    40.89103    39.53360     1.35743
   4.63470   2.07458   2.47236    44.81547    43.83149     0.98398
   4.23004   1.94310   2.47236    49.51866    48.43055     1.08810
   3.87079   1.71511   2.47236    55.40846    53.67278     1.73568
   3.57953   1.40495   2.47236    62.49932    59.63598     2.86334
   3.37455   1.03210   2.47236    70.71907    66.31343     4.40563
   4.63470  -1.26011   2.47236    53.07224    55.71445    -2.64221
   5.05934  -1.28682   2.47236    46.11316    48.10563    -1.99247
   5.47729  -1.20710   2.47236    40.78812    42.16907    -1.38095
   5.86228  -1.02593   2.47236    36.55996    37.39193    -0.83197
   6.19012  -0.75472   2.47236    33.06975    33.25405    -0.18430
   6.44021  -0.41050   2.47236    30.02068    29.31541     0.70528
   6.59684  -0.01489   2.47236    27.29039    25.41865     1.87174
   5.76155   2.08671   2.09803    41.66349    36.64225     5.02125
   5.36755   2.22457   2.09803    45.59861    42.28145     3.31716
   4.95276   2.27131   2.09803    48.84095    46.90249     1.93846
   4.53797   2.22457   2.09803    52.35939    51.23567     1.12372
   4.14397   2.08671   2.09803    57.08579    55.98215     1.10365
   3.79053   1.86463   2.09803    63.77442    61.63694     2.13748
   4.53797  -1.41010   2.09803    58.55793    62.83146    -4.27353
   4.95276  -1.45683   2.09803    51.98351    54.86378    -2.88026
   5.36755  -1.41010   2.09803    46.94901    48.66021    -1.71120
   5.76155  -1.27223   2.09803    43.05343    43.75268    -0.69926
   6.11499  -1.05015   2.09803    39.91588    39.56520     0.35068
   6.41015  -0.75499   2.09803    37.08267    35.47014     1.61253
   6.63223  -0.40155   2.09803    34.03235    30.84692     3.18543
   4.63740   2.33082   1.69724    60.48690    59.02912     1.45778
   4.23126   2.21806   1.69724    64.56822    63.76938     0.79883
   4.63740  -1.51635   1.69724    61.67101    66.44416    -4.77316
   5.05829  -1.53917   1.69724    56.02279    58.97812    -2.95533
   5.47424  -1.47098   1.69724    51.90759    53.28474    -1.37715
   5.86581  -1.31496   1.69724    48.96770    48.81397     0.15374
   6.21469  -1.07842   1.69724    46.69361    44.83979     1.85382
   6.50456  -0.77241   1.69724    44.30468    40.44513     3.85955
   4.23126   2.21806   1.28749    75.77993    75.64401     0.13592
   4.63740  -1.51635   1.28749    67.88523    72.96048    -5.07525
   5.05829  -1.53917   1.28749    62.79174    65.85552    -3.06379
   5.47424  -1.47098   1.28749    59.55316    60.60362    -1.05046
   5.86581  -1.31496   1.28749    57.77166    56.64834     1.12332
   4.95276  -1.45683   0.88669    72.33177    75.65186    -3.32009
   5.36755  -1.41010   0.88669    69.81106    70.73345    -0.92239
   6.78161   1.09181   2.48252    25.83959    22.22024     3.61935
   7.18912   1.09181   2.43969    25.64820    23.76457     1.88363
   6.98537   1.44472   2.43969    26.62335    24.38030     2.24304
   6.57786   1.44472   2.43969    27.67819    23.63106     4.04713
   6.98537   0.73889   2.43969    25.81386    22.69980     3.11405
   7.57882   1.09181   2.31307    25.58670    25.26541     0.32129
   7.47201   1.49041   2.31307    25.98705    25.74800     0.23905
   7.18022   1.78220   2.31307    27.34310    26.60062     0.74248
   6.78161   1.88901   2.31307    29.62723    27.48100     2.14623
   6.38301   1.78220   2.31307    31.52168    27.14872     4.37297
   6.78161   0.29460   2.31307    26.88815    22.65846     4.22969
   7.18022   0.40141   2.31307    27.17869    24.71934     2.45935
   7.47201   0.69320   2.31307    26.09498    25.09720     0.99778
   7.93367   1.09181   2.10819    26.60891    27.28763    -0.67872
   7.85588   1.50798   2.10819    26.87874    27.61389    -0.73515
   7.63300   1.86794   2.10819    27.61481    28.33389    -0.71907
   7.29513   2.12309   2.10819    29.04741    29.46021    -0.41279
   6.88791   2.23895   2.10819    31.53925    30.93551     0.60374
   6.46634   2.19989   2.10819    35.00122    32.37039     2.63084
   6.08734   2.01117   2.10819    37.89028    32.45626     5.43402
   6.88791  -0.05534   2.10819    31.10376    26.99495     4.10882
   7.29513   0.06052   2.10819    29.89267    27.95197     1.94070
   7.63300   0.31567   2.10819    28.03587    27.69131     0.34456
   7.85588   0.67563   2.10819    26.90635    27.34233    -0.43598
   8.23818   1.09181   1.83401    29.21308    30.19845    -0.98537
   8.17918   1.50217   1.83401    29.54754    30.44738    -0.89984
   8.00695   1.87928   1.83401    29.98680    30.98951    -1.00271
   7.73546   2.19260   1.83401    30.63752    31.84612    -1.20860
   7.38669   2.41674   1.83401    31.85113    33.09216    -1.24103
   6.98890   2.53354   1.83401    34.09259    34.81424    -0.72164
   6.57432   2.53354   1.83401    37.70203    37.00961     0.69241
   6.17654   2.41674   1.83401    42.52130    39.37003     3.15126
   6.98890  -0.34993   1.83401    36.59761    32.92299     3.67462
   7.38669  -0.23313   1.83401    33.77758    32.48196     1.29562
   7.73546  -0.00899   1.83401    31.23931    31.52635    -0.28705
   8.00695   0.30433   1.83401    29.71132    30.72165    -1.01033
   8.17918   0.68144   1.83401    29.15095    30.27436    -1.12341
   8.47902   1.09181   1.50252    33.64141    34.29745    -0.65604
   8.42570   1.51393   1.50252    34.16852    34.57386    -0.40534
   8.26906   1.90954   1.50252    34.56071    35.07034    -0.50963
   8.01897   2.25376   1.50252    34.86568    35.79279    -0.92711
   7.69113   2.52498   1.50252    35.38777    36.82885    -1.44108
   7.30614   2.70614   1.50252    36.62396    38.33402    -1.71006
   6.88819   2.78587   1.50252    39.14467    40.49568    -1.35101
   6.46355   2.75915   1.50252    43.43244    43.46905    -0.03661
   6.05889   2.62767   1.50252    49.67742    47.24791     2.42951
   6.88819  -0.60225   1.50252    44.86756    40.52855     4.33901
   7.30614  -0.52253   1.50252    40.29113    38.85771     1.43342
   7.69113  -0.34136   1.50252    36.54678    37.04056    -0.49378
   8.01897  -0.07015   1.50252    34.21558    35.61164    -1.39606
   8.26906   0.27407   1.50252    33.22537    34.71142    -1.48605
   8.42570   0.66968   1.50252    33.19212    34.30742    -1.11530
   8.64568   1.09181   1.12819    40.00938    39.88772     0.12166
   8.59895   1.50660   1.12819    40.77431    40.25346     0.52085
   8.46108   1.90060   1.12819    41.21859    40.74147     0.47712
   8.23900   2.25403   1.12819    41.33217    41.33401    -0.00184
   7.94384   2.54919   1.12819    41.34284    42.10408    -0.76124
   7.59040   2.77128   1.12819    41.67730    43.21034    -1.53304
   7.19641   2.90914   1.12819    42.89027    44.87896    -1.98868
   6.78161   2.95588   1.12819    45.57790    47.38048    -1.80258
   6.36682   2.90914   1.12819    50.29865    51.00451    -0.70586
   5.97282   2.77128   1.12819    57.50497    56.01670     1.48827
   7.19641  -0.72553   1.12819    48.87860    47.15193     1.72667
   7.59040  -0.58766   1.12819    43.77569    44.26731    -0.49162
   7.94384  -0.36558   1.12819    40.50574    42.10696    -1.60122
   8.23900  -0.07042   1.12819    38.91626    40.69768    -1.78142
   8.46108   0.28302   1.12819    38.62948    39.95595    -1.32646
   8.59895   0.67701   1.12819    39.15910    39.73990    -0.58080
   8.73088   1.09181   0.72739    48.42303    47.31682     1.10621
   8.68530   1.51084   0.72739    49.51301    47.88099     1.63202
   8.55072   1.91028   0.72739    50.07275    48.45067     1.62208
   8.33341   2.27145   0.72739    50.05894    48.98344     1.07550
   8.04354   2.57746   0.72739    49.69875    49.56077     0.13798
   7.69466   2.81400   0.72739    49.45151    50.38146    -0.92994
   7.30310   2.97002   0.72739    49.93281    51.73787    -1.80505
   6.88715   3.03821   0.72739    51.82789    53.99285    -2.16496
   6.46626   3.01539   0.72739    55.82450    57.57288    -1.74838
   6.06012   2.90263   0.72739    62.59909    62.98167    -0.38258
   7.30310  -0.78641   0.72739    55.36705    54.82830     0.53875
   7.69466  -0.63039   0.72739    49.96733    51.24236    -1.27503
   8.04354  -0.39385   0.72739    46.89504    48.81915    -1.92411
   8.33341  -0.08784   0.72739    45.75046    47.42238    -1.67192
   8.55072   0.27333   0.72739    46.01339    46.86076    -0.84737
   8.68530   0.67277   0.72739    47.09710    46.90534     0.19176
   8.73088   1.09181   0.31764    59.08692    56.98898     2.09795
   8.68530   1.51084   0.31764    60.61742    57.88590     2.73152
   8.55072   1.91028   0.31764    61.34470    58.60180     2.74291
   8.33341   2.27145   0.31764    61.18469    59.05834     2.12635
   8.04354   2.57746   0.31764    60.40155    59.36513     1.03643
   7.69466   2.81400   0.31764    59.55442    59.80364    -0.24922
   7.30310   2.97002   0.31764    59.38373    60.78041    -1.39667
   6.88715   3.03821   0.31764    60.69523    62.78741    -2.09218
   6.46626   3.01539   0.31764    64.28584    66.40129    -2.11545
   6.06012   2.90263   0.31764    70.94560    72.33662    -1.39102
   7.30310  -0.78641   0.31764    64.30027    64.34133    -0.04106
   7.69466  -0.63039   0.31764    58.44310    60.03003    -1.58693
   8.04354  -0.39385   0.31764    55.38399    57.30896    -1.92498
   8.33341  -0.08784   0.31764    54.58768    55.95742    -1.36974
   8.55072   0.27333   0.31764    55.41285    55.68292    -0.27007
   8.68530   0.67277   0.31764    57.14917    56.14556     1.00362
   6.78161   2.95588  -0.08315    72.04374    73.95881    -1.91508
   6.36682   2.90914  -0.08315    75.66886    77.92362    -2.25475
   5.97282   2.77128  -0.08315    82.86075    85.03883    -2.17808
   7.19641  -0.72553  -0.08315    76.35285    76.65193    -0.29908
   7.59040  -0.58766  -0.08315    69.44710    71.17999    -1.73289
   7.94384  -0.36558  -0.08315    66.01337    67.88794    -1.87456
   8.23900  -0.07042  -0.08315    65.42916    66.52587    -1.09671
   6.05889   2.62767  -0.45748    92.39952    95.25356    -2.85404
   7.30614  -0.52253  -0.45748    84.63221    86.57724    -1.94503
   7.69113  -0.34136  -0.45748    79.09883    81.25430    -2.15547
   2.88126   1.58045  -1.96341    94.28393    96.41594    -2.13201
   4.11960  -1.68478  -1.96341    76.32837    77.37090    -1.04253
   3.28910   1.41765  -2.28164    88.17450    89.79755    -1.62305
   1.44007   2.14634   1.16675    88.37279    86.76913     1.60366
   1.34317   2.31518   0.80369    85.98637    86.06481    -0.07844
   1.91570   2.70324   0.40974    84.66735    87.37501    -2.70767
   2.43196   2.80934   0.00005    86.15517    90.09970    -3.94453
   3.14728   2.64078  -0.40964    92.61224    97.12750    -4.51525
   1.44001   0.09515  -1.74603   104.73259    99.04647     5.68612
   0.97551   0.09257   3.30397    82.78921    79.57526     3.21395
   0.76279  -0.27587   3.30397    84.34606    80.89286     3.45320
   1.60720   0.44982   3.19344    87.67249    82.01935     5.65314
   1.18823   0.56208   3.19344    81.70676    78.19026     3.51649
   0.76925   0.44982   3.19344    77.47044    75.88833     1.58211
   0.46254   0.14310   3.19344    76.26186    75.08849     1.17337
   0.35028  -0.27587   3.19344    79.08063    76.56041     2.52022
   1.80073   0.78501   3.01296    88.04084    81.21206     6.82878
   1.40095   0.93052   3.01296    82.30979    77.98197     4.32782
   0.97551   0.93052   3.01296    77.02428    75.44804     1.57624
   0.57573   0.78501   3.01296    72.86703    73.43632    -0.56929
   0.24982   0.51154   3.01296    70.60611    72.00191    -1.39579
   0.03711   0.14310   3.01296    70.62055    71.31614    -0.69560
  -0.03677  -0.27587   3.01296    73.11803    71.90016     1.21787
   0.03711  -0.69485   3.01296    78.87292    75.01018     3.86274
   1.91275   1.12240   2.76801    87.97871    80.62920     7.34951
   1.50864   1.26602   2.76801    82.60347    78.00069     4.60278
   1.08076   1.29529   2.76801    77.01926    75.50549     1.51378
   0.66085   1.20803   2.76801    71.94459    73.22713    -1.28253
   0.28005   1.01072   2.76801    68.05843    71.23973    -3.18131
  -0.03338   0.71798   2.76801    65.75609    69.54633    -3.79024
  -0.25622   0.35154   2.76801    65.02504    68.10437    -3.07933
  -0.37193  -0.06143   2.76801    65.60549    66.98550    -1.38001
  -0.37193  -0.49031   2.76801    67.76601    66.84925     0.91676
  -0.25622  -0.90328   2.76801    73.24416    69.40672     3.83745
   2.35840   1.19148   2.46603    93.27929    83.64887     9.63041
   2.00255   1.41508   2.46603    89.29021    81.67872     7.61149
   1.60586   1.55388   2.46603    83.98901    79.16339     4.82562
   1.18823   1.60094   2.46603    78.24604    76.50283     1.74321
   0.77060   1.55388   2.46603    72.73839    73.96397    -1.22558
   0.37391   1.41508   2.46603    67.99818    71.65536    -3.65718
   0.01806   1.19148   2.46603    64.41887    69.58335    -5.16448
  -0.27912   0.89430   2.46603    62.14164    67.66320    -5.52156
  -0.50272   0.53845   2.46603    60.90419    65.69673    -4.79254
  -0.64153   0.14176   2.46603    60.01250    63.38676    -3.37427
  -0.68858  -0.27587   2.46603    58.83341    60.65101    -1.81760
   1.60216   1.80512   2.11620    85.27101    80.97070     4.30031
   1.18823   1.84589   2.11620    79.10448    77.72940     1.37508
   0.77429   1.80512   2.11620    73.34708    74.75468    -1.40760
   0.37627   1.68438   2.11620    68.26801    72.08237    -3.81436
   0.00944   1.48831   2.11620    64.16912    69.69322    -5.52410
  -0.31208   1.22444   2.11620    61.24493    67.51033    -6.26540
  -0.57595   0.90292   2.11620    59.40256    65.34800    -5.94544
  -0.77202   0.53609   2.11620    57.97811    62.79492    -4.81681
  -0.89276   0.13806   2.11620    55.60989    59.10652    -3.49663
   1.40065   2.01656   1.72914    84.14777    81.76263     2.38514
   0.97580   2.01656   1.72914    77.68756    77.77536    -0.08780
   0.55819   1.93849   1.72914    71.88310    74.28532    -2.40222
   0.16203   1.78502   1.72914    66.85235    71.19295    -4.34060
  -0.19918   1.56136   1.72914    62.86955    68.43806    -5.56851
  -0.51315   1.27514   1.72914    60.15808    65.94249    -5.78441
  -0.76918   0.93611   1.72914    58.61629    63.49229    -4.87600
  -0.95855   0.55580   1.72914    57.15796    60.42071    -3.26275
  -1.07482   0.14717   1.72914    53.46004    55.25166    -1.79162
   1.18823   2.13691   1.31663    83.23914    82.34879     0.89035
   0.76925   2.10025   1.31663    77.03934    77.80846    -0.76912
   0.36301   1.99140   1.31663    71.35975    73.76845    -2.40869
  -0.01816   1.81366   1.31663    66.36540    70.06851    -3.70311
  -0.36268   1.57243   1.31663    62.40456    66.65730    -4.25274
  -0.66007   1.27503   1.31663    59.99995    63.61854    -3.61859
  -0.90130   0.93052   1.31663    59.44648    60.97545    -1.52896
   0.87703   2.15429   0.89120    81.75068    81.62902     0.12166
   0.47081   2.06674   0.89120    75.64251    76.50122    -0.85872
   0.08523   1.91180   0.89120    69.74141    71.51408    -1.77267
  -0.26862   1.69392   0.89120    64.33353    66.37193    -2.03840
   0.76925   2.10025   0.46576    84.47156    83.68104     0.79052
   0.36301   1.99140   0.46576    77.21442    77.09407     0.12035
  -0.01816   1.81366   0.46576    69.55002    69.76196    -0.21194
   1.94533  -0.96357   4.07120    78.77190    79.78805    -1.01615
   1.74836  -0.62241   3.95169    79.76273    80.01127    -0.24854
   2.55200  -2.01435   3.95169    77.34117    78.60603    -1.26485
   2.84615  -1.72019   3.95169    75.98199    77.02117    -1.03918
   1.44708  -0.38733   3.75763    81.52541    80.53045     0.99495
   2.67022  -2.36276   3.75763    77.57084    78.85383    -1.28299
   3.01238  -2.10437   3.75763    75.63686    76.76469    -1.12783
   1.53332   0.03236   3.49647    84.51486    81.37674     3.13812
   1.17776  -0.19614   3.49647    83.97834    81.29551     2.68283
   2.76704  -2.66911   3.49647    78.05402    79.64646    -1.59243
   3.12260  -2.44061   3.49647    76.06168    77.45158    -1.38990
   3.39938  -2.12119   3.49647    74.77654    75.90689    -1.13035
   2.76935  -2.95099   3.17825    79.41195    81.65825    -2.24629
   3.14207  -2.75538   3.17825    77.54951    79.51574    -1.96624
   3.45714  -2.47624   3.17825    75.84268    77.62485    -1.78216
   3.69626  -2.12982   3.17825    74.24253    75.88933    -1.64680
   2.66922  -3.18781   2.81518    81.86489    84.94019    -3.07530
   3.05896  -3.03252   2.81518    80.41346    83.09405    -2.68059
   3.69472  -2.49250   2.81518    76.75131    79.19139    -2.44008
   3.91101  -2.13302   2.81518    74.22810    76.78729    -2.55919
   2.04586  -3.37538   2.42124    87.34995    91.14032    -3.79037
   4.16767  -1.73298   2.42124    71.09683    74.84263    -3.74580
   1.74049  -3.37802   2.01155    92.56204    96.18918    -3.62713
   0.55440  -2.23133  -2.30372    94.05803    93.37405     0.68398
   0.96409  -1.42770  -2.42322    91.37731    90.74036     0.63695
   0.75924  -1.78250  -2.42322    91.40366    90.90762     0.49604
   0.76760  -3.85354  -0.56357    92.98624    90.78489     2.20135
  -1.39144  -1.66863   3.01431    51.93394    54.07333    -2.13939
  -0.98393  -1.66863   2.97148    55.93243    57.25349    -1.32106
  -1.18768  -1.31572   2.97148    52.23264    54.06354    -1.83091
  -1.59519  -1.31572   2.97148    50.56095    52.12712    -1.56616
  -1.79894  -1.66863   2.97148    51.86743    53.30205    -1.43463
  -1.59519  -2.02154   2.97148    53.01326    55.26509    -2.25183
  -1.18768  -2.02154   2.97148    55.21770    57.20770    -1.99000
  -0.59423  -1.66863   2.84486    64.28835    62.96430     1.32404
  -0.70104  -1.27003   2.84486    59.80919    59.60440     0.20479
  -0.99284  -0.97823   2.84486    53.58241    55.05557    -1.47316
  -1.39144  -0.87143   2.84486    50.22774    51.85871    -1.63096
  -1.79004  -0.97823   2.84486    50.88098    51.32626    -0.44528
  -2.08184  -1.27003   2.84486    53.60876    52.94192     0.66685
  -2.18864  -1.66863   2.84486    55.46054    54.98893     0.47162
  -2.08184  -2.06723   2.84486    55.67264    56.50363    -0.83098
  -1.79004  -2.35903   2.84486    55.84019    57.86533    -2.02515
  -1.39144  -2.46583   2.84486    57.36441    59.54932    -2.18491
  -0.99284  -2.35903   2.84486    60.43607    61.58206    -1.14599
  -0.70104  -2.06723   2.84486    63.78760    63.29638     0.49121
  -0.23938  -1.66863   2.63998    77.56331    71.25738     6.30593
  -0.31717  -1.25246   2.63998    72.37444    67.40143     4.97301
  -0.54006  -0.89249   2.63998    62.95175    61.65998     1.29177
  -0.87792  -0.63735   2.63998    54.54124    56.07361    -1.53236
  -1.28514  -0.52148   2.63998    50.35826    52.20387    -1.84561
  -1.70671  -0.56055   2.63998    50.45239    50.94495    -0.49256
  -2.08571  -0.74927   2.63998    53.87546    52.34287     1.53258
  -2.37094  -1.06215   2.63998    58.74430    55.39573     3.34857
  -2.52388  -1.45694   2.63998    62.05379    58.36621     3.68758
  -2.52388  -1.88032   2.63998    62.56960    60.16903     2.40057
  -2.37094  -2.27511   2.63998    61.56496    61.00751     0.55745
  -2.08571  -2.58799   2.63998    60.84269    61.81499    -0.97230
  -1.70671  -2.77671   2.63998    61.35976    63.05970    -1.69994
  -1.28514  -2.81577   2.63998    63.29061    64.70793    -1.41732
  -0.87792  -2.69991   2.63998    66.76827    66.91426    -0.14599
  -0.54006  -2.44477   2.63998    71.52291    69.51679     2.00612
  -0.31717  -2.08480   2.63998    76.24993    71.58759     4.66235
  -0.78636  -0.34369   2.36581    55.54965    57.63199    -2.08234
  -1.18415  -0.22689   2.36581    50.84898    53.17390    -2.32492
  -1.59873  -0.22689   2.36581    50.24092    51.27114    -1.03022
  -1.99652  -0.34369   2.36581    52.89027    52.08198     0.80829
  -2.34528  -2.76943   2.36581    68.76563    68.05685     0.70878
  -1.99652  -2.99357   2.36581    68.85473    69.07933    -0.22460
  -1.59873  -3.11037   2.36581    69.85938    70.34425    -0.48487
  -1.18415  -3.11037   2.36581    71.67100    71.75284    -0.08184
  -0.78636  -2.99357   2.36581    75.01876    73.96549     1.05327
  -1.28486   0.02543   2.03431    51.05919    53.08795    -2.02876
  -2.11416  -3.20449   2.03431    80.68141    78.70521     1.97620
  -1.70950  -3.33597   2.03431    81.91509    80.22010     1.69499
  -1.28486  -3.36269   2.03431    82.41459    80.72764     1.68695
   0.34254  -4.23225  -0.41836    82.75031    80.72443     2.02587
   0.13698  -4.54056  -0.82805    69.56445    67.02462     2.53983
   0.39814  -4.22233  -0.82805    80.98763    78.68032     2.30731
   0.59221  -3.85927  -0.82805    91.49842    88.88338     2.61503
  -2.32036  -4.17787  -2.31298    61.21167    53.49798     7.71369
  -2.33989  -3.66982  -2.57414    62.77103    58.72175     4.04928
  -1.71902  -5.99463   0.57930    56.99920    56.62774     0.37146
  -1.30108  -5.91490   0.57930    55.45239    56.32949    -0.87711
  -0.91609  -5.73374   0.57930    55.72033    57.78077    -2.06043
  -0.58825  -5.46252   0.57930    58.45251    61.25848    -2.80597
  -0.33815  -5.11830   0.57930    64.30278    67.17486    -2.87208
  -3.64294  -4.71536   0.20498    73.12996    74.61005    -1.48009
  -3.50507  -5.10936   0.20498    66.33277    67.21032    -0.87755
  -3.28299  -5.46280   0.20498    60.90042    60.88959     0.01083
  -2.98783  -5.75795   0.20498    56.58253    55.79413     0.78840
  -2.63440  -5.98004   0.20498    53.04401    51.89659     1.14741
  -2.24040  -6.11790   0.20498    50.10852    49.17154     0.93697
  -1.82560  -6.16464   0.20498    47.82438    47.63738     0.18700
  -1.41081  -6.11790   0.20498    46.44951    47.36023    -0.91072
  -1.01681  -5.98004   0.20498    46.40307    48.45478    -2.05171
  -0.66338  -5.75795   0.20498    48.19085    51.09199    -2.90115
  -0.36821  -5.46280   0.20498    52.33743    55.51770    -3.18027
  -0.14614  -5.10936   0.20498    59.33667    62.08961    -2.75294
  -0.00827  -4.71536   0.20498    69.74454    71.35508    -1.61054
  -3.67283  -4.92297  -0.19582    65.81445    67.70179    -1.88734
  -3.49584  -5.30552  -0.19582    57.35249    58.68160    -1.32911
  -3.24076  -5.64107  -0.19582    51.48590    51.98933    -0.50343
  -2.91951  -5.91395  -0.19582    47.28535    47.11590     0.16945
  -2.54710  -6.11139  -0.19582    44.12396    43.70975     0.41421
  -2.14096  -6.22415  -0.19582    41.71558    41.58486     0.13072
  -1.72007  -6.24697  -0.19582    40.06899    40.67516    -0.60617
  -1.30412  -6.17878  -0.19582    39.42015    41.00002    -1.57987
  -0.91255  -6.02276  -0.19582    40.16061    42.64687    -2.48626
  -0.56368  -5.78622  -0.19582    42.76038    45.76716    -3.00678
  -0.27381  -5.48021  -0.19582    47.69135    50.58124    -2.88989
  -0.05650  -5.11904  -0.19582    55.36516    57.38611    -2.02095
   0.07809  -4.71960  -0.19582    66.12883    66.55157    -0.42274
  -3.49584  -5.30552  -0.60557    53.73176    55.61987    -1.88811
  -3.24076  -5.64107  -0.60557    46.33028    47.60931    -1.27903
  -2.91951  -5.91395  -0.60557    41.60325    42.26656    -0.66331
  -2.54710  -6.11139  -0.60557    38.40986    38.77892    -0.36906
  -2.14096  -6.22415  -0.60557    36.24056    36.75517    -0.51461
  -1.72007  -6.24697  -0.60557    34.99181    36.02912    -1.03731
  -1.30412  -6.17878  -0.60557    34.83368    36.56735    -1.73367
  -0.91255  -6.02276  -0.60557    36.11317    38.42741    -2.31424
  -0.56368  -5.78622  -0.60557    39.25888    41.74097    -2.48209
  -0.27381  -5.48021  -0.60557    44.70189    46.70890    -2.00701
  -0.05650  -5.11904  -0.60557    52.79990    53.59531    -0.79541
   0.07809  -4.71960  -0.60557    63.81521    62.69790     1.11730
  -3.28299  -5.46280  -1.00637    46.27443    48.12896    -1.85453
  -2.98783  -5.75795  -1.00637    39.72574    41.10083    -1.37509
  -2.63440  -5.98004  -1.00637    35.79691    36.75668    -0.95977
  -2.24040  -6.11790  -1.00637    33.43810    34.27527    -0.83717
  -1.82560  -6.16464  -1.00637    32.28160    33.29826    -1.01666
  -1.41081  -6.11790  -1.00637    32.35564    33.69829    -1.34265
  -1.01681  -5.98004  -1.00637    33.92379    35.48467    -1.56088
  -0.66338  -5.75795  -1.00637    37.36756    38.76533    -1.39777
  -0.36821  -5.46280  -1.00637    43.08480    43.73444    -0.64964
  -0.14614  -5.10936  -1.00637    51.40558    50.67059     0.73499
  -0.00827  -4.71536  -1.00637    62.57399    59.93336     2.64063
  -3.19884  -5.29828  -1.38069    47.15169    48.66093    -1.50924
  -2.90757  -5.60844  -1.38069    38.88363    40.17905    -1.29542
  -2.54833  -5.83643  -1.38069    34.43584    35.33586    -0.90002
  -2.14367  -5.96791  -1.38069    32.21885    32.86290    -0.64405
  -1.71902  -5.99463  -1.38069    31.69864    32.24644    -0.54780
  -1.30108  -5.91490  -1.38069    32.88652    33.32114    -0.43462
  -0.91609  -5.73374  -1.38069    36.08180    36.12202    -0.04022
  -0.58825  -5.46252  -1.38069    41.69487    40.83605     0.85882
  -0.33815  -5.11830  -1.38069    50.11981    47.80819     2.31162
  -3.05094  -5.08804  -1.71219    49.21494    49.47595    -0.26101
  -2.77945  -5.40136  -1.71219    40.02193    40.38476    -0.36283
  -2.43068  -5.62550  -1.71219    35.35451    35.38219    -0.02768
  -2.03289  -5.74230  -1.71219    33.50399    33.12344     0.38055
  -1.61831  -5.74230  -1.71219    33.89053    33.06125     0.82929
  -1.22053  -5.62550  -1.71219    36.53298    35.05422     1.47876
  -0.87176  -5.40136  -1.71219    41.74821    39.22273     2.52548
  -0.60027  -5.08804  -1.71219    49.97109    45.93861     4.03248
  -2.80510  -4.90705  -1.98637    49.34672    47.66002     1.68670
  -2.51988  -5.21993  -1.98637    41.19349    39.71196     1.48153
  -2.14088  -5.40865  -1.98637    37.70579    35.81645     1.88934
  -1.71931  -5.44771  -1.98637    37.83569    35.21354     2.62214
  -1.31209  -5.33185  -1.98637    41.36543    37.65364     3.71179
  -0.97422  -5.07670  -1.98637    48.63261    43.36554     5.26707
  -2.51600  -4.69917  -2.19124    50.86467    46.61763     4.24703
  -2.22421  -4.99097  -2.19124    44.68181    40.69788     3.98394
  -1.82560  -5.09777  -2.19124    43.72172    39.05388     4.66784
  -1.42700  -4.99097  -2.19124    48.07162    42.03112     6.04050
  -2.23311  -4.30057  -2.31786    58.90934    51.18743     7.72190
  -2.02936  -4.65348  -2.31786    51.97536    45.31563     6.65973
  -1.62185  -4.65348  -2.31786    54.86818    47.06428     7.80390
  -2.09729  -2.75375  -2.93413    63.26049    65.12217    -1.86168
  -1.80314  -2.45960  -2.93413    69.78157    73.69855    -3.91698
  -2.29426  -2.41258  -3.05363    57.75221    59.50662    -1.75441
  -4.80102  -2.40078   0.10967    56.26250    58.75987    -2.49737
  -4.80102  -2.82416   0.10967    57.45916    60.10835    -2.64919
  -4.64808  -3.21895   0.10967    63.87231    65.98570    -2.11339
  -4.89392  -1.82499  -0.16450    49.00473    50.88172    -1.87699
  -5.06614  -2.20211  -0.16450    45.41286    48.43866    -3.02579
  -5.12514  -2.61247  -0.16450    46.14454    49.23844    -3.09390
  -5.06614  -3.02283  -0.16450    50.83329    53.42706    -2.59377
  -4.75055  -1.30459  -0.49600    46.39993    46.21454     0.18539
  -5.04181  -1.61476  -0.49600    39.99557    41.82971    -1.83414
  -5.24679  -1.98761  -0.49600    36.94650    39.78282    -2.83631
  -5.35260  -2.39973  -0.49600    37.35627    40.26196    -2.90569
  -5.35260  -2.82521  -0.49600    41.12635    43.48075    -2.35441
  -5.24679  -3.23733  -0.49600    48.12182    49.69091    -1.56909
  -4.47737  -0.93300  -0.87033    45.73603    43.37980     2.35623
  -4.83081  -1.15508  -0.87033    38.30945    37.89270     0.41675
  -5.12597  -1.45024  -0.87033    33.10050    34.36341    -1.26291
  -5.34805  -1.80368  -0.87033    30.47876    32.70688    -2.22811
  -5.48591  -2.19767  -0.87033    30.61807    32.97582    -2.35775
  -5.53265  -2.61247  -0.87033    33.49834    35.32719    -1.82885
  -5.48591  -3.02726  -0.87033    39.03611    40.00647    -0.97036
  -5.34805  -3.42126  -0.87033    47.22323    47.33026    -0.10703
  -4.39007  -0.80165  -1.27112    42.21821    38.39831     3.81990
  -4.76248  -0.99908  -1.27112    34.54754    32.82620     1.72133
  -5.08373  -1.27196  -1.27112    29.11519    29.23643    -0.12124
  -5.33882  -1.60752  -1.27112    26.10063    27.40590    -1.30527
  -5.51580  -1.99006  -1.27112    25.62874    27.27460    -1.64586
  -5.60641  -2.40172  -1.27112    27.68635    28.92076    -1.23442
  -5.60641  -2.82322  -1.27112    32.17429    32.53126    -0.35697
  -5.51580  -3.23487  -1.27112    39.01289    38.38363     0.62927
  -3.98393  -0.68888  -1.68088    47.06070    40.38400     6.67670
  -4.39007  -0.80165  -1.68088    37.50624    33.11422     4.39202
  -4.76248  -0.99908  -1.68088    30.25035    28.06030     2.19005
  -5.08373  -1.27196  -1.68088    25.27295    24.88121     0.39174
  -5.33882  -1.60752  -1.68088    22.69576    23.37586    -0.68010
  -5.51580  -1.99006  -1.68088    22.56712    23.47416    -0.90703
  -5.60641  -2.40172  -1.68088    24.82114    25.22772    -0.40658
  -5.60641  -2.82322  -1.68088    29.31724    28.78750     0.52974
  -5.51580  -3.23487  -1.68088    35.91425    34.37911     1.53514
  -5.33882  -3.61742  -1.68088    44.57012    42.25345     2.31667
  -4.08337  -0.79513  -2.08167    39.32790    33.67686     5.65104
  -4.47737  -0.93300  -2.08167    31.26127    27.71598     3.54528
  -4.83081  -1.15508  -2.08167    25.31248    23.71091     1.60156
  -5.12597  -1.45024  -2.08167    21.63841    21.42262     0.21579
  -5.34805  -1.80368  -2.08167    20.34260    20.72886    -0.38626
  -5.48591  -2.19767  -2.08167    21.40058    21.60787    -0.20729
  -5.53265  -2.61247  -2.08167    24.66740    24.12687     0.54053
  -5.48591  -3.02726  -2.08167    29.92718    28.41644     1.51074
  -5.34805  -3.42126  -2.08167    36.96909    34.62055     2.34854
  -3.98664  -0.94512  -2.45600    36.22738    31.45006     4.77731
  -4.39130  -1.07660  -2.45600    28.54792    25.61345     2.93446
  -4.75055  -1.30459  -2.45600    23.03964    21.81056     1.22908
  -5.04181  -1.61476  -2.45600    19.94727    19.83388     0.11339
  -5.24679  -1.98761  -2.45600    19.38691    19.58970    -0.20279
  -5.35260  -2.39973  -2.45600    21.27320    21.06912     0.20408
  -5.35260  -2.82521  -2.45600    25.34825    24.32273     1.02552
  -5.24679  -3.23733  -2.45600    31.24997    29.40078     1.84919
  -5.04181  -3.61018  -2.45600    38.55607    36.22289     2.33318
  -3.46129  -1.17073  -2.78749    42.04878    37.72323     4.32555
  -3.87587  -1.17073  -2.78749    33.40359    30.09276     3.31083
  -4.27366  -1.28753  -2.78749    26.48843    24.59645     1.89198
  -4.62243  -1.51167  -2.78749    21.66100    21.10042     0.56058
  -4.89392  -1.82499  -2.78749    19.27019    19.49642    -0.22623
  -5.06614  -2.20211  -2.78749    19.42769    19.72798    -0.30029
  -5.12514  -2.61247  -2.78749    21.95656    21.77251     0.18405
  -5.06614  -3.02283  -2.78749    26.43949    25.58711     0.85238
  -4.89392  -3.39994  -2.78749    32.28599    30.98414     1.30185
  -4.62243  -3.71327  -2.78749    38.72298    37.41546     1.30752
  -2.71473  -3.71327  -2.78749    52.96431    51.88628     1.07803
  -2.44324  -3.39994  -2.78749    56.71180    55.66758     1.04422
  -2.51652  -2.61247  -3.06167    50.76113    52.07819    -1.31706
  -3.15506  -1.58119  -3.06167    42.09271    40.29404     1.79867
  -3.56228  -1.46532  -3.06167    34.43207    32.61019     1.82188
  -3.98385  -1.50439  -3.06167    27.33494    26.33120     1.00374
  -4.36285  -1.69310  -3.06167    22.15109    22.20918    -0.05810
  -4.64808  -2.00599  -3.06167    19.69564    20.41515    -0.71951
  -4.80102  -2.40078  -3.06167    20.21773    20.94434    -0.72661
  -4.80102  -2.82416  -3.06167    23.35779    23.67710    -0.31931
  -4.64808  -3.21895  -3.06167    28.25926    28.24837     0.01090
  -4.36285  -3.53183  -3.06167    33.71734    33.79920    -0.08186
  -3.98385  -3.72055  -3.06167    38.37095    38.90785    -0.53689
  -3.56228  -3.75961  -3.06167    41.35225    42.32645    -0.97420
  -3.15506  -3.64375  -3.06167    43.26490    44.33691    -1.07201
  -2.81720  -3.38860  -3.06167    45.59108    46.59918    -1.00811
  -2.59432  -3.02864  -3.06167    48.54853    49.73396    -1.18544
  -2.87137  -2.61247  -3.26655    40.33380    42.22100    -1.88720
  -2.97818  -2.21387  -3.26655    39.25762    40.41997    -1.16235
  -3.26998  -1.92207  -3.26655    35.01503    35.37781    -0.36278
  -3.66858  -1.81526  -3.26655    28.90434    29.19637    -0.29202
  -4.06718  -1.92207  -3.26655    23.54667    24.42451    -0.87785
  -4.35898  -2.21387  -3.26655    21.01090    22.38478    -1.37388
  -4.46578  -2.61247  -3.26655    21.97225    23.35976    -1.38751
  -4.35898  -3.01107  -3.26655    25.61808    26.87530    -1.25722
  -4.06718  -3.30287  -3.26655    30.16940    31.61021    -1.44081
  -3.66858  -3.40967  -3.26655    33.93446    35.79535    -1.86089
  -3.26998  -3.30287  -3.26655    36.62334    38.74485    -2.12152
  -2.97818  -3.01107  -3.26655    38.93571    41.07167    -2.13596
  -3.26107  -2.61247  -3.39317    32.54766    34.91453    -2.36687
  -3.46482  -2.25956  -3.39317    29.66551    31.46379    -1.79827
  -3.87233  -2.25956  -3.39317    24.64920    26.50086    -1.85166
  -4.07609  -2.61247  -3.39317    23.71358    25.81076    -2.09717
  -3.87233  -2.96538  -3.39317    27.32804    29.61824    -2.29020
  -3.46482  -2.96538  -3.39317    31.09121    33.66547    -2.57426
  -3.66858  -2.61247  -3.43600    27.11531    29.57511    -2.45979
  -2.85520  -1.13971   2.49139    69.95601    65.06772     4.88829
  -2.27071  -0.12940   2.45158    55.64189    55.99199    -0.35010
  -2.37837   0.27241   2.45158    55.48627    56.34159    -0.85531
  -2.67253  -0.82537   2.45158    65.80880    61.27857     4.53023
  -2.37837  -0.53122   2.45158    58.65896    56.31037     2.34859
  -1.90765  -0.12940   2.25752    52.30041    52.64308    -0.34267
  -1.98643   0.29206   2.25752    53.82651    55.29473    -1.46822
  -2.21214   0.65659   2.25752    54.99493    55.23119    -0.23626
  -1.64957   0.28895   1.99636    53.27744    54.82673    -1.54929
  -1.82514   0.67341   1.99636    55.36391    56.60360    -1.23969
  -2.10193   0.99283   1.99636    56.38361    55.66479     0.71882
  -1.37900   0.28846   1.67813    54.23000    54.72478    -0.49478
  -4.73677  -1.12965  -0.29220    54.72071    54.88851    -0.16780
  -4.76969  -0.54727  -0.65527    48.92001    49.70805    -0.78804
  -4.62043  -0.94085  -0.65527    48.23917    47.67802     0.56115
  -4.49912   0.28895  -0.97349    49.92466    48.27232     1.65234
  -4.55927  -0.12940  -0.97349    48.13374    48.10755     0.02619
  -4.49912  -0.54776  -0.97349    46.95214    46.55214     0.40001
  -4.22118   0.08498  -1.23465    50.16938    49.66972     0.49966
  -4.22118  -0.34378  -1.23465    48.88048    47.67352     1.20696
  -3.87798  -0.12940  -1.42872    53.19022    51.24844     1.94178
  -4.16334   0.32830   3.32828    53.11178    53.98888    -0.87711
  -3.75365   0.32830   3.28792    53.16449    54.25399    -1.08951
  -3.95849   0.68311   3.28792    47.75347    47.88002    -0.12655
  -4.36818   0.68311   3.28792    47.36002    46.99311     0.36692
  -3.95849  -0.02650   3.28792    58.05279    59.86412    -1.81133
  -3.35970   0.32830   3.16842    53.91499    54.72767    -0.81268
  -3.46737   0.73012   3.16842    48.58932    48.46250     0.12682
  -3.76152   1.02427   3.16842    42.81184    41.93306     0.87878
  -4.56515   1.02427   3.16842    40.30368    38.68753     1.61615
  -4.85931   0.73012   3.16842    46.66286    44.88989     1.77297
  -3.76152  -0.36767   3.16842    62.53195    64.73140    -2.19945
  -3.46737  -0.07351   3.16842    58.48577    60.11976    -1.63400
  -2.99664   0.32830   2.97436    54.95979    55.34554    -0.38575
  -3.07542   0.74976   2.97436    50.41474    49.71866     0.69608
  -3.30114   1.11430   2.97436    44.42140    42.60984     1.81155
  -5.15528   0.94249   2.97436    41.58003    38.48028     3.09976
  -3.30114  -0.45770   2.97436    63.37093    64.73196    -1.36103
  -3.07542  -0.09316   2.97436    59.03358    60.03435    -1.00077
  -2.67841   0.32830   2.71320    55.75171    55.98577    -0.23406
  -2.73856   0.74666   2.71320    52.70766    51.55399     1.15367
  -2.91414   1.13111   2.71320    48.07915    45.20987     2.86928
  -3.19092  -0.79393   2.71320    68.64954    68.39212     0.25742
  -2.91414  -0.47451   2.71320    63.40795    63.28922     0.11874
  -2.73856  -0.09005   2.71320    58.89930    59.42424    -0.52494
  -2.46799   0.74617   2.39497    54.81421    53.59937     1.21484
  -2.61726   1.13975   2.39497    52.09772    48.36933     3.72839
  -6.21242   0.53668   1.63797    44.07627    40.81136     3.26490
  -6.26334   0.32830   1.22828    45.08468    43.34488     1.73980
  -6.21242   0.53668   0.81859    38.49018    36.95674     1.53344
  -6.21242   0.11993   0.81859    45.77243    45.47596     0.29646
  -6.09211   0.53807   0.42464    37.23390    35.93936     1.29454
  -6.09211   0.11854   0.42464    43.83468    43.85218    -0.01750
  -6.00192  -0.29119   0.42464    49.30719    50.59864    -1.29146
  -5.82577  -0.67195   0.42464    54.09383    56.40707    -2.31324
  -5.57188  -1.00593   0.42464    58.61064    61.46787    -2.85722
  -5.25212  -1.27754   0.42464    63.49455    66.19903    -2.70448
  -4.88146  -1.47405   0.42464    70.29863    71.61869    -1.32005
  -5.90942   0.32830   0.06158    40.40471    39.53033     0.87438
  -5.85868  -0.08956   0.06158    45.64881    46.09681    -0.44800
  -5.70942  -0.48314   0.06158    50.01502    51.54855    -1.53353
  -5.47030  -0.82957   0.06158    53.84722    56.03447    -2.18726
  -5.15523  -1.10870   0.06158    57.77794    59.86952    -2.09158
  -4.78251  -1.30432   0.06158    63.49957    63.91398    -0.41441
  -5.64826   0.32830  -0.25665    41.42190    39.87757     1.54433
  -5.58811  -0.09005  -0.25665    45.70842    45.62505     0.08336
  -5.41253  -0.47451  -0.25665    49.19361    50.17886    -0.98525
  -5.13576  -0.79393  -0.25665    52.11780    53.59688    -1.47908
  -5.31017   0.54268  -0.51781    42.06384    38.49833     3.56551
  -5.31017   0.11392  -0.51781    45.21708    43.81349     1.40359
  -5.15528  -0.28588  -0.51781    48.01389    48.13431    -0.12042
  -4.86643  -0.60274  -0.51781    50.30995    51.28597    -0.97603
  -4.96697   0.32830  -0.71187    46.76954    43.83277     2.93676
  -4.85931  -0.07351  -0.71187    48.45064    47.81694     0.63370
  -4.35725   1.58458   3.23241    31.20416    30.40249     0.80168
  -3.94756   1.58458   3.19206    33.46885    32.13204     1.33681
  -4.15240   1.93938   3.19206    28.90874    28.07234     0.83640
  -4.56209   1.93938   3.19206    26.39995    26.48158    -0.08163
  -4.76694   1.58458   3.19206    29.39317    28.94922     0.44395
  -4.56209   1.22977   3.19206    35.94563    34.59835     1.34727
  -4.15240   1.22977   3.19206    37.31611    36.08574     1.23037
  -3.55361   1.58458   3.07256    36.34912    34.23565     2.11347
  -3.66128   1.98639   3.07256    32.41024    30.29474     2.11550
  -3.95543   2.28054   3.07256    28.71985    27.34649     1.37337
  -4.35725   2.38821   3.07256    25.36582    25.34950     0.01632
  -4.75907   2.28054   3.07256    23.05846    24.24627    -1.18781
  -5.05322   1.98639   3.07256    23.43120    24.65222    -1.22101
  -5.16088   1.58458   3.07256    27.84448    27.69178     0.15270
  -5.05322   1.18276   3.07256    35.67831    33.77438     1.90393
  -3.19055   1.58458   2.87850    39.90082    36.82975     3.07107
  -3.26933   2.00604   2.87850    36.21985    33.05438     3.16547
  -3.49505   2.37058   2.87850    32.93609    30.04019     2.89590
  -3.83721   2.62896   2.87850    29.84874    27.76402     2.08473
  -4.24960   2.74630   2.87850    26.69739    26.12210     0.57529
  -4.67653   2.70674   2.87850    23.43497    24.66509    -1.23012
  -5.06034   2.51562   2.87850    20.82139    23.34161    -2.52021
  -5.34919   2.19876   2.87850    20.39908    22.99517    -2.59609
  -5.50408   1.79896   2.87850    23.44187    24.69491    -1.25304
  -5.50408   1.37020   2.87850    30.29804    29.23739     1.06066
  -5.34919   0.97039   2.87850    40.36769    37.02241     3.34527
  -2.87232   1.58458   2.61734    44.00787    40.06490     3.94296
  -2.93247   2.00293   2.61734    40.38651    36.70781     3.67870
  -3.10805   2.38739   2.61734    37.46859    33.87538     3.59321
  -3.38483   2.70681   2.61734    35.09535    31.48922     3.60613
  -3.74039   2.93531   2.61734    32.89970    29.77826     3.12144
  -4.14592   3.05439   2.61734    30.53273    28.78905     1.74368
  -4.56857   3.05439   2.61734    27.45793    27.73069    -0.27276
  -4.97411   2.93531   2.61734    23.58557    25.85839    -2.27282
  -5.32967   2.70681   2.61734    20.08093    23.68119    -3.60025
  -5.60645   2.38739   2.61734    18.55859    22.35590    -3.79730
  -5.78202   2.00293   2.61734    20.07717    22.78767    -2.71050
  -5.84217   1.58458   2.61734    25.03575    25.57087    -0.53512
  -5.78202   1.16622   2.61734    33.47512    31.26089     2.21423
  -2.61116   1.58458   2.29911    48.41048    44.16343     4.24704
  -2.66190   2.00244   2.29911    44.43018    41.34217     3.08801
  -3.05028   2.74245   2.29911    40.07087    36.51312     3.55776
  -3.36536   3.02158   2.29911    38.85790    34.35824     4.49966
  -3.73808   3.21720   2.29911    37.80619    33.28141     4.52479
  -4.14678   3.31793   2.29911    36.78084    33.60079     3.18005
  -4.56771   3.31793   2.29911    34.46408    33.52479     0.93929
  -4.97642   3.21720   2.29911    29.77156    31.22199    -1.45043
  -5.34914   3.02158   2.29911    24.04742    27.43913    -3.39171
  -5.66421   2.74245   2.29911    19.57579    24.01989    -4.44410
  -5.90333   2.39602   2.29911    17.76919    22.12794    -4.35875
  -6.05259   2.00244   2.29911    19.14029    22.25343    -3.11314
  -6.10333   1.58458   2.29911    23.78198    24.69223    -0.91025
  -6.05259   1.16671   2.29911    31.72563    29.87682     1.84881
  -5.44603   3.19041   1.93605    29.98805    32.75924    -2.77119
  -5.76579   2.91881   1.93605    22.65686    26.87346    -4.21661
  -6.01968   2.58483   1.93605    18.56801    23.17928    -4.61128
  -6.19583   2.20407   1.93605    17.86331    21.78656    -3.92325
  -6.28602   1.79434   1.93605    20.37837    22.65836    -2.27999
  -6.28602   1.37481   1.93605    25.96321    25.92954     0.03366
  -6.19583   0.96508   1.93605    34.68559    32.06879     2.61679
  -5.61797   3.21330   1.54210    34.29967    36.41194    -2.11227
  -5.92002   2.92617   1.54210    24.78537    28.37392    -3.58855
  -6.15809   2.58413   1.54210    19.74082    23.77396    -4.03314
  -6.32244   2.20116   1.54210    18.40423    21.90307    -3.49885
  -6.40633   1.79295   1.54210    20.24346    22.37934    -2.13588
  -6.40633   1.37621   1.54210    24.93786    25.16040    -0.22255
  -6.32244   0.96799   1.54210    32.41212    30.55352     1.85860
  -5.84217   3.06950   1.13241    32.46169    34.05179    -1.59010
  -6.10333   2.75127   1.13241    24.10954    26.77623    -2.66669
  -6.29739   2.38821   1.13241    20.27985    23.09618    -2.81633
  -6.41690   1.99427   1.13241    19.88076    22.04596    -2.16520
  -6.45725   1.58458   1.13241    22.31361    23.24460    -0.93099
  -6.41690   1.17489   1.13241    27.25086    26.68591     0.56495
  -6.29739   0.78094   1.13241    34.62158    32.69265     1.92893
  -5.92002   2.92617   0.72272    31.82101    32.03495    -0.21394
  -6.15809   2.58413   0.72272    24.70693    25.84237    -1.13544
  -6.32244   2.20116   0.72272    21.76893    22.99927    -1.23034
  -6.40633   1.79295   0.72272    22.00111    22.68032    -0.67921
  -6.40633   1.37621   0.72272    24.82930    24.59529     0.23400
  -6.32244   0.96799   0.72272    29.93220    28.78646     1.14574
  -5.76579   2.91881   0.32878    36.16463    33.95634     2.20829
  -6.01968   2.58483   0.32878    28.31323    27.37914     0.93409
  -6.19583   2.20407   0.32878    24.56762    24.10376     0.46387
  -6.28602   1.79434   0.32878    23.99722    23.40388     0.59334
  -6.28602   1.37481   0.32878    25.99772    24.96174     1.03598
  -6.19583   0.96508   0.32878    30.18195    28.73139     1.45057
  -5.34914   3.02158  -0.03429    45.86404    39.80674     6.05730
  -5.66421   2.74245  -0.03429    35.90609    32.18164     3.72445
  -5.90333   2.39602  -0.03429    29.76215    27.20114     2.56101
  -6.05259   2.00244  -0.03429    26.98856    24.89524     2.09331
  -6.10333   1.58458  -0.03429    27.06197    24.99618     2.06579
  -6.05259   1.16671  -0.03429    29.51616    27.33514     2.18103
  -5.90333   0.77313  -0.03429    34.06561    31.85373     2.21188
  -5.32967   2.70681  -0.35251    40.65258    35.27893     5.37364
  -5.60645   2.38739  -0.35251    34.03863    29.93564     4.10299
  -5.78202   2.00293  -0.35251    30.59611    27.09194     3.50417
  -5.84217   1.58458  -0.35251    30.10100    26.79001     3.31099
  -5.78202   1.16622  -0.35251    32.18120    28.88771     3.29349
  -5.60645   0.78176  -0.35251    36.56121    33.19626     3.36495
  -5.34919   2.19876  -0.61367    36.41563    32.17134     4.24429
  -5.50408   1.79896  -0.61367    33.74495    29.62255     4.12241
  -5.50408   1.37020  -0.61367    34.36932    30.17701     4.19232
  -5.34919   0.97039  -0.61367    37.96683    33.49286     4.47398
  -5.16088   1.58458  -0.80773    37.54703    33.54324     4.00379
  -5.05322   1.18276  -0.80773    40.16877    35.51287     4.65590
  -4.75907   0.88861  -0.80773    46.20039    40.66310     5.53728
  -2.53948   2.02314   2.24680    45.55656    43.84953     1.70703
  -2.64715   2.42496   2.24680    43.31824    42.32442     0.99382
  -2.94130   2.71911   2.24680    41.29013    38.48210     2.80802
  -2.17642   2.02314   2.05274    48.59371    50.63037    -2.03666
  -2.25521   2.44460   2.05274    46.61266    49.57448    -2.96182
  -2.48092   2.80914   2.05274    45.47499    47.51109    -2.03611
  -2.82308   3.06752   2.05274    44.65295    44.00632     0.64663
  -3.23547   3.18486   2.05274    43.54916    39.06751     4.48165
  -2.25521   1.60168   2.05274    51.67603    50.86026     0.81577
  -1.85819   2.02314   1.79158    51.25623    55.87435    -4.61812
  -1.91834   2.44149   1.79158    49.56321    55.09946    -5.53625
  -2.09392   2.82595   1.79158    48.74996    54.00648    -5.25652
  -1.64777   2.44101   1.47335    53.01702    58.92393    -5.90691
  -1.79703   2.83459   1.47335    52.36316    58.43866    -6.07550
  -1.44833   2.44021   1.11029    57.53697    60.67386    -3.13689
  -5.18170   2.64263  -0.49698    42.19186    36.99661     5.19525
  -5.03847   2.44101  -0.86004    41.93520    40.23779     1.69742
  -5.08920   2.02314  -0.86004    38.92504    36.37653     2.54851
  -5.03847   1.60527  -0.86004    38.80770    35.25614     3.55155
  -4.65008   0.86527  -0.86004    47.67127    42.65676     5.01451
  -4.76789   2.44149  -1.17827    43.99030    45.82379    -1.83349
  -4.82804   2.02314  -1.17827    41.35915    42.48599    -1.12684
  -4.76789   1.60479  -1.17827    41.37421    41.65253    -0.27832
  -4.59232   1.22033  -1.17827    44.09635    43.66078     0.43557
  -4.48995   2.23752  -1.43943    44.49419    48.58541    -4.09122
  -4.48995   1.80876  -1.43943    43.08041    46.54807    -3.46766
  -4.33506   1.40895  -1.43943    44.61091    47.30901    -2.69810
  -4.14675   2.02314  -1.63349    45.93181    50.64224    -4.71043
  -4.03909   1.62132  -1.63349    46.29138    50.19342    -3.90204
  -3.75281   2.02314  -1.75299    49.54439    52.44126    -2.89687
  -2.60904   3.29485   1.86829    47.25837    48.72833    -1.46996
  -2.81388   3.64965   1.86829    45.11982    44.92629     0.19352
  -2.21509   3.29485   1.74879    48.92064    52.44653    -3.52589
  -2.32276   3.69666   1.74879    46.58003    48.29564    -1.71561
  -1.85203   3.29485   1.55473    50.84584    54.52884    -3.68300
  -1.93081   3.71631   1.55473    48.40671    50.05370    -1.64699
  -2.15653   4.08085   1.55473    44.13839    44.83382    -0.69543
  -1.53380   3.29485   1.29357    52.24707    54.55248    -2.30541
  -1.59395   3.71320   1.29357    49.32727    49.92017    -0.59290
  -1.76953   4.09766   1.29357    45.95378    45.40048     0.55330
  -1.59395   2.87650   1.29357    54.22435    58.74635    -4.52200
  -1.32338   3.71271   0.97534    48.16700    47.00547     1.16153
  -1.47264   4.10629   0.97534    45.05204    42.91614     2.13590
  -1.71176   4.45272   0.97534    42.66374    39.79562     2.86812
  -1.32338   2.87698   0.97534    56.58504    57.29700    -0.71195
  -4.94750   3.08508  -0.99499    44.97674    44.52440     0.45235
  -4.85731   2.67536  -0.99499    45.31874    45.39677    -0.07804
  -4.76481   3.29485  -1.35805    43.46194    44.16864    -0.70670
  -4.71407   2.87698  -1.35805    45.21394    46.80963    -1.59569
  -4.56481   2.48340  -1.35805    45.57037    48.97186    -3.40149
  -4.50365   3.29485  -1.67628    43.91562    44.42267    -0.50705
  -4.44350   2.87650  -1.67628    45.57853    47.41340    -1.83488
  -4.26792   2.49204  -1.67628    46.46206    49.98817    -3.52611
  -4.01067   3.90903  -1.93744    41.18094    38.35756     2.82338
  -4.16556   3.50923  -1.93744    42.89027    41.68185     1.20842
  -4.16556   3.08047  -1.93744    44.81798    45.00285    -0.18487
  -4.01067   2.68066  -1.93744    46.32589    47.65451    -1.32862
  -3.72182   2.36380  -1.93744    48.36341    49.31360    -0.95019
  -3.71469   3.69666  -2.13151    39.63664    36.10021     3.53643
  -3.82236   3.29485  -2.13151    42.27469    40.31829     1.95640
  -3.71469   2.89303  -2.13151    44.27519    43.05994     1.21525
  -3.71430   4.38621   2.21783    43.85789    44.33870    -0.48081
  -3.30461   4.38621   2.17748    39.92655    40.85155    -0.92501
  -3.50945   4.74102   2.17748    40.91299    42.33036    -1.41737
  -3.91915   4.74102   2.17748    46.47837    47.47999    -1.00161
  -3.50945   4.03141   2.17748    42.65935    41.90012     0.75923
  -2.91067   4.38621   2.05798    38.21094    39.59680    -1.38587
  -3.01833   4.78803   2.05798    37.10777    39.02688    -1.91910
  -3.31248   5.08218   2.05798    38.93445    40.70197    -1.76752
  -3.71430   5.18985   2.05798    43.40232    44.61109    -1.20877
  -3.71430   3.58258   2.05798    44.75461    40.23356     4.52104
  -3.31248   3.69025   2.05798    43.51716    41.12345     2.39370
  -3.01833   3.98440   2.05798    41.08430    41.14364    -0.05934
  -2.54760   4.38621   1.86391    38.38538    39.89065    -1.50527
  -2.62639   4.80767   1.86391    36.21797    38.15907    -1.94110
  -2.85210   5.17221   1.86391    36.51290    38.54400    -2.03111
  -3.19426   5.43060   1.86391    39.04050    40.63803    -1.59753
  -3.60665   5.54793   1.86391    43.18018    43.99514    -0.81496
  -4.03358   5.50837   1.86391    48.62948    48.77476    -0.14528
  -2.62639   3.96475   1.86391    42.15232    43.06196    -0.90964
  -2.22938   4.38621   1.60275    40.02632    40.88467    -0.85835
  -2.28953   4.80456   1.60275    37.09083    38.33419    -1.24336
  -2.46510   5.18902   1.60275    36.52858    38.17710    -1.64851
  -2.74188   5.50844   1.60275    38.04841    39.73453    -1.68612
  -3.09744   5.73695   1.60275    40.98076    42.17598    -1.19521
  -3.50297   5.85602   1.60275    44.66550    44.97500    -0.30950
  -3.92563   5.85602   1.60275    48.85789    48.26003     0.59786
  -4.33116   5.73695   1.60275    53.89554    52.77905     1.11649
  -1.96821   4.38621   1.28453    42.31924    41.44063     0.87861
  -2.01895   4.80408   1.28453    38.84598    38.53015     0.31583
  -2.16822   5.19766   1.28453    38.05280    38.54387    -0.49107
  -2.40734   5.54408   1.28453    39.42454    40.50978    -1.08524
  -2.72241   5.82321   1.28453    42.22700    43.39539    -1.16839
  -3.09513   6.01883   1.28453    45.60802    46.26661    -0.65859
  -3.50383   6.11957   1.28453    48.90370    48.61361     0.29009
  -3.92477   6.11957   1.28453    51.98477    50.65296     1.33181
  -4.33347   6.01883   1.28453    55.31245    53.25189     2.06057
  -1.81951   4.80329   0.92146    40.26979    37.60906     2.66073
  -1.95347   5.20086   0.92146    40.02946    38.72014     1.30932
  -2.16976   5.56034   0.92146    42.07137    41.95462     0.11675
  -2.45828   5.86492   0.92146    45.58857    46.19298    -0.60441
  -4.02818   6.30080   0.92146    56.99041    55.03292     1.95750
  -4.43242   6.18856   0.92146    58.40168    55.66277     2.73891
  -4.80309   5.99205   0.92146    60.64252    57.69663     2.94589
  -1.82157   5.19845   0.52752    41.26251    37.90570     3.35681
  -2.02382   5.56283   0.52752    45.07840    43.46131     1.61709
  -4.62136   6.23538   0.52752    61.23865    58.19895     3.03971
  -4.97502   6.01493   0.52752    61.40933    58.29893     3.11040
  -1.77415   5.18985   0.11783    40.58292    35.54272     5.04020
  -4.88100   6.13230   0.11783    61.46895    58.67203     2.79691
  -5.19923   5.87114   0.11783    60.03572    57.48547     2.55025
  -5.27708   5.72781  -0.29186    56.59320    54.97890     1.61430
  -5.51515   5.38576  -0.29186    54.85625    54.04236     0.81389
  -5.27708   3.04462  -0.29186    46.26690    41.23879     5.02811
  -5.12284   5.72045  -0.68581    54.48226    53.73583     0.74643
  -5.37673   5.38646  -0.68581    50.72097    50.53238     0.18858
  -5.55289   5.00570  -0.68581    48.24230    48.83371    -0.59141
  -5.64307   4.59598  -0.68581    46.48402    47.70400    -1.21998
  -5.64307   4.17645  -0.68581    45.07401    46.37992    -1.30591
  -5.55289   3.76672  -0.68581    44.02167    44.63256    -0.61089
  -5.37673   3.38596  -0.68581    43.81209    42.98860     0.82348
  -5.12284   3.05198  -0.68581    45.34635    42.80448     2.54187
  -5.02127   5.54408  -1.04887    50.98828    51.27682    -0.28853
  -5.26038   5.19766  -1.04887    46.33342    47.08021    -0.74679
  -5.40965   4.80408  -1.04887    43.22913    44.53644    -1.30731
  -5.46039   4.38621  -1.04887    41.29766    42.91692    -1.61926
  -5.40965   3.96835  -1.04887    40.45554    41.84656    -1.39102
  -5.26038   3.57477  -1.04887    40.96884    41.60918    -0.64034
  -5.02127   3.22834  -1.04887    43.38287    43.28601     0.09686
  -4.96350   5.18902  -1.36710    45.31434    46.42464    -1.11030
  -5.13908   4.80456  -1.36710    41.22361    42.70738    -1.48377
  -5.19923   4.38621  -1.36710    38.96708    40.64598    -1.67889
  -5.13908   3.96786  -1.36710    38.53599    39.99415    -1.45816
  -4.96350   3.58340  -1.36710    40.21144    41.14652    -0.93508
  -4.70625   5.00040  -1.62826    43.33016    44.42331    -1.09315
  -4.86113   4.60059  -1.62826    39.41701    40.71983    -1.30282
  -4.86113   4.17183  -1.62826    38.09422    39.26608    -1.17186
  -4.70625   3.77203  -1.62826    39.60024    40.21684    -0.61660
  -4.41027   4.78803  -1.82232    42.04000    42.30158    -0.26158
  -4.51794   4.38621  -1.82232    39.15785    39.39109    -0.23324
  -4.41027   3.98440  -1.82232    39.68056    39.16919     0.51137
  -3.50945   4.74102  -1.94182    42.76226    38.84673     3.91554
  -3.91915   4.74102  -1.94182    43.14065    41.27885     1.86180
  -4.12399   4.38621  -1.94182    40.30745    38.71083     1.59661
  -3.91915   4.03141  -1.94182    40.83455    37.31462     3.51993
  -3.71430   4.38621  -1.98217    40.35890    36.27810     4.08080
  -1.16193   3.40333   0.93897    50.59233    49.82401     0.76832
  -1.26960   3.80514   0.93897    46.73063    45.25488     1.47575
  -1.26960   3.00151   0.93897    55.47623    55.44466     0.03157
  -0.79887   3.40333   0.74490    49.81484    48.24734     1.56750
  -0.87765   3.82478   0.74490    44.57325    43.00953     1.56372
  -1.10336   4.18932   0.74490    41.26063    39.15951     2.10112
  -1.44552   4.44771   0.74490    40.76302    37.31458     3.44843
  -0.87765   2.98187   0.74490    55.42791    53.38193     2.04599
  -0.48064   3.40333   0.48374    50.67139    48.93152     1.73987
  -0.54079   3.82168   0.48374    44.32539    42.94258     1.38281
  -0.71637   4.20613   0.48374    39.35426    37.98194     1.37232
  -0.99314   4.52556   0.48374    36.73754    34.85718     1.88036
  -1.34870   4.75406   0.48374    37.02369    33.79347     3.23022
  -0.21948   3.40333   0.16552    52.95490    51.42667     1.52823
  -0.27022   3.82119   0.16552    45.30305    44.25801     1.04504
  -0.41948   4.21477   0.16552    38.88614    38.16053     0.72561
  -0.65860   4.56119   0.16552    34.51114    33.85947     0.65167
  -0.97367   4.84032   0.16552    32.87397    31.71511     1.15885
  -1.34639   5.03594   0.16552    34.54252    31.95922     2.58329
  -0.07078   3.82040  -0.19755    47.17867    46.49546     0.68322
  -0.20473   4.21797  -0.19755    39.38814    39.16722     0.22093
  -0.42103   4.57745  -0.19755    33.50838    33.76961    -0.26123
  -0.70954   4.88203  -0.19755    30.14744    30.55259    -0.40515
  -1.05678   5.11747  -0.19755    29.93346    29.76115     0.17231
  -1.44652   5.27275  -0.19755    33.64141    31.88907     1.75234
   0.05192   3.81793  -0.59149    49.56133    49.15311     0.40822
  -0.07283   4.21556  -0.59149    40.48315    40.54364    -0.06049
  -0.27508   4.57994  -0.59149    33.30820    34.14363    -0.83543
  -0.54653   4.89614  -0.59149    28.52972    30.01369    -1.48397
  -0.87608   5.15123  -0.59149    26.69049    28.26003    -1.56954
  -1.25024   5.33476  -0.59149    28.45191    29.22678    -0.77487
  -1.65367   5.43922  -0.59149    34.90145    33.82409     1.07736
  -0.02542   4.20696  -1.00118    41.80029    41.85828    -0.05799
  -0.21948   4.57002  -1.00118    33.52909    34.60053    -1.07144
  -0.48064   4.88825  -1.00118    27.64556    29.76251    -2.11695
  -0.79887   5.14941  -1.00118    24.57641    27.28095    -2.70454
  -1.16193   5.34347  -1.00118    24.81424    27.30529    -2.49106
  -1.55587   5.46297  -1.00118    29.04804    30.34402    -1.29597
  -1.96556   5.50332  -1.00118    38.50587    37.56387     0.94200
  -0.07283   4.21556  -1.41087    42.30104    42.11147     0.18957
  -0.27508   4.57994  -1.41087    33.04026    34.19967    -1.15941
  -0.54653   4.89614  -1.41087    26.48153    29.01476    -2.53323
  -0.87608   5.15123  -1.41087    22.92355    26.32452    -3.40097
  -1.25024   5.33476  -1.41087    22.72400    26.13477    -3.41077
  -1.65367   5.43922  -1.41087    26.28700    28.69550    -2.40850
  -2.06988   5.46033  -1.41087    34.04490    34.45981    -0.41491
  -0.20473   4.21797  -1.80482    41.96909    41.39519     0.57390
  -0.42103   4.57745  -1.80482    32.06197    33.22096    -1.15899
  -0.70954   4.88203  -1.80482    25.27546    28.02814    -2.75268
  -1.05678   5.11747  -1.80482    21.71685    25.42820    -3.71135
  -1.44652   5.27275  -1.80482    21.55056    25.26652    -3.71596
  -1.86053   5.34063  -1.80482    24.78035    27.46704    -2.68669
  -2.27944   5.31791  -1.80482    30.94563    31.71212    -0.76649
  -2.68369   5.20568  -1.80482    38.41550    36.72824     1.68726
  -0.41948   4.21477  -2.16788    40.20140    39.45944     0.74195
  -0.65860   4.56119  -2.16788    30.35201    31.58129    -1.22928
  -0.97367   4.84032  -2.16788    23.98341    26.80655    -2.82314
  -1.34639   5.03594  -2.16788    21.04855    24.64134    -3.59279
  -1.75510   5.13668  -2.16788    21.41502    24.72676    -3.31175
  -2.17603   5.13668  -2.16788    24.50550    26.55487    -2.04937
  -2.58473   5.03594  -2.16788    28.99847    29.14391    -0.14544
  -2.95745   4.84032  -2.16788    32.95994    31.09354     1.86640
  -3.27253   4.56119  -2.16788    35.17379    31.77388     3.39991
  -3.51165   4.21477  -2.16788    36.45830    32.43111     4.02720
  -3.66091   3.82119  -2.16788    38.30820    34.60425     3.70395
  -3.66091   2.98546  -2.16788    43.21470    41.39820     1.81649
  -3.51165   2.59188  -2.16788    45.62684    43.81803     1.80882
  -3.27253   2.24546  -2.16788    48.96268    45.37291     3.58977
  -0.71637   4.20613  -2.48611    36.85928    36.38221     0.47707
  -0.99314   4.52556  -2.48611    28.02144    29.42364    -1.40220
  -1.34870   4.75406  -2.48611    22.91100    25.55624    -2.64524
  -1.75424   4.87313  -2.48611    21.32654    24.18349    -2.85695
  -2.17689   4.87313  -2.48611    22.59787    24.62314    -2.02527
  -2.58242   4.75406  -2.48611    25.44551    25.95835    -0.51284
  -2.93798   4.52556  -2.48611    28.44375    27.35113     1.09262
  -3.21476   4.20613  -2.48611    30.99081    28.76121     2.22960
  -3.39034   3.82168  -2.48611    33.45881    30.81035     2.64845
  -3.45049   3.40333  -2.48611    36.18345    33.62868     2.55477
  -3.39034   2.98497  -2.48611    39.16663    36.65081     2.51582
  -3.21476   2.60051  -2.48611    42.68131    39.49087     3.19044
  -1.10336   4.18932  -2.74727    32.58280    32.62065    -0.03785
  -1.44552   4.44771  -2.74727    25.77558    27.20515    -1.42957
  -1.85791   4.56505  -2.74727    23.00764    24.83064    -1.82301
  -2.28485   4.52548  -2.74727    23.46760    24.59795    -1.13035
  -2.66866   4.33437  -2.74727    25.70091    25.55321     0.14770
  -2.95751   4.01751  -2.74727    28.53474    27.21189     1.32285
  -3.11240   3.61771  -2.74727    31.66727    29.63726     2.03000
  -3.11240   3.18894  -2.74727    35.22587    32.76184     2.46403
  -2.95751   2.78914  -2.74727    39.50110    36.39645     3.10464
  -1.26960   3.80514  -2.94133    37.66249    36.65098     1.01151
  -1.56375   4.09929  -2.94133    29.59649    29.77502    -0.17854
  -1.96556   4.20696  -2.94133    25.94877    26.54585    -0.59707
  -2.36738   4.09929  -2.94133    26.17593    26.14763     0.02830
  -2.66153   3.80514  -2.94133    28.67593    27.61980     1.05613
  -2.76920   3.40333  -2.94133    32.41902    30.51319     1.90583
  -2.66153   3.00151  -2.94133    37.27218    34.67670     2.59548
  -1.76072   3.75813  -3.06083    32.87522    32.13963     0.73560
  -2.17041   3.75813  -3.06083    30.06524    29.32089     0.74434
  -2.37525   3.40333  -3.06083    33.37911    31.74891     1.63020
  -2.17041   3.04852  -3.06083    39.86129    37.64079     2.22049
  -1.96556   3.40333  -3.10118    36.30519    34.82387     1.48132
  -0.86839   2.31797   0.76782    60.96443    58.70272     2.26171
  -1.07323   2.67277   0.76782    59.29839    56.83802     2.46037
  -0.47444   2.31797   0.64832    62.56270    61.36338     1.19931
  -0.58211   2.71979   0.64832    59.59709    57.69258     1.90450
  -0.11138   2.31797   0.45426    66.75321    66.46984     0.28337
  -0.19016   2.73943   0.45426    62.79550    61.88027     0.91524
  -0.41588   3.10397   0.45426    56.05731    54.13198     1.92533
   0.20685   2.31797   0.19309    72.74780    72.93101    -0.18321
   0.14670   2.73632   0.19309    67.58466    67.64149    -0.05684
  -0.02888   3.12078   0.19309    60.15432    59.46762     0.68669
   0.14670   1.89962   0.19309    74.17351    73.69156     0.48194
   0.46801   2.31797  -0.12513    79.45463    79.83142    -0.37679
   0.41727   2.73583  -0.12513    72.64740    73.62701    -0.97960
   0.26801   3.12941  -0.12513    64.56508    65.05911    -0.49403
   0.02889   3.47584  -0.12513    55.23150    54.65957     0.57193
   0.61671   2.73504  -0.48820    77.25960    78.99468    -1.73508
   0.48275   3.13261  -0.48820    68.50584    70.09248    -1.58664
   0.26646   3.49209  -0.48820    59.20364    59.74543    -0.54179
   0.41241   3.49458  -0.88214    62.61604    63.91136    -1.29533
   0.14095   3.81079  -0.88214    52.29915    52.22802     0.07113
  -3.20685   2.10820  -2.09547    51.33781    46.84020     4.49761
  -3.11666   1.69847  -2.09547    52.43218    47.51196     4.92022
  -3.02416   2.31797  -2.45853    46.53736    42.09294     4.44442
  -2.97342   1.90010  -2.45853    49.19423    45.05652     4.13772
  -2.82416   1.50652  -2.45853    49.29715    45.50871     3.78844
  -2.76300   2.31797  -2.77676    45.69587    42.26210     3.43377
  -2.70285   1.89962  -2.77676    48.25548    45.32709     2.92839
  -2.52727   1.51516  -2.77676    48.56233    46.58334     1.97899
  -2.27002   2.93215  -3.03792    40.78372    38.35181     2.43191
  -2.42491   2.53235  -3.03792    44.81045    42.48950     2.32095
  -2.42491   2.10359  -3.03792    47.98502    46.14140     1.84363
  -2.27002   1.70378  -3.03792    49.44963    48.61046     0.83917
  -1.98117   1.38692  -3.03792    49.96858    50.63830    -0.66971
  -1.59736   1.19581  -3.03792    51.33404    53.55376    -2.21972
  -1.17043   1.15625  -3.03792    55.05894    58.23838    -3.17944
  -1.67989   3.01394  -3.23198    45.79564    45.19027     0.60538
  -1.97404   2.71979  -3.23198    46.18219    45.28029     0.90190
  -2.08171   2.31797  -3.23198    48.59434    47.93492     0.65941
  -1.97404   1.91615  -3.23198    50.75297    50.98455    -0.23158
  -1.67989   1.62200  -3.23198    52.64052    54.25205    -1.61154
  -1.27808   1.51433  -3.23198    55.75861    58.61571    -2.85710
  -1.48292   2.67277  -3.35148    51.19976    52.07009    -0.87033
  -1.68777   2.31797  -3.35148    51.40181    52.28940    -0.88758
  -1.48292   1.96317  -3.35148    54.14089    56.17689    -2.03600
  -0.77219   1.48009   1.06061    59.59395    60.51186    -0.91791
  -0.60596   1.86427   0.86655    60.86403    61.01172    -0.14769
  -0.94812   2.12266   0.86655    60.49568    58.99378     1.50190
  -0.21896   1.88109   0.60539    65.30742    65.72065    -0.41322
   0.07792   1.88972   0.28716    72.11590    71.85869     0.25721
   0.47199   1.07828  -1.68317    85.78996    83.99980     1.79016
  -3.16351   1.49614  -2.04624    51.97661    47.72523     4.25138
  -3.01424   0.26683  -2.04624    53.91813    49.95707     3.96105
   0.22719   0.66041  -2.04624    77.55390    76.97247     0.58143
  -2.89294   1.49663  -2.36446    49.80355    45.59332     4.21023
  -2.95309   1.07828  -2.36446    48.00385    45.18937     2.81448
  -2.89294   0.65992  -2.36446    48.15571    45.91059     2.24512
  -2.71736   0.27546  -2.36446    50.80631    48.77459     2.03172
  -0.04339   0.65992  -2.36446    69.75960    71.19618    -1.43658
  -2.61499   1.29265  -2.62562    47.66499    45.48772     2.17727
  -2.61499   0.86389  -2.62562    46.33216    45.30584     1.02632
  -2.46011   0.46409  -2.62562    47.44537    47.29696     0.14841
  -2.17125   0.14723  -2.62562    50.80819    51.56488    -0.75669
  -1.36051  -0.08345  -2.62562    55.76049    59.65028    -3.88979
  -0.94812   0.03389  -2.62562    57.32299    61.62726    -4.30427
  -0.60596   0.29228  -2.62562    59.67302    63.31722    -3.64421
  -0.38025   0.65682  -2.62562    62.64616    65.53898    -2.89283
  -2.27180   1.07828  -2.81968    46.82162    46.84897    -0.02735
  -2.16413   0.67646  -2.81968    46.36668    47.55153    -1.18485
  -1.86998   0.38231  -2.81968    48.13500    50.63220    -2.49720
  -1.46816   0.27464  -2.81968    50.48565    54.25180    -3.76615
  -1.06634   0.38231  -2.81968    53.08166    57.24306    -4.16140
  -0.77219   0.67646  -2.81968    56.53108    60.21060    -3.67952
  -1.87785   1.07828  -2.93919    48.39855    49.92076    -1.52221
  -1.67301   0.72347  -2.93919    48.16449    50.94679    -2.78230
  -1.26332   0.72347  -2.93919    51.19097    54.75499    -3.56402
  -1.46816   1.07828  -2.97954    51.35663    54.06306    -2.70642
  -1.73338   0.98306   1.85668    56.65972    57.63519    -0.97547
  -1.84105   1.38488   1.85668    55.27480    56.72386    -1.44905
  -1.37032   0.98306   1.66262    57.74593    59.11043    -1.36450
  -1.44910   1.40452   1.66262    56.78584    59.07684    -2.29100
  -1.67482   1.76906   1.66262    54.28145    58.16761    -3.88615
  -1.44910   0.56160   1.66262    56.61955    57.20278    -0.58323
  -1.05209   0.98306   1.40146    59.06810    60.23017    -1.16207
  -1.11224   1.40141   1.40146    58.50083    60.25381    -1.75298
  -1.28782   1.78587   1.40146    57.11842    59.81149    -2.69307
  -1.11224   0.56471   1.40146    58.51777    58.14312     0.37465
  -0.99093   1.79451   1.08323    59.28019    59.63535    -0.35515
  -1.23005   2.14093   1.08323    58.77191    59.87923    -1.10732
  -4.23236   0.56520  -1.25017    50.39090    49.39844     0.99245
  -4.02194   0.98306  -1.56839    48.54790    49.49613    -0.94823
  -3.96179   0.56471  -1.56839    50.54777    49.81906     0.72871
  -3.78621   0.18025  -1.56839    53.24104    51.30577     1.93528
  -3.50943  -0.13917  -1.56839    58.68092    54.66634     4.01458
  -3.52896   1.59725  -1.82955    50.94248    50.88169     0.06079
  -3.68385   1.19744  -1.82955    49.38625    49.58891    -0.20266
  -3.68385   0.76868  -1.82955    50.39654    49.26250     1.13404
  -3.52896   0.36888  -1.82955    52.97121    50.29080     2.68041
  -3.23299   1.38488  -2.02361    51.36667    47.92595     3.44072
  -3.34065   0.98306  -2.02361    50.33003    47.84165     2.48838
  -3.23299   0.58125  -2.02361    51.59571    48.33004     3.26567
   5.74893  -1.35113  -0.28359    96.76887    93.31149     3.45738
   6.16893  -1.46367  -0.28359    90.84957    88.66381     2.18576
   6.58893  -1.35113  -0.28359    87.40956    86.10322     1.30634
   6.89639  -1.04367  -0.28359    85.85083    85.27773     0.57310
   7.35687  -0.62367  -0.55058    84.72696    86.85532    -2.12836
   5.45303  -1.57166  -0.55058    95.28920    92.44118     2.84802
   5.84383  -1.76626  -0.55058    90.07585    88.53706     1.53879
   6.27854  -1.80654  -0.55058    86.63082    85.93092     0.69991
   6.69844  -1.68707  -0.55058    84.33916    84.29281     0.04634
   7.04682  -1.42398  -0.55058    82.99817    83.58973    -0.59156
   7.27665  -1.05280  -0.55058    82.79674    84.12282    -1.32607
   7.62385  -0.62367  -0.89851    84.40379    86.99357    -2.58978
   5.44147  -1.88367  -0.89851    89.60020    87.85796     1.74224
   5.84518  -2.04211  -0.89851    86.35284    85.63521     0.71762
   6.27765  -2.07452  -0.89851    84.05615    83.98713     0.06902
   6.70047  -1.97801  -0.89851    82.43655    82.85934    -0.42279
   7.07606  -1.76117  -0.89851    81.39990    82.28359    -0.88369
   7.37104  -1.44325  -0.89851    81.02842    82.41876    -1.39034
   7.55921  -1.05251  -0.89851    81.69797    83.67360    -1.97563
   7.79168  -0.62367  -1.30370    83.44433    85.87588    -2.43155
   7.73639  -0.20366  -1.30370    88.95198    91.71868    -2.76670
   5.02147  -1.77113  -1.30370    87.08891    84.39186     2.69705
   5.35755  -2.02901  -1.30370    84.72257    83.58575     1.13682
   5.74893  -2.19113  -1.30370    82.98374    82.67402     0.30972
   6.16893  -2.24642  -1.30370    81.62832    81.83124    -0.20292
   6.58893  -2.19113  -1.30370    80.60046    81.16828    -0.56782
   6.98031  -2.02901  -1.30370    79.89074    80.77368    -0.88294
   7.31639  -1.77113  -1.30370    79.54938    80.75917    -1.20980
   7.57427  -1.43504  -1.30370    79.73575    81.31599    -1.58024
   7.73639  -1.04367  -1.30370    80.80252    82.80020    -1.99768
   7.84893  -0.62367  -1.73851    81.94458    83.84842    -1.90384
   7.79615  -0.20587  -1.73851    86.16835    88.36863    -2.20028
   5.09805  -1.91813  -1.73851    78.75370    77.59685     1.15685
   5.45362  -2.14377  -1.73851    78.80766    78.54778     0.25988
   5.85413  -2.27391  -1.73851    78.59305    78.82577    -0.23272
   6.27441  -2.30035  -1.73851    78.28244    78.81580    -0.53337
   6.68808  -2.22144  -1.73851    78.00006    78.74702    -0.74696
   7.06912  -2.04214  -1.73851    77.84067    78.77725    -0.93658
   7.39360  -1.77370  -1.73851    77.91472    79.05405    -1.13934
   7.64112  -1.43301  -1.73851    78.39790    79.76796    -1.37006
   7.79615  -1.04146  -1.73851    79.58452    81.21115    -1.62663
   7.79168  -0.62367  -2.17333    80.33879    81.31183    -0.97305
   7.73639  -0.20366  -2.17333    84.24441    85.25979    -1.01539
   5.35755  -2.02901  -2.17333    72.33616    72.45190    -0.11574
   5.74893  -2.19113  -2.17333    73.88046    74.32125    -0.44079
   6.16893  -2.24642  -2.17333    74.72069    75.32402    -0.60333
   6.58893  -2.19113  -2.17333    75.21203    75.90351    -0.69148
   6.98031  -2.02901  -2.17333    75.58477    76.33997    -0.75520
   7.31639  -1.77113  -2.17333    76.02842    76.84589    -0.81747
   7.57427  -1.43504  -2.17333    76.75445    77.63534    -0.88089
   7.73639  -1.04367  -2.17333    78.05089    78.98640    -0.93552
   7.62385  -0.62367  -2.57851    78.66396    78.27235     0.39161
   5.44147  -1.88367  -2.57851    65.71781    66.30055    -0.58274
   5.84518  -2.04211  -2.57851    69.11892    69.70665    -0.58774
   6.27765  -2.07452  -2.57851    71.14640    71.68086    -0.53447
   6.70047  -1.97801  -2.57851    72.45727    72.90847    -0.45120
   7.07606  -1.76117  -2.57851    73.48136    73.82508    -0.34372
   7.37104  -1.44325  -2.57851    74.57009    74.76548    -0.19539
   7.55921  -1.05251  -2.57851    76.11251    76.08007     0.03244
   7.35687  -0.62367  -2.92645    76.49968    74.35360     2.14609
   5.84383  -1.76626  -2.92645    63.48137    63.89121    -0.40984
   6.27854  -1.80654  -2.92645    67.23262    67.35080    -0.11818
   6.69844  -1.68707  -2.92645    69.62532    69.43168     0.19363
   7.04682  -1.42398  -2.92645    71.48212    70.88618     0.59594
   7.27665  -1.05280  -2.92645    73.48952    72.29717     1.19235
   6.16893  -1.46367  -3.19344    62.15984    61.44048     0.71936
   6.58893  -1.35113  -3.19344    66.37042    65.00922     1.36121
   6.89639  -1.04367  -3.19344    69.46718    67.11043     2.35676
   6.30041   2.31537  -1.60893   103.37905   103.78797    -0.40891
   7.81444   0.86452  -2.01412    94.32597    95.94103    -1.61506
   7.75915   1.28452  -2.01412    97.50054    98.64236    -1.14182
   7.59703   1.67590  -2.01412    99.02037    99.86276    -0.84239
   7.33915   2.01198  -2.01412    98.59994    99.37595    -0.77601
   7.00307   2.26987  -2.01412    97.09392    97.82461    -0.73069
   6.61169   2.43198  -2.01412    95.67575    96.09880    -0.42306
   6.19169   2.48728  -2.01412    95.26786    94.83413     0.43373
   7.75915   0.44452  -2.01412    91.08928    93.00648    -1.91720
   7.87169   0.86452  -2.44893    86.80151    88.14030    -1.33880
   7.81891   1.28232  -2.44893    88.59869    89.90138    -1.30268
   7.66388   1.67387  -2.44893    89.80853    90.97132    -1.16279
   7.41636   2.01456  -2.44893    90.19571    91.19119    -0.99549
   7.09188   2.28299  -2.44893    89.96666    90.72577    -0.75910
   6.71084   2.46230  -2.44893    89.54561    89.88334    -0.33774
   6.29717   2.54121  -2.44893    89.34104    88.91973     0.42131
   5.87689   2.51476  -2.44893    89.63910    87.91192     1.72719
   5.47638   2.38463  -2.44893    90.56531    86.67230     3.89301
   7.81891   0.44672  -2.44893    85.16182    86.23181    -1.06999
   7.81444   0.86452  -2.88375    82.08264    82.90855    -0.82592
   7.75915   1.28452  -2.88375    83.40166    84.41233    -1.01067
   7.59703   1.67590  -2.88375    84.39626    85.38165    -0.98538
   7.33915   2.01198  -2.88375    84.90517    85.73753    -0.83236
   7.00307   2.26987  -2.88375    84.99553    85.54509    -0.54955
   6.61169   2.43198  -2.88375    84.84619    84.92394    -0.07776
   6.19169   2.48728  -2.88375    84.61401    83.93707     0.67694
   5.77169   2.43198  -2.88375    84.30778    82.49089     1.81689
   5.38031   2.26987  -2.88375    83.64576    80.23693     3.40883
   5.04423   2.01198  -2.88375    81.85548    76.44891     5.40657
   7.59703   0.05314  -2.88375    80.29737    79.37476     0.92261
   7.75915   0.44452  -2.88375    80.85146    81.11409    -0.26263
   7.64661   0.86452  -3.28893    78.58490    78.92396    -0.33906
   7.58197   1.29337  -3.28893    79.81795    80.46010    -0.64215
   7.39380   1.68411  -3.28893    80.69898    81.37184    -0.67286
   7.09882   2.00203  -3.28893    81.12255    81.63921    -0.51667
   6.72323   2.21887  -3.28893    81.11000    81.29402    -0.18402
   6.30041   2.31537  -3.28893    80.70525    80.34250     0.36275
   5.86794   2.28297  -3.28893    79.82737    78.65994     1.16742
   5.46423   2.12452  -3.28893    78.10799    75.88767     2.22032
   5.12515   1.85412  -3.28893    74.74203    71.35816     3.38387
   7.39380   0.04493  -3.28893    75.94685    74.17839     1.76846
   7.58197   0.43568  -3.28893    77.23010    76.83386     0.39625
   7.37963   0.86452  -3.63687    75.55591    75.52737     0.02854
   7.29941   1.29365  -3.63687    76.86866    77.19093    -0.32227
   7.06959   1.66483  -3.63687    77.61351    77.97279    -0.35927
   6.72120   1.92792  -3.63687    77.71203    77.87983    -0.16780
   6.30130   2.04739  -3.63687    77.09456    76.86807     0.22649
   5.86659   2.00711  -3.63687    75.54650    74.74611     0.80039
   5.47579   1.81252  -3.63687    72.52692    71.08659     1.44034
   5.18168   1.48989  -3.63687    67.12344    65.29058     1.83286
   7.06959   0.06421  -3.63687    71.27065    69.10211     2.16853
   7.29941   0.43539  -3.63687    73.75496    72.92333     0.83163
   7.03169   0.86452  -3.90385    72.58904    72.34151     0.24753
   6.91915   1.28452  -3.90385    74.02102    74.11141    -0.09039
   6.61169   1.59198  -3.90385    74.29148    74.36262    -0.07114
   6.19169   1.70452  -3.90385    73.20400    73.01498     0.18903
   5.77169   1.59198  -3.90385    70.30554    69.77873     0.52681
   5.46423   1.28452  -3.90385    64.94472    64.33525     0.60947
   6.61169   0.13706  -3.90385    65.61114    63.67404     1.93710
   6.91915   0.44452  -3.90385    69.96354    68.95079     1.01275
   6.62650   0.86452  -4.07169    69.42514    69.11236     0.31278
   6.40909   1.24108  -4.07169    70.46430    70.39062     0.07368
   5.97428   1.24108  -4.07169    67.67878    67.50497     0.17382
   5.75687   0.86452  -4.07169    61.87181    61.75079     0.12101
   5.97428   0.48796  -4.07169    60.06270    59.58524     0.47746
   6.40909   0.48796  -4.07169    65.08780    64.26864     0.81915
   6.19169   0.86452  -4.12893    65.88724    65.64000     0.24724
   4.19754   2.48698   0.34035    93.72168    98.32620    -4.60452
   5.14705   2.82292   0.07337    87.74089    89.89705    -2.15616
   4.72715   2.94239   0.07337    85.95751    88.45396    -2.49645
   4.29245   2.90211   0.07337    87.17801    90.27363    -3.09562
   3.90165   2.70752   0.07337    91.32334    95.49515    -4.17181
   5.52467   2.89702  -0.27457    86.90003    89.25847    -2.35844
   5.14908   3.11387  -0.27457    83.77503    85.50165    -1.72662
   4.72627   3.21037  -0.27457    82.93479    84.39427    -1.45948
   4.29379   3.17797  -0.27457    83.93379    85.64065    -1.70686
   3.89008   3.01952  -0.27457    86.71993    89.27948    -2.55955
   3.55101   2.74912  -0.27457    91.57058    95.57769    -4.00711
   6.02289   2.57090  -0.67975    96.92323    99.85467    -2.93144
   5.76500   2.90698  -0.67975    88.32573    90.42409    -2.09836
   5.42892   3.16487  -0.67975    83.83213    84.98709    -1.15496
   5.03754   3.32698  -0.67975    81.76574    82.26075    -0.49501
   4.61754   3.38228  -0.67975    81.38296    81.63087    -0.24791
   4.19754   3.32698  -0.67975    82.38258    82.86630    -0.48372
   3.80616   3.16487  -0.67975    84.73261    85.98058    -1.24797
   3.47008   2.90698  -0.67975    88.60873    91.15574    -2.54701
   3.21219   2.57090  -0.67975    94.59957    98.61157    -4.01201
   6.08973   2.56887  -1.11457    98.14751    99.88620    -1.73869
   5.84221   2.90956  -1.11457    89.24817    90.29951    -1.05134
   5.51773   3.17799  -1.11457    84.14087    84.34639    -0.20552
   5.13669   3.35729  -1.11457    81.50093    81.03745     0.46348
   4.72303   3.43621  -1.11457    80.55653    79.75711     0.79942
   4.30274   3.40976  -1.11457    80.92802    80.20408     0.72393
   3.90223   3.27963  -1.11457    82.49742    82.29685     0.20057
   3.54667   3.05398  -1.11457    85.34192    86.10920    -0.76728
   3.25839   2.74700  -1.11457    89.73762    91.79642    -2.05880
   6.02289   2.57090  -1.54939    96.43001    96.62877    -0.19876
   5.76500   2.90698  -1.54939    88.47131    88.14666     0.32465
   5.42892   3.16487  -1.54939    83.64388    82.67642     0.96746
   5.03754   3.32698  -1.54939    81.09117    79.63295     1.45822
   4.61754   3.38228  -1.54939    80.18379    78.54165     1.64214
   4.19754   3.32698  -1.54939    80.57975    79.14137     1.43838
   3.80616   3.16487  -1.54939    82.16860    81.34353     0.82507
   3.47008   2.90698  -1.54939    85.00306    85.16130    -0.15824
   3.21219   2.57090  -1.54939    89.23373    90.58023    -1.34650
   3.05008   2.17952  -1.54939    94.97294    97.27883    -2.30590
   5.81965   2.57911  -1.95457    93.40918    91.88803     1.52115
   5.52467   2.89702  -1.95457    86.26310    84.51754     1.74556
   5.14908   3.11387  -1.95457    82.22445    80.14099     2.08346
   4.72627   3.21037  -1.95457    80.36953    78.13534     2.23419
   4.29379   3.17797  -1.95457    80.13296    78.09331     2.03966
   3.89008   3.01952  -1.95457    81.23675    79.79291     1.44385
   3.55101   2.74912  -1.95457    83.56921    83.08506     0.48414
   3.30670   2.39079  -1.95457    86.98411    87.69072    -0.70661
   3.17887   1.97637  -1.95457    91.00017    92.92347    -1.92330
   5.49544   2.55983  -2.30251    89.25444    86.18603     3.06841
   5.14705   2.82292  -2.30251    83.46943    80.62835     2.84108
   4.72715   2.94239  -2.30251    80.72721    78.00215     2.72506
   4.29245   2.90211  -2.30251    80.05515    77.69955     2.35560
   3.90165   2.70752  -2.30251    80.91484    79.29506     1.61978
   3.60753   2.38489  -2.30251    82.87581    82.29101     0.58480
   3.44983   1.97780  -2.30251    85.27666    85.79953    -0.52287
   3.44983   1.54124  -2.30251    87.22759    88.37905    -1.15147
   5.03754   2.48698  -2.56949    83.93128    80.03549     3.89579
   4.61754   2.59952  -2.56949    80.65819    77.45867     3.19951
   4.19754   2.48698  -2.56949    79.92714    77.44685     2.48029
   3.89008   2.17952  -2.56949    80.62054    78.99486     1.62568
   3.77754   1.75952  -2.56949    81.33151    80.14962     1.18189
   4.83495   2.13608  -2.73733    82.32799    77.15125     5.17674
   4.40013   2.13608  -2.73733    79.50294    75.81663     3.68631
   4.18272   1.75952  -2.73733    78.29562    74.57407     3.72155
   8.75586   1.25971   0.09226    65.18631    62.59312     2.59319
   8.70057   1.67971   0.09226    65.84269    62.98516     2.85753
   8.53846   2.07108   0.09226    66.16272    63.50352     2.65920
   8.28057   2.40717   0.09226    66.20476    64.17485     2.02991
   7.94449   2.66505   0.09226    66.11942    65.08952     1.02991
   8.70057   0.83971   0.09226    64.21618    62.35830     1.85788
   8.81311   1.25971  -0.34256    72.46291    69.97852     2.48440
   8.76033   1.67751  -0.34256    72.85260    70.10492     2.74768
   8.60530   2.06905  -0.34256    73.18643    70.53014     2.65629
   8.35778   2.40975  -0.34256    73.49580    71.26331     2.23248
   8.03330   2.67818  -0.34256    73.89677    72.37779     1.51899
   7.65226   2.85748  -0.34256    74.61402    74.02797     0.58605
   7.23860   2.93639  -0.34256    76.03282    76.49072    -0.45791
   6.81831   2.90995  -0.34256    78.78507    80.24806    -1.46299
   8.03330  -0.15877  -0.34256    73.50270    74.92833    -1.42563
   8.35778   0.10967  -0.34256    72.11653    72.36337    -0.24684
   8.60530   0.45036  -0.34256    71.84356    70.91966     0.92390
   8.76033   0.84191  -0.34256    72.07135    70.20560     1.86575
   8.75586   1.25971  -0.77737    78.63886    76.32181     2.31705
   8.70057   1.67971  -0.77737    78.86288    76.27536     2.58752
   8.53846   2.07108  -0.77737    79.23311    76.69325     2.53986
   8.28057   2.40717  -0.77737    79.77591    77.57892     2.19699
   7.94449   2.66505  -0.77737    80.61364    79.01210     1.60154
   7.55311   2.82717  -0.77737    81.98035    81.16253     0.81782
   7.13311   2.88246  -0.77737    84.25382    84.32532    -0.07150
   6.71311   2.82717  -0.77737    87.98687    88.99012    -1.00325
   6.32173   2.66505  -0.77737    93.95951    95.97072    -2.01121
   7.55311  -0.30775  -0.77737    88.29498    91.05373    -2.75875
   7.94449  -0.14564  -0.77737    83.00696    84.60165    -1.59469
   8.28057   0.11224  -0.77737    80.28608    80.59620    -0.31012
   8.53846   0.44833  -0.77737    79.05302    78.22209     0.83093
   8.70057   0.83971  -0.77737    78.63447    76.90994     1.72453
   8.58803   1.25971  -1.18256    84.23060    82.25920     1.97140
   8.52339   1.68855  -1.18256    84.38811    82.11943     2.26867
   8.33522   2.07929  -1.18256    84.92212    82.69970     2.22242
   8.04024   2.39721  -1.18256    85.88597    84.01631     1.86966
   7.66465   2.61406  -1.18256    87.46667    86.19498     1.27169
   7.24184   2.71056  -1.18256    89.98988    89.47834     0.51154
   6.80936   2.67815  -1.18256    93.90931    94.23833    -0.32902
   6.40565   2.51971  -1.18256    99.77025   100.95605    -1.18580
   7.66465  -0.09464  -1.18256    92.23448    95.07582    -2.84133
   8.04024   0.12220  -1.18256    87.82372    88.92999    -1.10627
   8.33522   0.44012  -1.18256    85.56657    85.27503     0.29154
   8.52339   0.83086  -1.18256    84.53682    83.22282     1.31401
   8.32105   1.25971  -1.53050    89.73449    88.43814     1.29634
   8.24083   1.68884  -1.53050    89.96604    88.32426     1.64177
   8.01101   2.06002  -1.53050    90.95185    89.39337     1.55848
   7.66262   2.32311  -1.53050    92.84442    91.72316     1.12126
   7.24272   2.44258  -1.53050    95.98323    95.54035     0.44288
   6.80801   2.40230  -1.53050   100.81505   101.11673    -0.30168
   8.01101   0.45940  -1.53050    91.92889    92.79247    -0.86358
   8.24083   0.83057  -1.53050    90.30928    89.83407     0.47522
   7.97311   1.25971  -1.79748    95.88094    95.78946     0.09148
   7.86057   1.67971  -1.79748    96.53606    96.03853     0.49753
   7.55311   1.98717  -1.79748    98.97770    98.74042     0.23728
   7.13311   2.09971  -1.79748   103.79446   104.27292    -0.47845
   7.86057   0.83971  -1.79748    96.81844    97.89368    -1.07524
   4.43174  -1.44233   1.09352    74.76274    80.63745    -5.87472
   4.58217  -1.82264   0.82654    81.34155    83.91803    -2.57648
   4.81199  -1.45146   0.82654    75.46555    79.26635    -3.80081
   4.23582  -2.37668   0.47860    89.96792    89.80538     0.16254
   4.61140  -2.15984   0.47860    84.90894    85.42562    -0.51668
   4.90639  -1.84192   0.47860    82.40455    83.43768    -1.03313
   5.09456  -1.45118   0.47860    82.50307    83.83857    -1.33551
   3.70427  -2.64509   0.07342    95.82321    94.48723     1.33598
   4.12427  -2.58979   0.07342    90.00620    89.17533     0.83087
   4.51565  -2.42768   0.07342    86.37166    85.87575     0.49591
   4.85173  -2.16979   0.07342    84.98361    84.70053     0.28308
   5.10962  -1.83371   0.07342    86.14074    85.84600     0.29473
   5.27173  -1.44233   0.07342    90.72030    89.84659     0.87372
   2.98896  -2.54244  -0.36140   104.25380   102.37541     1.87839
   3.38947  -2.67257  -0.36140    96.56430    95.43737     1.12693
   3.80976  -2.69902  -0.36140    90.95625    90.10205     0.85419
   4.22342  -2.62011  -0.36140    87.22696    86.50503     0.72193
   4.60446  -2.44080  -0.36140    85.48625    84.81362     0.67263
   4.92894  -2.17237  -0.36140    86.06544    85.28299     0.78245
   5.17647  -1.83168  -0.36140    89.56694    88.26523     1.30171
   5.33149  -1.44013  -0.36140    96.83476    94.03521     2.79954
   3.28427  -2.58979  -0.79622    94.74954    94.35589     0.39365
   3.70427  -2.64509  -0.79622    89.29460    89.07894     0.21567
   4.12427  -2.58979  -0.79622    85.94496    85.67304     0.27192
   4.51565  -2.42768  -0.79622    84.67425    84.22208     0.45217
   4.85173  -2.16979  -0.79622    85.90480    85.02271     0.88208
   5.10962  -1.83371  -0.79622    90.49566    88.48095     2.01471
   3.38052  -2.44078  -1.20140    90.20386    91.09976    -0.89590
   3.81300  -2.47319  -1.20140    85.70964    86.43718    -0.72754
   4.23582  -2.37668  -1.20140    83.45186    83.78786    -0.33600
   4.61140  -2.15984  -1.20140    83.65204    83.28187     0.37017
   4.90639  -1.84192  -1.20140    87.09455    85.05774     2.03682
   2.98838  -1.97033  -1.54934    93.31694    95.91646    -2.59953
   3.37918  -2.16492  -1.54934    87.30351    89.68719    -2.38368
   3.81388  -2.20520  -1.54934    83.16760    84.96212    -1.79452
   4.23378  -2.08573  -1.54934    81.17777    82.06331    -0.88554
   4.58217  -1.82264  -1.54934    81.53168    80.61253     0.91915
   1.49302  -0.00324  -1.80986   103.71038    98.61673     5.09365
   2.84498  -1.86405  -1.80986    91.59756    93.76192    -2.16436
   3.26526  -1.89049  -1.80986    86.20788    89.33366    -3.12577
   2.73978   1.35366  -2.24467    90.16433    91.50666    -1.34233
   2.34840   1.19154  -2.24467    91.89688    92.18433    -0.28745
   1.75443   0.59757  -2.24467    93.59053    91.96472     1.62581
   1.59231   0.20620  -2.24467    94.18102    91.71844     2.46258
   1.53702  -0.21380  -2.24467    95.08902    92.29795     2.79107
   1.59231  -0.63381  -2.24467    95.35070    93.18514     2.16556
   1.75443  -1.02518  -2.24467    94.86500    93.67684     1.18816
   2.01232  -1.36127  -2.24467    93.71101    93.13448     0.57653
   2.34840  -1.61915  -2.24467    90.83137    90.83897    -0.00760
   2.73978  -1.78127  -2.24467    86.39865    87.21978    -0.82113
   3.15978  -1.83656  -2.24467    81.71178    83.22481    -1.51303
   3.57978  -1.78127  -2.24467    77.42714    79.12698    -1.69984
   3.97115  -1.61915  -2.24467    73.16071    74.26624    -1.10553
   3.69132   1.14054  -2.64986    78.36339    76.70139     1.66200
   3.26850   1.23705  -2.64986    81.16898    81.24555    -0.07657
   2.83603   1.20464  -2.64986    83.01072    83.22084    -0.21012
   2.43232   1.04620  -2.64986    84.70688    84.37210     0.33478
   2.09324   0.77579  -2.64986    86.07109    84.99669     1.07440
   1.84894   0.41746  -2.64986    87.02741    85.24860     1.77881
   1.72110   0.00304  -2.64986    87.83376    85.58327     2.25049
   1.72110  -0.43065  -2.64986    88.31694    86.09109     2.22585
   1.84894  -0.84507  -2.64986    88.01072    86.23417     1.77654
   2.09324  -1.20340  -2.64986    86.70299    85.42105     1.28194
   2.43232  -1.47380  -2.64986    84.13585    83.32728     0.80857
   2.83603  -1.63225  -2.64986    80.42413    80.15691     0.26722
   3.26850  -1.66466  -2.64986    76.10561    76.31829    -0.21268
   3.69132  -1.56815  -2.64986    71.22296    71.67182    -0.44886
   4.06691  -1.35131  -2.64986    64.47597    64.94767    -0.47169
   3.68929   0.84960  -2.99780    69.86942    67.98210     1.88732
   3.26939   0.96907  -2.99780    75.21894    74.11884     1.10010
   2.83468   0.92879  -2.99780    78.12619    77.10346     1.02273
   2.44388   0.73419  -2.99780    80.11728    78.68289     1.43439
   2.14977   0.41157  -2.99780    81.51286    79.53405     1.97880
   1.99206   0.00448  -2.99780    82.40078    80.01875     2.38203
   1.99206  -0.43209  -2.99780    82.68128    80.22669     2.45459
   2.14977  -0.83917  -2.99780    81.98851    79.77070     2.21781
   2.44388  -1.16180  -2.99780    80.04009    78.20697     1.83312
   2.83468  -1.35640  -2.99780    76.81971    75.45583     1.36388
   3.26939  -1.39668  -2.99780    72.52127    71.65849     0.86278
   3.68929  -1.27721  -2.99780    66.86239    66.52303     0.33936
   4.03767  -1.01411  -2.99780    58.34521    58.84360    -0.49840
   3.99978  -0.21380  -3.26478    53.08103    53.48205    -0.40102
   3.88724   0.20620  -3.26478    57.70201    56.97243     0.72958
   3.57978   0.51366  -3.26478    66.36791    64.75294     1.61498
   3.15978   0.62620  -3.26478    72.17175    70.41712     1.75463
   2.73978   0.51366  -3.26478    75.41723    73.41119     2.00604
   2.43232   0.20620  -3.26478    77.25583    74.84253     2.41330
   2.31978  -0.21380  -3.26478    77.97245    75.30197     2.67047
   2.43232  -0.63381  -3.26478    77.35184    74.74977     2.60207
   2.73978  -0.94127  -3.26478    75.06896    72.81021     2.25876
   3.15978  -1.05381  -3.26478    71.09055    69.35511     1.73544
   3.57978  -0.94127  -3.26478    65.36139    64.32763     1.03376
   3.88724  -0.63381  -3.26478    57.93481    57.88218     0.05264
   3.59459  -0.21380  -3.43261    62.89841    61.57210     1.32632
   3.37718   0.16276  -3.43261    67.00107    65.12215     1.87892
   2.94237   0.16276  -3.43261    71.95965    69.59762     2.36203
   2.72496  -0.21380  -3.43261    73.64514    70.98620     2.65895
   2.94237  -0.59037  -3.43261    71.74002    69.29461     2.44541
   3.37718  -0.59037  -3.43261    66.66598    64.88649     1.77950
   3.15978  -0.21380  -3.48986    69.00094    66.73034     2.27060
   1.12621   2.30398   0.55119    85.44483    85.52497    -0.08014
   1.95083   2.80684   0.20325    83.59431    86.54923    -2.95493
   1.51835   2.77443   0.20325    81.71178    83.57203    -1.86025
   1.11464   2.61598   0.20325    81.28444    82.19494    -0.91049
   0.77557   2.34558   0.20325    81.90066    81.95525    -0.05459
   0.53127   1.98725   0.20325    83.15505    81.97695     1.17810
   2.26211   2.92344  -0.20193    83.84970    87.11050    -3.26080
   1.84211   2.97874  -0.20193    81.32586    83.52929    -2.20343
   1.42211   2.92344  -0.20193    80.11100    81.49493    -1.38393
   1.03073   2.76133  -0.20193    79.93718    80.86323    -0.92605
   0.69464   2.50344  -0.20193    80.67764    81.33044    -0.65280
   2.74229   2.77445  -0.63675    88.56293    92.13014    -3.56721
   2.36125   2.95376  -0.63675    84.21240    86.78562    -2.57322
   1.94759   3.03267  -0.63675    81.67475    83.31599    -1.64124
   1.52730   3.00623  -0.63675    80.45425    81.47571    -1.02146
   1.12680   2.87609  -0.63675    80.37204    81.31400    -0.94196
   0.77123   2.65045  -0.63675    81.57247    82.96891    -1.39644
   2.98957   2.50344  -1.07156    93.70537    96.69075    -2.98538
   2.65348   2.76133  -1.07156    87.70449    89.96932    -2.26483
   2.26211   2.92344  -1.07156    84.06745    85.46139    -1.39395
   1.84211   2.97874  -1.07156    82.17362    82.86094    -0.68732
   1.42211   2.92344  -1.07156    81.75884    82.19452    -0.43568
   1.03073   2.76133  -1.07156    82.96554    83.88145    -0.91591
   2.74923   2.49349  -1.47675    89.95662    91.65021    -1.69358
   2.37365   2.71033  -1.47675    85.90605    86.76828    -0.86223
   1.95083   2.80684  -1.47675    83.84092    83.98922    -0.14830
   1.51835   2.77443  -1.47675    83.68969    83.50872     0.18097
   2.94983   1.78512  -1.82469    95.20386    97.51148    -2.30762
   2.72000   2.15629  -1.82469    90.65065    91.97136    -1.32071
   2.37162   2.41938  -1.82469    87.05565    87.45669    -0.40104
   1.95171   2.53886  -1.82469    85.25846    84.91698     0.34148
   1.51701   2.49857  -1.82469    85.66634    84.90942     0.75692
   0.67439   1.13770  -1.82469    89.05740    87.22680     1.83060
   0.83210   0.73061  -1.82469    93.11864    89.51307     3.60558
   1.12621   0.40799  -1.82469    99.27828    94.39483     4.88345
   1.51701   0.21339  -1.82469   102.67436    98.26963     4.40473
   2.56957   1.77598  -2.09167    90.36639    91.31291    -0.94652
   2.26211   2.08344  -2.09167    87.60033    87.61772    -0.01739
   1.84211   2.19598  -2.09167    86.43630    85.69713     0.73917
   1.42211   2.08344  -2.09167    87.48926    86.32937     1.15988
   1.11464   1.77598  -2.09167    89.26009    87.95364     1.30645
   1.00211   1.35598  -2.09167    89.55439    88.10167     1.45272
   1.11464   0.93598  -2.09167    91.35785    89.26847     2.08938
   1.42211   0.62852  -2.09167    94.79849    92.46020     2.33829
   2.27692   1.35598  -2.25950    90.60296    90.79526    -0.19230
   2.05951   1.73254  -2.25950    88.12555    87.74708     0.37847
   1.62470   1.73254  -2.25950    87.84443    86.78707     1.05736
   1.40729   1.35598  -2.25950    89.17035    87.85449     1.31587
   1.62470   0.97942  -2.25950    91.42374    90.12723     1.29651
   2.05951   0.97942  -2.25950    92.69257    92.09986     0.59271
   1.84211   1.35598  -2.31675    89.33664    88.57957     0.75708
   2.86211   1.31570   2.46209    83.68906    76.67416     7.01490
   3.29693   1.31570   2.40485    73.05152    68.41552     4.63600
   3.07952   1.69226   2.40485    76.27001    71.17801     5.09200
   2.64470   1.69226   2.40485    82.76411    76.47299     6.29112
   2.42729   1.31570   2.40485    91.67224    82.67944     8.99280
   3.58957   1.73570   2.23702    66.56495    63.56143     3.00352
   3.28211   2.04316   2.23702    72.97559    69.01205     3.96354
   2.86211   2.15570   2.23702    77.41773    72.85419     4.56354
   2.44211   2.04316   2.23702    81.76072    76.58853     5.17219
   2.13465   1.73570   2.23702    87.99189    81.32293     6.66896
   3.74001   2.11601   1.97003    68.49078    66.11313     2.37765
   3.39162   2.37910   1.97003    73.44685    70.28739     3.15945
   2.97172   2.49857   1.97003    76.37104    72.87320     3.49785
   2.53702   2.45829   1.97003    78.91246    75.27363     3.63883
   2.14622   2.26370   1.97003    82.19935    78.26895     3.93041
   1.85210   1.94107   1.97003    87.40329    82.42606     4.97722
   3.76924   2.45321   1.62209    73.73488    71.94013     1.79475
   3.39365   2.67005   1.62209    75.87970    73.64220     2.23751
   2.97084   2.76656   1.62209    77.19559    74.85103     2.34456
   2.53836   2.73415   1.62209    78.55603    76.29330     2.26273
   2.13465   2.57570   1.62209    80.57787    78.36687     2.21099
   1.79558   2.30530   1.62209    83.90743    81.38719     2.52024
   4.00957   2.46316   1.21691    78.66961    78.41761     0.25201
   3.67349   2.72105   1.21691    78.74805    78.01353     0.73452
   3.28211   2.88316   1.21691    78.64514    77.70688     0.93826
   2.86211   2.93846   1.21691    78.75244    77.88893     0.86352
   2.44211   2.88316   1.21691    79.37932    78.74642     0.63291
   2.05073   2.72105   1.21691    80.86589    80.40604     0.45985
   1.71465   2.46316   1.21691    83.67714    83.00172     0.67542
   4.08678   2.46574   0.78209    86.94207    88.80858    -1.86651
   3.76230   2.73417   0.78209    83.86100    84.99864    -1.13764
   3.38126   2.91348   0.78209    81.95211    82.71977    -0.76766
   2.96760   2.99239   0.78209    80.89915    81.70096    -0.80181
   2.54731   2.96594   0.78209    80.71906    81.80545    -1.08640
   2.14680   2.83581   0.78209    81.60949    82.98472    -1.37523
   1.79124   2.61016   0.78209    83.95701    85.23998    -1.28298
   4.00957   2.46316   0.34728    94.30213    98.82301    -4.52088
   3.67349   2.72105   0.34728    88.82271    91.93298    -3.11026
   3.28211   2.88316   0.34728    85.51323    88.10827    -2.59505
   2.86211   2.93846   0.34728    83.79699    86.47852    -2.68153
   2.44211   2.88316   0.34728    83.63007    86.63767    -3.00760
   3.39365   2.67005  -0.05791    92.07949    96.44664    -4.36715
   2.97084   2.76656  -0.05791    88.74428    92.93074    -4.18647
   2.81910  -0.67450   4.24304    72.03935    71.03109     1.00825
   3.25391  -0.67450   4.18580    69.44648    67.74415     1.70233
   3.03651  -0.29794   4.18580    70.38586    68.03000     2.35586
   2.60169  -0.29794   4.18580    73.09607    71.42704     1.66903
   2.38428  -0.67450   4.18580    74.93405    74.77090     0.16315
   2.60169  -1.05106   4.18580    74.55942    74.95912    -0.39970
   3.03651  -1.05106   4.18580    71.68731    71.25580     0.43151
   3.65910  -0.67450   4.01797    66.62519    64.56562     2.05957
   3.54656  -0.25450   4.01797    66.64465    63.68693     2.95772
   3.23910   0.05296   4.01797    68.97522    65.54030     3.43491
   2.81910   0.16550   4.01797    72.23450    68.93456     3.29994
   2.39910   0.05296   4.01797    74.99429    72.53580     2.45848
   2.09164  -0.25450   4.01797    77.00985    75.95466     1.05519
   1.97910  -0.67450   4.01797    78.84406    79.27319    -0.42913
   2.81910  -1.51450   4.01797    75.76926    76.63360    -0.86433
   3.23910  -1.40196   4.01797    72.02554    72.09212    -0.06658
   3.54656  -1.09450   4.01797    68.74367    67.78045     0.96322
   4.00704  -0.67450   3.75098    63.05278    61.07620     1.97658
   3.92682  -0.24537   3.75098    62.16360    59.25287     2.91073
   3.69700   0.12581   3.75098    64.08692    60.40442     3.68250
   3.34861   0.38890   3.75098    68.12118    63.91897     4.20221
   2.92871   0.50837   3.75098    72.56708    68.21641     4.35067
   2.49400   0.46809   3.75098    76.20915    72.19898     4.01017
   2.10320   0.27350   3.75098    78.79260    75.63341     3.15920
   1.80909  -0.04913   3.75098    80.79059    78.85113     1.93946
   3.34861  -1.73790   3.75098    73.88548    74.44970    -0.56422
   3.69700  -1.47481   3.75098    69.64414    69.60128     0.04286
   3.92682  -1.10363   3.75098    65.90607    64.93970     0.96637
   4.27402  -0.67450   3.40304    58.13374    56.72577     1.40797
   4.20938  -0.24565   3.40304    55.63311    53.28084     2.35227
   4.02121   0.14509   3.40304    56.93394    53.69525     3.23869
   3.72623   0.46301   3.40304    61.96217    57.92897     4.03320
   3.35064   0.67985   3.40304    68.59118    63.85702     4.73416
   2.92783   0.77635   3.40304    74.73387    69.50320     5.23067
   2.49535   0.74395   3.40304    79.45839    74.10150     5.35689
   2.09164   0.58550   3.40304    82.76850    77.72488     5.04363
   1.75256   0.31510   3.40304    85.18818    80.77441     4.41377
   3.72623  -1.81200   3.40304    72.54826    73.45788    -0.90962
   4.02121  -1.49409   3.40304    67.51186    67.92036    -0.40849
   4.20938  -1.10335   3.40304    62.59972    62.14714     0.45258
   3.63048   0.73085   2.99786    62.36189    58.18288     4.17901
   3.23910   0.89296   2.99786    72.31106    66.99068     5.32038
   2.81910   0.94826   2.99786    80.30929    73.85484     6.45446
   2.39910   0.89296   2.99786    86.12756    78.84234     7.28523
   2.00772   0.73085   2.99786    90.31305    82.54224     7.77081
   3.96656  -1.82196   2.99786    72.01236    73.87136    -1.85900
   4.22445  -1.48588   2.99786    65.62934    67.02695    -1.39761
   4.38656  -1.09450   2.99786    58.69787    59.26067    -0.56281
   3.33825   0.92328   2.56304    72.46229    67.46274     4.99955
   2.92459   1.00218   2.56304    84.99867    77.41288     7.58579
   2.50430   0.97574   2.56304    93.95449    83.91713    10.03735
   4.29129  -1.48385   2.56304    65.25158    68.20336    -2.95179
   2.82869  -3.24248   2.65953    81.70864    84.82905    -3.12041
   3.24860  -3.12301   2.65953    79.13899    81.83732    -2.69834
   3.59698  -2.85992   2.65953    77.43153    80.00172    -2.57018
   3.82681  -2.48874   2.65953    76.33590    79.06427    -2.72837
   4.17401  -2.05961   2.31159    73.39477    77.08410    -3.68933
   2.39533  -3.47805   2.31159    84.88949    88.48311    -3.59363
   2.82781  -3.51046   2.31159    81.69295    84.61456    -2.92161
   3.25063  -3.41396   2.31159    79.48349    81.91068    -2.42719
   3.62621  -3.19711   2.31159    77.83126    80.07617    -2.24491
   3.92120  -2.87919   2.31159    76.40807    78.82729    -2.41922
   4.10937  -2.48845   2.31159    74.94534    77.88431    -2.93897
   4.34184  -2.05961   1.90641    73.52215    77.33192    -3.80977
   4.28655  -1.63961   1.90641    70.32624    75.55360    -5.22735
   1.90771  -3.46495   1.90641    91.25494    94.83061    -3.57567
   2.29909  -3.62707   1.90641    86.76825    89.81939    -3.05114
   2.71909  -3.68236   1.90641    83.64702    86.03371    -2.38669
   3.13909  -3.62707   1.90641    81.45826    83.31468    -1.85642
   3.53046  -3.46495   1.90641    79.87004    81.44572    -1.57569
   3.86655  -3.20707   1.90641    78.60309    80.20318    -1.60008
   4.12443  -2.87098   1.90641    77.37192    79.33436    -1.96243
   4.28655  -2.47961   1.90641    75.82135    78.51302    -2.69168
   4.39909  -2.05961   1.47159    77.11025    80.53316    -3.42291
   4.34630  -1.64181   1.47159    73.60686    79.03877    -5.43190
   1.64821  -3.35407   1.47159    98.54786   100.84852    -2.30066
   2.00378  -3.57972   1.47159    92.43278    94.84324    -2.41046
   2.40428  -3.70985   1.47159    88.20023    90.12231    -1.92208
   2.82457  -3.73629   1.47159    85.30615    86.67502    -1.36887
   3.23823  -3.65738   1.47159    83.33891    84.29324    -0.95433
   3.61927  -3.47808   1.47159    81.99729    82.76712    -0.76983
   3.94375  -3.20965   1.47159    81.03093    81.90009    -0.86916
   4.19128  -2.86895   1.47159    80.17877    81.47024    -1.29147
   4.34630  -2.47740   1.47159    79.06745    81.16789    -2.10044
   4.34184  -2.05961   1.03677    83.92249    86.34520    -2.42270
   1.90771  -3.46495   1.03677    97.77100    98.89963    -1.12863
   2.29909  -3.62707   1.03677    92.52251    93.51501    -0.99250
   2.71909  -3.68236   1.03677    89.02415    89.61015    -0.58600
   3.13909  -3.62707   1.03677    86.76386    86.99231    -0.22845
   3.53046  -3.46495   1.03677    85.39589    85.44816    -0.05227
   3.86655  -3.20707   1.03677    84.67990    84.80201    -0.12212
   4.12443  -2.87098   1.03677    84.40568    84.88935    -0.48368
   4.28655  -2.47961   1.03677    84.30465    85.50432    -1.19967
   1.99162  -3.31961   0.63159   101.49778   101.13604     0.36174
   2.39533  -3.47805   0.63159    95.83137    95.68108     0.15028
   2.82781  -3.51046   0.63159    92.17738    91.83414     0.34324
   3.25063  -3.41396   0.63159    90.06832    89.54007     0.52825
   3.62621  -3.19711   0.63159    89.19483    88.64121     0.55361
   3.92120  -2.87919   0.63159    89.40755    89.02824     0.37931
   4.10937  -2.48845   0.63159    90.71403    90.64944     0.06459
   2.39399  -3.20220   0.28365   101.41746   100.10614     1.31132
   2.82869  -3.24248   0.28365    96.91947    95.82019     1.09928
   3.24860  -3.12301   0.28365    94.75958    93.66681     1.09277
   3.59698  -2.85992   0.28365    94.74264    93.63307     1.10957
   2.71909  -2.89961   0.01667   103.93503   101.92287     2.01216
   3.13909  -2.78707   0.01667   101.04158    99.37754     1.66404
   1.44848  -1.78971   4.36425    75.09783    74.58309     0.51474
   1.88330  -1.78971   4.30700    75.19948    75.67775    -0.47827
   1.66589  -1.41315   4.30700    75.61113    75.92583    -0.31470
   1.23107  -1.41315   4.30700    75.61929    74.90297     0.71632
   1.01366  -1.78971   4.30700    75.62305    74.13028     1.49277
   1.23107  -2.16627   4.30700    75.53269    74.29145     1.24124
   1.66589  -2.16627   4.30700    75.10912    74.84241     0.26671
   2.28848  -1.78971   4.13917    76.40807    77.61897    -1.21090
   2.17594  -1.36971   4.13917    77.43342    78.74011    -1.30669
   1.86848  -1.06225   4.13917    77.72144    78.67416    -0.95271
   1.44848  -0.94971   4.13917    77.31356    77.38011    -0.06655
   1.02848  -1.06225   4.13917    76.77830    75.78736     0.99094
   0.72102  -1.36971   4.13917    76.41873    74.56535     1.85339
   0.60848  -1.78971   4.13917    76.46517    74.13722     2.32795
   0.72102  -2.20971   4.13917    76.72057    74.42682     2.29375
   1.02848  -2.51717   4.13917    76.65342    74.90993     1.74349
   1.44848  -2.62971   4.13917    76.14200    75.30027     0.84173
   1.86848  -2.51717   4.13917    75.63811    75.74085    -0.10274
   2.17594  -2.20971   4.13917    75.66384    76.47021    -0.80637
   1.12338  -0.64712   3.87219    79.66296    78.67118     0.99178
   0.73259  -0.84171   3.87219    78.41296    76.63998     1.77298
   0.43847  -1.16434   3.87219    77.50370    75.07663     2.42707
   0.28077  -1.57143   3.87219    77.22446    74.35688     2.86758
   0.28077  -2.00799   3.87219    77.63046    74.61890     3.01156
   0.43847  -2.41508   3.87219    78.26236    75.45728     2.80507
   0.73259  -2.73771   3.87219    78.47446    76.24257     2.23189
   1.12338  -2.93230   3.87219    78.06218    76.69630     1.36589
   1.55809  -2.97258   3.87219    77.33615    76.96541     0.37074
   1.97799  -2.85311   3.87219    76.78583    77.30915    -0.52332
   2.32638  -2.59002   3.87219    76.82034    77.90290    -1.08256
   2.55620  -2.21884   3.87219    77.69195    78.91938    -1.22743
   0.72102  -0.52971   3.52425    82.15417    79.53583     2.61834
   0.38195  -0.80011   3.52425    79.92275    77.00198     2.92077
   0.13764  -1.15844   3.52425    78.34456    75.07740     3.26716
   0.00981  -1.57287   3.52425    77.79235    74.32959     3.46276
   0.00981  -2.00655   3.52425    78.46442    74.98908     3.47534
   0.13764  -2.42098   3.52425    79.79411    76.53926     3.25485
   0.38195  -2.77931   3.52425    80.77867    78.05063     2.72804
   0.72102  -3.04971   3.52425    80.86338    78.95019     1.91319
   1.12473  -3.20815   3.52425    80.19697    79.29090     0.90607
   1.55721  -3.24056   3.52425    79.28269    79.43983    -0.15714
   1.98002  -3.14406   3.52425    78.64075    79.71764    -1.07690
   2.35561  -2.92721   3.52425    78.68153    80.26581    -1.58428
   0.04313  -0.97833   3.11906    80.29988    75.87589     4.42399
  -0.11898  -1.36971   3.11906    78.14062    73.83851     4.30211
  -0.17428  -1.78971   3.11906    78.06218    73.96440     4.09779
  -0.11898  -2.20971   3.11906    80.03570    76.17724     3.85846
   0.04313  -2.60109   3.11906    82.57586    79.18688     3.38897
   0.30102  -2.93717   3.11906    84.15593    81.54764     2.60829
   0.63710  -3.19506   3.11906    84.30527    82.69394     1.61134
   1.02848  -3.35717   3.11906    83.43115    82.94524     0.48591
   1.44848  -3.41247   3.11906    82.24391    82.92374    -0.67983
   1.86848  -3.35717   3.11906    81.37857    83.10839    -1.72982
   2.25986  -3.19506   3.11906    81.32209    83.71341    -2.39131
  -0.21827  -1.57915   2.68425    78.00822    71.77188     6.23633
  -0.21827  -2.00027   2.68425    79.63284    74.05429     5.57855
  -0.11355  -2.40816   2.68425    84.00532    79.26645     4.73888
   0.08933  -2.77719   2.68425    87.84945    84.37215     3.47730
   0.37761  -3.08417   2.68425    89.43705    87.33973     2.09731
   0.73317  -3.30982   2.68425    88.87229    88.13426     0.73803
   1.13368  -3.43995   2.68425    87.23700    87.86538    -0.62838
   1.55397  -3.46639   2.68425    85.66446    87.62142    -1.95696
   1.96763  -3.38748   2.68425    84.97106    88.03091    -3.05984
   1.02848  -3.35717   2.24943    93.82773    94.60612    -0.77839
   1.44848  -3.41247   2.24943    91.17337    93.67497    -2.50160
   1.49013  -3.43350   0.05411   102.12090   100.35472     1.76617
   1.91294  -3.33699   0.05411   101.08174    99.46347     1.61827
   2.28853  -3.12015   0.05411   103.31254   101.37456     1.93797
   1.38140  -3.60540  -0.35108    97.43842    95.49626     1.94216
   1.80140  -3.55011  -0.35108    95.97381    94.26797     1.70584
   2.19278  -3.38799  -0.35108    96.63835    94.85878     1.77956
   2.52886  -3.13011  -0.35108    98.90365    97.00246     1.90120
   2.78675  -2.79402  -0.35108   102.50305   100.51418     1.98887
   1.06660  -3.63289  -0.78589    95.88847    93.26798     2.62050
   1.48689  -3.65933  -0.78589    93.09354    91.09736     1.99619
   1.90055  -3.58042  -0.78589    92.42964    90.52276     1.90688
   2.28159  -3.40112  -0.78589    93.18955    91.26534     1.92421
   2.60607  -3.13268  -0.78589    95.03569    93.19892     1.83677
   2.85360  -2.79199  -0.78589    97.79422    96.29959     1.49463
   0.96140  -3.55011  -1.22071    94.28895    92.02590     2.26305
   1.38140  -3.60540  -1.22071    91.15517    89.16507     1.99009
   1.80140  -3.55011  -1.22071    90.14299    88.17257     1.97043
   2.19278  -3.38799  -1.22071    90.48875    88.52323     1.96553
   2.52886  -3.13011  -1.22071    91.79083    90.00656     1.78427
   2.78675  -2.79402  -1.22071    93.77063    92.56173     1.20890
   2.94886  -2.40264  -1.22071    96.20725    96.22696    -0.01971
   2.83632  -1.98264  -1.62589    94.28832    96.10640    -1.81807
   1.05765  -3.40109  -1.62589    92.05313    90.38160     1.67154
   1.49013  -3.43350  -1.62589    89.39814    87.61055     1.78760
   1.91294  -3.33699  -1.62589    88.72608    86.86038     1.86570
   2.28853  -3.12015  -1.62589    89.29209    87.53558     1.75651
   2.58351  -2.80223  -1.62589    90.62869    89.37104     1.25764
   2.77169  -2.41149  -1.62589    92.33928    92.24865     0.09063
   2.56934  -1.98264  -1.97383    91.79648    92.31043    -0.51395
   1.05631  -3.12524  -1.97383    91.32711    90.03495     1.29215
   1.49101  -3.16552  -1.97383    88.63760    87.13648     1.50112
   1.91091  -3.04604  -1.97383    87.97307    86.39332     1.57975
   2.25930  -2.78295  -1.97383    88.57046    87.23611     1.33435
   2.48912  -2.41178  -1.97383    89.88948    89.29319     0.59629
   2.22140  -1.98264  -2.24081    90.08966    89.77484     0.31482
   2.10886  -1.56264  -2.24081    92.64990    92.34492     0.30497
   1.80140  -1.25518  -2.24081    94.40378    93.70497     0.69881
   0.65394  -2.40264  -2.24081    94.63534    93.75689     0.87844
   0.96140  -2.71011  -2.24081    91.37040    90.52846     0.84194
   1.38140  -2.82264  -2.24081    88.60058    87.52459     1.07599
   1.80140  -2.71011  -2.24081    87.74214    86.57653     1.16561
   2.10886  -2.40264  -2.24081    88.39977    87.53402     0.86575
   1.81622  -1.98264  -2.40865    89.03168    88.55496     0.47672
   1.59881  -1.60608  -2.40865    90.65065    90.32997     0.32068
   1.16399  -1.60608  -2.40865    91.23549    90.89356     0.34193
   0.94659  -1.98264  -2.40865    91.10057    90.70690     0.39367
   1.16399  -2.35921  -2.40865    89.41822    88.88201     0.53621
   1.59881  -2.35921  -2.40865    88.08539    87.37135     0.71405
   1.38140  -1.98264  -2.46589    89.12015    88.78179     0.33836
   0.53391   0.78724  -1.54241    89.64914    85.46625     4.18289
   1.31602   0.03937  -1.94760    99.76836    95.32479     4.44357
   1.02104   0.35729  -1.94760    96.03029    91.73427     4.29602
   0.64545   0.57413  -1.94760    88.96892    85.81987     3.14905
   1.30185  -0.78022  -2.29554    93.95323    92.13808     1.81515
   1.22163  -0.35109  -2.29554    93.54849    90.76311     2.78538
   0.99181   0.02009  -2.29554    91.22670    88.11985     3.10685
   0.64342   0.28318  -2.29554    86.30075    83.74793     2.55282
   0.22352   0.40265  -2.29554    78.18015    77.32906     0.85110
   0.95391  -0.78022  -2.56252    88.69470    87.08358     1.61112
   0.84137  -0.36022  -2.56252    87.39952    85.13942     2.26010
   0.53391  -0.05276  -2.56252    83.68404    81.58499     2.09904
   0.11391   0.05978  -2.56252    77.44157    76.56917     0.87241
  -0.30609  -0.05276  -2.56252    71.40682    72.18251    -0.77570
  -0.61355  -0.36022  -2.56252    71.60950    72.86892    -1.25942
  -0.72609  -0.78022  -2.56252    78.26989    79.05544    -0.78555
  -0.61355  -1.20022  -2.56252    84.48851    85.47101    -0.98250
  -0.30609  -1.50768  -2.56252    88.08163    88.77670    -0.69507
   0.11391  -1.62022  -2.56252    89.29460    89.11805     0.17655
   0.53391  -1.50768  -2.56252    89.08627    88.47864     0.60763
   0.84137  -1.20022  -2.56252    88.86727    87.97170     0.89557
   0.54872  -0.78022  -2.73035    84.84995    83.36175     1.48821
   0.33132  -0.40366  -2.73035    81.87054    80.24858     1.62195
  -0.10350  -0.40366  -2.73035    77.75470    77.01688     0.73782
  -0.32091  -0.78022  -2.73035    79.57887    79.26616     0.31271
  -0.10350  -1.15678  -2.73035    83.85158    83.45550     0.39608
   0.33132  -1.15678  -2.73035    85.31933    84.42979     0.88953
   0.11391  -0.78022  -2.78760    81.89375    80.78412     1.10963
   0.00733  -3.11858   2.53113    86.54109    84.62889     1.91220
   0.44215  -3.11858   2.47389    92.84254    90.95978     1.88276
  -0.21007  -2.74201   2.47389    83.94634    80.49918     3.44716
  -0.42748  -3.11858   2.47389    80.97194    79.46271     1.50924
  -0.21007  -3.49514   2.47389    83.44370    82.58639     0.85731
   0.22474  -3.49514   2.47389    86.62518    85.85079     0.77439
  -0.83267  -3.11858   2.30605    77.04938    75.98249     1.06689
  -0.72013  -3.53858   2.30605    82.33678    81.48914     0.84764
  -0.41267  -3.84604   2.30605    83.51147    83.05554     0.45593
   0.00733  -3.95858   2.30605    83.68529    83.47804     0.20726
   0.42734  -3.84604   2.30605    85.67826    85.62335     0.05491
   0.73480  -3.53858   2.30605    90.29297    90.36814    -0.07517
  -1.00267  -3.74395   2.03907    88.04147    86.70392     1.33754
  -0.70856  -4.06657   2.03907    86.96278    86.43809     0.52469
  -0.31776  -4.26117   2.03907    84.07623    84.05550     0.02074
   0.11694  -4.30145   2.03907    82.88145    83.04693    -0.16547
   0.53684  -4.18197   2.03907    84.06933    84.37590    -0.30657
   0.88523  -3.91888   2.03907    87.38760    88.02765    -0.64005
   1.11505  -3.54771   2.03907    92.65429    93.90242    -1.24813
  -0.72013  -4.37858   1.69113    90.03130    89.89377     0.13752
  -0.31642  -4.53702   1.69113    83.94759    84.37817    -0.43058
   0.11606  -4.56943   1.69113    81.67099    82.19264    -0.52165
   0.53888  -4.47292   1.69113    82.23763    82.77064    -0.53301
   0.91446  -4.25608   1.69113    84.79285    85.48198    -0.68913
   1.20945  -3.93816   1.69113    88.96139    90.09527    -1.13388
   1.39762  -3.54742   1.69113    94.64412    96.56859    -1.92447
  -0.41267  -4.68604   1.28595    83.32510    84.43060    -1.10550
   0.00733  -4.74133   1.28595    79.94722    80.99460    -1.04737
   0.42734  -4.68604   1.28595    80.10912    80.96543    -0.85631
   0.81871  -4.52392   1.28595    82.22194    82.99153    -0.76959
   1.15480  -4.26604   1.28595    85.73725    86.59663    -0.85937
   1.41268  -3.92995   1.28595    90.58664    91.73563    -1.14898
   1.57480  -3.53858   1.28595    96.93641    98.46697    -1.53056
  -0.30747  -4.76882   0.85113    77.12343    79.14404    -2.02061
   0.11282  -4.79526   0.85113    76.80152    78.31831    -1.51679
   0.52648  -4.71635   0.85113    78.81896    79.91654    -1.09758
   0.90752  -4.53705   0.85113    82.00922    82.88621    -0.87700
   1.23200  -4.26862   0.85113    86.22483    87.02191    -0.79708
   1.47953  -3.92792   0.85113    91.64462    92.40571    -0.76108
   1.63456  -3.53637   0.85113    98.58362    99.10198    -0.51836
   0.00733  -4.74133   0.41631    72.56520    74.41551    -1.85032
   0.42734  -4.68604   0.41631    76.88309    78.08342    -1.20033
   0.81871  -4.52392   0.41631    81.24428    82.08907    -0.84478
   1.15480  -4.26604   0.41631    86.12882    86.72720    -0.59838
   1.41268  -3.92995   0.41631    92.02866    92.30016    -0.27150
   1.57480  -3.53858   0.41631    99.37491    98.92241     0.45250
   0.11606  -4.56943   0.01113    73.18706    73.64722    -0.46016
   0.53888  -4.47292   0.01113    79.60837    80.00159    -0.39322
   0.91446  -4.25608   0.01113    85.42224    85.60653    -0.18429
   1.20945  -3.93816   0.01113    91.91571    91.61419     0.30152
   1.39762  -3.54742   0.01113   100.01811    98.57752     1.44059
   0.53684  -4.18197  -0.33681    85.37392    84.19000     1.18392
   0.88523  -3.91888  -0.33681    92.21503    90.90327     1.31176
  -0.00848  -4.64416  -1.31765    65.68707    62.40181     3.28526
   0.32760  -4.38627  -1.31765    74.64288    72.62566     2.01722
   0.58549  -4.05019  -1.31765    82.95487    81.55559     1.39928
   0.74760  -3.65881  -1.31765    91.67788    89.99699     1.68090
  -0.30071  -4.83658  -1.75246    59.76275    55.78700     3.97575
   0.08033  -4.65728  -1.75246    66.70300    64.19095     2.51206
   0.40481  -4.38885  -1.75246    73.32386    71.74989     1.57397
   0.65233  -4.04815  -1.75246    79.93781    78.87941     1.05840
   0.80736  -3.65661  -1.75246    86.88434    85.89733     0.98701
   0.80289  -3.23881  -2.18728    87.81682    87.07281     0.74401
   0.74760  -2.81881  -2.18728    92.75343    91.93637     0.81707
  -0.81986  -4.86156  -2.18728    56.69674    51.38998     5.30676
  -0.39986  -4.80627  -2.18728    61.04099    57.38541     3.65558
  -0.00848  -4.64416  -2.18728    66.02906    63.53757     2.49149
   0.32760  -4.38627  -2.18728    71.26876    69.57874     1.69002
   0.58549  -4.05019  -2.18728    76.68543    75.52173     1.16369
   0.74760  -3.65881  -2.18728    82.26210    81.40292     0.85918
   0.63506  -3.23881  -2.59246    82.48738    81.89402     0.59336
   0.57042  -2.80996  -2.59246    86.09807    85.91923     0.17883
   0.38225  -2.41922  -2.59246    88.35271    88.62709    -0.27438
   0.08727  -2.10130  -2.59246    89.22871    90.05336    -0.82465
  -0.28832  -1.88446  -2.59246    88.68655    90.56327    -1.87672
  -0.71114  -1.78795  -2.59246    86.72119    90.62457    -3.90338
  -1.88640  -4.22841  -2.59246    61.05103    55.32961     5.72141
  -1.54732  -4.49881  -2.59246    58.87043    53.33547     5.53496
  -1.14361  -4.65725  -2.59246    58.92063    54.23987     4.68076
  -0.71114  -4.68966  -2.59246    61.05918    57.42354     3.63564
  -0.28832  -4.59316  -2.59246    64.55127    61.84230     2.70898
   0.08727  -4.37631  -2.59246    68.77316    66.79150     1.98166
   0.38225  -4.05839  -2.59246    73.35774    71.93053     1.42721
   0.57042  -3.66765  -2.59246    78.04775    77.06037     0.98738
   0.36808  -3.23881  -2.94040    78.15192    77.56102     0.59089
   0.28786  -2.80967  -2.94040    80.92488    80.96774    -0.04286
   0.05804  -2.43850  -2.94040    82.23386    83.07106    -0.83720
  -0.29035  -2.17541  -2.94040    81.90442    83.82263    -1.91821
  -0.71025  -2.05594  -2.94040    80.06770    83.47123    -3.40353
  -1.14496  -2.09622  -2.94040    77.26587    82.07454    -4.80867
  -1.53575  -2.29081  -2.94040    73.58992    78.54046    -4.95054
  -1.82987  -2.61344  -2.94040    68.89176    72.24640    -3.35464
  -1.98757  -3.02052  -2.94040    64.81106    66.10799    -1.29693
  -1.98757  -3.45709  -2.94040    63.17389    62.53013     0.64376
  -1.82987  -3.86418  -2.94040    62.35876    60.11883     2.23993
  -1.53575  -4.18680  -2.94040    61.49028    58.45609     3.03419
  -1.14496  -4.38140  -2.94040    61.67352    58.61001     3.06351
  -0.71025  -4.42168  -2.94040    63.46443    60.80105     2.66338
  -0.29035  -4.30221  -2.94040    66.54989    64.41078     2.13911
   0.05804  -4.03912  -2.94040    70.37456    68.75067     1.62389
   0.28786  -3.66794  -2.94040    74.42325    73.29848     1.12478
   0.02014  -3.23881  -3.20739    74.52679    74.02628     0.50051
  -0.09240  -2.81881  -3.20739    76.56494    76.89863    -0.33369
  -0.39986  -2.51135  -3.20739    76.63146    78.03739    -1.40593
  -0.81986  -2.39881  -3.20739    74.72383    77.28698    -2.56315
  -1.23986  -2.51135  -3.20739    71.40242    74.51038    -3.10796
  -1.54732  -2.81881  -3.20739    67.52441    69.88933    -2.36492
  -1.65986  -3.23881  -3.20739    64.69184    65.50731    -0.81548
  -1.54732  -3.65881  -3.20739    63.54349    62.82672     0.71678
  -1.23986  -3.96627  -3.20739    63.49518    61.86760     1.62757
  -0.81986  -4.07881  -3.20739    64.85248    63.02777     1.82471
  -0.39986  -3.96627  -3.20739    67.65745    66.07246     1.58499
  -0.09240  -3.65881  -3.20739    71.21354    70.08547     1.12808
  -0.38504  -3.23881  -3.37522    71.42941    71.18143     0.24798
  -0.60245  -2.86225  -3.37522    72.28784    73.11770    -0.82986
  -1.03727  -2.86225  -3.37522    69.68493    71.14925    -1.46432
  -1.25468  -3.23881  -3.37522    66.48589    67.06992    -0.58403
  -1.03727  -3.61537  -3.37522    65.87218    65.24382     0.62836
  -0.60245  -3.61537  -3.37522    68.15757    67.29522     0.86235
  -0.81986  -3.23881  -3.43246    68.75747    68.90701    -0.14954
  -2.02565  -4.30407   2.20742    87.91408    86.04808     1.86600
  -1.59084  -4.30407   2.15018    88.64387    87.08715     1.55672
  -1.80824  -3.92751   2.15018    89.31468    87.27726     2.03742
  -2.24306  -3.92751   2.15018    89.20048    86.94120     2.25927
  -2.46047  -4.30407   2.15018    87.65429    85.65403     2.00026
  -2.24306  -4.68063   2.15018    85.50695    83.81906     1.68789
  -1.80824  -4.68063   2.15018    85.96127    84.51956     1.44172
  -1.18565  -4.30407   1.98234    90.06142    88.98855     1.07286
  -1.29819  -3.88407   1.98234    91.67914    89.84525     1.83389
  -1.60565  -3.57661   1.98234    89.24440    86.84405     2.40035
  -2.02565  -3.46407   1.98234    88.42550    85.74203     2.68347
  -2.44565  -3.57661   1.98234    90.68579    87.83820     2.84759
  -2.75311  -3.88407   1.98234    90.32811    87.94149     2.38662
  -2.86565  -4.30407   1.98234    87.49114    85.56107     1.93007
  -2.75311  -4.72407   1.98234    84.47219    82.80043     1.67176
  -2.44565  -5.03153   1.98234    82.41020    80.91681     1.49338
  -2.02565  -5.14407   1.98234    81.79461    80.54515     1.24946
  -1.60565  -5.03153   1.98234    82.99315    82.04335     0.94980
  -1.29819  -4.72407   1.98234    86.11250    85.30959     0.80291
  -0.83771  -4.30407   1.71536    92.17675    91.68484     0.49192
  -3.03566  -3.67870   1.71536    93.29372    90.62637     2.66735
  -3.19336  -4.08579   1.71536    89.10886    87.25378     1.85508
  -3.19336  -4.52236   1.71536    85.04385    83.55451     1.48935
  -3.03566  -4.92944   1.71536    81.74127    80.36876     1.37251
  -2.74154  -5.25207   1.71536    79.32661    77.99685     1.32976
  -2.35075  -5.44666   1.71536    77.85887    76.65717     1.20170
  -1.91604  -5.48694   1.71536    77.47734    76.57476     0.90258
  -1.49614  -5.36747   1.71536    78.47069    77.99496     0.47573
  -1.14775  -5.10438   1.71536    81.23299    81.13590     0.09708
  -0.91793  -4.73321   1.71536    85.98763    85.98793    -0.00030
  -3.46432  -4.08723   1.36742    88.37342    87.04534     1.32808
  -3.46432  -4.52092   1.36742    83.53971    82.56955     0.97016
  -3.33649  -4.93534   1.36742    79.69433    78.74832     0.94602
  -3.09219  -5.29367   1.36742    76.67601    75.61081     1.06520
  -2.75311  -5.56407   1.36742    74.41133    73.25472     1.15661
  -2.34940  -5.72252   1.36742    72.87393    71.80330     1.07064
  -1.91693  -5.75493   1.36742    72.13661    71.41268     0.72393
  -1.49411  -5.65842   1.36742    72.44346    72.29422     0.14925
  -1.11852  -5.44158   1.36742    74.23751    74.72566    -0.48815
  -0.82354  -5.12366   1.36742    78.10297    79.04011    -0.93714
  -0.63537  -4.73292   1.36742    84.64664    85.56587    -0.91923
  -3.59311  -3.88407   0.96224    89.83363    88.84442     0.98922
  -3.64841  -4.30407   0.96224    83.86100    83.54227     0.31873
  -3.59311  -4.72407   0.96224    79.05114    78.81769     0.23345
  -3.43100  -5.11545   0.96224    75.06143    74.60205     0.45938
  -3.17311  -5.45153   0.96224    71.82913    71.01494     0.81419
  -2.83703  -5.70942   0.96224    69.27266    68.16327     1.10938
  -2.44565  -5.87153   0.96224    67.29726    66.13136     1.16589
  -2.02565  -5.92683   0.96224    65.87971    65.02401     0.85570
  -1.60565  -5.87153   0.96224    65.16498    65.00341     0.16157
  -1.21427  -5.70942   0.96224    65.53584    66.31324    -0.77740
  -0.87819  -5.45153   0.96224    67.63172    69.29595    -1.66423
  -0.62031  -5.11545   0.96224    72.27968    74.41856    -2.13888
  -3.58768  -3.68562   0.52742    91.77264    90.67712     1.09551
  -3.69241  -4.09351   0.52742    84.84807    85.24253    -0.39446
  -3.69241  -4.51463   0.52742    78.73487    79.48129    -0.74642
  -3.58768  -4.92252   0.52742    73.22597    73.72587    -0.49990
  -3.38480  -5.29155   0.52742    68.62695    68.52736     0.09959
  -3.09652  -5.59853   0.52742    64.95665    64.14714     0.80950
  -2.74096  -5.82418   0.52742    62.00547    60.65022     1.35525
  -2.34045  -5.95431   0.52742    59.53434    58.06256     1.47177
  -3.56905  -0.27483  -1.66458    57.02806    52.61528     4.41278
  -3.02128   0.14304  -2.09940    54.78283    51.07398     3.70885
  -3.35736  -0.11485  -2.09940    54.36680    50.72925     3.63755
  -3.61525  -0.45094  -2.09940    51.35161    46.52157     4.83004
  -0.75498  -1.26231  -2.50458    85.34004    87.10237    -1.76233
  -0.81962  -0.83347  -2.50458    79.27077    80.26403    -0.99327
  -1.00779  -0.44273  -2.50458    68.19271    70.77550    -2.58279
  -2.53365   0.15613  -2.50458    51.73439    50.58428     1.15012
  -2.93736  -0.00231  -2.50458    53.19837    50.87847     2.31990
  -3.27644  -0.27271  -2.50458    52.04878    48.97994     3.06884
  -3.52074  -0.63104  -2.50458    48.35212    44.06292     4.28919
  -0.81962  -1.69116  -2.50458    87.80866    92.07887    -4.27021
  -1.02196  -1.26231  -2.85252    76.42940    79.09271    -2.66331
  -1.10218  -0.83318  -2.85252    71.59444    73.47277    -1.87833
  -1.33200  -0.46200  -2.85252    64.38122    66.40391    -2.02269
  -1.68039  -0.19891  -2.85252    58.01012    59.82314    -1.81302
  -2.10029  -0.07944  -2.85252    54.97862    55.53145    -0.55283
  -2.53500  -0.11972  -2.85252    54.15846    53.22681     0.93165
  -2.92579  -0.31432  -2.85252    52.95992    51.01740     1.94252
  -3.21991  -0.63694  -2.85252    50.06334    47.32897     2.73437
  -3.37761  -1.04403  -2.85252    45.06146    41.48839     3.57307
  -1.33200  -2.06262  -2.85252    77.57900    83.21653    -5.63753
  -1.10218  -1.69145  -2.85252    78.23600    82.58304    -4.34703
  -1.36990  -1.26231  -3.11950    69.62092    71.96088    -2.33995
  -1.48244  -0.84231  -3.11950    65.90168    67.37472    -1.47304
  -1.78990  -0.53485  -3.11950    60.94749    61.77233    -0.82485
  -2.20990  -0.42231  -3.11950    57.25397    57.12243     0.13153
  -2.62990  -0.53485  -3.11950    54.62972    53.55283     1.07689
  -2.93736  -0.84231  -3.11950    51.51790    49.85007     1.66783
  -3.04990  -1.26231  -3.11950    47.77732    46.00853     1.76879
  -2.93736  -1.68231  -3.11950    46.18282    45.21584     0.96698
  -2.62990  -1.98977  -3.11950    51.12194    51.54314    -0.42120
  -2.20990  -2.10231  -3.11950    60.05956    62.10906    -2.04950
  -1.78990  -1.98977  -3.11950    66.97974    70.44374    -3.46400
  -1.48244  -1.68231  -3.11950    70.14113    73.54513    -3.40401
  -1.77509  -1.26231  -3.28734    63.88298    65.46326    -1.58029
  -1.99249  -0.88575  -3.28734    60.48627    61.04837    -0.56210
  -2.42731  -0.88575  -3.28734    56.29262    55.95264     0.33999
  -2.64472  -1.26231  -3.28734    53.37910    52.96262     0.41648
  -2.42731  -1.63887  -3.28734    55.64503    56.36255    -0.71752
  -1.99249  -1.63887  -3.28734    61.98664    63.89627    -1.90963
  -2.20990  -1.26231  -3.34458    58.62382    59.27316    -0.64934
  -4.11309  -3.54491   0.33187    79.90141    80.31374    -0.41232
  -3.89569  -3.92147   0.33187    82.82812    83.31120    -0.48309
  -4.51828  -3.54491   0.16404    70.15180    71.51772    -1.36592
  -4.40574  -3.96491   0.16404    73.38347    74.18622    -0.80275
  -4.09828  -4.27237   0.16404    76.44383    77.27818    -0.83434
  -4.84599  -3.76319  -0.10295    64.42515    65.49568    -1.07053
  -4.68828  -4.17028  -0.10295    68.41234    68.91715    -0.50481
  -4.39417  -4.49290  -0.10295    70.95815    71.42182    -0.46367
  -4.00337  -4.68750  -0.10295    71.69673    72.76927    -1.07254
  -5.11695  -3.76175  -0.45089    58.50836    59.10045    -0.59210
  -4.98912  -4.17617  -0.45089    63.29061    63.35924    -0.06864
  -4.74481  -4.53451  -0.45089    66.37984    66.28151     0.09833
  -4.40574  -4.80491  -0.45089    67.72271    67.83793    -0.11522
  -4.00203  -4.96335  -0.45089    66.70740    67.57927    -0.87187
  -5.30103  -3.54491  -0.85607    50.32626    50.25185     0.07441
  -5.24574  -3.96491  -0.85607    56.67980    56.21885     0.46094
  -5.08362  -4.35629  -0.85607    61.06734    60.43453     0.63281
  -4.82574  -4.69237  -0.85607    63.82399    63.19733     0.62666
  -4.48965  -4.95025  -0.85607    64.92904    64.53864     0.39040
  -4.09828  -5.11237  -0.85607    63.91122    64.12204    -0.21082
  -3.67828  -5.16766  -0.85607    59.52179    60.92331    -1.40152
  -5.34503  -3.75547  -1.29089    50.12420    48.72605     1.39815
  -5.24030  -4.16336  -1.29089    55.80505    54.51304     1.29200
  -5.03742  -4.53239  -1.29089    59.66674    58.48350     1.18324
  -4.74915  -4.83937  -1.29089    61.95841    60.93962     1.01878
  -4.39359  -5.06502  -1.29089    62.61666    61.90468     0.71198
  -3.99308  -5.19515  -1.29089    61.21355    61.06802     0.14553
  -3.57279  -5.22159  -1.29089    56.77016    57.60295    -0.83280
  -5.24574  -3.96491  -1.72570    50.48628    48.40125     2.08503
  -5.08362  -4.35629  -1.72570    55.45866    53.75734     1.70133
  -4.82574  -4.69237  -1.72570    58.68343    57.25414     1.42929
  -4.48965  -4.95025  -1.72570    60.30994    59.14648     1.16346
  -4.09828  -5.11237  -1.72570    60.22836    59.41350     0.81486
  -3.67828  -5.16766  -1.72570    58.09734    57.75774     0.33960
  -3.25828  -5.11237  -1.72570    53.50836    53.63964    -0.13128
  -5.11695  -3.76175  -2.13089    44.80230    42.00616     2.79614
  -4.98912  -4.17617  -2.13089    51.18846    49.12110     2.06736
  -4.74481  -4.53451  -2.13089    55.37207    53.74553     1.62653
  -4.40574  -4.80491  -2.13089    57.70640    56.38663     1.31977
  -4.00203  -4.96335  -2.13089    58.31069    57.24655     1.06414
  -3.56955  -4.99576  -2.13089    57.26777    56.36010     0.90767
  -3.14673  -4.89926  -2.13089    55.11102    53.90542     1.20560
  -2.77115  -4.68241  -2.13089    53.95264    50.97964     2.97300
  -4.68828  -4.17028  -2.47883    49.39880    47.63194     1.76686
  -4.39417  -4.49290  -2.47883    53.54413    52.19976     1.34437
  -4.00337  -4.68750  -2.47883    55.58040    54.47583     1.10457
  -3.56867  -4.72778  -2.47883    56.00773    54.91955     1.08818
  -3.14877  -4.60831  -2.47883    55.84207    54.26209     1.57998
  -2.80038  -4.34522  -2.47883    56.94021    54.02300     2.91722
  -2.57056  -3.97404  -2.47883    60.23652    55.80879     4.42772
  -4.40574  -3.96491  -2.74581    44.91023    43.71956     1.19066
  -4.09828  -4.27237  -2.74581    50.10036    49.25609     0.84427
  -3.67828  -4.38491  -2.74581    52.42152    51.72161     0.69990
  -3.25828  -4.27237  -2.74581    53.07475    52.23530     0.83946
  -2.95082  -3.96491  -2.74581    52.90093    51.89500     1.00594
  -3.38673  -2.07109   2.65340    73.04273    71.76103     1.28170
  -2.95192  -2.07109   2.59616    70.52140    68.23100     2.29040
  -3.16933  -1.69452   2.59616    72.76977    70.39832     2.37144
  -3.60414  -1.69452   2.59616    75.82260    75.04907     0.77353
  -3.82155  -2.07109   2.59616    75.06269    74.39642     0.66626
  -3.60414  -2.44765   2.59616    73.86477    72.77202     1.09275
  -3.16933  -2.44765   2.59616    72.73337    71.24548     1.48790
  -3.38673  -1.23109   2.42832    78.91371    76.68812     2.22559
  -4.22673  -2.07109   2.42832    77.04436    76.58964     0.45472
  -4.11420  -2.49109   2.42832    74.80352    73.92626     0.87726
  -3.80673  -2.79855   2.42832    74.90644    73.69997     1.20647
  -3.38673  -2.91109   2.42832    75.87280    74.40969     1.46312
  -2.96673  -2.79855   2.42832    74.99429    73.31766     1.67663
  -2.65927  -2.49109   2.42832    70.25094    68.32490     1.92605
  -4.55445  -2.28937   2.16134    76.30578    75.72975     0.57604
  -4.39674  -2.69646   2.16134    74.57574    73.64663     0.92911
  -4.10263  -3.01908   2.16134    75.34883    74.11701     1.23182
  -3.71183  -3.21368   2.16134    77.76913    76.26371     1.50542
  -3.27713  -3.25396   2.16134    80.61866    78.77476     1.84389
  -2.85722  -3.13449   2.16134    81.19847    78.99570     2.20278
  -2.50884  -2.87140   2.16134    75.92237    73.77313     2.14924
  -4.82541  -2.28793   1.81340    75.78871    75.47122     0.31749
  -4.69757  -2.70235   1.81340    73.78947    73.11107     0.67840
  -4.45327  -3.06069   1.81340    74.42200    73.41817     1.00383
  -4.11420  -3.33109   1.81340    77.05064    75.76462     1.28602
  -3.71048  -3.48953   1.81340    81.48085    79.85152     1.62934
  -3.27801  -3.52194   1.81340    87.26273    85.04192     2.22080
  -2.85519  -3.42544   1.81340    91.87806    88.71633     3.16173
  -2.47960  -3.20859   1.81340    89.87693    85.85383     4.02310
  -5.00949  -2.07109   1.40822    75.66196    76.08785    -0.42589
  -4.95420  -2.49109   1.40822    72.50119    72.48285     0.01835
  -4.79208  -2.88246   1.40822    72.25270    71.84018     0.41251
  -4.53420  -3.21855   1.40822    74.11954    73.38931     0.73023
  -4.19811  -3.47643   1.40822    77.85071    76.82524     1.02547
  -3.80673  -3.63855   1.40822    83.70349    82.29175     1.41174
  -3.38673  -3.69384   1.40822    92.47419    90.30139     2.17281
  -5.05349  -1.86053   0.97340    73.53156    74.92203    -1.39047
  -5.05349  -2.28165   0.97340    69.95664    70.78108    -0.82444
  -4.94876  -2.68954   0.97340    69.33290    69.72838    -0.39548
  -4.74588  -3.05857   0.97340    71.07235    71.11805    -0.04570
  -4.45761  -3.36555   0.97340    74.81231    74.52189     0.29042
  -4.10204  -3.59120   0.97340    80.38836    79.73070     0.65766
  -3.70154  -3.72133   0.97340    88.39915    87.21946     1.17969
  -4.95420  -1.65109   0.53858    69.87381    71.50206    -1.62825
  -5.00949  -2.07109   0.53858    65.72409    67.23607    -1.51198
  -4.95420  -2.49109   0.53858    64.68117    66.03211    -1.35094
  -4.79208  -2.88246   0.53858    66.69296    67.80937    -1.11640
  -4.53420  -3.21855   0.53858    71.55867    72.27885    -0.72018
  -4.19811  -3.47643   0.53858    78.57046    78.71387    -0.14340
  -3.80673  -3.63855   0.53858    86.84355    86.24995     0.59360
  -4.82541  -1.85424   0.13340    60.08403    61.35728    -1.27325
  -4.82541  -2.28793   0.13340    57.07262    59.32487    -2.25226
  -4.76867  -0.35038   3.47427    58.85788    58.94489    -0.08701
  -4.33385  -0.35038   3.41703    60.02505    61.22820    -1.20315
  -4.55126   0.02618   3.41703    56.31772    56.89376    -0.57604
  -4.98608   0.02618   3.41703    55.43293    54.90459     0.52834
  -5.20348  -0.35038   3.41703    57.97435    57.03809     0.93626
  -4.98608  -0.72694   3.41703    61.13951    60.57106     0.56845
  -4.55126  -0.72694   3.41703    62.31985    62.76665    -0.44680
  -3.92867  -0.35038   3.24920    61.79525    63.88227    -2.08702
  -4.76867   0.48962   3.24920    51.18344    50.28427     0.89917
  -5.18867   0.37708   3.24920    51.75887    50.25808     1.50079
  -5.49613   0.06962   3.24920    54.17854    52.50443     1.67411
  -5.60867  -0.35038   3.24920    57.18933    55.48961     1.69972
  -5.49613  -0.77038   3.24920    60.26601    58.71229     1.55372
  -5.18867  -1.07784   3.24920    63.15005    62.03443     1.11561
  -4.76867  -1.19038   3.24920    65.36955    65.01257     0.35698
  -4.34867  -1.07784   3.24920    66.10248    66.70670    -0.60422
  -4.04121  -0.77038   3.24920    64.78973    66.33624    -1.54652
  -5.48456   0.59761   2.98221    48.45252    45.64722     2.80529
  -5.77867   0.27499   2.98221    51.68168    49.28048     2.40121
  -5.93638  -0.13210   2.98221    54.86253    52.67792     2.18461
  -5.93638  -0.56867   2.98221    57.90156    55.83465     2.06691
  -5.77867  -0.97575   2.98221    60.88411    58.98611     1.89800
  -5.48456  -1.29838   2.98221    63.87607    62.31162     1.56446
  -5.09376  -1.49297   2.98221    66.80152    65.77436     1.02716
  -4.65906  -1.53325   2.98221    69.27705    68.95230     0.32475
  -4.23916  -1.41378   2.98221    70.55654    70.99341    -0.43687
  -3.89077  -1.15069   2.98221    70.01374    71.14747    -1.13372
  -3.66095  -0.77952   2.98221    67.81997    69.60006    -1.78009
  -5.83520   0.63922   2.63427    46.69675    43.11486     3.58188
  -6.07951   0.28088   2.63427    50.64692    47.92884     2.71808
  -6.20734  -0.13354   2.63427    53.99782    51.70813     2.28969
  -6.20734  -0.56723   2.63427    57.02806    54.93740     2.09067
  -6.07951  -0.98165   2.63427    59.96920    58.02772     1.94148
  -5.83520  -1.33998   2.63427    63.00133    61.28106     1.72026
  -5.49613  -1.61038   2.63427    66.25434    64.88414     1.37019
  -5.09242  -1.76883   2.63427    69.74643    68.84636     0.90006
  -4.65994  -1.80124   2.63427    73.21028    72.83331     0.37697
  -4.23712  -1.70473   2.63427    75.87155    75.94570    -0.07415
  -3.86154  -1.48789   2.63427    76.66786    76.92402    -0.25616
  -3.56655  -1.16997   2.63427    75.34067    75.44627    -0.10560
  -6.17401   0.46099   2.22909    47.56334    44.39511     3.16823
  -6.33613   0.06962   2.22909    51.40809    49.12859     2.27950
  -6.39142  -0.35038   2.22909    54.60399    52.75132     1.85267
  -6.33613  -0.77038   2.22909    57.54137    55.89881     1.64256
  -6.17401  -1.16176   2.22909    60.47874    58.99819     1.48055
  -5.91613  -1.49784   2.22909    63.63197    62.36366     1.26831
  -5.58004  -1.75573   2.22909    67.21505    66.24105     0.97401
  -5.18867  -1.91784   2.22909    71.42815    70.79304     0.63511
  -4.76867  -1.97314   2.22909    76.37418    75.97966     0.39453
  -6.33069   0.26807   1.79427    48.36027    46.04571     2.31456
  -6.43542  -0.13982   1.79427    52.03560    50.59993     1.43567
  -6.43542  -0.56094   1.79427    55.16562    54.14680     1.01881
  -6.33069  -0.96883   1.79427    58.15005    57.35071     0.79934
  -6.12781  -1.33786   1.79427    61.27379    60.65680     0.61699
  -5.83954  -1.64484   1.79427    64.82361    64.42676     0.39685
  -5.48398  -1.87049   1.79427    69.16033    69.01188     0.14845
  -5.08347  -2.00063   1.79427    74.81294    74.78600     0.02694
  -6.33613   0.06962   1.35946    49.22498    48.10396     1.12102
  -6.39142  -0.35038   1.35946    52.77229    52.51487     0.25742
  -6.33613  -0.77038   1.35946    55.93933    56.08931    -0.14998
  -6.17401  -1.16176   1.35946    59.13963    59.52487    -0.38524
  -5.91613  -1.49784   1.35946    62.74154    63.33305    -0.59151
  -5.58004  -1.75573   1.35946    67.22133    68.01525    -0.79393
  -5.18867  -1.91784   1.35946    73.39288    74.20824    -0.81535
  -6.20734  -0.13354   0.95427    50.51514    50.77116    -0.25601
  -6.20734  -0.56723   0.95427    53.98652    55.10752    -1.12100
  -6.07951  -0.98165   0.95427    57.36629    58.89134    -1.52505
  -5.83520  -1.33998   0.95427    61.15708    62.92326    -1.76619
  -5.49613  -1.61038   0.95427    66.02404    67.93239    -1.90835
  -5.09242  -1.76883   0.95427    73.24416    74.88092    -1.63675
  -5.77867  -0.97575   0.60633    58.07224    60.68990    -2.61766
  -5.48456  -1.29838   0.60633    62.58466    65.35446    -2.76980
  -5.09376  -1.49297   0.60633    69.34482    71.63838    -2.29356
  -4.53788   4.32200   2.35171    50.43733    50.48774    -0.05041
  -4.10306   4.32200   2.29447    47.92478    48.00432    -0.07954
  -4.32047   4.69856   2.29447    50.29865    50.83593    -0.53728
  -4.75528   4.69856   2.29447    53.01891    53.27273    -0.25382
  -4.97269   4.32200   2.29447    52.20816    52.29708    -0.08891
  -4.75528   3.94544   2.29447    48.57614    48.29706     0.27908
  -4.32047   3.94544   2.29447    47.51188    46.60447     0.90741
  -4.11788   5.04946   2.12664    49.06560    49.87096    -0.80536
  -4.53788   5.16200   2.12664    53.01326    53.31053    -0.29728
  -4.95788   5.04946   2.12664    55.18381    55.25042    -0.06660
  -5.26534   4.74200   2.12664    55.38838    55.42143    -0.03305
  -5.37788   4.32200   2.12664    53.52405    53.63439    -0.11034
  -5.26534   3.90200   2.12664    49.31785    49.57096    -0.25311
  -4.95788   3.59454   2.12664    43.80832    43.77119     0.03713
  -4.53788   3.48200   2.12664    41.85488    39.89351     1.96137
  -4.11788   3.59454   2.12664    44.85438    41.36667     3.48771
  -4.42827   5.50487   1.85965    53.44687    53.19705     0.24982
  -4.86297   5.46459   1.85965    56.08868    55.71699     0.37170
  -5.25377   5.26999   1.85965    57.19749    56.90355     0.29394
  -5.54788   4.94737   1.85965    57.10336    56.93847     0.16490
  -5.70559   4.54028   1.85965    55.75547    55.74192     0.01356
  -5.70559   4.10371   1.85965    52.71707    52.94194    -0.22487
  -5.54788   3.69663   1.85965    47.19687    47.86831    -0.67144
  -5.25377   3.37400   1.85965    38.84158    39.93695    -1.09536
  -4.86163   5.74044   1.51171    57.66499    56.44771     1.21727
  -5.26534   5.58200   1.51171    58.42678    57.59034     0.83644
  -5.60441   5.31160   1.51171    58.44749    57.94362     0.50387
  -5.84872   4.95327   1.51171    57.80053    57.54583     0.25470
  -5.97655   4.53884   1.51171    56.29325    56.23708     0.05617
  -5.97655   4.10515   1.51171    53.47071    53.64043    -0.16972
  -5.84872   3.69073   1.51171    48.46319    49.04486    -0.58168
  -5.60441   3.33240   1.51171    39.87760    41.23974    -1.36214
  -4.95788   5.88946   1.10653    59.89453    57.73155     2.16298
  -5.34925   5.72735   1.10653    59.56822    58.18798     1.38024
  -5.68534   5.46946   1.10653    59.06684    58.27486     0.79198
  -5.94322   5.13337   1.10653    58.32575    57.93712     0.38864
  -6.10534   4.74200   1.10653    57.15043    57.02085     0.12958
  -6.16063   4.32200   1.10653    55.22962    55.26641    -0.03679
  -6.10534   3.90200   1.10653    52.05129    52.22861    -0.17732
  -5.94322   3.51062   1.10653    46.71118    47.10762    -0.39644
  -5.25319   5.84211   0.67171    60.85964    58.59672     2.26291
  -5.60875   5.61646   0.67171    59.43833    58.18729     1.25104
  -5.89702   5.30948   0.67171    58.33203    57.76456     0.56747
  -6.09990   4.94045   0.67171    57.20502    57.05957     0.14545
  -6.20463   4.53256   0.67171    55.74606    55.81835    -0.07229
  -6.20463   4.11144   0.67171    53.60814    53.72416    -0.11602
  -6.09990   3.70355   0.67171    50.30806    50.28930     0.01876
  -5.89702   3.33452   0.67171    45.13864    44.68924     0.44940
  -5.34925   5.72735   0.23690    60.46682    58.22292     2.24389
  -5.68534   5.46946   0.23690    58.16009    57.16049     0.99961
  -5.94322   5.13337   0.23690    56.61014    56.39371     0.21643
  -6.10534   4.74200   0.23690    55.22460    55.43293    -0.20833
  -6.16063   4.32200   0.23690    53.60563    53.93125    -0.32562
  -6.10534   3.90200   0.23690    51.42942    51.53789    -0.10846
  -5.94322   3.51062   0.23690    48.42052    47.80373     0.61678
  -5.68534   3.17454   0.23690    44.63412    42.17841     2.45572
  -5.60441   5.31160  -0.16829    55.91423    55.22464     0.68959
  -5.84872   4.95327  -0.16829    53.88675    54.14190    -0.25515
  -5.97655   4.53884  -0.16829    52.28974    52.96031    -0.67057
  -5.97655   4.10515  -0.16829    50.61868    51.20800    -0.58932
  -5.84872   3.69073  -0.16829    48.72172    48.58757     0.13415
  -5.60441   3.33240  -0.16829    47.03184    45.06038     1.97146
  -5.70559   4.10371  -0.51623    47.40521    48.48327    -1.07807
  -2.60136   6.05305   0.87770    48.37847    49.02385    -0.64538
  -2.94975   6.31614   0.87770    51.62270    52.04230    -0.41961
  -3.36965   6.43561   0.87770    54.09508    53.88991     0.20518
  -3.80436   6.39533   0.87770    56.30894    55.07174     1.23720
  -2.08898   5.68159   0.52977    46.48528    45.38633     1.09895
  -2.27715   6.07233   0.52977    50.09408    50.03090     0.06318
  -2.57213   6.39025   0.52977    53.01891    53.24303    -0.22413
  -2.94772   6.60709   0.52977    55.19574    55.31593    -0.12020
  -3.37054   6.70360   0.52977    56.79526    56.55610     0.23916
  -3.80301   6.67119   0.52977    58.09546    57.25468     0.84078
  -4.20672   6.51274   0.52977    59.52932    57.77127     1.75805
  -1.91180   5.67274   0.12458    47.01050    44.97113     2.03937
  -2.07391   6.06412   0.12458    50.96067    50.21434     0.74633
  -2.33180   6.40020   0.12458    53.99594    53.78011     0.21583
  -2.66788   6.65809   0.12458    56.17904    56.11184     0.06720
  -3.05926   6.82020   0.12458    57.68381    57.55013     0.13368
  -3.47926   6.87550   0.12458    58.68783    58.33909     0.34874
  -3.89926   6.82020   0.12458    59.37871    58.66950     0.70922
  -4.29064   6.65809   0.12458    59.98614    58.73371     1.25243
  -4.62672   6.40020   0.12458    60.85587    58.80796     2.04791
  -1.85204   5.67054  -0.31023    45.62057    43.60407     2.01650
  -2.00707   6.06209  -0.31023    50.91236    49.93568     0.97668
  -2.25459   6.40278  -0.31023    54.49355    53.99674     0.49682
  -2.57907   6.67121  -0.31023    56.86993    56.57217     0.29776
  -2.96011   6.85052  -0.31023    58.39227    58.13455     0.25772
  -3.37377   6.92943  -0.31023    59.28835    58.97120     0.31715
  -3.79406   6.90298  -0.31023    59.72133    59.26419     0.45714
  -4.19457   6.77285  -0.31023    59.82927    59.14127     0.68800
  -4.55013   6.54720  -0.31023    59.74769    58.71348     1.03421
  -4.83841   6.24022  -0.31023    59.62972    58.10843     1.52129
  -1.91180   5.67274  -0.74505    43.65772    42.36442     1.29330
  -2.07391   6.06412  -0.74505    50.53899    49.70709     0.83189
  -2.33180   6.40020  -0.74505    54.71569    54.14986     0.56583
  -2.66788   6.65809  -0.74505    57.25208    56.83408     0.41800
  -3.05926   6.82020  -0.74505    58.71795    58.36889     0.34905
  -3.47926   6.87550  -0.74505    59.42013    59.09030     0.32983
  -3.89926   6.82020  -0.74505    59.53308    59.18586     0.34722
  -4.29064   6.65809  -0.74505    59.15783    58.75600     0.40183
  -4.62672   6.40020  -0.74505    58.33517    57.83997     0.49520
  -4.88461   6.06412  -0.74505    57.01865    56.40999     0.60866
  -2.08898   5.68159  -1.15024    43.23227    42.56129     0.67097
  -2.27715   6.07233  -1.15024    50.83956    50.18890     0.65067
  -2.57213   6.39025  -1.15024    55.11541    54.57278     0.54263
  -2.94772   6.60709  -1.15024    57.44912    57.02040     0.42872
  -3.37054   6.70360  -1.15024    58.52467    58.19969     0.32498
  -3.80301   6.67119  -1.15024    58.67339    58.45005     0.22334
  -4.20672   6.51274  -1.15024    58.03773    57.92438     0.11335
  -4.54580   6.24234  -1.15024    56.62269    56.64399    -0.02130
  -4.79010   5.88401  -1.15024    54.27079    54.49554    -0.22476
  -2.37154   5.68188  -1.49817    44.84748    44.21400     0.63348
  -2.60136   6.05305  -1.49817    51.73816    51.11107     0.62709
  -2.94975   6.31614  -1.49817    55.34885    54.84896     0.49989
  -3.36965   6.43561  -1.49817    56.91009    56.58286     0.32723
  -3.80436   6.39533  -1.49817    57.02430    56.90148     0.12282
  -4.19515   6.20074  -1.49817    55.91988    56.04822    -0.12834
  -4.48927   5.87811  -1.49817    53.58617    54.03540    -0.44922
  -4.64697   5.47102  -1.49817    49.86253    50.71253    -0.85000
  -2.63926   5.25274  -1.76516    39.01415    37.47253     1.54162
  -2.75180   5.67274  -1.76516    47.64491    46.75017     0.89475
  -3.05926   5.98020  -1.76516    52.71143    52.08640     0.62502
  -3.47926   6.09274  -1.76516    54.63349    54.29192     0.34156
  -3.89926   5.98020  -1.76516    54.22121    54.19646     0.02475
  -4.20672   5.67274  -1.76516    51.86994    52.17431    -0.30437
  -4.31926   5.25274  -1.76516    47.98440    48.42710    -0.44270
  -3.04445   5.25274  -1.93299    44.31911    42.40802     1.91109
  -3.26185   5.62930  -1.93299    50.09346    49.18454     0.90892
  -3.69667   5.62930  -1.93299    51.29702    50.84826     0.44876
  -3.91408   5.25274  -1.93299    48.33392    47.76732     0.56660
  -3.69667   4.87618  -1.93299    44.99620    42.52204     2.47416
  -3.26185   4.87618  -1.93299    42.18370    38.33147     3.85223
  -3.47926   5.25274  -1.99024    47.39517    45.88761     1.50755
   0.94237   2.89946  -1.11939    79.30716    80.88921    -1.58205
   0.75420   3.29020  -1.11939    70.25785    72.11411    -1.85627
   0.45922   3.60811  -1.11939    61.75509    62.92577    -1.17068
   1.11955   2.89061  -1.52458    79.92777    80.63287    -0.70510
   0.95744   3.28199  -1.52458    71.95840    73.07204    -1.11365
   0.69955   3.61807  -1.52458    64.50296    65.44973    -0.94678
   0.36347   3.87596  -1.52458    56.81848    57.17365    -0.35518
  -0.02791   4.03807  -1.52458    47.71457    46.91368     0.80088
   1.23209   2.47061  -1.95940    84.36865    83.84447     0.52419
   1.17931   2.88841  -1.95940    77.86954    77.95314    -0.08360
   1.02429   3.27996  -1.95940    71.32461    71.63475    -0.31014
   0.77676   3.62065  -1.95940    64.87256    65.15496    -0.28240
   0.45228   3.88908  -1.95940    58.25735    58.29924    -0.04188
   0.07124   4.06838  -1.95940    50.86090    50.41837     0.44253
   0.45228   1.05214  -1.95940    83.16132    82.40410     0.75722
   0.77676   1.32057  -1.95940    89.20989    87.87294     1.33694
   1.17484   2.47061  -2.39421    79.31908    78.79256     0.52652
   1.11955   2.89061  -2.39421    74.48977    74.10338     0.38639
   0.95744   3.28199  -2.39421    69.09884    68.79461     0.30423
   0.69955   3.61807  -2.39421    63.47635    63.18288     0.29347
   0.36347   3.87596  -2.39421    57.60976    57.22998     0.37978
  -0.02791   4.03807  -2.39421    51.20854    50.59981     0.60873
  -0.44791   4.09336  -2.39421    43.81899    42.73552     1.08347
   0.36347   1.06526  -2.39421    78.14941    78.56271    -0.41331
   0.69955   1.32315  -2.39421    82.44659    82.24552     0.20107
   0.95744   1.65923  -2.39421    84.01348    83.46605     0.54743
   1.11955   2.05061  -2.39421    82.81996    82.18124     0.63872
   1.00701   2.47061  -2.79940    74.53244    73.92784     0.60460
   0.94237   2.89946  -2.79940    70.61051    69.95771     0.65280
   0.75420   3.29020  -2.79940    65.88913    65.25958     0.62955
   0.45922   3.60811  -2.79940    60.75861    60.17476     0.58384
   0.08363   3.82496  -2.79940    55.35387    54.77829     0.57558
  -0.33918   3.92146  -2.79940    49.69122    49.00404     0.68718
  -0.77166   3.88905  -2.79940    44.06748    42.98186     1.08563
  -0.33918   1.01975  -2.79940    65.34758    67.98021    -2.63262
   0.08363   1.11626  -2.79940    71.44070    72.94550    -1.50480
   0.45922   1.33311  -2.79940    75.63372    76.20899    -0.57527
   0.75420   1.65102  -2.79940    77.49491    77.44553     0.04938
   0.94237   2.04176  -2.79940    77.03056    76.60519     0.42536
   0.74003   2.47061  -3.14733    70.10599    69.61514     0.49085
   0.65981   2.89974  -3.14733    66.73124    66.10093     0.63031
   0.42999   3.27092  -3.14733    62.40143    61.79650     0.60493
   0.08160   3.53401  -3.14733    57.64553    57.15619     0.48935
  -0.33830   3.65348  -3.14733    52.90344    52.52468     0.37877
  -0.77300   3.61320  -3.14733    48.85538    48.47584     0.37954
  -1.16380   3.41860  -3.14733    46.81597    46.26208     0.55389
  -0.77300   1.32802  -3.14733    60.43607    63.70110    -3.26503
  -0.33830   1.28774  -3.14733    64.82550    67.32978    -2.50428
   0.08160   1.40721  -3.14733    69.02793    70.46853    -1.44060
   0.42999   1.67030  -3.14733    71.55616    72.07509    -0.51893
   0.65981   2.04148  -3.14733    71.88247    71.75969     0.12278
   0.39209   2.47061  -3.41432    66.03282    65.92671     0.10612
   0.27955   2.89061  -3.41432    62.88273    62.59745     0.28528
  -0.02791   3.19807  -3.41432    58.68469    58.51281     0.17188
  -0.44791   3.31061  -3.41432    54.58956    54.69823    -0.10867
  -0.86791   3.19807  -3.41432    51.96406    52.43499    -0.47093
  -1.17537   2.89061  -3.41432    51.99857    52.99318    -0.99461
  -1.28791   2.47061  -3.41432    54.10575    55.90753    -1.80178
  -1.17537   2.05061  -3.41432    56.43130    59.08008    -2.64878
  -0.86791   1.74315  -3.41432    58.96017    61.89392    -2.93376
  -0.44791   1.63061  -3.41432    62.43155    64.80289    -2.37135
  -0.02791   1.74315  -3.41432    65.72158    67.08252    -1.36094
   0.27955   2.05061  -3.41432    67.13159    67.58210    -0.45051
  -0.01309   2.47061  -3.58215    62.29663    62.81066    -0.51402
  -0.23050   2.84717  -3.58215    58.82902    59.26217    -0.43315
  -0.66532   2.84717  -3.58215    55.63876    56.63068    -0.99192
  -0.88273   2.47061  -3.58215    56.06860    57.90497    -1.83637
  -0.66532   2.09405  -3.58215    58.99970    61.14375    -2.14405
  -0.23050   2.09405  -3.58215    62.21192    63.56081    -1.34889
  -0.44791   2.47061  -3.63939    58.92691    60.17181    -1.24490
   8.04083   0.19706  -1.95263    83.11803    84.46117    -1.34315
   4.81998  -2.05820  -1.95263    73.32386    73.20657     0.11729
   8.00437   0.19706  -2.36938    79.94032    80.79968    -0.85936
   4.33876  -1.77548  -2.36938    67.62356    68.32571    -0.70215
   4.71190  -1.97627  -2.36938    66.73124    67.17261    -0.44137
   5.11489  -2.10722  -2.36938    67.41021    67.78714    -0.37694
   7.96639  -0.22496  -2.36938    77.51625    78.14255    -0.62630
   4.51320  -1.75605  -2.77348    60.70276    61.66302    -0.96026
   4.90321  -1.93416  -2.77348    60.77932    61.60396    -0.82464
   5.31987  -2.03524  -2.77348    62.27655    62.97778    -0.70122
   7.85534  -0.22975  -2.77348    74.86879    74.63219     0.23660
   4.72549   2.06312  -3.15263    73.55039    70.30323     3.24716
   4.36859   1.84066  -3.15263    71.26625    68.29667     2.96959
   4.06378   1.55092  -3.15263    69.46844    67.14772     2.32071
   3.82353   1.20575  -3.15263    68.22472    66.54546     1.67926
   4.36859  -1.44653  -3.15263    55.60989    56.93884    -1.32894
   4.72549  -1.66899  -3.15263    55.14240    56.41865    -1.27626
   5.11986  -1.81505  -3.15263    56.05229    57.07111    -1.01883
   5.53556  -1.87873  -3.15263    58.08479    58.76867    -0.68388
   7.55085  -0.62259  -3.15263    70.19196    68.92625     1.26571
   7.67674  -0.22133  -3.15263    72.12029    71.11797     1.00233
   4.72158   1.78926  -3.49532    67.39829    65.02996     2.36832
   4.37917   1.53434  -3.49532    64.49229    62.43335     2.05894
   4.10478   1.20734  -3.49532    62.17992    60.71249     1.46743
   3.91320   0.82587  -3.49532    60.41222    59.51992     0.89230
   4.10478  -0.81321  -3.49532    52.89842    54.11469    -1.21627
   4.37917  -1.14022  -3.49532    51.19411    52.82583    -1.63172
   4.72158  -1.39513  -3.49532    50.76301    52.33464    -1.57163
   5.11354  -1.56421  -3.49532    51.65972    52.85121    -1.19149
   5.53393  -1.63833  -3.49532    53.67716    54.31723    -0.64006
   5.96008  -1.61351  -3.49532    56.40244    56.40762    -0.00519
   6.36902  -1.49108  -3.49532    59.29337    58.64380     0.64958
   6.73871  -1.27765  -3.49532    61.89691    60.65314     1.24376
   7.04921  -0.98470  -3.49532    64.10951    62.44622     1.66329
   7.28378  -0.62806  -3.49532    66.25308    64.46432     1.78876
   7.42978  -0.22693  -3.49532    68.86980    67.31988     1.54992
   4.75119   1.45740  -3.79114    61.61328    60.25963     1.35364
   4.44415   1.17064  -3.79114    58.32952    57.39157     0.93795
   4.22586   0.81167  -3.79114    55.63876    55.33583     0.30293
   4.11251   0.40713  -3.79114    53.40294    53.74604    -0.34310
   4.11251  -0.01300  -3.79114    51.39177    52.32581    -0.93404
   4.22586  -0.41755  -3.79114    49.50799    50.97673    -1.46874
   4.44415  -0.77651  -3.79114    48.10362    49.88903    -1.78541
   4.75119  -1.06327  -3.79114    47.69825    49.40831    -1.71006
   5.12421  -1.25655  -3.79114    48.53598    49.79426    -1.25828
   5.53555  -1.34203  -3.79114    50.50573    51.06620    -0.56047
   5.95470  -1.31336  -3.79114    53.22849    52.98539     0.24310
   6.35057  -1.17267  -3.79114    56.21795    55.19989     1.01806
   6.69380  -0.93039  -3.79114    59.13650    57.51848     1.61802
   6.95893  -0.60449  -3.79114    62.00547    60.11111     1.89436
   7.12631  -0.21915  -3.79114    65.15745    63.40280     1.75465
   5.04083   1.23630  -4.03109    59.01539    58.46848     0.54691
   4.72158   0.96841  -4.03109    55.07965    54.88379     0.19586
   4.51320   0.60749  -4.03109    51.83103    52.24999    -0.41896
   4.44083   0.19706  -4.03109    49.24193    50.30680    -1.06488
   4.51320  -0.21336  -4.03109    47.31359    48.85808    -1.54449
   4.72158  -0.57428  -4.03109    46.27945    47.96694    -1.68749
   5.04083  -0.84217  -4.03109    46.50034    47.88402    -1.38369
   5.43245  -0.98470  -4.03109    48.08166    48.77724    -0.69558
   5.84921  -0.98470  -4.03109    50.72975    50.55008     0.17967
   6.24083  -0.84217  -4.03109    53.93946    52.93778     1.00168
   6.56008  -0.57428  -4.03109    57.34182    55.81210     1.52972
   6.76846  -0.21336  -4.03109    60.92113    59.32664     1.59449
   5.23041   0.90794  -4.20789    55.90231    55.94304    -0.04073
   4.92995   0.60749  -4.20789    51.63525    52.11623    -0.48098
   4.81998   0.19706  -4.20789    48.41612    49.45531    -1.03918
   4.92995  -0.21336  -4.20789    46.66412    47.96649    -1.30237
   5.23041  -0.51381  -4.20789    46.79213    47.78937    -0.99724
   5.64083  -0.62378  -4.20789    48.86354    49.07406    -0.21052
   6.05125  -0.51381  -4.20789    52.28221    51.64296     0.63925
   6.35171  -0.21336  -4.20789    56.27693    55.20143     1.07550
   6.05759   0.19706  -4.31617    55.90859    55.49059     0.41800
   5.84921   0.55799  -4.31617    57.11905    57.03969     0.07937
   5.43245   0.55799  -4.31617    53.58680    53.85794    -0.27114
   5.22407   0.19706  -4.31617    49.51803    50.21084    -0.69281
   5.43245  -0.16386  -4.31617    48.69411    49.24299    -0.54888
   5.84921  -0.16386  -4.31617    51.70302    51.50861     0.19441
   5.64083   0.19706  -4.35263    52.15859    52.31903    -0.16044
   5.83851   2.52723   2.03710    45.17253    42.39555     2.77698
   5.41236   2.55206   2.03710    49.03736    46.55284     2.48452
   5.83399   2.77115   1.69441    50.61492    48.42185     2.19307
   5.41398   2.79245   1.69441    55.18946    52.97164     2.21782
   4.99828   2.72877   1.69441    58.63951    56.89330     1.74621
   5.62656   2.96937   1.31526    58.70477    57.16336     1.54141
   5.19830   2.94897   1.31526    63.16071    61.71119     1.44952
   4.78163   2.84788   1.31526    66.93393    66.04249     0.89144
   4.39162   2.66977   1.31526    70.88598    70.59192     0.29407
   6.45612  -1.33480   1.31526    55.66009    53.64601     2.01409
   6.82743  -1.12042   1.31526    52.59722    50.21443     2.38279
   5.41321   3.07782   0.91117    66.85486    66.19268     0.66218
   4.99332   3.02094   0.91117    70.99140    70.68125     0.31016
   4.59032   2.89000   0.91117    74.99052    75.40739    -0.41687
   4.21719   2.68920   0.91117    79.78156    80.84556    -1.06401
   5.83652  -1.62549   0.91117    67.15105    66.47264     0.67841
   6.24963  -1.53120   0.91117    64.98175    63.19280     1.78894
   6.63926  -1.36466   0.91117    62.21255    59.91512     2.29743
   6.99290  -1.13123   0.91117    58.24355    56.21713     2.02642
   5.51925   3.11666   0.49441    71.78583    72.18534    -0.39951
   5.10250   3.08020   0.49441    75.81507    76.50449    -0.68942
   4.69841   2.97192   0.49441    79.77779    81.25298    -1.47519
   4.31925   2.79512   0.49441    84.23437    86.74529    -2.51092
   5.51925  -1.68334   0.49441    77.41208    77.16074     0.25134
   5.93601  -1.64688   0.49441    74.94597    73.53182     1.41415
   6.34010  -1.53860   0.49441    72.52316    70.42421     2.09895
   6.71925  -1.36180   0.49441    69.44773    67.28625     2.16148
   5.41321   3.07782   0.07766    79.21241    80.70241    -1.49000
   5.83652  -1.62549   0.07766    83.75934    82.04620     1.71314
   6.24963  -1.53120   0.07766    81.63773    79.53527     2.10246
   6.63926  -1.36466   0.07766    78.85222    76.94031     1.91190
   6.99290  -1.13123   0.07766    74.94534    73.84577     1.09957
   4.95276   0.40724   3.73236    37.31171    37.38409    -0.07237
   5.36436   0.40724   3.69422    33.06285    33.68870    -0.62585
   5.15856   0.76369   3.69422    34.23315    34.54131    -0.30816
   4.74696   0.76369   3.69422    38.80079    38.49252     0.30828
   4.54116   0.40724   3.69422    43.10677    42.33080     0.77596
   4.74696   0.05078   3.69422    41.72248    41.42630     0.29618
   5.15856   0.05078   3.69422    36.32778    36.76950    -0.44172
   5.76194   0.40724   3.58110    30.12108    30.97951    -0.85843
   5.65353   0.81183   3.58110    30.28424    30.92821    -0.64397
   5.35735   1.10801   3.58110    32.40585    32.74359    -0.33774
   4.95276   1.21642   3.58110    36.04917    35.96833     0.08084
   4.54817   1.10801   3.58110    40.79439    40.13836     0.65603
   4.25199   0.81183   3.58110    46.16713    44.79365     1.37348
   4.14358   0.40724   3.58110    50.88035    48.86183     2.01852
   4.54817  -0.29353   3.58110    47.57463    46.85170     0.72293
   4.95276  -0.40194   3.58110    41.35601    41.60973    -0.25372
   5.35735  -0.29353   3.58110    35.90735    36.65540    -0.74805
   5.65353   0.00265   3.58110    32.05632    32.97703    -0.92071
   6.13197   0.40724   3.39685    28.33331    29.02576    -0.69245
   6.05234   0.83322   3.39685    28.25362    28.70742    -0.45381
   5.82421   1.20167   3.39685    29.66426    29.91437    -0.25011
   5.47838   1.46282   3.39685    32.28850    32.35264    -0.06414
   5.06156   1.58141   3.39685    35.79942    35.61788     0.18153
   4.63006   1.54143   3.39685    40.07150    39.49912     0.57239
   4.24213   1.34827   3.39685    45.15621    43.98464     1.17157
   3.95018   1.02801   3.39685    51.13387    49.09948     2.03439
   4.63006  -0.72696   3.39685    49.36680    49.29901     0.06779
   5.06156  -0.76694   3.39685    42.37321    43.02912    -0.65591
   5.47838  -0.64835   3.39685    36.91952    37.84175    -0.92222
   5.82421  -0.38719   3.39685    32.79302    33.77946    -0.98644
   6.05234  -0.01874   3.39685    29.90271    30.80024    -0.89753
   6.46184   0.40724   3.14774    27.52947    27.58384    -0.05437
   6.40071   0.83239   3.14774    27.24521    26.99333     0.25188
   6.22228   1.22311   3.14774    28.28311    27.85595     0.42716
   5.94100   1.54772   3.14774    30.45429    29.98483     0.46946
   5.57965   1.77994   3.14774    33.36594    32.91549     0.45044
   5.16753   1.90096   3.14774    36.74131    36.27093     0.47038
   4.73800   1.90096   3.14774    40.56472    39.94019     0.62454
   4.32587   1.77994   3.14774    45.00310    44.01268     0.99042
   3.96452   1.54772   3.14774    50.27104    48.64366     1.62738
   3.68324   1.22311   3.14774    56.60449    53.99976     2.60474
   4.73800  -1.08648   3.14774    50.31497    51.16367    -0.84870
   5.16753  -1.08648   3.14774    43.69851    44.75471    -1.05620
   5.57965  -0.96547   3.14774    38.59183    39.62212    -1.03029
   5.94100  -0.73325   3.14774    34.56511    35.48062    -0.91551
   6.22228  -0.40863   3.14774    31.38803    32.09756    -0.70954
   6.40071  -0.01792   3.14774    28.99784    29.40463    -0.40678
   6.74032   0.40724   2.84226    27.39330    26.32736     1.06594
   6.69213   0.81948   2.84226    26.75324    25.28218     1.47106
   6.55018   1.20949   2.84226    27.49621    25.82473     1.67148
   6.32211   1.55626   2.84226    29.55130    27.90693     1.64438
   6.02022   1.84108   2.84226    32.44538    30.99011     1.45527
   5.66078   2.04860   2.84226    35.66011    34.46742     1.19269
   5.26317   2.16764   2.84226    38.96018    38.00644     0.95374
   4.84882   2.19177   2.84226    42.42278    41.58368     0.83910
   4.44008   2.11970   2.84226    46.30079    45.35773     0.94306
   4.05898   1.95531   2.84226    50.87784    49.53533     1.34251
   3.72606   1.70746   2.84226    56.36541    54.28130     2.08412
   3.45928   1.38952   2.84226    62.91598    59.71895     3.19703
   4.84882  -1.37730   2.84226    51.39679    53.07442    -1.67762
   5.26317  -1.35316   2.84226    45.56974    46.95015    -1.38041
   5.66078  -1.23413   2.84226    40.97386    42.03838    -1.06452
   6.02022  -1.02660   2.84226    37.24018    37.98385    -0.74367
   6.32211  -0.74178   2.84226    34.10326    34.48150    -0.37824
   6.55018  -0.39502   2.84226    31.38865    31.32886     0.05979
   6.69213  -0.00500   2.84226    29.07816    28.51762     0.56054
   5.95534   2.14376   2.49081    36.83669    34.39268     2.44401
   5.57239   2.31426   2.49081    40.62057    38.71068     1.90989
   5.16236   2.40142   2.49081    44.05870    42.65405     1.40465
   4.74316   2.40142   2.49081    47.51000    46.43595     1.07405
   4.33313   2.31426   2.49081    51.44135    50.38162     1.05973
   3.95018   2.14376   2.49081    56.29262    54.80086     1.49176
   3.61104   1.89737   2.49081    62.34307    59.88893     2.45414
   4.74316  -1.58694   2.49081    56.38612    59.01139    -2.62527
   5.16236  -1.58694   2.49081    50.38086    52.24747    -1.86662
   5.57239  -1.49979   2.49081    45.67391    46.90509    -1.23118
   5.95534  -1.32929   2.49081    41.88626    42.55278    -0.66653
   6.29448  -1.08289   2.49081    38.68282    38.78489    -0.10207
   6.57497  -0.77137   2.49081    35.74796    35.24130     0.50666
   6.78457  -0.40834   2.49081    32.82879    31.66160     1.16719
   6.91411  -0.00966   2.49081    29.87447    28.01823     1.85624
   5.37308   2.52033   2.10537    48.10739    45.76314     2.34425
   4.95276   2.56173   2.10537    51.46456    49.90305     1.56152
   4.53244   2.52033   2.10537    54.95916    53.87862     1.08054
   4.12827   2.39773   2.10537    59.36867    58.21715     1.15152
   4.53244  -1.70585   2.10537    63.85035    67.82127    -3.97092
   4.95276  -1.74725   2.10537    57.18808    59.88963    -2.70155
   5.37308  -1.70585   2.10537    52.07450    53.75960    -1.68509
   5.77725  -1.58325   2.10537    48.10488    48.93247    -0.82760
   6.14973  -1.38416   2.10537    44.89077    44.90934    -0.01856
   6.47621  -1.11622   2.10537    42.00423    41.20248     0.80175
   6.74415  -0.78973   2.10537    38.96018    37.32471     1.63547
   4.63534   2.61498   1.69904    61.29199    60.14546     1.14653
   4.22325   2.51501   1.69904    65.33692    64.52102     0.81589
   4.63534  -1.80050   1.69904    66.73062    70.69420    -3.96359
   5.05889  -1.82068   1.69904    60.57098    63.14998    -2.57900
   5.47861  -1.76033   1.69904    56.04413    57.44282    -1.39869
   5.87932  -1.62165   1.69904    52.68131    52.98971    -0.30840
   6.24654  -1.40963   1.69904    49.98803    49.21147     0.77656
   6.56701  -1.13195   1.69904    47.35438    45.49000     1.86437
   4.63534  -1.80050   1.28568    72.24893    76.06230    -3.81336
   5.05889  -1.82068   1.28568    66.25371    68.72324    -2.46953
   5.47861  -1.76033   1.28568    62.16109    63.29575    -1.13466
   5.87932  -1.62165   1.28568    59.40821    59.18376     0.22445
   5.37308  -1.70585   0.87936    70.37080    71.36407    -0.99327
   6.78161   1.09181   2.76252    27.31863    25.39937     1.91925
   7.19321   1.09181   2.72438    28.00387    26.74579     1.25808
   6.98741   1.44826   2.72438    28.67216    27.20115     1.47102
   6.57581   1.44826   2.72438    28.55231    26.38327     2.16904
   6.98741   0.73535   2.72438    27.47739    25.76878     1.70861
   7.59080   1.09181   2.61126    28.35088    27.89962     0.45126
   7.48238   1.49640   2.61126    28.71546    28.28973     0.42574
   7.18620   1.79258   2.61126    29.70379    28.94297     0.76082
   6.78161   1.90099   2.61126    31.03097    29.50052     1.53045
   6.37702   1.79258   2.61126    31.33155    28.87589     2.45565
   7.18620   0.39103   2.61126    28.73178    27.25971     1.47207
   7.48238   0.68721   2.61126    28.53788    27.72186     0.81602
   7.96082   1.09181   2.42700    29.08130    29.28425    -0.20295
   7.88119   1.51778   2.42700    29.28587    29.53553    -0.24966
   7.65306   1.88623   2.42700    29.95040    30.13021    -0.17981
   7.30723   2.14739   2.42700    31.15773    31.04803     0.10970
   6.89042   2.26598   2.42700    32.94488    32.15709     0.78778
   6.45891   2.22600   2.42700    34.89016    33.00425     1.88591
   7.30723   0.03622   2.42700    30.89292    29.59861     1.29431
   7.65306   0.29738   2.42700    30.08343    29.58825     0.49518
   7.88119   0.66583   2.42700    29.34862    29.34655     0.00207
   8.29069   1.09181   2.17790    30.60176    31.16428    -0.56252
   8.22956   1.51696   2.17790    30.77118    31.32550    -0.55431
   8.05113   1.90767   2.17790    31.19663    31.77625    -0.57961
   7.76985   2.23229   2.17790    31.93396    32.52776    -0.59380
   7.40851   2.46451   2.17790    33.14944    33.60522    -0.45578
   6.99638   2.58552   2.17790    35.02131    35.00844     0.01286
   6.56685   2.58552   2.17790    37.55456    36.61831     0.93626
   6.15472   2.46451   2.17790    40.26415    38.00208     2.26207
   6.99638  -0.40191   2.17790    34.76026    32.69410     2.06616
   7.40851  -0.28090   2.17790    33.96395    32.90608     1.05787
   7.76985  -0.04868   2.17790    32.52570    32.34804     0.17766
   8.05113   0.27594   2.17790    31.37799    31.72007    -0.34208
   8.22956   0.66665   2.17790    30.75801    31.29805    -0.54004
   8.56917   1.09181   1.87242    33.13752    33.73109    -0.59357
   8.52099   1.50404   1.87242    33.35087    33.85481    -0.50394
   8.37903   1.89406   1.87242    33.67028    34.20035    -0.53007
   8.15096   2.24083   1.87242    34.10765    34.76917    -0.66152
   7.84907   2.52565   1.87242    34.77720    35.59406    -0.81686
   7.48963   2.73317   1.87242    35.87346    36.73260    -0.85914
   7.09202   2.85221   1.87242    37.61480    38.24787    -0.63307
   6.67768   2.87634   1.87242    40.16563    40.17063    -0.00501
   6.26894   2.80427   1.87242    43.50774    42.42653     1.08122
   7.09202  -0.66860   1.87242    39.81862    37.88437     1.93424
   7.48963  -0.54956   1.87242    37.82251    37.06419     0.75832
   7.84907  -0.34204   1.87242    35.81824    35.95810    -0.13986
   8.15096  -0.05721   1.87242    34.32853    34.97253    -0.64400
   8.37903   0.28955   1.87242    33.46194    34.26065    -0.79870
   8.52099   0.67957   1.87242    33.12183    33.85423    -0.73239
   8.78678   1.09181   1.52097    36.81347    37.14836    -0.33489
   8.74296   1.50870   1.52097    37.13099    37.29091    -0.15992
   8.61342   1.90738   1.52097    37.45290    37.61436    -0.16145
   8.40383   2.27041   1.52097    37.76729    38.11001    -0.34272
   8.12333   2.58193   1.52097    38.16701    38.80767    -0.64066
   7.78420   2.82833   1.52097    38.83280    39.77441    -0.94161
   7.40124   2.99883   1.52097    40.00875    41.10655    -1.09779
   6.99121   3.08599   1.52097    41.95466    42.91526    -0.96061
   6.57202   3.08599   1.52097    44.89391    45.30311    -0.40920
   6.16198   2.99883   1.52097    48.93570    48.32063     0.61508
   6.99121  -0.90238   1.52097    46.68043    44.39992     2.28051
   7.40124  -0.81522   1.52097    43.55104    42.67348     0.87756
   7.78420  -0.64472   1.52097    40.71219    40.90325    -0.19107
   8.12333  -0.39832   1.52097    38.60125    39.40983    -0.80858
   8.40383  -0.08680   1.52097    37.29979    38.30384    -1.00405
   8.61342   0.27623   1.52097    36.70052    37.59162    -0.89110
   8.74296   0.67491   1.52097    36.60953    37.22804    -0.61851
   8.93610   1.09181   1.13552    41.70177    41.57632     0.12545
   8.89470   1.51212   1.13552    42.15860    41.77861     0.37999
   8.77210   1.91629   1.13552    42.52883    42.11872     0.41011
   8.57301   2.28878   1.13552    42.78234    42.57653     0.20581
   8.30507   2.61526   1.13552    42.99632    43.17806    -0.18173
   7.97858   2.88320   1.13552    43.34585    43.99579    -0.64994
   7.60610   3.08229   1.13552    44.08191    45.14333    -1.06142
   7.20193   3.20490   1.13552    45.49695    46.76670    -1.26975
   6.78161   3.24629   1.13552    47.89341    49.03442    -1.14101
   6.36129   3.20490   1.13552    51.53987    52.12518    -0.58532
   5.95713   3.08229   1.13552    56.62771    56.20440     0.42332
   7.20193  -1.02129   1.13552    51.62332    50.24326     1.38007
   7.60610  -0.89868   1.13552    47.57840    47.53736     0.04104
   7.97858  -0.69959   1.13552    44.51552    45.31129    -0.79577
   8.30507  -0.43165   1.13552    42.50498    43.64001    -1.13503
   8.57301  -0.10516   1.13552    41.44073    42.50814    -1.06742
   8.77210   0.26732   1.13552    41.11756    41.84917    -0.73161
   8.89470   0.67149   1.13552    41.28699    41.57112    -0.28413
   9.01206   1.09181   0.72920    47.86642    47.18146     0.68497
   8.97175   1.51392   0.72920    48.49895    47.48963     1.00932
   8.85229   1.92078   0.72920    48.95202    47.88342     1.06860
   8.65798   2.29768   0.72920    49.17604    48.32850     0.84754
   8.39586   2.63099   0.72920    49.24318    48.84918     0.39400
   8.07540   2.90867   0.72920    49.33480    49.52910    -0.19430
   7.70817   3.12069   0.72920    49.72260    50.50484    -0.78224
   7.30746   3.25938   0.72920    50.73163    51.95679    -1.22515
   6.88774   3.31972   0.72920    52.71143    54.10232    -1.39089
   6.46419   3.29955   0.72920    56.00460    57.19468    -1.19009
   6.05211   3.19958   0.72920    60.92741    61.52645    -0.59904
   7.30746  -1.07577   0.72920    57.38574    56.67383     0.71191
   7.70817  -0.93708   0.72920    52.80932    53.29785    -0.48853
   8.07540  -0.72506   0.72920    49.60463    50.71630    -1.11167
   8.39586  -0.44738   0.72920    47.67754    48.90056    -1.22302
   8.65798  -0.11406   0.72920    46.82162    47.76597    -0.94434
   8.85229   0.26283   0.72920    46.76515    47.19228    -0.42714
   8.97175   0.66969   0.72920    47.20879    47.04281     0.16598
   9.01206   1.09181   0.31584    55.38462    54.12989     1.25472
   8.97175   1.51392   0.31584    56.24556    54.60168     1.64388
   8.85229   1.92078   0.31584    56.81283    55.08712     1.72571
   8.65798   2.29768   0.31584    57.01551    55.53238     1.48314
   8.39586   2.63099   0.31584    56.93080    55.96468     0.96612
   8.07540   2.90867   0.31584    56.77016    56.49227     0.27789
   7.70817   3.12069   0.31584    56.85111    57.29311    -0.44200
   7.30746   3.25938   0.31584    57.55454    58.60038    -1.04583
   6.88774   3.31972   0.31584    59.28522    60.69439    -1.40917
   6.46419   3.29955   0.31584    62.44661    63.90824    -1.46164
   6.05211   3.19958   0.31584    67.42715    68.65022    -1.22307
   7.30746  -1.07577   0.31584    64.92213    64.63890     0.28324
   7.70817  -0.93708   0.31584    59.68180    60.48732    -0.80551
   8.07540  -0.72506   0.31584    56.16273    57.42717    -1.26444
   8.39586  -0.44738   0.31584    54.18796    55.38844    -1.20048
   8.65798  -0.11406   0.31584    53.47385    54.22773    -0.75388
   8.85229   0.26283   0.31584    53.67654    53.76201    -0.08548
   8.97175   0.66969   0.31584    54.43017    53.79374     0.63643
   7.20193   3.20490  -0.09049    65.88536    66.76107    -0.87571
   6.78161   3.24629  -0.09049    67.57775    68.95245    -1.37470
   6.36129   3.20490  -0.09049    70.94246    72.57502    -1.63256
   5.95713   3.08229  -0.09049    76.43568    78.20429    -1.76861
   7.20193  -1.02129  -0.09049    75.12669    75.19770    -0.07101
   7.60610  -0.89868  -0.09049    68.64075    69.73254    -1.09179
   7.97858  -0.69959  -0.09049    64.36804    65.78456    -1.41651
   8.30507  -0.43165  -0.09049    62.08328    63.28667    -1.20339
   8.57301  -0.10516  -0.09049    61.39929    62.00646    -0.60717
   8.77210   0.26732  -0.09049    61.86114    61.65502     0.20612
   6.16198   2.99883  -0.47594    81.78143    83.73966    -1.95823
   7.78420  -0.64472  -0.47594    74.52679    76.33487    -1.80807
   8.12333  -0.39832  -0.47594    71.38799    72.78966    -1.40167
   3.39516  -2.12796  -1.99671    80.95688    82.93433    -1.97744
   3.81517  -2.10666  -1.99671    77.28407    79.03627    -1.75220
   4.22229  -2.00125  -1.99671    74.59143    75.60530    -1.01387
   2.97314   1.70910  -2.33940    85.61489    86.93152    -1.31663
   4.22862  -1.74031  -2.33940    68.93506    69.74870    -0.81365
   1.69433   2.84056   0.82090    78.19082    79.37143    -1.18061
   1.30433   2.66245   0.82090    78.20839    79.04009    -0.83170
   1.90602   3.01362   0.41681    78.17513    80.34150    -2.16636
   2.84871   3.07288   0.00005    81.80277    84.95631    -3.15354
   2.43196   3.10934   0.00005    79.94534    82.91036    -2.96502
   3.16233   2.95720  -0.41670    85.74917    89.17584    -3.42667
   2.74922   3.05149  -0.41670    82.68630    85.87668    -3.19038
   0.97957   0.08554   3.65992    76.10498    74.33536     1.76962
   1.60089   0.43887   3.56680    78.96705    75.82431     3.14274
   1.18823   0.54944   3.56680    74.98613    72.80690     2.17923
   0.77557   0.43887   3.56680    72.32926    71.11651     1.21275
   0.47349   0.13679   3.56680    71.75257    70.80066     0.95191
   0.36291  -0.27587   3.56680    73.94697    72.41742     1.52955
   1.79567   0.77624   3.41391    78.89740    74.81912     4.07828
   1.39919   0.92055   3.41391    75.00245    72.22491     2.77753
   0.97727   0.92055   3.41391    71.61891    70.27930     1.33962
   0.58079   0.77624   3.41391    69.04738    68.84709     0.20029
   0.25758   0.50503   3.41391    67.72145    67.99968    -0.27823
   0.04662   0.13964   3.41391    67.93230    67.92162     0.01067
  -0.02665  -0.27587   3.41391    69.94033    69.01750     0.92282
   0.04662  -0.69138   3.41391    74.31658    72.07693     2.23965
   1.97688   1.09011   3.20466    78.97709    74.16727     4.80982
   1.59646   1.24768   3.20466    75.52391    72.14188     3.38202
   1.18823   1.30142   3.20466    72.08515    70.32453     1.76063
   0.77999   1.24768   3.20466    68.89929    68.68753     0.21176
   0.39958   1.09011   3.20466    66.31583    67.29149    -0.97566
   0.07291   0.83945   3.20466    64.60524    66.19011    -1.58487
  -0.17775   0.51278   3.20466    63.88047    65.42438    -1.54391
  -0.33532   0.13236   3.20466    64.12896    65.07063    -0.94166
  -0.38907  -0.27587   3.20466    65.43795    65.38703     0.05092
  -0.33532  -0.68411   3.20466    68.36842    67.03407     1.33435
   2.42116   1.17565   2.94374    81.65342    75.41022     6.24320
   2.08030   1.40676   2.94374    79.04800    73.96684     5.08115
   1.69773   1.55919   2.94374    75.93304    72.35637     3.57667
   1.29133   1.62582   2.94374    72.46605    70.60464     1.86141
   0.88012   1.60352   2.94374    69.02040    68.86397     0.15643
   0.48331   1.49335   2.94374    65.93619    67.25323    -1.31704
   0.11946   1.30045   2.94374    63.47070    65.83196    -2.36126
  -0.19442   1.03384   2.94374    61.76451    64.60766    -2.84315
  -0.44364   0.70599   2.94374    60.79877    63.54588    -2.74711
  -0.61656   0.33223   2.94374    60.38587    62.58086    -2.19500
  -0.70509  -0.06996   2.94374    60.30053    61.69884    -1.39832
  -0.70509  -0.48178   2.94374    60.69335    61.22385    -0.53051
   2.09763   1.71543   2.63697    79.80227    74.84008     4.96219
   1.70433   1.85155   2.63697    76.45011    73.12595     3.32416
   1.29239   1.91078   2.63697    72.70576    71.14970     1.55606
   0.87668   1.89098   2.63697    69.00032    69.17543    -0.17512
   0.47223   1.79286   2.63697    65.62432    67.34087    -1.71655
   0.09366   1.61997   2.63697    62.79425    65.70130    -2.90705
  -0.24534   1.37856   2.63697    60.64252    64.24979    -3.60727
  -0.53254   1.07736   2.63697    59.18168    62.92579    -3.74411
  -0.75755   0.72725   2.63697    58.21657    61.60376    -3.38719
  -0.91222   0.34088   2.63697    57.29475    60.05022    -2.75547
  -0.99099  -0.06778   2.63697    55.83203    57.97766    -2.14563
   1.69910   2.09457   2.29120    77.70889    74.75903     2.94986
   1.29114   2.14682   2.29120    73.57172    72.32040     1.25133
   0.88023   2.12936   2.29120    69.63724    69.99472    -0.35748
   0.47817   2.04271   2.29120    66.05730    67.87929    -1.82199
   0.09654   1.88936   2.29120    62.97874    66.01241    -3.03368
  -0.25368   1.67372   2.29120    60.51764    64.38316    -3.86552
  -0.56242   1.40199   2.29120    58.72924    62.92635    -4.19710
  -0.82080   1.08200   2.29120    57.53007    61.51920    -3.98913
  -1.02138   0.72294   2.29120    56.52041    59.92376    -3.40335
  -1.15840   0.33514   2.29120    54.89077    57.65350    -2.76273
   1.59597   2.29849   1.91415    78.41108    76.39152     2.01956
   1.18823   2.33058   1.91415    73.88799    73.32513     0.56286
   0.78049   2.29849   1.91415    69.79600    70.56898    -0.77298
   0.38279   2.20301   1.91415    66.12695    68.13326    -2.00631
   0.00493   2.04649   1.91415    62.97623    66.03031    -3.05409
  -0.34380   1.83279   1.91415    60.44297    64.24650    -3.80353
  -0.65481   1.56716   1.91415    58.60374    62.71504    -4.11130
  -0.92043   1.25616   1.91415    57.48866    61.31316    -3.82450
  -1.13413   0.90743   1.91415    56.76451    59.78885    -3.02434
   1.29279   2.45192   1.51425    76.80465    76.35020     0.45445
   0.87517   2.43592   1.51425    72.29349    72.80110    -0.50762
   0.46488   2.35635   1.51425    68.22974    69.68788    -1.45814
   0.07155   2.21508   1.51425    64.66485    66.98828    -2.32343
  -0.29560   2.01543   1.51425    61.72246    64.71100    -2.98854
  -0.62798   1.76207   1.51425    59.52367    62.83790    -3.31424
   0.97957   2.50849   1.10044    75.46994    75.91345    -0.44351
   0.56691   2.44629   1.10044    71.09871    72.01407    -0.91536
   0.16813   2.32329   1.10044    67.10210    68.51598    -1.41388
  -0.20786   2.14222   1.10044    63.64327    65.37680    -1.73353
   0.97957   2.50849   0.68195    78.29875    78.90475    -0.60599
   0.56691   2.44629   0.68195    73.62381    74.24380    -0.61999
   0.16813   2.32329   0.68195    69.16159    69.86045    -0.69886
   2.15018  -1.31838   4.41155    71.74442    72.61196    -0.86754
   2.56693  -1.31838   4.37509    70.59105    71.36411    -0.77305
   1.94180  -0.95746   4.37509    72.31984    72.90067    -0.58083
   2.35856  -1.67930   4.37509    71.31332    72.33475    -1.02143
   1.73975  -0.60750   4.26681    73.13309    73.22700    -0.09391
   2.56060  -2.02925   4.26681    71.00207    72.12344    -1.12137
   2.86105  -1.72880   4.26681    69.75521    70.70903    -0.95382
   1.55018  -0.27915   4.09001    74.32160    73.69965     0.62194
   2.75018  -2.35761   4.09001    70.85524    72.09757    -1.24234
   3.06943  -2.08972   4.09001    69.39816    70.51576    -1.11760
   1.63356   0.13524   3.85005    76.30265    74.44872     1.85393
   1.26054  -0.05805   3.85005    75.96756    74.56234     1.40521
   0.95350  -0.34480   3.85005    76.26123    74.97281     1.28842
   2.85992  -2.68811   3.85005    71.27818    72.73125    -1.45307
   3.20315  -2.44583   3.85005    69.64038    70.99402    -1.35365
   3.46828  -2.11993   3.85005    68.49266    69.61259    -1.11993
   2.87837  -3.00652   3.55424    72.38322    74.18612    -1.80289
   3.24806  -2.79308   3.55424    70.66761    72.37069    -1.70308
   3.55856  -2.50015   3.55424    69.15657    70.72240    -1.56584
   3.79313  -2.14350   3.55424    67.81621    69.16700    -1.35079
   2.46491  -3.37287   3.21155    75.85586    78.10166    -2.24580
   2.87204  -3.26746   3.21155    73.93505    76.18878    -2.25373
   3.24961  -3.08225   3.21155    72.35624    74.48529    -2.12905
   3.58217  -2.82483   3.21155    70.80503    72.82426    -2.01922
   3.85610  -2.50573   3.21155    69.10762    71.05874    -1.95112
   4.06020  -2.13803   3.21155    67.25521    69.08011    -1.82490
   2.25749  -3.57108   2.83240    78.61627    81.30058    -2.68431
   2.68188  -3.51007   2.83240    76.71617    79.43406    -2.71789
   3.08705  -3.36984   2.83240    75.28545    77.84344    -2.55799
   4.04743  -2.53766   2.83240    70.06395    72.48911    -2.42516
   4.24389  -2.15657   2.83240    67.37005    69.84524    -2.47520
   2.04414  -3.67953   2.42830    82.02177    84.96821    -2.94645
   4.47573  -1.74040   2.42830    63.65205    66.93249    -3.28043
   1.73342  -3.68192   2.01155    87.17174    89.94672    -2.77498
   0.97115  -1.42770  -2.72711    85.33690    85.08381     0.25309
   0.34602  -1.78862  -2.72711    85.67513    85.93965    -0.26452
   0.76278  -1.78862  -2.72711    85.22018    85.25802    -0.03783
   0.81976  -4.21192  -0.58078    83.07410    82.11269     0.96141
   1.14379  -3.93115  -0.58078    89.23687    87.95586     1.28102
   0.94357  -3.88129  -0.95993    88.52026    86.87580     1.64445
  -1.39144  -1.66863   3.29431    55.59107    56.59638    -1.00531
  -0.97984  -1.66863   3.25617    59.26953    59.64163    -0.37211
  -1.18564  -1.31217   3.25617    56.00585    56.81297    -0.80712
  -1.59724  -1.31217   3.25617    53.93946    54.80644    -0.86697
  -1.80304  -1.66863   3.25617    54.75962    55.56048    -0.80087
  -1.59724  -2.02508   3.25617    56.20728    57.30630    -1.09902
  -1.18564  -2.02508   3.25617    58.47573    59.29335    -0.81762
  -0.58226  -1.66863   3.14305    66.26877    64.94395     1.32482
  -0.69067  -1.26404   3.14305    62.59596    62.02238     0.57358
  -0.98685  -0.96786   3.14305    57.22761    57.83564    -0.60802
  -1.39144  -0.85945   3.14305    53.78886    54.73530    -0.94644
  -1.79603  -0.96786   3.14305    53.42177    53.90368    -0.48191
  -2.09221  -1.26404   3.14305    54.99493    54.95253     0.04241
  -2.20062  -1.66863   3.14305    56.51602    56.49250     0.02351
  -2.09221  -2.07322   3.14305    57.27279    57.77815    -0.50535
  -1.79603  -2.36940   3.14305    58.08165    59.09219    -1.01054
  -1.39144  -2.47781   3.14305    59.77467    60.78510    -1.01043
  -0.98685  -2.36940   3.14305    62.57148    62.90514    -0.33366
  -0.69067  -2.07322   3.14305    65.62620    64.87085     0.75535
  -0.86582  -0.61305   2.95880    58.00070    58.78235    -0.78165
  -1.28263  -0.49445   2.95880    53.84283    55.04997    -1.20714
  -1.71414  -0.53444   2.95880    52.90909    53.55050    -0.64141
  -2.10207  -0.72760   2.95880    54.62658    54.34404     0.28254
  -2.39402  -1.04786   2.95880    57.68444    56.57434     1.11010
  -2.55057  -1.45195   2.95880    60.12545    58.76811     1.35734
  -2.55057  -1.88531   2.95880    61.03346    60.11889     0.91457
  -2.39402  -2.28940   2.95880    61.06671    60.90777     0.15894
  -2.10207  -2.60966   2.95880    61.26752    61.78326    -0.51574
  -1.71414  -2.80282   2.95880    62.19686    63.04130    -0.84444
  -1.28263  -2.84281   2.95880    64.05178    64.71882    -0.66704
  -0.86582  -2.72421   2.95880    67.11716    67.00668     0.11049
  -0.51999  -2.46306   2.95880    71.45953    69.91298     1.54655
  -1.17667  -0.17491   2.70969    54.12207    55.90101    -1.77894
  -1.60620  -0.17491   2.70969    52.65495    53.77783    -1.12288
  -2.01833  -0.29592   2.70969    53.81333    54.02289    -0.20956
  -2.66095  -2.48450   2.70969    66.69610    65.74044     0.95566
  -2.37967  -2.80911   2.70969    66.48338    66.19050     0.29288
  -2.01833  -3.04134   2.70969    67.06069    67.20463    -0.14394
  -1.60620  -3.16235   2.70969    68.14879    68.44923    -0.30044
  -1.17667  -3.16235   2.70969    69.81294    69.92912    -0.11618
  -0.76454  -3.04134   2.70969    72.66184    72.13178     0.53006
  -0.40320  -2.80911   2.70969    77.13347    75.28349     1.84998
  -1.49537   0.11591   2.40421    52.81685    54.56590    -1.74905
  -2.28522  -3.21670   2.40421    74.60398    73.60728     0.99669
  -1.90412  -3.38109   2.40421    75.75608    74.98923     0.76685
  -1.49537  -3.45316   2.40421    76.47584    75.87480     0.60104
  -1.08103  -3.42903   2.40421    77.35435    76.77726     0.57709
   0.43197  -4.61070  -0.41130    72.47295    72.08286     0.39009
   0.49057  -4.59833  -0.82805    71.49216    70.43004     1.06212
   0.73052  -4.25564  -0.82805    80.56218    79.36072     1.20146
   0.43197  -4.61070  -1.24481    69.75709    68.33749     1.41960
  -2.23758  -4.31597  -2.66656    56.17842    52.05845     4.11997
  -2.26719  -3.82698  -2.90651    57.50372    55.53258     1.97114
  -0.75815  -5.73441   0.94921    61.58190    63.03381    -1.45191
  -0.45626  -5.44959   0.94921    64.96292    66.79017    -1.82725
  -0.22818  -5.10282   0.94921    70.69334    72.59990    -1.90656
  -2.44523  -6.20759   0.59776    55.69712    55.00201     0.69511
  -2.03520  -6.29475   0.59776    53.83592    53.48007     0.35585
  -1.61601  -6.29475   0.59776    52.69323    52.90250    -0.20928
  -1.20597  -6.20759   0.59776    52.47799    53.36162    -0.88363
  -0.82302  -6.03709   0.59776    53.46381    54.98259    -1.51878
  -0.48389  -5.79070   0.59776    55.96443    57.93784    -1.97341
  -0.20339  -5.47917   0.59776    60.31935    62.47426    -2.15491
   0.00621  -5.11614   0.59776    66.92577    68.97294    -2.04717
  -3.93870  -4.72089   0.21231    70.76362    71.76028    -0.99666
  -3.81609  -5.12505   0.21231    64.62407    65.41107    -0.78700
  -3.61700  -5.49754   0.21231    59.55316    59.95049    -0.39733
  -3.34906  -5.82402   0.21231    55.53334    55.50523     0.02811
  -3.02257  -6.09196   0.21231    52.37069    52.03079     0.33990
  -2.65009  -6.29105   0.21231    49.89265    49.46447     0.42818
  -2.24592  -6.41366   0.21231    48.01891    47.77212     0.24679
  -1.82560  -6.45505   0.21231    46.77707    46.95635    -0.17928
  -1.40529  -6.41366   0.21231    46.29012    47.05551    -0.76538
  -1.00112  -6.29105   0.21231    46.76075    48.14318    -1.38243
  -0.62863  -6.09196   0.21231    48.44436    50.33169    -1.88733
  -0.30215  -5.82402   0.21231    51.62458    53.78088    -2.15630
  -0.03421  -5.49754   0.21231    56.59634    58.71477    -2.11843
   0.16488  -5.12505   0.21231    63.66460    65.45249    -1.78789
  -3.80810  -5.32262  -0.19401    58.97334    59.95626    -0.98292
  -3.57885  -5.67934  -0.19401    53.34145    53.99249    -0.65104
  -3.28624  -5.98622  -0.19401    49.24444    49.52423    -0.27979
  -2.94083  -6.23219  -0.19401    46.23427    46.25871    -0.02444
  -2.55511  -6.40834  -0.19401    44.02732    44.01013     0.01719
  -2.14303  -6.50831  -0.19401    42.49871    42.68058    -0.18187
  -1.71948  -6.52848  -0.19401    41.65345    42.23729    -0.58384
  -1.29976  -6.46814  -0.19401    41.60262    42.69734    -1.09471
  -0.89904  -6.32945  -0.19401    42.53385    44.11999    -1.58614
  -0.53182  -6.11743  -0.19401    44.68119    46.60531    -1.92412
  -0.21136  -5.83975  -0.19401    48.30254    50.29717    -1.99462
   0.05077  -5.50643  -0.19401    53.65081    55.38888    -1.73808
   0.24507  -5.12954  -0.19401    60.95627    62.12723    -1.17096
   0.36453  -4.72268  -0.19401    70.43041    70.80237    -0.37196
  -3.57885  -5.67934  -0.60738    50.41098    51.37269    -0.96171
  -3.28624  -5.98622  -0.60738    45.65006    46.32149    -0.67143
  -2.94083  -6.23219  -0.60738    42.39831    42.82813    -0.42982
  -2.55511  -6.40834  -0.60738    40.17943    40.53214    -0.35271
  -2.14303  -6.50831  -0.60738    38.77318    39.24863    -0.47545
  -1.71948  -6.52848  -0.60738    38.13124    38.89799    -0.76675
  -1.29976  -6.46814  -0.60738    38.33205    39.47002    -1.13797
  -0.89904  -6.32945  -0.60738    39.53875    41.00649    -1.46775
  -0.53182  -6.11743  -0.60738    41.96407    43.59392    -1.62985
  -0.21136  -5.83975  -0.60738    45.84271    47.36178    -1.51908
   0.05077  -5.50643  -0.60738    51.39679    52.48146    -1.08467
   0.24507  -5.12954  -0.60738    58.81019    59.15825    -0.34806
   0.36453  -4.72268  -0.60738    68.20966    67.59720     0.61246
  -3.61700  -5.49754  -1.01370    51.78397    52.83718    -1.05321
  -3.34906  -5.82402  -1.01370    45.15496    46.11795    -0.96299
  -3.02257  -6.09196  -1.01370    40.97574    41.72386    -0.74812
  -2.65009  -6.29105  -1.01370    38.31448    38.90991    -0.59544
  -2.24592  -6.41366  -1.01370    36.73127    37.31456    -0.58329
  -1.82560  -6.45505  -1.01370    36.06109    36.76903    -0.70794
  -1.40529  -6.41366  -1.01370    36.31397    37.21465    -0.90068
  -1.00112  -6.29105  -1.01370    37.61104    38.66521    -1.05418
  -0.62863  -6.09196  -1.01370    40.14053    41.19009    -1.04957
  -0.30215  -5.82402  -1.01370    44.11455    44.90772    -0.79317
  -0.03421  -5.49754  -1.01370    49.73703    49.98264    -0.24561
   0.16488  -5.12505  -1.01370    57.16361    56.61904     0.54457
  -3.44782  -5.47917  -1.39915    49.53748    50.34924    -0.81176
  -3.16732  -5.79070  -1.39915    42.85702    43.67196    -0.81494
  -2.82819  -6.03709  -1.39915    38.86731    39.52016    -0.65285
  -2.44523  -6.20759  -1.39915    36.55682    37.06763    -0.51081
  -2.03520  -6.29475  -1.39915    35.48127    35.93302    -0.45175
  -1.61601  -6.29475  -1.39915    35.50135    35.95098    -0.44963
  -1.20597  -6.20759  -1.39915    36.65408    37.07867    -0.42458
  -0.82302  -6.03709  -1.39915    39.08380    39.35546    -0.27166
  -0.48389  -5.79070  -1.39915    42.98377    42.88712     0.09665
  -0.20339  -5.47917  -1.39915    48.54664    47.84251     0.70413
   0.00621  -5.11614  -1.39915    55.93369    54.45838     1.47531
  -3.05230  -5.60079  -1.75060    43.42993    43.77780    -0.34787
  -2.71938  -5.84864  -1.75060    39.11078    39.34957    -0.23878
  -2.33828  -6.01303  -1.75060    36.83606    36.89767    -0.06160
  -1.92954  -6.08510  -1.75060    36.08744    35.97682     0.11063
  -1.51520  -6.06097  -1.75060    36.70491    36.40398     0.30094
  -1.11759  -5.94193  -1.75060    38.72989    38.14695     0.58294
  -0.75815  -5.73441  -1.75060    42.31485    41.27954     1.03531
  -0.45626  -5.44959  -1.75060    47.65370    45.97090     1.68280
  -0.22818  -5.10282  -1.75060    54.95163    52.50361     2.44802
  -2.81384  -5.44105  -2.05608    43.42554    42.90634     0.51920
  -2.45250  -5.67327  -2.05608    39.65421    39.00315     0.65105
  -2.04037  -5.79428  -2.05608    38.26176    37.34223     0.91953
  -1.61084  -5.79428  -2.05608    38.86166    37.57902     1.28265
  -1.19871  -5.67327  -2.05608    41.41563    39.63371     1.78192
  -0.83737  -5.44105  -2.05608    46.08179    43.61891     2.46288
  -0.55609  -5.11644  -2.05608    53.13060    49.84093     3.28967
  -2.53624  -5.24159  -2.30518    44.52117    42.79994     1.72123
  -2.14831  -5.43476  -2.30518    41.93834    39.99780     1.94054
  -1.71680  -5.47474  -2.30518    42.24959    39.85020     2.39939
  -1.29999  -5.35615  -2.30518    45.35576    42.29020     3.06556
  -0.95416  -5.09499  -2.30518    51.43005    47.51626     3.91379
  -2.52638  -4.70516  -2.48943    51.33341    48.13999     3.19343
  -2.23020  -5.00134  -2.48943    47.24519    44.12133     3.12386
  -1.82560  -5.10975  -2.48943    46.77519    43.26164     3.51354
  -1.42101  -5.00134  -2.48943    50.38211    46.14444     4.23767
  -2.03140  -4.65702  -2.60255    52.57588    48.18473     4.39115
  -3.97599  -0.35337  -1.81483    47.76853    44.16632     3.60221
  -2.08868  -2.76866  -3.24925    58.32889    60.13280    -1.80391
  -1.78823  -2.46821  -3.24925    63.82901    66.66884    -2.83982
  -2.29073  -2.41870  -3.35752    54.09195    55.84961    -1.75766
  -2.49911  -2.05778  -3.39398    51.08806    52.33754    -1.24948
  -5.17766  -2.61247   0.17938    54.06120    56.22693    -2.16573
  -5.11653  -3.03762   0.17938    56.22485    58.08606    -1.86121
  -4.93810  -3.42834   0.17938    61.12131    62.57085    -1.44954
  -5.16206  -1.63019  -0.12610    49.91148    51.86300    -1.95152
  -5.34833  -2.00109  -0.12610    46.70679    48.99961    -2.29282
  -5.44405  -2.40495  -0.12610    45.94374    48.20018    -2.25645
  -5.44405  -2.81999  -0.12610    47.51314    49.48297    -1.96983
  -5.34833  -3.22385  -0.12610    51.24556    52.80809    -1.56253
  -5.29079  -1.43386  -0.47755    42.44663    44.08565    -1.63903
  -5.50039  -1.79689  -0.47755    39.93094    41.94281    -2.01187
  -5.62993  -2.19557  -0.47755    39.30594    41.34528    -2.03934
  -5.67374  -2.61247  -0.47755    40.58731    42.36529    -1.77798
  -5.62993  -3.02937  -0.47755    43.71733    45.06571    -1.34837
  -5.50039  -3.42804  -0.47755    48.60751    49.48655    -0.87903
  -5.19203  -1.08901  -0.86299    38.65019    39.27332    -0.62313
  -5.45997  -1.41550  -0.86299    35.63250    36.90536    -1.27286
  -5.65907  -1.78798  -0.86299    34.15785    35.76256    -1.60471
  -5.78167  -2.19215  -0.86299    34.31849    35.88746    -1.56896
  -5.82307  -2.61247  -0.86299    36.11756    37.35844    -1.24087
  -5.78167  -3.03279  -0.86299    39.51553    40.26845    -0.75292
  -5.65907  -3.43696  -0.86299    44.46281    44.70489    -0.24207
  -4.78380  -0.68085  -1.26932    39.60275    38.42246     1.18029
  -5.12921  -0.92681  -1.26932    35.15308    34.86252     0.29056
  -5.42183  -1.23370  -1.26932    32.02746    32.55407    -0.52661
  -5.65108  -1.59042  -1.26932    30.35326    31.37525    -1.02199
  -5.80867  -1.98408  -1.26932    30.18383    31.30593    -1.12210
  -5.88892  -2.40045  -1.26932    31.51792    32.39261    -0.87469
  -5.88892  -2.82449  -1.26932    34.31473    34.71729    -0.40256
  -5.80867  -3.24086  -1.26932    38.52093    38.37548     0.14544
  -5.65108  -3.63452  -1.26932    44.08756    43.44648     0.64108
  -4.39808  -0.50470  -1.68268    41.58192    38.76808     2.81384
  -4.78380  -0.68085  -1.68268    35.96320    34.19415     1.76905
  -5.12921  -0.92681  -1.68268    31.69237    30.96738     0.72499
  -5.42183  -1.23370  -1.68268    28.82716    28.93797    -0.11081
  -5.65108  -1.59042  -1.68268    27.41464    27.99810    -0.58347
  -5.80867  -1.98408  -1.68268    27.46170    28.11445    -0.65275
  -5.88892  -2.40045  -1.68268    28.93635    29.31402    -0.37767
  -5.88892  -2.82449  -1.68268    31.77457    31.66038     0.11419
  -5.80867  -3.24086  -1.68268    35.89856    35.23021     0.66835
  -5.65108  -3.63452  -1.68268    41.23177    40.08035     1.15142
  -4.08890  -0.49938  -2.08900    42.78548    39.02793     3.75755
  -4.49307  -0.62198  -2.08900    36.58757    33.91898     2.66859
  -4.86555  -0.82108  -2.08900    31.68233    30.12466     1.55767
  -5.19203  -1.08901  -2.08900    28.14317    27.54999     0.59319
  -5.45997  -1.41550  -2.08900    26.03662    26.09824    -0.06162
  -5.65907  -1.78798  -2.08900    25.38464    25.70686    -0.32222
  -5.78167  -2.19215  -2.08900    26.15773    26.36296    -0.20523
  -5.82307  -2.61247  -2.08900    28.28248    28.09363     0.18885
  -5.78167  -3.03279  -2.08900    31.65785    30.94514     0.71271
  -5.65907  -3.43696  -2.08900    36.16337    34.95273     1.21064
  -5.45997  -3.80944  -2.08900    41.65973    40.08869     1.57104
  -3.87818  -0.61829  -2.47445    42.28473    38.59035     3.69438
  -4.28821  -0.70544  -2.47445    36.04666    33.27985     2.76681
  -4.67116  -0.87594  -2.47445    31.03599    29.30235     1.73364
  -5.01030  -1.12234  -2.47445    27.34686    26.54518     0.80169
  -5.29079  -1.43386  -2.47445    25.08093    24.93383     0.14709
  -5.50039  -1.79689  -2.47445    24.27960    24.41490    -0.13531
  -5.62993  -2.19557  -2.47445    24.91464    24.96611    -0.05147
  -5.67374  -2.61247  -2.47445    26.89443    26.59266     0.30177
  -5.62993  -3.02937  -2.47445    30.08092    29.30732     0.77360
  -5.50039  -3.42804  -2.47445    34.29904    33.09420     1.20484
  -5.29079  -3.79107  -2.47445    39.32728    37.84759     1.47969
  -3.77252  -0.82793  -2.82590    40.07087    37.18556     2.88532
  -4.18126  -0.90000  -2.82590    34.18484    32.02288     2.16196
  -4.56236  -1.06440  -2.82590    29.49169    28.20104     1.29065
  -4.89528  -1.31225  -2.82590    26.13703    25.62768     0.50935
  -5.16206  -1.63019  -2.82590    24.25136    24.24755     0.00381
  -5.34833  -2.00109  -2.82590    23.87297    24.02241    -0.14944
  -5.44405  -2.40495  -2.82590    24.94539    24.92940     0.01598
  -5.44405  -2.81999  -2.82590    27.32051    26.94851     0.37200
  -5.34833  -3.22385  -2.82590    30.78248    30.02939     0.75309
  -5.16206  -3.59475  -2.82590    35.04390    34.03322     1.01068
  -4.89528  -3.91269  -2.82590    39.72135    38.65038     1.07097
  -2.60112  -4.04631  -2.82590    54.27079    52.25632     2.01447
  -3.45381  -1.11875  -3.13138    41.19035    39.29338     1.89697
  -3.88334  -1.11875  -3.13138    35.00436    33.43375     1.57061
  -4.29547  -1.23976  -3.13138    29.91965    29.00559     0.91406
  -4.65681  -1.47198  -3.13138    26.27382    26.04322     0.23060
  -4.93810  -1.79660  -3.13138    24.31286    24.53119    -0.21833
  -5.11653  -2.18731  -3.13138    24.11707    24.43831    -0.32124
  -5.17766  -2.61247  -3.13138    25.57791    25.71487    -0.13696
  -5.11653  -3.03762  -3.13138    28.41865    28.26029     0.15836
  -4.93810  -3.42834  -3.13138    32.21948    31.85185     0.36762
  -4.65681  -3.75295  -3.13138    36.42818    36.05079     0.37739
  -4.29547  -3.98517  -3.13138    40.37271    40.16565     0.20706
  -3.88334  -4.10619  -3.13138    43.43809    43.44155    -0.00346
  -3.45381  -4.10619  -3.13138    45.50322    45.57143    -0.06821
  -3.04168  -3.98517  -3.13138    47.28347    47.18158     0.10189
  -2.68034  -3.75295  -3.13138    49.82990    49.56784     0.26206
  -2.39906  -3.42834  -3.13138    53.36780    53.47106    -0.10326
  -2.48937  -2.61247  -3.38049    49.47473    51.01584    -1.54110
  -3.14296  -1.55688  -3.38049    41.96533    41.60789     0.35743
  -3.55977  -1.43829  -3.38049    36.30393    35.69977     0.60416
  -3.99128  -1.47828  -3.38049    31.01717    30.70122     0.31595
  -4.37921  -1.67144  -3.38049    27.06135    27.25281    -0.19147
  -4.67116  -1.99170  -3.38049    25.00751    25.56840    -0.56089
  -4.82771  -2.39579  -3.38049    25.03700    25.66702    -0.63002
  -4.82771  -2.82915  -3.38049    26.93585    27.42237    -0.48652
  -4.67116  -3.23324  -3.38049    30.15183    30.50541    -0.35357
  -4.37921  -3.55350  -3.38049    33.90183    34.29620    -0.39437
  -3.99128  -3.74666  -3.38049    37.37007    37.95587    -0.58580
  -3.55977  -3.78665  -3.38049    40.12923    40.89001    -0.76078
  -3.14296  -3.66805  -3.38049    42.51942    43.33592    -0.81650
  -2.79713  -3.40689  -3.38049    45.16311    46.07652    -0.91341
  -2.56900  -3.03845  -3.38049    47.84697    49.09114    -1.24416
  -2.85940  -2.61247  -3.56474    41.90822    43.44171    -1.53349
  -2.96781  -2.20788  -3.56474    40.89040    42.06657    -1.17617
  -3.26399  -1.91170  -3.56474    37.44663    38.09519    -0.64856
  -3.66858  -1.80329  -3.56474    32.71144    33.18036    -0.46892
  -4.07317  -1.91170  -3.56474    28.54290    29.23903    -0.69614
  -4.36935  -2.20788  -3.56474    26.38364    27.34519    -0.96155
  -4.47776  -2.61247  -3.56474    26.73818    27.76226    -1.02408
  -4.36935  -3.01706  -3.56474    29.13276    30.13322    -1.00046
  -4.07317  -3.31324  -3.56474    32.45103    33.54319    -1.09216
  -3.66858  -3.42165  -3.56474    35.62560    36.90484    -1.27924
  -3.26399  -3.31324  -3.56474    38.35589    39.77996    -1.42406
  -2.96781  -3.01706  -3.56474    40.69901    42.23283    -1.53382
  -3.25698  -2.61247  -3.67786    36.02846    37.64908    -1.62063
  -3.46278  -2.25601  -3.67786    33.72362    35.01935    -1.29574
  -3.87438  -2.25601  -3.67786    29.67492    30.92487    -1.24994
  -4.08018  -2.61247  -3.67786    28.63451    30.02526    -1.39075
  -3.87438  -2.96892  -3.67786    31.26190    32.77453    -1.51264
  -3.46278  -2.96892  -3.67786    34.56260    36.23304    -1.67045
  -3.66858  -2.61247  -3.71600    31.66538    33.26217    -1.59678
  -2.85874  -1.13359   2.79527    64.81985    62.91258     1.90727
  -3.06711  -1.49452   2.79527    67.88712    66.21708     1.67004
  -2.25350  -0.12940   2.76669    55.10977    55.53660    -0.42683
  -2.66392  -0.84028   2.76669    61.69360    59.99417     1.69942
  -2.36347  -0.53983   2.76669    57.05818    56.31089     0.74729
  -1.94671   0.28102   2.58989    53.66901    54.77828    -1.10928
  -2.15509   0.64194   2.58989    53.49456    53.99633    -0.50177
  -1.58886   0.28681   2.34994    53.39855    55.13141    -1.73286
  -1.75624   0.67215   2.34994    54.12458    55.53419    -1.40961
  -2.02138   0.99805   2.34994    53.62884    53.92714    -0.29830
  -1.43139   0.69572   2.05412    55.29363    57.39639    -2.10277
  -4.90042  -0.34284  -1.03126    43.88174    43.62092     0.26082
  -4.60267   0.08066  -1.32707    45.41977    44.57918     0.84058
  -4.60267  -0.33947  -1.32707    43.64329    42.56047     1.08281
  -4.27434  -0.12940  -1.56703    46.41562    44.83842     1.57720
  -3.89519  -0.12940  -1.74383    50.11793    47.47703     2.64090
  -4.16334   0.32830   3.62828    50.06898    50.75354    -0.68455
  -3.74658   0.32830   3.59182    50.53836    51.38276    -0.84440
  -3.95496   0.68923   3.59182    46.27443    46.58257    -0.30814
  -4.37172   0.68923   3.59182    45.56911    45.61494    -0.04583
  -4.58009   0.32830   3.59182    50.04075    50.24804    -0.20729
  -3.95496  -0.03262   3.59182    54.09320    55.29752    -1.20432
  -3.34249   0.32830   3.48354    51.40432    52.15765    -0.75332
  -3.45246   0.73873   3.48354    47.21005    47.42214    -0.21209
  -3.75291   1.03918   3.48354    42.80807    42.60218     0.20589
  -4.57376   1.03918   3.48354    40.33694    39.82754     0.50940
  -4.87421   0.73873   3.48354    44.43332    43.77906     0.65426
  -3.75291  -0.38257   3.48354    57.82751    59.28469    -1.45718
  -3.45246  -0.08212   3.48354    54.96983    56.16507    -1.19523
  -2.96334   0.32830   3.30674    52.48552    53.04039    -0.55487
  -3.03571   0.73873   3.30674    48.95202    48.95767    -0.00566
  -3.24408   1.09965   3.30674    44.62910    44.05144     0.57767
  -5.29097   0.73873   3.30674    44.13651    42.75921     1.37730
  -3.56334  -0.71093   3.30674    61.44950    62.75827    -1.30877
  -3.24408  -0.44304   3.30674    58.63637    59.71116    -1.07479
  -3.03571  -0.08212   3.30674    55.59169    56.47357    -0.88187
  -2.62065   0.32830   3.06678    53.49393    53.93693    -0.44300
  -2.67785   0.74452   3.06678    50.72097    50.55464     0.16632
  -2.84523   1.12986   3.06678    47.01364    46.03786     0.97578
  -3.45360  -1.04143   3.06678    65.69397    66.36860    -0.67463
  -3.11037  -0.79915   3.06678    62.48489    62.79822    -0.31333
  -2.84523  -0.47325   3.06678    59.02668    59.39473    -0.36805
  -2.67785  -0.08791   3.06678    56.02970    56.61585    -0.58616
  -2.32483   0.32830   2.77097    54.09006    54.71133    -0.62127
  -2.37439   0.75229   2.77097    52.37822    52.27870     0.09952
  -2.52039   1.15342   2.77097    49.56760    48.38931     1.17829
  -3.43514  -1.35984   2.77097    71.31332    70.89566     0.41766
  -3.06546  -1.14640   2.77097    67.57336    66.13375     1.43961
  -2.25332   1.14796   2.42828    52.31735    51.42216     0.89519
  -6.51736   0.54017   1.64503    40.65195    39.10734     1.54461
  -6.56334   0.32830   1.22828    41.68985    40.86221     0.82764
  -6.51736   0.54017   0.81152    37.15170    36.51209     0.63961
  -6.51736   0.11644   0.81152    42.49683    42.41015     0.08667
  -6.44170  -0.30048   0.81152    47.19185    47.79745    -0.60560
  -6.40839   0.54268   0.40743    36.28260    35.74826     0.53434
  -6.40839   0.11393   0.40743    41.14705    41.27545    -0.12839
  -6.32724  -0.30708   0.40743    45.36141    46.23692    -0.87552
  -6.16789  -0.70512   0.40743    49.14968    50.70867    -1.55899
  -5.93609  -1.06581   0.40743    52.71143    54.77602    -2.06460
  -5.64022  -1.37611   0.40743    56.31396    58.63200    -2.31805
  -5.29097  -1.62481   0.40743    60.53270    62.75437    -2.22167
  -6.23113   0.53858   0.02828    36.29264    35.57781     0.71483
  -6.23113   0.11803   0.02828    40.43671    40.48930    -0.05259
  -6.14648  -0.29391   0.02828    44.02105    44.82610    -0.80505
  -5.98063  -0.68038   0.02828    47.13287    48.59553    -1.46266
  -5.74039  -1.02555   0.02828    49.89077    51.81948    -1.92871
  -5.43557  -1.31529   0.02828    52.49493    54.60643    -2.11150
  -5.07868  -1.53775   0.02828    55.53083    57.32912    -1.79829
  -5.98941   0.54174  -0.31441    37.06134    35.90448     1.15686
  -5.98941   0.11487  -0.31441    40.49382    40.26184     0.23198
  -5.89097  -0.30050  -0.31441    43.43746    43.99768    -0.56022
  -5.69939  -0.68197  -0.31441    45.77870    46.96873    -1.19003
  -5.42500  -1.00898  -0.31441    47.48427    49.03874    -1.55447
  -5.08259  -1.26389  -0.31441    48.77318    50.17738    -1.40420
  -5.69166   0.53837  -0.61023    38.68847    36.99007     1.69840
  -5.69166   0.11824  -0.61023    41.16525    40.52352     0.64173
  -5.57831  -0.28631  -0.61023    43.24858    43.43814    -0.18955
  -5.36002  -0.64527  -0.61023    44.60149    45.36038    -0.75889
  -5.05298  -0.93203  -0.61023    45.20892    46.02179    -0.81286
  -5.36334   0.32830  -0.85019    41.74695    40.20897     1.53798
  -5.29097  -0.08212  -0.85019    43.18207    42.66123     0.52084
  -5.08259  -0.44304  -0.85019    44.12961    44.26613    -0.13653
  -4.98418   0.32830  -1.02699    44.21181    42.56309     1.64872
  -4.35725   1.58458   3.53241    34.45968    34.14552     0.31417
  -3.94049   1.58458   3.49595    36.23867    35.65644     0.58224
  -4.14887   1.94550   3.49595    32.71584    32.33597     0.37986
  -4.56562   1.94550   3.49595    30.85088    30.94169    -0.09082
  -4.77400   1.58458   3.49595    32.99068    32.85811     0.13258
  -4.56562   1.22366   3.49595    37.72650    37.25522     0.47128
  -4.14887   1.22366   3.49595    38.98340    38.58207     0.40133
  -3.53640   1.58458   3.38768    38.40107    37.45343     0.94764
  -3.64637   1.99500   3.38768    35.23278    34.21451     1.01826
  -3.94682   2.29545   3.38768    32.32176    31.66722     0.65454
  -4.35725   2.40542   3.38768    29.86255    29.90753    -0.04498
  -4.76767   2.29545   3.38768    28.29315    28.96031    -0.66716
  -5.06812   1.99500   3.38768    28.61820    29.30365    -0.68545
  -5.17810   1.58458   3.38768    31.73253    31.73935    -0.00682
  -5.06812   1.17415   3.38768    37.20880    36.43748     0.77132
  -3.15725   1.58458   3.21087    40.96382    39.60447     1.35935
  -3.22962   1.99500   3.21087    38.11618    36.60369     1.51249
  -3.43799   2.35592   3.21087    35.49194    34.05859     1.43335
  -3.75725   2.62381   3.21087    33.12058    32.04134     1.07924
  -4.14887   2.76634   3.21087    30.93183    30.54108     0.39075
  -4.56562   2.76634   3.21087    28.82214    29.32008    -0.49794
  -4.95725   2.62381   3.21087    26.99420    28.24615    -1.25195
  -5.27650   2.35592   3.21087    26.17530    27.69406    -1.51876
  -5.48488   1.99500   3.21087    27.21822    28.33604    -1.11782
  -5.55725   1.58458   3.21087    30.59548    30.74686    -0.15138
  -5.48488   1.17415   3.21087    36.20604    35.22703     0.97901
  -2.81456   1.58458   2.97092    43.85350    42.18387     1.66963
  -2.87176   2.00079   2.97092    41.09811    39.38917     1.70893
  -3.03914   2.38613   2.97092    38.62635    36.89938     1.72697
  -3.30428   2.71203   2.97092    36.49909    34.76931     1.72979
  -3.64751   2.95431   2.97092    34.67115    33.16570     1.50545
  -4.04338   3.09500   2.97092    32.99821    32.11868     0.87953
  -4.46252   3.12367   2.97092    31.14079    31.22210    -0.08131
  -4.87386   3.03819   2.97092    28.84598    29.96397    -1.11799
  -5.24689   2.84491   2.97092    26.50475    28.42285    -1.91811
  -5.55393   2.55815   2.97092    25.01880    27.23894    -2.22014
  -5.77222   2.19918   2.97092    25.20643    27.09505    -1.88862
  -5.88557   1.79464   2.97092    27.52131    28.47906    -0.95775
  -5.88557   1.37451   2.97092    32.09962    31.73964     0.35998
  -5.77222   0.96997   2.97092    38.87923    37.16985     1.70938
  -2.51874   1.58458   2.67510    46.89504    45.27727     1.61777
  -2.56830   2.00857   2.67510    44.06497    42.75727     1.30770
  -2.71430   2.40970   2.67510    41.64843    40.39438     1.25405
  -2.94887   2.76634   2.67510    39.74896    38.17852     1.57044
  -3.25937   3.05929   2.67510    38.26176    36.30448     1.95728
  -3.62905   3.27272   2.67510    37.17555    35.20360     1.97195
  -4.03799   3.39515   2.67510    36.40747    35.00669     1.40078
  -4.46415   3.41997   2.67510    35.24470    34.86617     0.37853
  -4.88454   3.34585   2.67510    32.82879    33.63819    -0.80940
  -5.27650   3.17677   2.67510    29.41012    31.28876    -1.87865
  -5.61891   2.92186   2.67510    26.19538    28.77262    -2.57723
  -5.89330   2.59485   2.67510    24.30595    27.02819    -2.72223
  -6.08488   2.21338   2.67510    24.35553    26.60067    -2.24514
  -6.18332   1.79801   2.67510    26.57942    27.78605    -1.20663
  -6.18332   1.37114   2.67510    31.04478    30.83510     0.20967
  -6.08488   0.95577   2.67510    37.82627    36.09190     1.73437
  -3.25782   3.34845   2.33241    41.11693    38.77667     2.34026
  -5.27259   3.45063   2.33241    35.83895    37.19043    -1.35148
  -5.62948   3.22817   2.33241    30.50386    32.85130    -2.34744
  -5.93430   2.93843   2.33241    26.32779    29.24069    -2.91291
  -6.17454   2.59326   2.33241    24.06624    27.00189    -2.93565
  -6.34039   2.20679   2.33241    23.91941    26.31663    -2.39722
  -6.42504   1.79485   2.33241    25.88414    27.25617    -1.37203
  -6.42504   1.37430   2.33241    29.93597    29.95187    -0.01590
  -6.34039   0.96236   2.33241    36.14768    34.69270     1.45498
  -5.83413   3.28899   1.95326    33.27306    35.51225    -2.23919
  -6.13000   2.97869   1.95326    27.53010    30.36039    -2.83029
  -6.36180   2.61800   1.95326    24.46158    27.33828    -2.87671
  -6.52115   2.21996   1.95326    23.82654    26.21287    -2.38634
  -6.60230   1.79895   1.95326    25.39970    26.84262    -1.44292
  -6.60230   1.37020   1.95326    29.04930    29.25078    -0.20148
  -6.52115   0.94920   1.95326    34.78787    33.66561     1.12226
  -5.99060   3.29293   1.54917    35.80067    37.62355    -1.82287
  -6.26939   2.97383   1.54917    28.86669    31.28110    -2.41441
  -6.48672   2.61008   1.54917    25.23153    27.73073    -2.49920
  -6.63561   2.21336   1.54917    24.17794    26.28721    -2.10927
  -6.71127   1.79644   1.54917    25.29114    26.62297    -1.33182
  -6.71127   1.37271   1.54917    28.34523    28.65982    -0.31459
  -6.63561   0.95579   1.54917    33.26553    32.53168     0.73386
  -6.19575   3.12727   1.13241    33.96458    35.38759    -1.42301
  -6.43571   2.78458   1.13241    28.13313    29.94422    -1.81109
  -6.61251   2.40542   1.13241    25.40472    27.16909    -1.76437
  -6.72079   2.00133   1.13241    25.02131    26.36324    -1.34193
  -6.75725   1.58458   1.13241    26.58005    27.23695    -0.65691
  -6.72079   1.16782   1.13241    29.86506    29.74309     0.12197
  -6.61251   0.76373   1.13241    34.79540    34.02519     0.77021
  -6.26939   2.97383   0.71566    33.16513    33.79872    -0.63359
  -6.48672   2.61008   0.71566    28.24922    29.18766    -0.93843
  -6.63561   2.21336   0.71566    26.17593    27.04946    -0.87353
  -6.71127   1.79644   0.71566    26.27571    26.79352    -0.51781
  -6.71127   1.37271   0.71566    28.17957    28.19097    -0.01140
  -6.63561   0.95579   0.71566    31.67229    31.22463     0.44766
  -6.13000   2.97869   0.31157    35.88852    35.32438     0.56414
  -6.36180   2.61800   0.31157    30.43296    30.30159     0.13136
  -6.52115   2.21996   0.31157    27.83444    27.81572     0.01871
  -6.60230   1.79895   0.31157    27.43534    27.27037     0.16497
  -6.60230   1.37020   0.31157    28.83783    28.40334     0.43448
  -6.52115   0.94920   0.31157    31.78210    31.14252     0.63958
  -5.93430   2.93843  -0.06759    37.76666    36.08968     1.67697
  -6.17454   2.59326  -0.06759    32.58280    31.38796     1.19485
  -6.34039   2.20679  -0.06759    29.79980    28.83482     0.96498
  -6.42504   1.79485  -0.06759    29.03926    28.09423     0.94502
  -6.42504   1.37430  -0.06759    29.98240    28.95946     1.02294
  -6.34039   0.96236  -0.06759    32.37510    31.32957     1.04553
  -6.17454   0.57589  -0.06759    36.03348    35.15945     0.87403
  -5.61891   2.92186  -0.41028    40.31247    37.76263     2.54983
  -5.89330   2.59485  -0.41028    35.28298    33.21463     2.06835
  -6.08488   2.21338  -0.41028    32.17931    30.38928     1.79003
  -6.18332   1.79801  -0.41028    31.04038    29.35793     1.68246
  -6.18332   1.37114  -0.41028    31.66413    30.00648     1.65765
  -6.08488   0.95577  -0.41028    33.80456    32.20866     1.59590
  -5.55393   2.55815  -0.70609    37.93420    35.64829     2.28592
  -5.77222   2.19918  -0.70609    34.74897    32.54992     2.19905
  -5.88557   1.79464  -0.70609    33.37535    31.20982     2.16553
  -5.88557   1.37451  -0.70609    33.78699    31.61916     2.16784
  -5.77222   0.96997  -0.70609    35.78436    33.63092     2.15343
  -5.48488   1.99500  -0.94605    36.53486    34.59417     1.94069
  -5.55725   1.58458  -0.94605    35.88539    33.68012     2.20527
  -5.48488   1.17415  -0.94605    37.18308    34.79828     2.38479
  -5.27650   0.81323  -0.94605    40.17128    37.63688     2.53440
  -2.14312   2.02314   2.38512    47.75975    48.72470    -0.96496
  -2.21549   2.43356   2.38512    45.89855    47.31398    -1.41543
  -2.42387   2.79448   2.38512    44.17981    45.14422    -0.96441
  -2.74312   3.06237   2.38512    42.54201    42.25012     0.29189
  -2.21549   1.61271   2.38512    49.69812    49.33836     0.35976
  -1.80043   2.02314   2.14516    50.38023    53.18390    -2.80367
  -1.85763   2.43935   2.14516    48.65834    51.87925    -3.22091
  -2.02501   2.82470   2.14516    47.09271    50.10119    -3.00848
  -2.29015   3.15059   2.14516    45.68457    47.84086    -2.15629
  -1.85763   1.60693   2.14516    52.20001    53.90534    -1.70534
  -1.50461   2.02314   1.84934    52.96557    56.75909    -3.79352
  -1.55417   2.44713   1.84934    51.36416    55.47210    -4.10794
  -1.70017   2.84826   1.84934    49.80982    53.83464    -4.02482
  -1.30720   2.44153   1.50665    54.32287    57.93153    -3.60866
  -5.32626   2.64535  -0.89335    40.32815    38.85291     1.47524
  -5.16919   2.23658  -1.23604    39.67680    39.67430     0.00250
  -5.16919   1.80970  -1.23604    38.83782    38.31394     0.52388
  -5.07075   1.39433  -1.23604    39.73704    38.72524     1.01180
  -4.87917   1.01286  -1.23604    42.30481    40.95669     1.34811
  -4.87144   2.23320  -1.53185    41.32150    43.01575    -1.69425
  -4.87144   1.81308  -1.53185    40.68583    41.93856    -1.25273
  -4.75809   1.40853  -1.53185    41.58756    42.38726    -0.79970
  -4.53980   1.04957  -1.53185    43.93006    44.35480    -0.42474
  -4.54312   2.02314  -1.77181    42.52067    45.05889    -2.53822
  -4.47075   1.61271  -1.77181    42.78925    44.90846    -2.11922
  -4.26237   1.25179  -1.77181    44.65358    46.19158    -1.53800
  -4.16397   2.02314  -1.94861    44.47913    46.95425    -2.47513
  -4.05399   1.61271  -1.94861    45.16751    47.10935    -1.94185
  -2.19788   3.29485   2.06390    46.22047    48.58098    -2.36051
  -2.30785   3.70527   2.06390    44.39943    45.84867    -1.44923
  -1.81873   3.29485   1.88710    48.21846    51.08252    -2.86406
  -1.89109   3.70527   1.88710    46.26314    47.99499    -1.73185
  -2.09947   4.06619   1.88710    43.30631    44.50462    -1.19831
  -1.47604   3.29485   1.64715    50.04514    52.47171    -2.42657
  -1.53324   3.71106   1.64715    47.69260    48.99767    -1.30507
  -1.70062   4.09641   1.64715    44.84748    45.48291    -0.63543
  -1.53324   2.87864   1.64715    51.43131    55.35498    -3.92368
  -1.18022   3.29485   1.35133    51.30894    52.59016    -1.28122
  -1.22978   3.71884   1.35133    48.20904    48.63881    -0.42976
  -1.37578   4.11997   1.35133    45.26414    45.03970     0.22444
  -1.61035   4.47662   1.35133    42.58279    42.05551     0.52728
  -1.22978   2.87086   1.35133    53.84345    56.20540    -2.36195
  -5.08652   3.08457  -1.39136    41.47336    42.10575    -0.63239
  -5.00187   2.67263  -1.39136    41.85990    42.84111    -0.98121
  -4.84480   3.08141  -1.73405    41.58317    42.52135    -0.93818
  -4.74636   2.66604  -1.73405    42.36630    44.00511    -1.63881
  -4.54705   3.50491  -2.02986    40.52645    40.59405    -0.06761
  -4.54705   3.08479  -2.02986    41.73754    42.35745    -0.61991
  -4.43370   2.68024  -2.02986    42.78611    44.12203    -1.33592
  -4.21541   2.32127  -2.02986    43.97712    45.89705    -1.91993
  -3.90837   2.03452  -2.02986    45.93432    47.58106    -1.64674
  -3.93798   4.06619  -2.26982    38.43872    36.50090     1.93782
  -4.14636   3.70527  -2.26982    39.47474    38.34479     1.12995
  -4.21873   3.29485  -2.26982    40.77117    40.33641     0.43476
  -4.14636   2.88442  -2.26982    42.11342    42.26096    -0.14754
  -3.93798   2.52350  -2.26982    43.60689    43.90252    -0.29563
  -3.71430   4.38621   2.51783    42.39203    42.74055    -0.34852
  -3.29755   4.38621   2.48137    40.42542    41.05145    -0.62603
  -3.50592   4.74713   2.48137    41.06924    42.01038    -0.94114
  -3.92268   4.74713   2.48137    44.07878    44.77911    -0.70033
  -3.92268   4.02529   2.48137    43.17579    42.60512     0.57067
  -3.50592   4.02529   2.48137    41.40872    41.04391     0.36481
  -2.89345   4.38621   2.37309    39.63099    40.59687    -0.96588
  -3.00343   4.79664   2.37309    38.97399    40.25237    -1.27838
  -3.30388   5.09709   2.37309    39.95353    41.17848    -1.22495
  -3.71430   5.20706   2.37309    42.54389    43.48391    -0.94002
  -3.71430   3.56537   2.37309    40.89919    38.47692     2.42226
  -3.30388   3.67534   2.37309    41.41374    40.12507     1.28868
  -3.00343   3.97579   2.37309    40.94248    41.11598    -0.17350
  -2.51430   4.38621   2.19629    39.84999    41.04973    -1.19974
  -2.58667   4.79664   2.19629    38.50524    39.89277    -1.38753
  -2.79505   5.15756   2.19629    38.35777    39.79486    -1.43708
  -3.11430   5.42544   2.19629    39.48855    40.75211    -1.26356
  -3.50592   5.56798   2.19629    41.66349    42.57053    -0.90703
  -3.92268   5.56798   2.19629    44.64165    45.17686    -0.53521
  -2.79505   3.61487   2.19629    42.98064    43.07521    -0.09457
  -2.58667   3.97579   2.19629    41.72248    42.62457    -0.90209
  -2.17161   4.38621   1.95634    40.84836    41.96282    -1.11446
  -2.22882   4.80243   1.95634    38.98152    40.16128    -1.17976
  -2.39620   5.18777   1.95634    38.27933    39.59059    -1.31126
  -2.66133   5.51367   1.95634    38.77318    40.08568    -1.31249
  -3.00456   5.75595   1.95634    40.21959    41.30640    -1.08681
  -3.40043   5.89664   1.95634    42.31108    42.98029    -0.66921
  -3.81958   5.92531   1.95634    44.86128    45.06268    -0.20140
  -4.23092   5.83983   1.95634    47.87960    47.73861     0.14099
  -1.87579   4.38621   1.66052    42.20629    42.73220    -0.52591
  -1.92535   4.81020   1.66052    39.93408    40.48675    -0.55267
  -2.07135   5.21133   1.66052    38.98654    39.79434    -0.80780
  -2.30592   5.56798   1.66052    39.28586    40.30979    -1.02393
  -2.61642   5.86092   1.66052    40.53774    41.56928    -1.03154
  -2.98610   6.07436   1.66052    42.36003    43.13369    -0.77366
  -3.39505   6.19679   1.66052    44.42893    44.73200    -0.30307
  -3.82120   6.22161   1.66052    46.60827    46.37173     0.23654
  -4.24159   6.14748   1.66052    48.99469    48.32706     0.66763
  -4.63355   5.97841   1.66052    51.83354    50.97775     0.85579
  -1.67839   4.80460   1.31783    40.78435    40.27871     0.50564
  -1.80428   5.20587   1.31783    39.92968    39.85624     0.07344
  -2.00838   5.57357   1.31783    40.35137    40.73895    -0.38758
  -2.28231   5.89267   1.31783    41.71746    42.40818    -0.69072
  -2.61487   6.15009   1.31783    43.62509    44.35327    -0.72819
  -2.99244   6.33530   1.31783    45.66136    46.13842    -0.47707
  -3.39956   6.44071   1.31783    47.52380    47.52616    -0.00236
  -3.81957   6.46201   1.31783    49.13964    48.57457     0.56507
  -4.23527   6.39832   1.31783    50.67704    49.61339     1.06365
  -4.62964   6.25227   1.31783    52.44411    51.09517     1.34894
  -1.49979   4.81302   0.93868    40.47374    38.65645     1.81728
  -1.62059   5.22441   0.93868    40.39404    39.26966     1.12438
  -1.81705   5.60550   0.93868    41.61706    41.20373     0.41333
  -2.08209   5.94252   0.93868    43.73114    43.88283    -0.15169
  -4.03526   6.61852   0.93868    52.81308    51.79657     1.01652
  -4.45192   6.51744   0.93868    53.37282    51.89034     1.48248
  -4.84193   6.33933   0.93868    54.19109    52.48673     1.70436
  -1.50147   5.21670   0.53459    39.52055    37.41505     2.10550
  -1.68532   5.59847   0.53459    42.26276    41.02200     1.24076
  -4.64323   6.55955   0.53459    55.30680    53.67508     1.63172
  -5.01637   6.35876   0.53459    54.99368    53.22045     1.77322
  -5.34765   6.09457   0.53459    55.30116    53.68097     1.62019
  -1.63584   5.58621   0.11783    41.88249    40.14077     1.74172
  -4.91430   6.46467   0.11783    55.65884    54.11922     1.53961
  -5.25699   6.22472   0.11783    54.43331    52.91993     1.51338
  -5.55281   5.92890   0.11783    53.89365    52.67122     1.22244
  -5.34765   6.09457  -0.29893    52.79990    51.77349     1.02642
  -5.62644   5.77547  -0.29893    51.34659    50.65322     0.69337
  -5.84377   5.41171  -0.29893    50.46431    50.26194     0.20238
  -5.19118   6.09063  -0.70302    52.07011    51.54811     0.52200
  -5.48706   5.78032  -0.70302    49.42830    49.13845     0.28985
  -5.71886   5.41963  -0.70302    47.54388    47.65063    -0.10674
  -5.87821   5.02159  -0.70302    46.16587    46.70828    -0.54241
  -5.95935   4.60059  -0.70302    45.02130    45.86116    -0.83986
  -5.95935   4.17184  -0.70302    43.90370    44.73577    -0.83207
  -5.87821   3.75083  -0.70302    42.76979    43.17625    -0.40645
  -5.71886   3.35279  -0.70302    41.78837    41.33179     0.45658
  -5.48706   2.99210  -0.70302    41.35288    39.70690     1.64597
  -5.29135   5.74007  -1.08217    48.07601    48.24731    -0.17129
  -5.53160   5.39489  -1.08217    45.41600    45.87374    -0.45774
  -5.69744   5.00843  -1.08217    43.46821    44.26080    -0.79259
  -5.78210   4.59649  -1.08217    42.05004    43.07945    -1.02941
  -5.78210   4.17594  -1.08217    41.04853    42.07319    -1.02465
  -5.69744   3.76400  -1.08217    40.47938    41.19062    -0.71124
  -5.53160   3.37753  -1.08217    40.50825    40.67763    -0.16938
  -5.29135   3.03236  -1.08217    41.40119    41.13675     0.26444
  -4.97596   5.72349  -1.42486    48.01954    48.51809    -0.49855
  -5.25035   5.39649  -1.42486    44.50297    45.20442    -0.70144
  -5.44193   5.01502  -1.42486    41.93269    42.88360    -0.95090
  -5.54038   4.59965  -1.42486    40.20893    41.34312    -1.13419
  -5.54038   4.17278  -1.42486    39.27268    40.39855    -1.12587
  -5.44193   3.75741  -1.42486    39.17416    40.07508    -0.90092
  -5.25035   3.37594  -1.42486    40.07025    40.71328    -0.64304
  -4.91098   5.35979  -1.72068    44.30907    45.06102    -0.75195
  -5.12927   5.00082  -1.72068    41.30142    42.24135    -0.93993
  -5.24262   4.59628  -1.72068    39.35112    40.41406    -1.06294
  -5.24262   4.17615  -1.72068    38.49520    39.52665    -1.03145
  -5.12927   3.77160  -1.72068    38.81084    39.66447    -0.85363
  -4.91098   3.41264  -1.72068    40.40220    41.13704    -0.73484
  -4.63355   5.15756  -1.96063    43.00009    43.53089    -0.53080
  -4.84193   4.79664  -1.96063    40.22022    40.90766    -0.68744
  -4.91430   4.38621  -1.96063    38.70479    39.39585    -0.69107
  -4.84193   3.97579  -1.96063    38.64894    39.15350    -0.50456
  -4.63355   3.61487  -1.96063    40.07778    40.27828    -0.20051
  -4.12472   5.09709  -2.13743    43.36279    43.03564     0.32715
  -4.42518   4.79664  -2.13743    40.70968    40.69419     0.01549
  -4.53515   4.38621  -2.13743    39.02482    38.98272     0.04209
  -4.42518   3.97579  -2.13743    39.12333    38.66658     0.45676
  -3.92268   4.74713  -2.24571    40.43169    39.21864     1.21305
  -4.13106   4.38621  -2.24571    39.08882    37.98767     1.10115
  -0.76556   3.40333   1.07728    51.10375    50.96356     0.14018
  -0.83793   3.81375   1.07728    47.21381    46.79527     0.41855
  -1.04631   4.17467   1.07728    44.16349    43.35302     0.81047
  -1.04631   2.63198   1.07728    57.04814    57.70219    -0.65405
  -0.83793   2.99290   1.07728    54.70691    54.84538    -0.13847
  -0.42287   3.40333   0.83732    52.37822    51.89113     0.48708
  -0.48008   3.81954   0.83732    47.70515    47.17917     0.52598
  -0.64746   4.20488   0.83732    43.69662    43.01134     0.68528
  -0.91260   4.53078   0.83732    41.06171    40.02519     1.03652
  -1.25583   4.77306   0.83732    40.03824    38.39796     1.64028
  -0.12706   3.40333   0.54151    54.43645    53.99847     0.43798
  -0.17661   3.82731   0.54151    48.82777    48.43933     0.38844
  -0.32261   4.22845   0.54151    43.83468    43.43345     0.40122
  -0.55719   4.58509   0.54151    40.16375    39.63230     0.53144
  -0.86768   4.87803   0.54151    38.26176    37.35854     0.90323
  -1.23737   5.09147   0.54151    38.33707    36.73800     1.59906
   0.07035   3.82172   0.19882    50.62433    50.53306     0.09127
  -0.05555   4.22298   0.19882    44.76527    44.71153     0.05374
  -0.25964   4.59068   0.19882    40.11041    40.10220     0.00820
  -0.53357   4.90978   0.19882    37.08456    36.99134     0.09322
  -0.86613   5.16720   0.19882    36.03348    35.57301     0.46047
  -1.24370   5.35241   0.19882    37.28599    36.09217     1.19382
   0.24894   3.83014  -0.18033    52.43971    52.72291    -0.28319
   0.12815   4.24152  -0.18033    45.60425    45.88431    -0.28006
  -0.06832   4.62261  -0.18033    40.02883    40.46177    -0.43293
  -0.33335   4.95963  -0.18033    36.10690    36.66558    -0.55869
  -0.65738   5.24041  -0.18033    34.19048    34.64672    -0.45624
  -1.02869   5.45478  -0.18033    34.67806    34.65689     0.02117
  -1.43387   5.59501  -0.18033    38.19023    37.26760     0.92263
   0.24726   4.23381  -0.58443    46.84045    47.35938    -0.51893
   0.06341   4.61558  -0.58443    40.51201    41.24180    -0.72978
  -0.18565   4.95839  -0.58443    35.77055    36.80890    -1.03835
  -0.49192   5.25121  -0.58443    32.91727    34.12305    -1.20579
  -0.84556   5.48465  -0.58443    32.28599    33.33344    -1.04745
  -1.23519   5.65118  -0.58443    34.36117    34.82082    -0.45965
   0.28970   4.22417  -1.00118    47.90847    48.50068    -0.59221
   0.11290   4.60333  -1.00118    40.95566    41.81307    -0.85741
  -0.12706   4.94602  -1.00118    35.58418    36.90270    -1.31851
  -0.42287   5.24183  -1.00118    32.03875    33.73987    -1.70112
  -0.76556   5.48179  -1.00118    30.58168    32.37772    -1.79604
  -1.14472   5.65859  -1.00118    31.55808    33.03385    -1.47577
  -1.54881   5.76686  -1.00118    35.52896    36.22805    -0.69909
   0.24726   4.23381  -1.41794    48.16073    48.60318    -0.44245
   0.06341   4.61558  -1.41794    40.58857    41.45555    -0.86698
  -0.18565   4.95839  -1.41794    34.79164    36.28784    -1.49620
  -0.49192   5.25121  -1.41794    30.94061    32.97570    -2.03509
  -0.84556   5.48465  -1.41794    29.24320    31.50168    -2.25849
  -1.23519   5.65118  -1.41794    29.95228    31.98893    -2.03665
  -1.64830   5.74547  -1.41794    33.41425    34.74721    -1.33296
  -0.06832   4.62261  -1.82203    39.67303    40.47402    -0.80099
  -0.33335   4.95963  -1.82203    33.69099    35.28219    -1.59120
  -0.65738   5.24041  -1.82203    29.81800    32.04382    -2.22582
  -1.02869   5.45478  -1.82203    28.18522    30.67036    -2.48514
  -1.43387   5.59501  -1.82203    28.91815    31.17339    -2.25524
  -1.85825   5.65603  -1.82203    32.07515    33.60714    -1.53199
  -2.28652   5.63563  -1.82203    37.45416    37.87406    -0.41990
  -0.25964   4.59068  -2.20118    38.71545    39.39989    -0.68444
  -0.53357   4.90978  -2.20118    32.84071    34.39698    -1.55628
  -0.86613   5.16720  -2.20118    29.10828    31.31660    -2.20832
  -1.24370   5.35241  -2.20118    27.54767    29.99736    -2.44969
  -1.65083   5.45782  -2.20118    28.10866    30.30698    -2.19832
  -2.07084   5.47912  -2.20118    30.53273    32.01967    -1.48694
  -2.48653   5.41543  -2.20118    34.14342    34.60357    -0.46015
  -2.88091   5.26938  -2.20118    37.67379    37.02015     0.65364
  -3.54261   2.04947  -2.20118    47.30920    46.38018     0.92902
  -0.55719   4.58509  -2.54387    36.37045    37.13265    -0.76220
  -0.86768   4.87803  -2.54387    31.08996    32.69412    -1.60416
  -1.23737   5.09147  -2.54387    28.11054    30.20685    -2.09631
  -1.64631   5.21390  -2.54387    27.31674    29.40648    -2.08974
  -2.07246   5.23872  -2.54387    28.35213    29.93521    -1.58307
  -2.49285   5.16460  -2.54387    30.49696    31.21451    -0.71755
  -2.88482   4.99552  -2.54387    32.73780    32.46879     0.26901
  -3.22722   4.74061  -2.54387    34.26767    33.14824     1.11943
  -3.50161   4.41360  -2.54387    35.12422    33.48400     1.64021
  -3.69320   4.03213  -2.54387    36.01277    34.24920     1.76357
  -3.79164   3.61676  -2.54387    37.39266    35.83365     1.55902
  -3.79164   3.18989  -2.54387    39.15408    37.93250     1.22158
  -3.69320   2.77452  -2.54387    41.12760    40.05343     1.07417
  -3.50161   2.39305  -2.54387    43.44186    41.96485     1.47701
  -0.64746   4.20488  -2.83969    40.88162    40.85317     0.02845
  -0.91260   4.53078  -2.83969    34.23880    35.05817    -0.81937
  -1.25583   4.77306  -2.83969    29.94601    31.40365    -1.45764
  -1.65169   4.91375  -2.83969    27.92041    29.57849    -1.65808
  -2.07084   4.94242  -2.83969    27.81185    29.16778    -1.35594
  -2.48218   4.85694  -2.83969    28.94074    29.61585    -0.67511
  -2.85520   4.66366  -2.83969    30.49947    30.35712     0.14235
  -3.16225   4.37690  -2.83969    31.98855    31.14759     0.84096
  -3.38054   4.01793  -2.83969    33.45253    32.19332     1.25921
  -3.49389   3.61339  -2.83969    35.15685    33.75409     1.40276
  -3.49389   3.19326  -2.83969    37.20567    35.77195     1.43372
  -3.38054   2.78871  -2.83969    39.62722    38.02509     1.60214
  -3.16225   2.42975  -2.83969    42.49745    40.43997     2.05749
  -1.04631   4.17467  -3.07964    37.32929    37.53570    -0.20642
  -1.36556   4.44255  -3.07964    32.12535    32.92493    -0.79958
  -1.75719   4.58509  -3.07964    29.36242    30.40022    -1.03780
  -2.17394   4.58509  -3.07964    28.72362    29.50977    -0.78615
  -2.56556   4.44255  -3.07964    29.47851    29.66802    -0.18951
  -2.88482   4.17467  -3.07964    30.91614    30.44709     0.46904
  -3.09320   3.81375  -3.07964    32.73780    31.77187     0.96593
  -3.16556   3.40333  -3.07964    34.97424    33.69913     1.27511
  -3.09320   2.99290  -3.07964    37.70705    36.17898     1.52806
  -2.88482   2.63198  -3.07964    41.01716    39.20628     1.81087
  -1.25469   3.81375  -3.25644    39.83619    39.72697     0.10922
  -1.55514   4.11420  -3.25644    34.04867    34.32146    -0.27280
  -1.96556   4.22417  -3.25644    31.11694    31.49046    -0.37352
  -2.37599   4.11420  -3.25644    30.85339    30.84603     0.00735
  -2.67644   3.81375  -3.25644    32.31925    31.74004     0.57921
  -2.78641   3.40333  -3.25644    34.89706    33.85636     1.04070
  -2.67644   2.99290  -3.25644    38.41676    37.09329     1.32347
  -1.75719   3.76425  -3.36472    36.14141    35.98929     0.15212
  -2.17394   3.76425  -3.36472    33.85665    33.54959     0.30706
  -2.38232   3.40333  -3.36472    35.99645    35.22509     0.77137
  -1.96556   3.40333  -3.40118    38.31761    37.82536     0.49225
  -0.45723   2.31797   0.96343    61.24744    61.74014    -0.49270
  -0.56720   2.72839   0.96343    58.26614    58.13567     0.13047
  -0.07808   2.31797   0.78663    65.47873    66.15740    -0.67867
  -0.15045   2.72839   0.78663    61.71995    61.78994    -0.06998
  -0.35882   3.08931   0.78663    56.37106    55.86848     0.50258
   0.20741   2.73418   0.54668    66.22861    66.60221    -0.37360
   0.04003   3.11952   0.54668    59.81923    59.75171     0.06751
   0.51087   2.74196   0.25086    71.19974    71.92787    -0.72814
   0.36487   3.14309   0.25086    63.69598    64.18769    -0.49171
   0.13030   3.49974   0.25086    55.84207    55.80639     0.03568
   0.63194   3.13762  -0.09183    67.91222    69.01888    -1.10666
   0.42785   3.50533  -0.09183    59.68808    60.33449    -0.64642
   0.81564   3.15616  -0.47098    70.91548    72.47043    -1.55496
   0.61917   3.53725  -0.47098    62.18243    63.35335    -1.17092
   0.35413   3.87428  -0.47098    53.39290    53.96134    -0.56844
   0.75090   3.53022  -0.87508    64.68493    66.17274    -1.48780
   0.50184   3.87303  -0.87508    56.11378    57.01891    -0.90513
  -3.34587   2.10769  -2.49183    45.81259    43.72332     2.08926
  -3.26122   1.69575  -2.49183    47.19311    45.03649     2.15662
  -3.10415   2.10453  -2.83452    44.68872    42.63042     2.05830
  -3.00571   1.68916  -2.83452    46.21168    44.38359     1.82809
  -2.80640   2.52803  -3.13034    42.08769    40.39152     1.69617
  -2.80640   2.10790  -3.13034    44.67617    43.19482     1.48135
  -2.69305   1.70336  -3.13034    46.24933    45.20524     1.04409
  -2.47476   1.34439  -3.13034    47.07325    46.79139     0.28186
  -0.56834   0.94823  -3.13034    60.68833    63.46698    -2.77866
  -1.48645   3.49974  -3.37029    41.40370    41.23199     0.17171
  -2.19733   3.08931  -3.37029    39.90709    39.07275     0.83435
  -2.40571   2.72839  -3.37029    42.08706    41.12091     0.96615
  -2.47808   2.31797  -3.37029    44.55004    43.71905     0.83099
  -2.40571   1.90754  -3.37029    46.52230    46.12309     0.39920
  -2.19733   1.54662  -3.37029    47.99444    48.35057    -0.35613
  -1.87808   1.27874  -3.37029    49.53685    50.86913    -1.33227
  -1.48645   1.13620  -3.37029    51.87684    54.10104    -2.22420
  -1.06970   1.13620  -3.37029    55.34069    58.04335    -2.70266
  -1.68850   3.02884  -3.54709    44.46658    44.61141    -0.14483
  -1.98895   2.72839  -3.54709    44.57451    44.50167     0.07284
  -2.09892   2.31797  -3.54709    46.32652    46.39068    -0.06416
  -1.98895   1.90754  -3.54709    48.37722    49.00979    -0.63257
  -1.68850   1.60709  -3.54709    50.60801    52.11317    -1.50515
  -1.27808   1.49712  -3.54709    53.59559    55.87723    -2.28165
  -1.48645   2.67889  -3.65537    48.51903    49.45760    -0.93856
  -1.69483   2.31797  -3.65537    48.73929    49.70018    -0.96089
  -1.48645   1.95705  -3.65537    51.33216    53.00248    -1.67033
  -1.27808   2.31797  -3.69183    51.85362    53.52905    -1.67543
  -0.41519   2.20573   0.95897    61.92703    62.68992    -0.76289
  -3.29424   1.29171  -2.42223    47.38826    45.57176     1.81650
  -3.29424   0.86484  -2.42223    47.51188    45.83747     1.67441
  -3.19579   0.44947  -2.42223    48.97837    47.05894     1.91943
   0.32079   0.65429  -2.42223    76.93768    76.90435     0.03333
  -2.99648   1.28834  -2.71805    46.66098    45.02106     1.63992
  -2.99648   0.86821  -2.71805    46.67227    45.46359     1.20868
  -2.88313   0.46367  -2.71805    48.09547    47.06197     1.03350
  -0.15006   0.27672  -2.71805    69.00596    70.28404    -1.27808
   0.01732   0.66206  -2.71805    69.85436    71.21023    -1.35587
  -2.66816   1.07828  -2.95800    46.49783    45.93531     0.56252
  -2.59579   0.66785  -2.95800    47.09396    47.00419     0.08977
  -2.38742   0.30693  -2.95800    49.37245    49.76275    -0.39030
  -1.25978  -0.10349  -2.95800    58.23414    61.02292    -2.78878
  -0.86816   0.03904  -2.95800    60.08341    62.92012    -2.83671
  -0.54891   0.30693  -2.95800    61.84043    64.36290    -2.52246
  -0.34053   0.66785  -2.95800    63.57738    65.92094    -2.34356
  -2.28901   1.07828  -3.13480    47.36693    47.84387    -0.47695
  -2.17904   0.66785  -3.13480    47.97498    49.03895    -1.06397
  -1.87859   0.36740  -3.13480    50.31685    52.15156    -1.83471
  -1.46816   0.25743  -3.13480    53.11491    55.72159    -2.60668
  -1.05774   0.36740  -3.13480    55.65131    58.56623    -2.91492
  -0.75729   0.66785  -3.13480    58.01890    60.87736    -2.85845
  -1.67654   0.71735  -3.24308    50.16750    52.32682    -2.15931
  -1.25978   0.71735  -3.24308    53.08668    55.82568    -2.73900
  -1.71617   0.98306   2.17180    54.71193    56.09698    -1.38505
  -1.82614   1.39349   2.17180    53.28685    54.60034    -1.31349
  -1.33702   0.98306   1.99499    56.02405    58.42531    -2.40126
  -1.40939   1.39349   1.99499    55.19448    57.74630    -2.55182
  -1.61776   1.75441   1.99499    52.99757    55.95246    -2.95489
  -1.05153   1.39928   1.75504    57.22196    60.40836    -3.18640
  -1.21891   1.78462   1.75504    55.61240    58.81582    -3.20341
  -0.89407   1.80818   1.45922    58.10299    60.78122    -2.67824
  -1.12864   2.16483   1.45922    56.21920    59.08012    -2.86092
  -1.10503   2.48952   1.11653    57.42904    58.57753    -1.14849
  -4.36309   0.76963  -1.62616    45.65759    45.64357     0.01402
  -4.26465   0.35426  -1.62616    46.99795    46.19294     0.80501
  -4.06534   1.19313  -1.92197    45.67202    46.65122    -0.97920
  -4.06534   0.77300  -1.92197    46.46143    46.25569     0.20574
  -3.95199   0.36845  -1.92197    47.95428    46.66577     1.28851
  -3.73370   0.00949  -1.92197    50.68582    48.06895     2.61687
  -3.45627   1.75441  -2.16193    48.63073    47.23637     1.39436
  -3.66465   1.39349  -2.16193    47.11843    46.81019     0.30824
  -3.73702   0.98306  -2.16193    47.03246    46.40501     0.62745
  -3.66465   0.57264  -2.16193    48.19022    46.72662     1.46360
  -3.45627   0.21172  -2.16193    50.77493    48.29050     2.48443
   5.57038  -1.66038  -0.23740    89.51737    87.79823     1.71914
   5.96105  -1.80258  -0.23740    84.46529    83.17704     1.28825
   6.37680  -1.80258  -0.23740    80.89288    80.01177     0.88111
   6.76748  -1.66038  -0.23740    78.43178    77.96005     0.47173
   7.08596  -1.39315  -0.23740    76.89815    76.89778     0.00037
   7.29383  -1.03310  -0.23740    76.30453    76.93500    -0.63047
   5.54534  -1.98913  -0.54141    85.92111    84.82643     1.09468
   5.95530  -2.10950  -0.54141    81.88434    81.26929     0.61505
   6.38256  -2.10950  -0.54141    78.97019    78.73868     0.23151
   6.79251  -1.98913  -0.54141    76.91321    77.03055    -0.11734
   7.15195  -1.75813  -0.54141    75.58917    76.07150    -0.48234
   7.43175  -1.43523  -0.54141    75.02880    75.93709    -0.90829
   7.60924  -1.04658  -0.54141    75.52265    76.95239    -1.42974
   7.89879  -0.62367  -0.90546    78.32134    80.28776    -1.96642
   5.55551  -2.24111  -0.90546    82.17864    81.57594     0.60270
   5.96042  -2.34091  -0.90546    79.26888    79.07367     0.19521
   6.37744  -2.34091  -0.90546    77.08891    77.21190    -0.12298
   6.78234  -2.24111  -0.90546    75.50320    75.90057    -0.39738
   7.15160  -2.04731  -0.90546    74.44333    75.10885    -0.66551
   7.46375  -1.77077  -0.90546    73.92376    74.87840    -0.95465
   7.70064  -1.42757  -0.90546    74.08314    75.36277    -1.27963
   7.84852  -1.03765  -0.90546    75.27918    76.91493    -1.63575
   8.04079  -0.62367  -1.31127    77.63171    79.40336    -1.77165
   7.99386  -0.20714  -1.31127    83.16132    85.04772    -1.88639
   5.00184  -2.08714  -1.31127    82.46228    81.55360     0.90868
   5.35676  -2.31015  -1.31127    79.68241    79.27102     0.41139
   5.75240  -2.44860  -1.31127    77.44785    77.39828     0.04957
   6.16893  -2.49553  -1.31127    75.68455    75.91297    -0.22842
   6.58546  -2.44860  -1.31127    74.34607    74.79834    -0.45227
   6.98110  -2.31015  -1.31127    73.39916    74.05103    -0.65187
   7.33601  -2.08714  -1.31127    72.84507    73.69669    -0.85163
   7.63241  -1.79075  -1.31127    72.74467    73.81143    -1.06676
   7.85542  -1.43583  -1.31127    73.25358    74.55591    -1.30233
   7.99386  -1.04019  -1.31127    74.68618    76.23463    -1.54845
   8.08893  -0.62367  -1.73851    76.40242    77.84182    -1.43940
   8.04404  -0.21092  -1.73851    80.77240    82.37609    -1.60369
   5.09145  -2.21283  -1.73851    76.10310    75.84847     0.25462
   5.45826  -2.40730  -1.73851    74.90079    74.93904    -0.03825
   5.85831  -2.51837  -1.73851    73.77817    74.04427    -0.26610
   6.27287  -2.54085  -1.73851    72.83001    73.27154    -0.44154
   6.68258  -2.47368  -1.73851    72.10084    72.68392    -0.58308
   7.06827  -2.32001  -1.73851    71.62017    72.33000    -0.70983
   7.41191  -2.08702  -1.73851    71.42941    72.26766    -0.83825
   7.69743  -1.78560  -1.73851    71.61013    72.58667    -0.97654
   7.91147  -1.42985  -1.73851    72.30980    73.43528    -1.12548
   8.04404  -1.03641  -1.73851    73.77566    75.05709    -1.28143
   8.04079  -0.62367  -2.16575    75.06582    75.97135    -0.90552
   5.35676  -2.31015  -2.16575    70.52956    70.81142    -0.28186
   5.75240  -2.44860  -2.16575    70.44547    70.85196    -0.40648
   6.16893  -2.49553  -2.16575    70.21329    70.71164    -0.49835
   6.58546  -2.44860  -2.16575    69.98990    70.55530    -0.56540
   6.98110  -2.31015  -2.16575    69.87318    70.49400    -0.62082
   7.33601  -2.08714  -2.16575    69.94848    70.62213    -0.67365
   7.63241  -1.79075  -2.16575    70.31871    71.04643    -0.72771
   7.85542  -1.43583  -2.16575    71.13071    71.91413    -0.78342
   7.99386  -1.04019  -2.16575    72.60599    73.44491    -0.83892
   7.89879  -0.62367  -2.57157    73.73864    73.88415    -0.14551
   5.55551  -2.24111  -2.57157    66.11315    66.65279    -0.53964
   5.96042  -2.34091  -2.57157    66.94962    67.46240    -0.51278
   6.37744  -2.34091  -2.57157    67.43343    67.92038    -0.48695
   6.78234  -2.24111  -2.57157    67.79424    68.25104    -0.45679
   7.15160  -2.04731  -2.57157    68.19585    68.61665    -0.42080
   7.46375  -1.77077  -2.57157    68.78696    69.16201    -0.37504
   7.70064  -1.42757  -2.57157    69.73764    70.05219    -0.31455
   7.84852  -1.03765  -2.57157    71.27880    71.51245    -0.23365
   5.95530  -2.10950  -2.93562    63.35901    63.81481    -0.45580
   6.38256  -2.10950  -2.93562    64.73388    65.02894    -0.29506
   6.79251  -1.98913  -2.93562    65.74480    65.88957    -0.14477
   7.15195  -1.75813  -2.93562    66.70175    66.68081     0.02094
   7.43175  -1.43523  -2.93562    67.87833    67.65312     0.22521
   7.60924  -1.04658  -2.93562    69.58641    69.09787     0.48854
   6.37680  -1.80258  -3.23963    62.08767    61.98247     0.10520
   6.76748  -1.66038  -3.23963    63.84721    63.42930     0.41791
   7.08596  -1.39315  -3.23963    65.46869    64.68522     0.78348
   7.29383  -1.03310  -3.23963    67.41899    66.16101     1.25798
   6.40020   2.58177  -1.61588    95.14550    95.63782    -0.49232
   8.06355   0.86452  -2.02169    87.65429    88.53873    -0.88444
   7.65517   2.03161  -2.02169    91.27690    91.48657    -0.20966
   7.35877   2.32800  -2.02169    90.30113    90.61154    -0.31041
   7.00386   2.55101  -2.02169    89.06619    89.42751    -0.36132
   6.60822   2.68945  -2.02169    88.26109    88.46801    -0.20691
   6.19169   2.73638  -2.02169    88.40291    88.10219     0.30072
   8.11169   0.86452  -2.44893    80.84832    81.71932    -0.87100
   8.06680   1.27726  -2.44893    82.13284    82.91604    -0.78321
   7.93423   1.67071  -2.44893    83.08163    83.75935    -0.67772
   7.72019   2.02646  -2.44893    83.48637    84.08327    -0.59690
   7.43467   2.32787  -2.44893    83.41735    83.93902    -0.52167
   7.09103   2.56086  -2.44893    83.13183    83.51936    -0.38753
   6.70534   2.71454  -2.44893    82.93793    83.05204    -0.11411
   6.29563   2.78170  -2.44893    83.10108    82.71632     0.38476
   5.88107   2.75923  -2.44893    83.81770    82.59992     1.21778
   8.06680   0.45178  -2.44893    79.70939    80.56215    -0.85276
   8.06355   0.86452  -2.87617    76.42689    77.04983    -0.62294
   8.01662   1.28105  -2.87617    77.33992    78.04349    -0.70357
   7.87818   1.67669  -2.87617    78.09669    78.78558    -0.68889
   7.65517   2.03161  -2.87617    78.56293    79.18186    -0.61893
   7.35877   2.32800  -2.87617    78.75621    79.25044    -0.49423
   7.00386   2.55101  -2.87617    78.79825    79.08230    -0.28405
   6.60822   2.68945  -2.87617    78.84343    78.78386     0.05958
   6.19169   2.73638  -2.87617    79.01537    78.42342     0.59195
   5.77516   2.68945  -2.87617    79.35046    77.98953     1.36093
   5.37952   2.55101  -2.87617    79.73198    77.35028     2.38170
   7.87818   0.05235  -2.87617    75.36452    75.23849     0.12603
   8.01662   0.44799  -2.87617    75.64062    76.01538    -0.37476
   7.92155   0.86452  -3.28199    73.20024    73.52981    -0.32957
   7.87128   1.27850  -3.28199    73.99780    74.50258    -0.50477
   7.72340   1.66843  -3.28199    74.66798    75.21308    -0.54509
   7.48651   2.01163  -3.28199    75.12606    75.61514    -0.48907
   7.17436   2.28817  -3.28199    75.37330    75.72007    -0.34677
   6.80510   2.48197  -3.28199    75.46994    75.57161    -0.10167
   6.40020   2.58177  -3.28199    75.47810    75.20480     0.27330
   5.98318   2.58177  -3.28199    75.40531    74.60312     0.80219
   5.57827   2.48197  -3.28199    75.14175    73.65791     1.48385
   5.20901   2.28817  -3.28199    74.38874    72.12850     2.26024
   7.72340   0.06061  -3.28199    71.87368    71.19333     0.68036
   7.87128   0.45054  -3.28199    72.43530    72.39275     0.04256
   7.69280   0.86452  -3.64603    70.58352    70.65419    -0.07066
   7.63200   1.28743  -3.64603    71.42690    71.72434    -0.29744
   7.45451   1.67609  -3.64603    72.07009    72.42771    -0.35762
   7.17471   1.99899  -3.64603    72.46103    72.75036    -0.28933
   6.81527   2.22998  -3.64603    72.59532    72.70088    -0.10556
   6.40532   2.35036  -3.64603    72.47860    72.28049     0.19811
   5.97806   2.35036  -3.64603    72.05817    71.43450     0.62367
   5.56810   2.22998  -3.64603    71.14012    70.00406     1.13606
   5.20867   1.99899  -3.64603    69.32850    67.69622     1.63229
   7.45451   0.05296  -3.64603    68.54600    67.45080     1.09520
   7.63200   0.44161  -3.64603    69.62155    69.24207     0.37948
   7.38879   0.86452  -3.95005    68.25735    68.13928     0.11807
   7.31659   1.27395  -3.95005    69.18355    69.30190    -0.11835
   7.10872   1.63400  -3.95005    69.76525    69.93936    -0.17411
   6.79024   1.90124  -3.95005    69.96543    70.05079    -0.08536
   6.39956   2.04343  -3.95005    69.73701    69.61253     0.12449
   5.98381   2.04343  -3.95005    68.96455    68.53990     0.42465
   5.59314   1.90124  -3.95005    67.38825    66.64789     0.74036
   5.27465   1.63400  -3.95005    64.58579    63.67151     0.91428
   7.10872   0.09504  -3.95005    65.22899    64.02456     1.20443
   7.31659   0.45509  -3.95005    66.99040    66.42230     0.56811
   7.02474   0.86452  -4.17879    66.03157    65.80970     0.22187
   6.91314   1.28105  -4.17879    67.09959    67.09556     0.00403
   6.60822   1.58597  -4.17879    67.36503    67.35988     0.00515
   6.19169   1.69758  -4.17879    66.69422    66.53539     0.15883
   5.77516   1.58597  -4.17879    64.78220    64.44850     0.33370
   5.47024   1.28105  -4.17879    61.26438    60.96064     0.30374
   6.60822   0.14307  -4.17879    61.07989    60.03640     1.04350
   6.91314   0.44799  -4.17879    64.12457    63.47737     0.64719
   6.61893   0.86452  -4.32079    63.78509    63.54867     0.23641
   6.40531   1.23452  -4.32079    64.59081    64.49867     0.09213
   5.97807   1.23452  -4.32079    62.79550    62.66416     0.13135
   5.76445   0.86452  -4.32079    58.99280    58.94865     0.04414
   5.97807   0.49452  -4.32079    57.67942    57.47464     0.20478
   6.40531   0.49452  -4.32079    60.81759    60.34650     0.47110
   6.19169   0.86452  -4.36893    61.44573    61.27695     0.16878
   4.40967   2.93843   0.38655    82.54574    84.87691    -2.33118
   4.01899   2.79624   0.38655    86.07924    89.10111    -3.02187
   5.24113   3.12498   0.08253    79.29587    80.82065    -1.52479
   4.83117   3.24536   0.08253    78.56733    80.16702    -1.59969
   4.40391   3.24536   0.08253    79.46278    81.34357    -1.88078
   3.99395   3.12498   0.08253    82.05126    84.50551    -2.45425
   5.60021   3.18317  -0.28151    79.38936    81.05819    -1.66882
   5.23096   3.37697  -0.28151    77.36690    78.62832    -1.26142
   4.82605   3.47677  -0.28151    76.76763    77.86313    -1.09550
   4.40903   3.47677  -0.28151    77.39702    78.59664    -1.19962
   4.00412   3.37697  -0.28151    79.23374    80.84708    -1.61333
   3.63487   3.18317  -0.28151    82.38760    84.78803    -2.40042
   6.08102   2.92661  -0.68733    86.08740    88.06510    -1.97770
   5.78463   3.22300  -0.68733    80.44609    81.80745    -1.36136
   5.42971   3.44601  -0.68733    77.38071    78.21921    -0.83850
   5.03407   3.58445  -0.68733    75.96756    76.47494    -0.50738
   4.61754   3.63138  -0.68733    75.78997    76.20488    -0.41491
   4.20101   3.58445  -0.68733    76.68543    77.27900    -0.59357
   3.80537   3.44601  -0.68733    78.65330    79.72700    -1.07370
   3.45045   3.22300  -0.68733    81.82034    83.71319    -1.89286
   3.15406   2.92661  -0.68733    86.47834    89.52301    -3.04467
   6.14604   2.92145  -1.11457    87.74716    88.93708    -1.18992
   5.86052   3.22287  -1.11457    81.43191    82.14821    -0.71630
   5.51688   3.45586  -1.11457    77.75470    78.00108    -0.24638
   5.13119   3.60954  -1.11457    75.82072    75.72498     0.09573
   4.72149   3.67670  -1.11457    75.15430    74.90917     0.24513
   4.30692   3.65423  -1.11457    75.52642    75.36328     0.16314
   3.90687   3.54316  -1.11457    76.87493    77.04583    -0.17090
   3.54006   3.34868  -1.11457    79.26700    80.03288    -0.76588
   3.22363   3.07990  -1.11457    82.90405    84.50107    -1.59703
   6.30403   2.57169  -1.54181    96.06166    96.64529    -0.58363
   6.08102   2.92661  -1.54181    86.95525    87.24659    -0.29135
   5.78463   3.22300  -1.54181    81.03783    80.93061     0.10722
   5.42971   3.44601  -1.54181    77.45601    76.97429     0.48172
   5.03407   3.58445  -1.54181    75.54524    74.80805     0.73719
   4.61754   3.63138  -1.54181    74.89389    74.08405     0.80983
   4.20101   3.58445  -1.54181    75.29298    74.62884     0.66414
   3.80537   3.44601  -1.54181    76.68605    76.39875     0.28731
   3.45045   3.22300  -1.54181    79.14275    79.44667    -0.30391
   3.15406   2.92661  -1.54181    82.83690    83.87640    -1.03950
   5.91236   2.90663  -1.94763    85.37078    84.72554     0.64524
   5.60021   3.18317  -1.94763    80.03758    79.11022     0.92736
   5.23096   3.37697  -1.94763    76.85297    75.69155     1.16142
   4.82605   3.47677  -1.94763    75.24968    73.97966     1.27003
   4.40903   3.47677  -1.94763    74.88008    73.68186     1.19822
   4.00412   3.37697  -1.94763    75.57160    74.65209     0.91950
   3.63487   3.18317  -1.94763    77.28093    76.84101     0.43992
   3.32272   2.90663  -1.94763    80.03695    80.22951    -0.19255
   3.08583   2.56343  -1.94763    83.82648    84.70893    -0.88244
   5.60056   2.89399  -2.31167    82.35497    80.76398     1.59100
   5.24113   3.12498  -2.31167    77.98061    76.31163     1.66898
   4.83117   3.24536  -2.31167    75.71341    74.03571     1.67770
   4.40391   3.24536  -2.31167    74.99868    73.46902     1.52966
   3.99395   3.12498  -2.31167    75.53834    74.35593     1.18241
   3.63452   2.89399  -2.31167    77.17551    76.52689     0.64862
   3.35472   2.57108  -2.31167    79.74328    79.75338    -0.01010
   3.17723   2.18243  -2.31167    82.85196    83.56340    -0.71143
   5.21609   2.79624  -2.61569    79.39815    77.09366     2.30449
   4.82541   2.93843  -2.61569    76.35347    74.24484     2.10863
   4.40967   2.93843  -2.61569    75.21643    73.37842     1.83800
   4.01899   2.79624  -2.61569    75.49379    74.07595     1.41783
   3.70051   2.52900  -2.61569    76.80528    75.93612     0.86916
   3.49263   2.16895  -2.61569    78.64075    78.34618     0.29457
   3.42044   1.75952  -2.61569    80.21266    80.31817    -0.10552
   5.03407   2.48097  -2.84443    78.97458    75.92876     3.04582
   4.61754   2.59258  -2.84443    75.91484    73.43741     2.47743
   4.20101   2.48097  -2.84443    75.14489    73.17851     1.96638
   3.89609   2.17605  -2.84443    75.63372    74.14665     1.48707
   3.78448   1.75952  -2.84443    75.92049    74.53790     1.38260
   4.40392   2.12952  -2.98643    74.74768    71.82957     2.91811
   9.00497   1.25971   0.08468    60.08215    58.40768     1.67448
   8.95804   1.67623   0.08468    60.45113    58.56124     1.88989
   8.81960   2.07188   0.08468    60.74982    58.90684     1.84298
   8.59659   2.42679   0.08468    60.99643    59.44861     1.54783
   8.30019   2.72319   0.08468    61.25873    60.22751     1.03122
   9.05311   1.25971  -0.34256    65.47560    63.78964     1.68596
   9.00822   1.67245  -0.34256    65.66448    63.77366     1.89081
   8.87565   2.06589  -0.34256    65.92176    64.03460     1.88716
   8.66161   2.42164  -0.34256    66.25245    64.56701     1.68544
   8.37609   2.72306  -0.34256    66.70614    65.40205     1.30410
   8.03245   2.95605  -0.34256    67.38574    66.61213     0.77361
   7.64676   3.10972  -0.34256    68.46380    68.32397     0.13982
   7.23706   3.17689  -0.34256    70.20451    70.74431    -0.53980
   8.66161   0.09777  -0.34256    66.12695    66.19602    -0.06907
   8.87565   0.45352  -0.34256    65.55152    64.87647     0.67505
   9.00822   0.84696  -0.34256    65.40092    64.12660     1.27433
   9.00497   1.25971  -0.76980    70.25847    68.66201     1.59646
   8.95804   1.67623  -0.76980    70.32499    68.52174     1.80325
   8.81960   2.07188  -0.76980    70.57725    68.75796     1.81929
   8.59659   2.42679  -0.76980    71.01400    69.35989     1.65410
   8.30019   2.72319  -0.76980    71.68857    70.36019     1.32837
   7.94528   2.94620  -0.76980    72.70890    71.83823     0.87067
   7.54964   3.08464  -0.76980    74.25383    73.93230     0.32153
   7.13311   3.13157  -0.76980    76.58816    76.86369    -0.27552
   6.71658   3.08464  -0.76980    80.08339    80.98095    -0.89756
   6.32094   2.94620  -0.76980    85.25595    86.84273    -1.58678
   7.94528  -0.42678  -0.76980    78.28244    80.11645    -1.83401
   8.30019  -0.20377  -0.76980    74.38121    75.32984    -0.94863
   8.59659   0.09262  -0.76980    72.17363    72.28132    -0.10769
   8.81960   0.44754  -0.76980    70.99391    70.37230     0.62161
   8.95804   0.84318  -0.76980    70.43669    69.23801     1.19867
   8.86297   1.25971  -1.17561    74.74266    73.36075     1.38191
   8.81270   1.67369  -1.17561    74.72948    73.12964     1.59984
   8.66482   2.06361  -1.17561    75.02755    73.39900     1.62855
   8.42793   2.40682  -1.17561    75.63749    74.15614     1.48134
   8.11578   2.68335  -1.17561    76.62393    75.44225     1.18168
   7.74653   2.87715  -1.17561    78.11740    77.35353     0.76387
   7.34162   2.97695  -1.17561    80.31996    80.05047     0.26949
   6.92460   2.97695  -1.17561    83.51022    83.77475    -0.26453
   6.51969   2.87715  -1.17561    88.04900    88.87426    -0.82526
   8.11578  -0.16394  -1.17561    81.02905    82.47785    -1.44881
   8.42793   0.11260  -1.17561    77.85950    78.29368    -0.43419
   8.66482   0.45580  -1.17561    76.07549    75.71083     0.36465
   8.81270   0.84572  -1.17561    75.13736    74.16725     0.97011
   8.63422   1.25971  -1.53966    79.24441    78.25617     0.98824
   8.57342   1.68262  -1.53966    79.21366    77.98080     1.23286
   8.39593   2.07127  -1.53966    79.70877    78.45443     1.25433
   8.11613   2.39417  -1.53966    80.75420    79.67744     1.07676
   7.75669   2.62517  -1.53966    82.47420    81.73256     0.74164
   7.34674   2.74554  -1.53966    85.08339    84.77932     0.30406
   6.91948   2.74554  -1.53966    88.87480    89.03981    -0.16501
   6.50952   2.62517  -1.53966    94.18290    94.73276    -0.54986
   8.11613   0.12524  -1.53966    84.05490    85.31862    -1.26372
   8.39593   0.44814  -1.53966    81.34280    81.57706    -0.23426
   8.57342   0.83679  -1.53966    79.88196    79.37731     0.50465
   8.33021   1.25971  -1.84367    84.20550    83.87613     0.32937
   8.25802   1.66914  -1.84367    84.24943    83.64091     0.60851
   8.05014   2.02919  -1.84367    85.17437    84.56357     0.61080
   7.73166   2.29643  -1.84367    87.07949    86.69878     0.38071
   7.34098   2.43862  -1.84367    90.21767    90.22453    -0.00687
   8.05014   0.49022  -1.84367    87.12781    88.28231    -1.15450
   8.25802   0.85027  -1.84367    85.09468    85.35112    -0.25644
   4.62131  -1.79181   1.13972    74.79097    78.43185    -3.64087
   4.68730  -2.15680   0.83570    79.30214    80.93722    -1.63508
   4.96709  -1.83390   0.83570    75.19446    77.21916    -2.02470
   4.31769  -2.63978   0.47166    85.27666    85.39000    -0.11334
   4.68695  -2.44598   0.47166    81.24365    81.71901    -0.47536
   4.99909  -2.16944   0.47166    79.13460    79.77305    -0.63845
   5.23599  -1.82624   0.47166    78.90053    79.45652    -0.55599
   4.12080  -2.84726   0.06584    85.98198    85.61247     0.36951
   4.51644  -2.70882   0.06584    82.52440    82.38603     0.13837
   4.87136  -2.48581   0.06584    80.85774    80.81739     0.04035
   5.16775  -2.18942   0.06584    81.12568    81.00145     0.12423
   5.39076  -1.83450   0.06584    83.70663    83.14298     0.56365
   3.39365  -2.91704  -0.36140    92.15918    91.41247     0.74671
   3.80822  -2.93952  -0.36140    86.96340    86.51607     0.44733
   4.21793  -2.87235  -0.36140    83.37781    83.08151     0.29630
   4.60362  -2.71868  -0.36140    81.41748    81.17187     0.24560
   4.94725  -2.48568  -0.36140    81.26123    80.94546     0.31576
   5.23277  -2.18427  -0.36140    83.28871    82.68519     0.60352
   5.44682  -1.82852  -0.36140    88.08853    86.74627     1.34226
   3.28775  -2.84726  -0.78864    90.86777    90.45047     0.41730
   3.70427  -2.89419  -0.78864    85.72533    85.59788     0.12745
   4.12080  -2.84726  -0.78864    82.40141    82.33885     0.06256
   4.51644  -2.70882  -0.78864    80.79687    80.67494     0.12193
   4.87136  -2.48581  -0.78864    81.14263    80.81761     0.32501
   5.16775  -2.18942  -0.78864    84.01474    83.21494     0.79980
   3.49576  -2.73958  -1.19446    85.72345    86.11875    -0.39531
   3.91279  -2.73958  -1.19446    81.96655    82.38844    -0.42190
   4.31769  -2.63978  -1.19446    80.00683    80.27688    -0.27005
   4.68695  -2.44598  -1.19446    79.98864    79.92785     0.06078
   4.99909  -2.16944  -1.19446    82.48863    81.75659     0.73205
   3.49064  -2.50817  -1.55850    83.55289    84.75508    -1.20219
   3.91791  -2.50817  -1.55850    80.00621    81.02917    -1.02296
   4.32786  -2.38780  -1.55850    78.33452    78.95909    -0.62457
   4.68730  -2.15680  -1.55850    78.74366    78.61754     0.12612
   3.91215  -2.20125  -1.86252    77.97810    79.55415    -1.57606
   4.30282  -2.05905  -1.86252    76.04411    76.87433    -0.83022
   1.33485   0.20272  -2.23710    92.94043    90.30939     2.63104
   2.74325  -2.03873  -2.23710    84.77716    85.52120    -0.74404
   3.15978  -2.08567  -2.23710    80.31494    81.65799    -1.34305
   3.57631  -2.03873  -2.23710    76.49906    78.08530    -1.58624
   3.36829   1.50344  -2.64291    80.33251    80.51969    -0.18717
   2.95127   1.50344  -2.64291    81.30829    81.88098    -0.57269
   2.54636   1.40364  -2.64291    82.55138    82.86288    -0.31150
   2.17710   1.20984  -2.64291    83.86853    83.66447     0.20406
   1.86496   0.93330  -2.64291    84.82360    84.08074     0.74285
   1.62806   0.59010  -2.64291    85.41597    84.16337     1.25259
   1.48018   0.20018  -2.64291    86.11376    84.41327     1.70048
   1.42992  -0.21380  -2.64291    87.00105    85.14685     1.85420
   1.48018  -0.62779  -2.64291    87.48612    85.96341     1.52271
   1.62806  -1.01771  -2.64291    87.22884    86.25487     0.97397
   1.86496  -1.36091  -2.64291    86.24867    85.64578     0.60289
   2.17710  -1.63745  -2.64291    84.25696    83.89281     0.36414
   2.54636  -1.83125  -2.64291    81.18404    81.14754     0.03650
   2.95127  -1.93105  -2.64291    77.53382    77.90363    -0.36981
   3.36829  -1.93105  -2.64291    73.78508    74.48809    -0.70301
   3.77319  -1.83125  -2.64291    69.91774    70.77255    -0.85481
   4.14245  -1.63745  -2.64291    65.12921    65.98716    -0.85795
   3.37341   1.27203  -3.00696    74.07750    73.40452     0.67298
   2.94615   1.27203  -3.00696    76.10121    75.79969     0.30153
   2.53619   1.15166  -3.00696    77.66246    77.23573     0.42673
   2.17675   0.92066  -3.00696    78.95576    78.18095     0.77481
   1.89696   0.59776  -3.00696    79.91710    78.75004     1.16706
   1.71947   0.20911  -3.00696    80.66948    79.17330     1.49619
   1.65866  -0.21380  -3.00696    81.29323    79.66088     1.63235
   1.71947  -0.63672  -3.00696    81.49591    79.99809     1.49782
   1.89696  -1.02537  -3.00696    80.93367    79.71321     1.22046
   2.17675  -1.34827  -3.00696    79.42764    78.48265     0.94499
   2.53619  -1.57927  -3.00696    76.94396    76.29334     0.65062
   2.94615  -1.69964  -3.00696    73.70538    73.39995     0.30543
   3.37341  -1.69964  -3.00696    69.95037    69.99499    -0.04462
   3.78336  -1.57927  -3.00696    65.43732    65.83381    -0.39649
   3.75833   0.82292  -3.31097    64.20740    62.96778     1.23962
   3.36765   0.96511  -3.31097    69.26513    68.23724     1.02789
   2.95190   0.96511  -3.31097    72.09645    71.19490     0.90155
   2.56123   0.82292  -3.31097    73.95576    72.92398     1.03178
   2.24274   0.55568  -3.31097    75.27353    73.97525     1.29828
   2.03487   0.19563  -3.31097    76.16648    74.61105     1.55543
   1.96268  -0.21380  -3.31097    76.65656    74.97182     1.68474
   2.03487  -0.62324  -3.31097    76.55365    74.92302     1.63063
   2.24274  -0.98329  -3.31097    75.57850    74.13583     1.44267
   2.56123  -1.25052  -3.31097    73.60184    72.42285     1.17899
   2.95190  -1.39272  -3.31097    70.69899    69.85196     0.84702
   3.36765  -1.39272  -3.31097    66.95715    66.51069     0.44645
   3.75833  -1.25052  -3.31097    62.05881    62.15632    -0.09752
   3.57631   0.50764  -3.53972    63.03521    62.09340     0.94182
   3.15978   0.61925  -3.53972    67.76601    66.56830     1.19770
   2.74325   0.50764  -3.53972    70.52956    69.15697     1.37258
   2.43833   0.20272  -3.53972    72.09080    70.49035     1.60046
   2.32672  -0.21380  -3.53972    72.68192    70.94501     1.73690
   2.43833  -0.63033  -3.53972    72.13096    70.45632     1.67464
   2.74325  -0.93525  -3.53972    70.16999    68.74503     1.42497
   3.15978  -1.04686  -3.53972    66.79337    65.77260     1.02077
   3.57631  -0.93525  -3.53972    62.07638    61.64049     0.43589
   3.88123  -0.63033  -3.53972    56.40495    56.76830    -0.36335
   3.58702  -0.21380  -3.68172    60.37771    59.76190     0.61581
   3.37340   0.15620  -3.68172    63.60625    62.52208     1.08417
   2.94616   0.15620  -3.68172    67.62607    66.15009     1.47599
   2.73254  -0.21380  -3.68172    69.00847    67.35802     1.65046
   2.94616  -0.58381  -3.68172    67.38385    65.91879     1.46506
   3.37340  -0.58381  -3.68172    63.23852    62.29024     0.94829
   3.15978  -0.21380  -3.72986    65.16937    63.84613     1.32324
   1.21852   2.72145   0.56035    77.86891    78.97829    -1.10939
   0.85908   2.49045   0.56035    77.85510    78.42271    -0.56761
   2.05062   3.07323   0.19631    78.62945    81.16098    -2.53153
   1.63359   3.07323   0.19631    76.48525    78.36884    -1.88359
   1.22869   2.97343   0.19631    75.35762    76.71035    -1.35273
   0.85943   2.77963   0.19631    75.10473    76.06210    -0.95737
   2.25863   3.18091  -0.20951    78.60435    81.19125    -2.58690
   1.84211   3.22785  -0.20951    76.17965    78.12237    -1.94272
   1.42558   3.18091  -0.20951    74.71881    76.20662    -1.48781
   1.02993   3.04247  -0.20951    74.11452    75.40461    -1.29009
   2.74145   3.05233  -0.63675    82.74842    85.60778    -2.85936
   2.35576   3.20600  -0.63675    78.95011    81.13947    -2.18936
   1.94605   3.27317  -0.63675    76.48651    78.12280    -1.63629
   1.53148   3.25069  -0.63675    75.03884    76.34904    -1.31020
   1.13144   3.13962  -0.63675    74.53244    75.89235    -1.35991
   3.00919   2.81946  -1.06399    87.19496    89.65536    -2.46041
   2.65427   3.04247  -1.06399    82.00294    83.97914    -1.97620
   2.25863   3.18091  -1.06399    78.66710    80.12062    -1.45352
   1.84211   3.22785  -1.06399    76.70174    77.76954    -1.06780
   1.42558   3.18091  -1.06399    75.93806    76.93762    -0.99956
   2.82478   2.77963  -1.46981    84.84179    86.40859    -1.56680
   2.45552   2.97343  -1.46981    80.87844    82.01055    -1.13210
   2.05062   3.07323  -1.46981    78.52842    79.26524    -0.73681
   1.63359   3.07323  -1.46981    77.65681    78.20416    -0.54735
   2.82513   2.49045  -1.83385    85.67073    86.87987    -1.20914
   2.46569   2.72145  -1.83385    81.90568    82.63692    -0.73124
   2.05574   2.84182  -1.83385    79.74265    80.07078    -0.32813
   1.62847   2.84182  -1.83385    79.38497    79.47881    -0.09384
   2.75914   2.12546  -2.13787    85.73349    86.78614    -1.05265
   2.44066   2.39270  -2.13787    82.70952    83.19151    -0.48199
   2.04998   2.53490  -2.13787    80.88786    80.93087    -0.04302
   1.63423   2.53490  -2.13787    80.87531    80.61228     0.26303
   0.71720   0.94655  -2.13787    85.55527    84.35156     1.20371
   2.56355   1.77251  -2.36661    85.09907    85.81757    -0.71850
   2.25863   2.07743  -2.36661    82.73776    82.89951    -0.16175
   1.84211   2.18904  -2.36661    81.71617    81.43086     0.28531
   1.42558   2.07743  -2.36661    82.73964    82.16844     0.57120
   1.12066   0.93945  -2.36661    86.31707    85.11836     1.19871
   1.42558   0.63454  -2.36661    89.29586    87.72528     1.57058
   2.26934   1.35598  -2.50861    85.52892    85.63854    -0.10962
   2.05573   1.72598  -2.50861    83.27553    83.15190     0.12363
   1.62848   1.72598  -2.50861    83.01449    82.50204     0.51245
   1.41487   1.35598  -2.50861    84.29774    83.58437     0.71337
   1.62848   0.98598  -2.50861    86.39300    85.51435     0.87865
   1.84211   1.35598  -2.55675    84.45901    84.01681     0.44220
   2.86211   1.31570   2.70209    78.67087    72.78250     5.88836
   3.07573   1.68570   2.65395    71.60072    67.36639     4.23433
   2.64849   1.68570   2.65395    77.37820    72.23227     5.14593
   3.27864   2.03715   2.51195    67.90531    64.67927     3.22604
   2.86211   2.14876   2.51195    72.08704    68.38648     3.70055
   2.44558   2.03715   2.51195    76.30139    72.03942     4.26197
   3.46066   2.35242   2.28321    66.85235    64.35029     2.50206
   3.06998   2.49462   2.28321    70.00872    67.18894     2.81978
   2.65424   2.49462   2.28321    72.60661    69.58369     3.02292
   2.26356   2.35242   2.28321    75.49002    72.22431     3.26571
   1.94508   2.08518   2.28321    79.36928    75.58791     3.78137
   3.84513   2.45017   1.97919    65.65193    64.06124     1.59068
   3.48570   2.68117   1.97919    68.70915    66.77546     1.93369
   3.07574   2.80154   1.97919    70.63059    68.53646     2.09413
   2.64848   2.80154   1.97919    72.29474    70.15129     2.14345
   2.23852   2.68117   1.97919    74.24692    72.07241     2.17452
   1.87909   2.45017   1.97919    76.92200    74.61854     2.30346
   3.84478   2.73935   1.61515    70.05516    69.03960     1.01557
   3.47553   2.93315   1.61515    71.12506    69.94141     1.18365
   3.07062   3.03295   1.61515    71.87745    70.64303     1.23442
   2.65360   3.03295   1.61515    72.71455    71.52561     1.18893
   2.24869   2.93315   1.61515    73.91811    72.80941     1.10870
   1.87944   2.73935   1.61515    75.74040    74.66084     1.07956
   1.56729   2.46281   1.61515    78.44998    77.25613     1.19385
   4.02920   2.77918   1.20933    74.61339    74.63643    -0.02304
   3.67428   3.00219   1.20933    74.04989    73.90288     0.14701
   3.27864   3.14063   1.20933    73.69974    73.47284     0.22690
   2.86211   3.18756   1.20933    73.67715    73.49921     0.17794
   2.44558   3.14063   1.20933    74.11201    74.06634     0.04567
   2.04994   3.00219   1.20933    75.15995    75.24204    -0.08209
   1.69502   2.77918   1.20933    77.01487    77.10554    -0.09067
   4.10509   2.77905   0.78209    80.97194    82.47153    -1.49958
   3.76146   3.01205   0.78209    78.35962    79.48864    -1.12902
   3.37577   3.16572   0.78209    76.73061    77.67011    -0.93950
   2.96606   3.23289   0.78209    75.84707    76.80191    -0.95484
   2.55149   3.21041   0.78209    75.67325    76.77677    -1.10352
   2.15144   3.09934   0.78209    76.27754    77.55301    -1.27547
   1.78463   2.90487   0.78209    77.81432    79.13429    -1.31997
   3.67428   3.00219   0.35485    82.56393    84.99476    -2.43083
   3.27864   3.14063   0.35485    79.95914    82.11236    -2.15321
   2.86211   3.18756   0.35485    78.59117    80.78176    -2.19059
   2.44558   3.14063   0.35485    78.36527    80.73234    -2.36708
   3.47553   2.93315  -0.05096    86.21918    89.63127    -3.41209
   3.07062   3.03295  -0.05096    83.25169    86.51158    -3.25989
   2.81910  -0.67450   4.48304    67.03998    66.41373     0.62625
   3.24634  -0.67450   4.43491    64.64917    63.61948     1.02969
   3.03272  -0.30450   4.43491    65.34382    63.83834     1.50548
   2.60548  -0.30450   4.43491    67.82374    66.71480     1.10894
   2.39186  -0.67450   4.43491    69.68995    69.54583     0.14412
   2.60548  -1.04450   4.43491    69.38498    69.68198    -0.29700
   3.03272  -1.04450   4.43491    66.77454    66.58644     0.18810
   3.65215  -0.67450   4.29290    62.19623    60.93908     1.25715
   3.54055  -0.25797   4.29290    62.10273    60.21606     1.88667
   3.23563   0.04695   4.29290    63.93067    61.68364     2.24702
   2.81910   0.15856   4.29290    66.66347    64.46915     2.19432
   2.40257   0.04695   4.29290    69.20489    67.54492     1.65996
   2.09765  -0.25797   4.29290    71.24868    70.50376     0.74493
   3.23563  -1.39595   4.29290    67.00797    67.22489    -0.21691
   3.54055  -1.09103   4.29290    64.09696    63.59054     0.50642
   4.01620  -0.67450   4.06416    59.34295    58.09865     1.24430
   3.94400  -0.26507   4.06416    58.60562    56.74045     1.86517
   3.73613   0.09498   4.06416    59.78283    57.37938     2.40345
   3.41765   0.36222   4.06416    62.52128    59.72705     2.79424
   3.02697   0.50441   4.06416    65.84457    62.89041     2.95416
   2.61122   0.50441   4.06416    68.89678    66.08998     2.80680
   2.22055   0.36222   4.06416    71.33277    69.01008     2.32269
   1.90207   0.09498   4.06416    73.27679    71.71886     1.55793
   3.41765  -1.71122   4.06416    67.77165    68.37520    -0.60354
   3.73613  -1.44398   4.06416    64.46029    64.51673    -0.05645
   3.94400  -1.08393   4.06416    61.52103    60.93730     0.58373
   4.32021  -0.67450   3.76014    55.67264    54.72705     0.94559
   4.25941  -0.25159   3.76014    53.95578    52.39526     1.56052
   4.08192   0.13706   3.76014    54.70063    52.52276     2.17788
   3.80212   0.45997   3.76014    57.90281    55.13752     2.76529
   3.44268   0.69096   3.76014    62.43155    59.17570     3.25585
   3.03273   0.81134   3.76014    66.98601    63.41669     3.56932
   2.60547   0.81134   3.76014    70.80001    67.18250     3.61751
   2.19551   0.69096   3.76014    73.68405    70.33956     3.34449
   1.83608   0.45997   3.76014    75.84017    73.05900     2.78117
   3.80212  -1.80897   3.76014    66.47961    67.25749    -0.77788
   4.08192  -1.48606   3.76014    62.59721    62.87746    -0.28025
   4.25941  -1.09741   3.76014    58.86541    58.54307     0.32234
   3.80177   0.74915   3.39610    56.44573    53.51661     2.92912
   3.43252   0.94295   3.39610    63.18456    59.58348     3.60108
   3.02761   1.04275   3.39610    69.16786    64.98555     4.18231
   2.61059   1.04275   3.39610    73.87105    69.33211     4.53894
   2.20568   0.94295   3.39610    77.31545    72.73393     4.58152
   4.11392  -1.82161   3.39610    65.17816    66.40260    -1.22444
   4.35081  -1.47841   3.39610    60.48878    61.24693    -0.75815
   4.49869  -1.08848   3.39610    55.52643    55.73565    -0.20922
   3.23563   1.15043   2.99028    68.83654    64.49420     4.34233
   2.81910   1.19736   2.99028    76.06984    70.69251     5.37733
   2.40257   1.15043   2.99028    81.26876    75.16106     6.10769
   4.28258  -1.84159   2.99028    65.13109    67.15963    -2.02854
   4.50559  -1.48667   2.99028    58.99719    60.57844    -1.58125
   2.93272  -3.54544   2.66869    76.16710    78.80096    -2.63386
   3.34267  -3.42507   2.66869    74.04549    76.40589    -2.36040
   3.70211  -3.19407   2.66869    72.47107    74.73114    -2.26007
   3.98190  -2.87117   2.66869    71.19409    73.54436    -2.35027
   4.15939  -2.48252   2.66869    70.04261    72.64713    -2.60452
   4.44895  -2.05961   2.30465    67.43656    70.68849    -3.25193
   2.51057  -3.77685   2.30465    79.28332    82.00171    -2.71840
   2.92760  -3.77685   2.30465    76.65844    78.99378    -2.33534
   3.33250  -3.67705   2.30465    74.73701    76.79177    -2.05476
   3.70176  -3.48325   2.30465    73.27930    75.20752    -1.92822
   4.01390  -3.20672   2.30465    72.06884    74.04932    -1.98048
   4.25080  -2.86351   2.30465    70.87532    73.09731    -2.22199
   4.39868  -2.47359   2.30465    69.42389    72.07834    -2.65445
   4.59095  -2.05961   1.89883    68.24982    71.55730    -3.30748
   1.90691  -3.74610   1.89883    86.23487    88.97531    -2.74045
   2.30256  -3.88454   1.89883    82.07071    84.48317    -2.41245
   2.71909  -3.93147   1.89883    79.05992    81.08618    -2.02626
   3.13561  -3.88454   1.89883    76.89439    78.59700    -1.70262
   3.53125  -3.74610   1.89883    75.32750    76.82880    -1.50130
   3.88617  -3.52309   1.89883    74.15531    75.60987    -1.45457
   4.18257  -3.22669   1.89883    73.17702    74.76100    -1.58398
   4.40557  -2.87178   1.89883    72.14414    74.05429    -1.91015
   4.54401  -2.47613   1.89883    70.68957    73.15501    -2.46544
   4.63909  -2.05961   1.47159    71.95212    75.03398    -3.08186
   2.00842  -3.84324   1.47159    87.16044    89.15585    -1.99540
   2.40846  -3.95431   1.47159    83.15568    84.84595    -1.69028
   2.82303  -3.97679   1.47159    80.33941    81.70153    -1.36212
   3.23274  -3.90962   1.47159    78.37468    79.47681    -1.10213
   3.61843  -3.75595   1.47159    77.02616    77.98265    -0.95649
   3.96207  -3.52296   1.47159    76.11063    77.06523    -0.95460
   4.24758  -3.22154   1.47159    75.45488    76.57199    -1.11711
   4.46163  -2.86579   1.47159    74.83302    76.30650    -1.47348
   4.59420  -2.47235   1.47159    73.88046    75.96321    -2.08275
   4.59095  -2.05961   1.04435    78.33013    80.78961    -2.45949
   1.90691  -3.74610   1.04435    91.68165    92.92053    -1.23888
   2.30256  -3.88454   1.04435    86.80590    87.88346    -1.07756
   2.71909  -3.93147   1.04435    83.47884    84.29832    -0.81948
   3.13561  -3.88454   1.04435    81.24554    81.84063    -0.59509
   3.53125  -3.74610   1.04435    79.82611    80.28742    -0.46130
   3.88617  -3.52309   1.04435    79.03294    79.48458    -0.45164
   4.18257  -3.22669   1.04435    78.71793    79.30826    -0.59034
   4.40557  -2.87178   1.04435    78.71730    79.62305    -0.90575
   4.54401  -2.47613   1.04435    78.76123    80.22847    -1.46724
   2.10567  -3.67705   0.63853    92.75594    93.08256    -0.32662
   2.51057  -3.77685   0.63853    88.31255    88.57185    -0.25930
   2.92760  -3.77685   0.63853    85.35949    85.47893    -0.11944
   3.33250  -3.67705   0.63853    83.55038    83.56290    -0.01252
   3.70176  -3.48325   0.63853    82.67312    82.66070     0.01242
   4.01390  -3.20672   0.63853    82.60849    82.67573    -0.06724
   4.25080  -2.86351   0.63853    83.29436    83.55250    -0.25814
   2.09550  -3.42507   0.27449    98.03644    97.26260     0.77383
   2.50545  -3.54544   0.27449    92.61915    92.13998     0.47917
   2.93272  -3.54544   0.27449    89.17287    88.73701     0.43586
   3.34267  -3.42507   0.27449    87.33928    86.90567     0.43361
   3.70211  -3.19407   0.27449    86.93328    86.52249     0.41080
   3.98190  -2.87117   0.27449    87.98248    87.57365     0.40883
   2.92696  -3.23852  -0.02953    93.95386    92.98397     0.96989
   3.31764  -3.09632  -0.02953    92.21001    91.38461     0.82540
   1.44848  -1.78971   4.60425    69.81733    69.56760     0.24973
   1.87572  -1.78971   4.55611    69.98676    70.36979    -0.38303
   1.66210  -1.41971   4.55611    70.37331    70.58265    -0.20934
   1.23486  -1.41971   4.55611    70.27165    69.84437     0.42728
   1.02124  -1.78971   4.55611    70.10975    69.23773     0.87203
   1.23486  -2.15971   4.55611    69.99994    69.32235     0.67759
   1.66210  -2.15971   4.55611    69.77906    69.73103     0.04803
   2.28154  -1.78971   4.41411    70.83892    71.76191    -0.92299
   2.16993  -1.37318   4.41411    71.65343    72.54196    -0.88853
   1.86501  -1.06826   4.41411    71.99793    72.56394    -0.56601
   1.44848  -0.95665   4.41411    71.71743    71.71683     0.00060
   1.03195  -1.06826   4.41411    71.18217    70.55246     0.62971
   0.72703  -1.37318   4.41411    70.76362    69.62140     1.14222
   0.61542  -1.78971   4.41411    70.69208    69.27217     1.41992
   0.72703  -2.20624   4.41411    70.82135    69.44347     1.37788
   1.03195  -2.51116   4.41411    70.76864    69.76342     1.00522
   1.44848  -2.62277   4.41411    70.44547    70.03617     0.40931
   1.86501  -2.51116   4.41411    70.15431    70.36901    -0.21470
   2.16993  -2.20624   4.41411    70.24216    70.92783    -0.68567
   1.24060  -0.61080   4.18536    73.63698    73.20483     0.43215
   0.84993  -0.75299   4.18536    72.63548    71.71448     0.92100
   0.53145  -1.02023   4.18536    71.80152    70.45599     1.34553
   0.32357  -1.38028   4.18536    71.35222    69.67727     1.67495
   0.25138  -1.78971   4.18536    71.39050    69.53450     1.85601
   0.32357  -2.19914   4.18536    71.76512    69.91462     1.85050
   0.53145  -2.55919   4.18536    72.09519    70.46683     1.62836
   0.84993  -2.82643   4.18536    72.08139    70.88415     1.19724
   1.24060  -2.96862   4.18536    71.72810    71.11112     0.61698
   1.65635  -2.96862   4.18536    71.26939    71.27968    -0.01029
   2.04703  -2.82643   4.18536    70.97509    71.54294    -0.56785
   2.36551  -2.55919   4.18536    71.04223    72.00312    -0.96089
   0.82489  -0.42425   3.88135    75.34946    74.05595     1.29350
   0.46546  -0.65524   3.88135    73.71229    72.16645     1.54583
   0.18566  -0.97814   3.88135    72.46354    70.63680     1.82674
   0.00817  -1.36680   3.88135    71.82599    69.77834     2.04765
  -0.05264  -1.78971   3.88135    71.95965    69.79940     2.16025
   0.00817  -2.21262   3.88135    72.71768    70.56783     2.14986
   0.18566  -2.60127   3.88135    73.57800    71.60677     1.97123
   0.46546  -2.92418   3.88135    74.01851    72.42604     1.59247
   0.82489  -3.15517   3.88135    73.87983    72.83983     1.04000
   1.23485  -3.27555   3.88135    73.35084    72.96958     0.38126
   1.66211  -3.27555   3.88135    72.75094    73.04470    -0.29376
   2.07207  -3.15517   3.88135    72.36126    73.24018    -0.87892
   2.43150  -2.92418   3.88135    72.36565    73.63511    -1.26946
   0.15366  -0.64260   3.51730    74.56758    72.47662     2.09097
  -0.08324  -0.98580   3.51730    72.73839    70.49438     2.24401
  -0.23111  -1.37573   3.51730    71.75069    69.44026     2.31044
  -0.28138  -1.78971   3.51730    71.97534    69.65736     2.31798
  -0.23111  -2.20369   3.51730    73.32323    71.02061     2.30262
  -0.08324  -2.59362   3.51730    75.04825    72.86998     2.17827
   0.15366  -2.93682   3.51730    76.29261    74.43859     1.85402
   0.46581  -3.21336   3.51730    76.66723    75.32803     1.33920
   0.83506  -3.40716   3.51730    76.29574    75.60217     0.69358
   1.23997  -3.50696   3.51730    75.54963    75.56810    -0.01846
   1.65699  -3.50696   3.51730    74.80604    75.53201    -0.72597
   2.06190  -3.40716   3.51730    74.34482    75.68352    -1.33871
   2.43115  -3.21336   3.51730    74.33854    76.08606    -1.74752
  -0.37645  -1.37318   3.11149    70.55905    68.02185     2.53720
  -0.42338  -1.78971   3.11149    70.77868    68.40930     2.36938
  -0.37645  -2.20624   3.11149    73.30001    70.91223     2.38778
  -0.23801  -2.60188   3.11149    76.66723    74.34148     2.32575
  -0.01500  -2.95680   3.11149    79.22496    77.25638     1.96857
   0.28139  -3.25319   3.11149    80.27666    78.90063     1.37603
   0.63631  -3.47620   3.11149    80.02127    79.36433     0.65693
   1.03195  -3.61464   3.11149    79.05678    79.18542    -0.12863
   1.44848  -3.66157   3.11149    77.97747    78.90763    -0.93016
   1.86501  -3.61464   3.11149    77.20500    78.88116    -1.67615
   2.26065  -3.47620   3.11149    76.99793    79.25698    -2.25906
   0.73781  -3.57335   2.68425    84.46843    84.43673     0.03169
   1.13786  -3.68442   2.68425    82.82623    83.70971    -0.88348
   1.55243  -3.70689   2.68425    81.40116    83.18128    -1.78012
   1.96213  -3.63973   2.68425    80.66572    83.25225    -2.58653
   1.44848  -3.66157   2.25701    86.63208    88.77276    -2.14068
   1.99482  -3.60009   0.04716    94.39814    93.60483     0.79331
   2.36407  -3.40629   0.04716    95.96440    94.94402     1.02038
   1.38140  -3.85451  -0.35865    91.19847    90.14080     1.05766
   1.79793  -3.80757  -0.35865    89.95788    88.96782     0.99006
   2.19357  -3.66913  -0.35865    90.26285    89.21217     1.05068
   2.54849  -3.44612  -0.35865    91.83915    90.70501     1.13415
   2.84488  -3.14973  -0.35865    94.55439    93.35590     1.19848
   1.48535  -3.89983  -0.78589    87.36187    86.09268     1.26919
   1.89506  -3.83266  -0.78589    86.72997    85.52531     1.20466
   2.28075  -3.67899  -0.78589    87.18868    85.98560     1.20308
   2.62438  -3.44600  -0.78589    88.56230    87.39927     1.16303
   2.90990  -3.14458  -0.78589    90.76297    89.75978     1.00319
   0.96487  -3.80757  -1.21313    88.11551    86.60608     1.50944
   1.38140  -3.85451  -1.21313    85.58728    84.24429     1.34299
   1.79793  -3.80757  -1.21313    84.65480    83.35978     1.29502
   2.19357  -3.66913  -1.21313    84.79850    83.53408     1.26442
   2.54849  -3.44612  -1.21313    85.77867    84.61755     1.16112
   2.84488  -3.14973  -1.21313    87.45223    86.57416     0.87808
   3.06789  -2.79481  -1.21313    89.70562    89.44335     0.26227
   1.17289  -3.69989  -1.61895    85.55904    84.36814     1.19090
   1.58991  -3.69989  -1.61895    83.73487    82.49274     1.24213
   1.99482  -3.60009  -1.61895    83.27114    82.03132     1.23982
   2.36407  -3.40629  -1.61895    83.73612    82.59535     1.14078
   2.67622  -3.12975  -1.61895    84.88196    84.03044     0.85151
   2.91312  -2.78655  -1.61895    86.49403    86.28037     0.21366
   3.06099  -2.39663  -1.61895    88.33263    89.34439    -1.01176
   1.16777  -3.46848  -1.98299    85.13547    84.16264     0.97283
   1.59503  -3.46848  -1.98299    83.05214    81.96815     1.08398
   2.00499  -3.34811  -1.98299    82.51938    81.43769     1.08169
   2.36442  -3.11711  -1.98299    82.98939    82.08262     0.90677
   2.64422  -2.79421  -1.98299    84.11200    83.66219     0.44981
   2.82171  -2.40556  -1.98299    85.61928    86.04639    -0.42711
   2.57850  -1.98264  -2.28701    85.89915    86.31144    -0.41230
   1.17353  -3.16156  -2.28701    84.71755    83.98865     0.72890
   1.58928  -3.16156  -2.28701    82.71893    81.86240     0.85653
   1.97995  -3.01936  -2.28701    82.22696    81.39199     0.83497
   2.29843  -2.75212  -2.28701    82.75093    82.15400     0.59693
   2.50631  -2.39208  -2.28701    83.96265    83.85393     0.10872
   2.21446  -1.98264  -2.51575    84.63911    84.48599     0.15312
   0.96487  -2.70409  -2.51575    85.84644    85.54042     0.30601
   1.38140  -2.81570  -2.51575    83.29938    82.76473     0.53465
   1.79793  -2.70409  -2.51575    82.38196    81.80116     0.58080
   2.10285  -2.39917  -2.51575    82.94295    82.55426     0.38869
   1.80864  -1.98264  -2.65775    83.97709    83.72990     0.24719
   1.59502  -1.61264  -2.65775    85.69332    85.45596     0.23737
   1.16778  -2.35265  -2.65775    84.35234    84.18678     0.16556
   1.59502  -2.35265  -2.65775    83.04586    82.72137     0.32449
   1.38140  -1.98264  -2.70589    84.27013    84.14293     0.12721
   1.09693   0.35425  -2.30470    89.50356    87.16814     2.33542
   0.73749   0.58525  -2.30470    84.78595    83.16318     1.62277
   1.31101  -0.78022  -2.60871    87.81556    86.57317     1.24239
   1.23881  -0.37079  -2.60871    87.34618    85.55697     1.78922
   1.03094  -0.01074  -2.60871    85.42475    83.57671     1.84804
   0.71246   0.25650  -2.60871    81.87995    80.48330     1.39665
   0.32178   0.39869  -2.60871    76.52792    76.21260     0.31532
   0.94696  -0.78022  -2.83746    83.24290    82.23894     1.00396
   0.83536  -0.36369  -2.83746    81.94521    80.62870     1.31651
   0.53044  -0.05877  -2.83746    78.76687    77.74870     1.01818
   0.11391   0.05284  -2.83746    73.89175    73.83617     0.05558
  -0.30262  -0.05877  -2.83746    69.37620    70.45004    -1.07385
  -0.60754  -0.36369  -2.83746    69.23877    70.69586    -1.45709
  -0.71915  -0.78022  -2.83746    73.77315    75.07816    -1.30501
  -0.60754  -1.19675  -2.83746    78.59431    80.07939    -1.48508
  -0.30262  -1.50167  -2.83746    81.82096    83.04941    -1.22844
   0.11391  -1.61328  -2.83746    83.24039    83.70782    -0.46743
   0.53044  -1.50167  -2.83746    83.43304    83.35639     0.07664
   0.83536  -1.19675  -2.83746    83.43743    82.95638     0.48104
   0.54115  -0.78022  -2.97946    79.79285    79.06310     0.72976
   0.32753  -0.41022  -2.97946    77.18241    76.50602     0.67639
  -0.09971  -0.41022  -2.97946    73.79010    73.85083    -0.06074
  -0.31333  -0.78022  -2.97946    75.02441    75.44229    -0.41789
  -0.09971  -1.15022  -2.97946    78.58301    78.87340    -0.29039
   0.32753  -1.15022  -2.97946    80.13108    79.88582     0.24527
   0.11391  -0.78022  -3.02760    77.10523    76.82488     0.28035
   0.00733  -3.11858   2.77113    82.90969    81.19789     1.71180
  -0.41991  -3.11858   2.72299    77.67877    76.49798     1.18080
  -0.20629  -3.48858   2.72299    79.48600    78.72936     0.75664
   0.22096  -3.48858   2.72299    82.68316    81.93136     0.75180
  -0.71411  -3.53510   2.58099    77.66246    77.09886     0.56360
  -0.40919  -3.84002   2.58099    78.84029    78.47258     0.36771
   0.00733  -3.95163   2.58099    79.38999    79.22818     0.16182
   0.42386  -3.84002   2.58099    81.57623    81.55204     0.02420
  -1.11757  -3.52801   2.35225    79.17664    78.44610     0.73053
  -0.90970  -3.88806   2.35225    81.36100    80.74296     0.61804
  -0.59122  -4.15530   2.35225    80.28545    80.04683     0.23862
  -0.20054  -4.29749   2.35225    78.80704    78.86003    -0.05300
   0.21521  -4.29749   2.35225    78.65392    78.89017    -0.23625
   0.60588  -4.15530   2.35225    80.28921    80.71887    -0.42966
   0.92437  -3.88806   2.35225    83.74052    84.50349    -0.76297
  -0.61625  -4.48404   2.04823    81.89877    81.90525    -0.00648
  -0.20630  -4.60441   2.04823    78.53093    78.87253    -0.34160
   0.22097  -4.60441   2.04823    77.45726    77.94499    -0.48773
   0.63092  -4.48404   2.04823    78.38911    79.00901    -0.61989
   0.99036  -4.25304   2.04823    80.98010    81.86764    -0.88754
   1.27015  -3.93014   2.04823    85.07711    86.52816    -1.45105
  -0.20118  -4.83582   1.68419    77.59280    78.33020    -0.73739
   0.21585  -4.83582   1.68419    76.11188    76.88345    -0.77157
   0.62075  -4.73602   1.68419    76.73814    77.52174    -0.78360
   0.99001  -4.54222   1.68419    78.85786    79.74593    -0.88807
   1.30215  -4.26569   1.68419    82.24202    83.41879    -1.17676
   1.53905  -3.92248   1.68419    86.88936    88.65843    -1.76907
   0.00733  -4.99044   1.27837    74.45588    75.68050    -1.22462
   0.42386  -4.94351   1.27837    74.55127    75.59300    -1.04173
   0.81951  -4.80507   1.27837    76.25746    77.19710    -0.93964
   1.17442  -4.58206   1.27837    79.12581    80.08519    -0.95938
   1.47081  -4.28566   1.27837    83.10297    84.22934    -1.12637
   1.69382  -3.93075   1.27837    88.36212    89.83070    -1.46857
   0.11128  -5.03576   0.85113    71.38548    73.01962    -1.63414
   0.52099  -4.96859   0.85113    73.19083    74.40633    -1.21550
   0.90668  -4.81492   0.85113    75.90543    76.89132    -0.98589
   1.25032  -4.58193   0.85113    79.41823    80.30607    -0.88784
   1.53583  -4.28051   0.85113    83.87166    84.74359    -0.87193
   1.74988  -3.92476   0.85113    89.55690    90.42942    -0.87252
   0.42386  -4.94351   0.42389    71.03345    72.38786    -1.35441
   0.81951  -4.80507   0.42389    74.91648    75.86338    -0.94690
   1.17442  -4.58206   0.42389    79.08188    79.80333    -0.72144
   1.47081  -4.28566   0.42389    83.95450    84.49095    -0.53645
   1.69382  -3.93075   0.42389    89.93717    90.20633    -0.26916
   1.83227  -3.53510   0.42389    97.43340    97.12604     0.30736
   0.62075  -4.73602   0.01807    73.60561    74.28637    -0.68076
   0.99001  -4.54222   0.01807    78.64451    79.05469    -0.41018
   1.30215  -4.26569   0.01807    83.96014    84.09573    -0.13559
   1.53905  -3.92248   0.01807    90.23085    89.92419     0.30666
   0.63092  -4.48404  -0.34597    77.29035    76.99034     0.30001
   0.99036  -4.25304  -0.34597    83.30063    82.88961     0.41102
   1.27015  -3.93014  -0.34597    90.02502    89.11941     0.90562
   0.34723  -4.70229  -1.32522    67.15042    65.62098     1.52944
   0.64362  -4.40589  -1.32522    74.61402    73.45487     1.15915
   0.86663  -4.05098  -1.32522    82.09770    80.98338     1.11431
   0.07948  -4.93515  -1.75246    60.72535    58.75717     1.96817
   0.42312  -4.70216  -1.75246    66.75007    65.35614     1.39393
   0.70864  -4.40074  -1.75246    72.67501    71.65267     1.02234
   0.92268  -4.04499  -1.75246    78.81708    77.93496     0.88211
   1.05525  -3.65155  -1.75246    85.50068    84.45480     1.04588
  -0.40333  -5.06374  -2.17970    55.77493    52.94952     2.82541
  -0.00769  -4.92530  -2.17970    60.39214    58.34828     2.04386
   0.34723  -4.70229  -2.17970    65.16372    63.69213     1.47160
   0.64362  -4.40589  -2.17970    70.07838    69.00590     1.07248
   0.86663  -4.05098  -2.17970    75.20890    74.37747     0.83143
   1.00507  -3.65534  -2.17970    80.60360    79.86544     0.73815
   0.91000  -3.23881  -2.58552    80.57410    80.11689     0.45721
   0.85973  -2.82482  -2.58552    84.27139    84.03218     0.23921
   0.71185  -2.43490  -2.58552    86.87053    86.87663    -0.00610
  -1.43328  -4.85626  -2.58552    52.92854    48.58260     4.34594
  -1.02837  -4.95605  -2.58552    54.02292    50.45885     3.56407
  -0.61135  -4.95605  -2.58552    56.48966    53.70347     2.78619
  -0.20644  -4.85626  -2.58552    59.78722    57.66513     2.12209
   0.16281  -4.66245  -2.58552    63.56044    61.96692     1.59352
   0.47496  -4.38592  -2.58552    67.63235    66.44383     1.18851
   0.71185  -4.04271  -2.58552    71.91447    71.02939     0.88508
   0.85973  -3.65279  -2.58552    76.30516    75.64978     0.65538
   0.68126  -3.23881  -2.94956    76.05729    75.70078     0.35651
   0.62045  -2.81589  -2.94956    78.99654    78.99504     0.00151
   0.44296  -2.42724  -2.94956    80.87970    81.28451    -0.40481
   0.16316  -2.10434  -2.94956    81.54925    82.42363    -0.87437
  -0.19628  -1.87334  -2.94956    80.94935    82.51112    -1.56176
  -0.60623  -1.75297  -2.94956    79.13899    81.81870    -2.67971
  -2.08268  -4.05037  -2.94956    57.49681    55.03938     2.45743
  -1.80288  -4.37327  -2.94956    56.41750    53.42072     2.99677
  -1.44345  -4.60427  -2.94956    55.88600    52.88756     2.99843
  -1.03349  -4.72464  -2.94956    56.63901    53.97204     2.66697
  -0.60623  -4.72464  -2.94956    58.61943    56.41561     2.20382
  -0.19628  -4.60427  -2.94956    61.48464    59.74228     1.74236
   0.16316  -4.37327  -2.94956    64.90707    63.57253     1.33454
   0.44296  -4.05037  -2.94956    68.64264    67.65761     0.98502
   0.62045  -3.66172  -2.94956    72.46291    71.79121     0.67170
   0.37724  -3.23881  -3.25358    72.32486    72.04188     0.28298
   0.30504  -2.82938  -3.25358    74.60962    74.77418    -0.16456
   0.09717  -2.46933  -3.25358    75.75671    76.46315    -0.70644
  -0.22131  -2.20209  -3.25358    75.56532    76.95911    -1.39379
  -0.61199  -2.05989  -3.25358    74.09256    76.35075    -2.25820
  -1.02773  -2.05989  -3.25358    71.66221    74.75680    -3.09459
  -1.41841  -2.20209  -3.25358    68.45815    71.87494    -3.41679
  -1.73689  -2.46933  -3.25358    64.48162    67.38618    -2.90456
  -1.94477  -2.82938  -3.25358    60.65130    62.52577    -1.87447
  -2.01696  -3.23881  -3.25358    58.56107    59.26794    -0.70688
  -1.94477  -3.64824  -3.25358    58.05781    57.57365     0.48415
  -1.73689  -4.00829  -3.25358    57.80931    56.42612     1.38319
  -1.41841  -4.27553  -3.25358    57.75409    55.94360     1.81049
  -1.02773  -4.41772  -3.25358    58.50397    56.66390     1.84006
  -0.61199  -4.41772  -3.25358    60.28045    58.64437     1.63608
  -0.22131  -4.27553  -3.25358    62.89779    61.56134     1.33644
   0.09717  -4.00829  -3.25358    66.02592    65.01793     1.00799
   0.30504  -3.64824  -3.25358    69.30654    68.64265     0.66389
   0.01320  -3.23881  -3.48232    69.17727    69.02163     0.15564
  -0.09841  -2.82228  -3.48232    70.94811    71.38497    -0.43687
  -0.40333  -2.51736  -3.48232    70.97446    72.13858    -1.16412
  -0.81986  -2.40575  -3.48232    69.21806    71.11074    -1.89268
  -1.23639  -2.51736  -3.48232    66.17339    68.36919    -2.19581
  -1.54131  -2.82228  -3.48232    62.70828    64.44084    -1.73256
  -1.65292  -3.23881  -3.48232    60.26727    61.02116    -0.75389
  -1.54131  -3.65534  -3.48232    59.38248    59.11277     0.26971
  -1.23639  -3.96026  -3.48232    59.53183    58.61258     0.91925
  -0.81986  -4.07186  -3.48232    60.80755    59.71484     1.09272
  -0.40333  -3.96026  -3.48232    63.23790    62.29669     0.94120
  -0.09841  -3.65534  -3.48232    66.30391    65.69202     0.61189
  -0.39262  -3.23881  -3.62432    66.48149    66.52755    -0.04605
  -0.60624  -2.86881  -3.62432    67.22760    68.00443    -0.77683
  -1.03348  -2.86881  -3.62432    64.90958    66.07636    -1.16678
  -1.24710  -3.23881  -3.62432    62.09834    62.66910    -0.57076
  -1.03348  -3.60881  -3.62432    61.61328    61.36787     0.24540
  -0.60624  -3.60881  -3.62432    63.63135    63.23449     0.39685
  -0.81986  -3.23881  -3.67246    64.14590    64.45063    -0.30472
  -2.02565  -4.30407   2.44742    80.34694    79.00824     1.33871
  -1.59841  -4.30407   2.39928    81.29323    80.17384     1.11939
  -1.81203  -3.93407   2.39928    81.64275    80.28775     1.35500
  -2.23927  -3.93407   2.39928    81.31896    79.75857     1.56038
  -2.45289  -4.30407   2.39928    79.98738    78.51934     1.46804
  -2.23927  -4.67407   2.39928    78.30377    77.05052     1.25325
  -1.81203  -4.67407   2.39928    78.95262    77.87768     1.07494
  -1.19260  -4.30407   2.25728    83.02264    82.21870     0.80394
  -1.30420  -3.88754   2.25728    83.92312    82.79056     1.13256
  -1.60912  -3.58262   2.25728    81.57623    80.32134     1.25489
  -2.02565  -3.47102   2.25728    80.69333    79.22122     1.47211
  -2.44218  -3.58262   2.25728    82.39953    80.55158     1.84795
  -2.74710  -3.88754   2.25728    82.21504    80.47616     1.73888
  -2.85871  -4.30407   2.25728    79.93655    78.45264     1.48392
  -2.74710  -4.72060   2.25728    77.44157    76.15190     1.28968
  -2.44218  -5.02552   2.25728    75.82323    74.68878     1.13445
  -2.02565  -5.13713   2.25728    75.56469    74.61266     0.95203
  -1.60912  -5.02552   2.25728    76.92827    76.17189     0.75638
  -1.30420  -4.72060   2.25728    79.80980    79.14475     0.66504
  -3.15056  -3.89464   2.02854    83.19333    81.49822     1.69510
  -3.22275  -4.30407   2.02854    79.89137    78.52680     1.36457
  -3.15056  -4.71350   2.02854    76.90066    75.71579     1.18487
  -2.94268  -5.07355   2.02854    74.57574    73.48521     1.09053
  -2.62420  -5.34079   2.02854    73.03144    72.02640     1.00504
  -2.23353  -5.48298   2.02854    72.35310    71.48976     0.86334
  -1.81778  -5.48298   2.02854    72.67250    72.02616     0.64634
  -1.42710  -5.34079   2.02854    74.17288    73.77808     0.39480
  -1.10862  -5.07355   2.02854    77.01299    76.81406     0.19893
  -0.90075  -4.71350   2.02854    81.09807    80.93953     0.15855
  -3.46596  -3.88116   1.72452    84.04297    82.52952     1.51346
  -3.52677  -4.30407   1.72452    79.57009    78.46934     1.10075
  -3.46596  -4.72699   1.72452    75.96379    75.02845     0.93534
  -3.28847  -5.11564   1.72452    73.12556    72.22878     0.89679
  -3.00867  -5.43854   1.72452    70.99078    70.09239     0.89839
  -2.64924  -5.66954   1.72452    69.53872    68.67997     0.85875
  -2.23928  -5.78991   1.72452    68.80077    68.08166     0.71911
  -1.81202  -5.78991   1.72452    68.87858    68.41780     0.46078
  -1.40207  -5.66954   1.72452    69.96229    69.84243     0.11986
  -1.04263  -5.43854   1.72452    72.32047    72.53689    -0.21642
  -0.76283  -5.11564   1.72452    76.23362    76.67751    -0.44389
  -0.58534  -4.72699   1.72452    81.88748    82.33036    -0.44288
  -3.75551  -4.30407   1.36048    78.79574    78.11118     0.68456
  -3.70525  -4.71805   1.36048    74.83051    74.27358     0.55693
  -3.55737  -5.10798   1.36048    71.62393    71.04016     0.58377
  -3.32047  -5.45118   1.36048    69.05052    68.37079     0.67972
  -3.00832  -5.72772   1.36048    67.05818    66.29257     0.76560
  -2.63907  -5.92152   1.36048    65.62118    64.85395     0.76723
  -2.23416  -6.02132   1.36048    64.74894    64.12145     0.62749
  -1.81714  -6.02132   1.36048    64.51613    64.18959     0.32655
  -1.41224  -5.92152   1.36048    65.08842    65.19135    -0.10293
  -1.04298  -5.72772   1.36048    66.72999    67.30672    -0.57673
  -0.73083  -5.45118   1.36048    69.79349    70.77087    -0.97738
  -0.49394  -5.10798   1.36048    74.69622    75.88843    -1.19221
  -3.89751  -4.30407   0.95466    77.70450    77.58710     0.11741
  -3.85058  -4.72060   0.95466    73.31570    73.26764     0.04806
  -3.71214  -5.11624   0.95466    69.58704    69.42541     0.16163
  -3.48913  -5.47116   0.95466    66.48589    66.11105     0.37483
  -3.19274  -5.76755   0.95466    63.98652    63.38817     0.59834
  -2.83782  -5.99056   0.95466    62.03873    61.29935     0.73938
  -2.44218  -6.12900   0.95466    60.59483    59.88582     0.70900
  -2.02565  -6.17593   0.95466    59.66486    59.21136     0.45350
  -1.60912  -6.12900   0.95466    59.34859    59.37901    -0.03042
  -1.21348  -5.99056   0.95466    59.87256    60.54359    -0.67103
  -3.93440  -4.51166   0.52742    74.50420    75.10685    -0.60265
  -3.84515  -4.91713   0.52742    69.54876    70.05132    -0.50256
  -3.67082  -5.29394   0.52742    65.23777    65.45191    -0.21414
  -3.41956  -5.62445   0.52742    61.70113    61.52591     0.17522
  -3.10313  -5.89323   0.52742    58.87671    58.33023     0.54648
  -3.67338  -0.09523  -2.09182    50.07338    47.11758     2.95579
  -3.19257   0.16133  -2.49764    50.15621    48.09755     2.05866
  -3.50472  -0.11520  -2.49764    48.65018    46.16569     2.48450
  -3.74162  -0.45841  -2.49764    45.24218    41.96951     3.27267
  -0.70878  -1.26231  -2.86168    77.93605    79.88676    -1.95071
  -0.76959  -0.83940  -2.86168    73.68970    75.15209    -1.46239
  -0.94708  -0.45075  -2.86168    66.67414    68.78656    -2.11242
  -2.83349   0.10315  -2.86168    50.18256    49.16449     1.01807
  -3.19292  -0.12784  -2.86168    49.03234    47.34228     1.69006
  -3.47272  -0.45075  -2.86168    46.32024    44.05082     2.26943
  -3.65021  -0.83940  -2.86168    41.71307    38.82183     2.89123
  -1.01280  -1.26231  -3.16570    70.75797    72.98604    -2.22807
  -1.08499  -0.85288  -3.16570    67.40205    69.17371    -1.77166
  -1.29287  -0.49283  -3.16570    62.43531    64.20587    -1.77055
  -1.61135  -0.22559  -3.16570    57.49430    59.14930    -1.65499
  -2.00203  -0.08340  -3.16570    54.08065    55.05510    -0.97445
  -2.41778  -0.08340  -3.16570    52.14980    52.14044     0.00937
  -2.80845  -0.22559  -3.16570    50.53146    49.71269     0.81877
  -3.12693  -0.49283  -3.16570    48.23728    46.87423     1.36306
  -3.33481  -0.85288  -3.16570    44.84057    43.12958     1.71100
  -1.08499  -1.67175  -3.16570    71.99542    75.09227    -3.09685
  -1.37685  -1.26231  -3.39444    64.91774    66.86969    -1.95195
  -1.48845  -0.84578  -3.39444    62.01363    63.45405    -1.44042
  -1.79337  -0.54086  -3.39444    57.91348    58.90788    -0.99440
  -2.20990  -0.42926  -3.39444    54.39629    54.71373    -0.31744
  -2.62643  -0.54086  -3.39444    51.60073    51.22831     0.37242
  -2.93135  -0.84578  -3.39444    48.69411    47.93447     0.75964
  -3.04296  -1.26231  -3.39444    45.75862    45.10041     0.65821
  -2.93135  -1.67884  -3.39444    44.91964    44.98124    -0.06160
  -2.62643  -1.98376  -3.39444    48.95327    49.91728    -0.96401
  -2.20990  -2.09537  -3.39444    56.10311    57.91929    -1.81618
  -1.79337  -1.98376  -3.39444    62.11779    64.65095    -2.53315
  -1.48845  -1.67884  -3.39444    65.12105    67.64183    -2.52078
  -1.78266  -1.26231  -3.53644    59.86378    61.29953    -1.43575
  -1.99628  -0.89231  -3.53644    56.97849    57.77592    -0.79743
  -2.42352  -0.89231  -3.53644    53.12244    53.28062    -0.15817
  -2.63714  -1.26231  -3.53644    50.61115    50.73562    -0.12447
  -2.42352  -1.63231  -3.53644    52.65746    53.54453    -0.88707
  -1.99628  -1.63231  -3.53644    58.08667    59.68652    -1.59985
  -2.20990  -1.26231  -3.58458    55.20766    56.02023    -0.81257
  -4.51133  -3.54491   0.43897    71.01839    71.86991    -0.85152
  -4.39973  -3.96144   0.43897    72.16171    72.74553    -0.58382
  -4.09480  -4.26636   0.43897    75.14238    75.74292    -0.60054
  -4.87538  -3.54491   0.21023    62.99944    64.25845    -1.25901
  -4.80318  -3.95434   0.21023    65.06395    65.80089    -0.73694
  -4.59531  -4.31439   0.21023    67.20878    67.71910    -0.51032
  -4.27683  -4.58163   0.21023    69.20363    69.81610    -0.61247
  -5.17939  -3.54491  -0.09379    56.38863    57.60238    -1.21375
  -5.11859  -3.96782  -0.09379    59.51990    60.12972    -0.60982
  -4.94110  -4.35647  -0.09379    62.04061    62.34857    -0.30796
  -4.66130  -4.67938  -0.09379    63.87043    64.14264    -0.27222
  -4.30186  -4.91037  -0.09379    64.85750    65.38393    -0.52644
  -5.35787  -3.95889  -0.45783    54.88512    55.15318    -0.26806
  -5.20999  -4.34881  -0.45783    57.80429    57.80219     0.00211
  -4.97310  -4.69202  -0.45783    59.87884    59.79552     0.08332
  -4.66095  -4.96856  -0.45783    61.06420    61.08754    -0.02333
  -4.29169  -5.16236  -0.45783    61.12382    61.48483    -0.36101
  -3.88679  -5.26216  -0.45783    59.46092    60.47259    -1.01168
  -5.50321  -3.96144  -0.86365    51.21482    50.95736     0.25746
  -5.36477  -4.35708  -0.86365    54.51426    54.09929     0.41497
  -5.14176  -4.71199  -0.86365    56.85487    56.40768     0.44719
  -4.84536  -5.00839  -0.86365    58.27053    57.91272     0.35781
  -4.49045  -5.23140  -0.86365    58.62508    58.51148     0.11360
  -4.09480  -5.36984  -0.86365    57.52380    57.87679    -0.35299
  -5.49777  -4.15797  -1.29089    50.12797    49.27588     0.85209
  -5.32344  -4.53477  -1.29089    53.16637    52.34178     0.82459
  -5.07219  -4.86529  -1.29089    55.25033    54.50730     0.74303
  -4.75576  -5.13407  -1.29089    56.39491    55.80557     0.58934
  -4.38894  -5.32854  -1.29089    56.46017    56.13570     0.32447
  -3.98890  -5.43962  -1.29089    55.09094    55.19909    -0.10815
  -3.57433  -5.46209  -1.29089    51.57814    52.36450    -0.78636
  -5.50321  -3.96144  -1.71813    45.84584    44.49776     1.34808
  -5.36477  -4.35708  -1.71813    49.65169    48.45704     1.19465
  -5.14176  -4.71199  -1.71813    52.35563    51.30917     1.04646
  -4.84536  -5.00839  -1.71813    54.07375    53.18760     0.88615
  -4.49045  -5.23140  -1.71813    54.78848    54.10477     0.68371
  -4.09480  -5.36984  -1.71813    54.34609    53.93734     0.40875
  -3.67828  -5.41677  -1.71813    52.44034    52.39425     0.04610
  -5.35787  -3.95889  -2.12394    43.86040    42.23229     1.62811
  -5.20999  -4.34881  -2.12394    47.84509    46.47728     1.36781
  -4.97310  -4.69202  -2.12394    50.64566    49.48981     1.15585
  -4.66095  -4.96856  -2.12394    52.40646    51.43608     0.97037
  -4.29169  -5.16236  -2.12394    53.16009    52.36993     0.79017
  -3.88679  -5.26216  -2.12394    52.86830    52.25002     0.61829
  -3.46977  -5.26216  -2.12394    51.51351    50.98669     0.52682
  -3.06486  -5.16236  -2.12394    49.36868    48.59852     0.77016
  -4.94110  -4.35647  -2.48799    46.60325    45.32643     1.27682
  -4.66130  -4.67938  -2.48799    49.43206    48.37762     1.05444
  -4.30186  -4.91037  -2.48799    51.08555    50.19626     0.88928
  -3.89191  -5.03075  -2.48799    51.70804    50.91011     0.79793
  -3.46465  -5.03075  -2.48799    51.54802    50.67000     0.87803
  -3.05469  -4.91037  -2.48799    51.25937    49.88184     1.37753
  -2.69525  -4.67938  -2.48799    52.24832    49.58221     2.66611
  -4.59531  -4.31439  -2.79200    45.38274    44.43267     0.95007
  -4.27683  -4.58163  -2.79200    48.13500    47.34180     0.79320
  -3.88615  -4.72382  -2.79200    49.68997    48.96303     0.72694
  -3.47040  -4.72382  -2.79200    50.48816    49.65140     0.83676
  -3.07973  -4.58163  -2.79200    51.27568    50.02645     1.24924
  -2.76124  -4.31439  -2.79200    52.93356    51.02562     1.90795
  -4.09480  -4.26636  -3.02075    45.00247    44.60150     0.40097
  -3.67828  -4.37796  -3.02075    47.30480    46.93313     0.37168
  -3.26175  -4.26636  -3.02075    48.49456    48.05148     0.44308
  -3.38673  -2.07109   2.89340    68.70225    67.94644     0.75581
  -2.95949  -2.07109   2.84526    66.79211    65.53034     1.26178
  -3.17311  -1.70109   2.84526    68.22660    67.01118     1.21541
  -3.60035  -1.70109   2.84526    70.67765    70.37620     0.30145
  -3.81397  -2.07109   2.84526    70.25220    69.89430     0.35789
  -3.60035  -2.44109   2.84526    69.34294    68.65222     0.69072
  -3.17311  -2.44109   2.84526    68.54098    67.61194     0.92904
  -4.21979  -2.07109   2.70326    71.87494    71.66846     0.20648
  -4.10818  -2.48761   2.70326    70.05830    69.53611     0.52219
  -3.80326  -2.79254   2.70326    70.08716    69.31360     0.77356
  -3.38673  -2.90414   2.70326    70.85210    69.88791     0.96418
  -2.97021  -2.79254   2.70326    70.24969    69.21286     1.03683
  -4.51164  -2.48052   2.47452    70.49944    70.06146     0.43798
  -4.30377  -2.84057   2.47452    69.88824    69.23209     0.65615
  -3.98528  -3.10781   2.47452    70.91234    70.04601     0.86633
  -3.59461  -3.25000   2.47452    72.90405    71.82594     1.07811
  -3.17886  -3.25000   2.47452    74.72509    73.44665     1.27843
  -2.78818  -3.10781   2.47452    74.43078    73.11173     1.31905
  -4.82705  -2.49400   2.17050    70.31620    69.98829     0.32792
  -4.64955  -2.88265   2.17050    69.35611    68.82842     0.52769
  -4.36976  -3.20556   2.17050    70.29863    69.55733     0.74130
  -4.01032  -3.43655   2.17050    72.74529    71.77690     0.96839
  -3.60037  -3.55692   2.17050    76.40116    75.14274     1.25842
  -3.17310  -3.55692   2.17050    80.44609    78.79791     1.64818
  -2.76315  -3.43655   2.17050    82.63986    80.62291     2.01695
  -5.06633  -2.48507   1.80646    69.36051    69.30702     0.05349
  -4.91845  -2.87499   1.80646    68.34959    68.07552     0.27407
  -4.68155  -3.21820   1.80646    69.17037    68.67630     0.49407
  -4.36941  -3.49473   1.80646    71.50157    70.78999     0.71158
  -4.00015  -3.68853   1.80646    75.35573    74.38391     0.97183
  -3.59525  -3.78833   1.80646    80.96818    79.59916     1.36901
  -5.21166  -2.48761   1.40064    67.33553    67.71072    -0.37519
  -5.07322  -2.88326   1.40064    66.78270    66.87500    -0.09230
  -4.85021  -3.23817   1.40064    67.98563    67.83459     0.15104
  -4.55382  -3.53457   1.40064    70.68330    70.30459     0.37870
  -4.19891  -3.75758   1.40064    74.92589    74.29843     0.62746
  -3.80326  -3.89602   1.40064    81.29072    80.30668     0.98404
  -5.29548  -2.27868   0.97340    65.03257    66.10780    -1.07522
  -5.20623  -2.68415   0.97340    64.25384    64.98323    -0.72939
  -5.03190  -3.06095   0.97340    65.35762    65.81975    -0.46213
  -4.78065  -3.39147   0.97340    68.08290    68.29638    -0.21348
  -4.46421  -3.66025   0.97340    72.23764    72.20067     0.03697
  -4.09740  -3.85472   0.97340    77.89903    77.59955     0.29947
  -5.25860  -2.07109   0.54616    61.27442    63.00900    -1.73458
  -5.21166  -2.48761   0.54616    60.31810    61.79877    -1.48068
  -5.07322  -2.88326   0.54616    61.62520    62.90042    -1.27522
  -4.85021  -3.23817   0.54616    65.13800    66.15483    -1.01684
  -4.55382  -3.53457   0.54616    70.51638    71.20276    -0.68638
  -4.19891  -3.75758   0.54616    77.11150    77.44328    -0.33177
  -5.06633  -1.65710   0.14034    57.80241    59.65136    -1.84895
  -4.76867  -0.35038   3.71427    54.67930    54.82885    -0.14955
  -4.34143  -0.35038   3.66614    55.91674    56.74454    -0.82780
  -4.55505   0.01962   3.66614    52.70327    53.16029    -0.45702
  -4.98229   0.01962   3.66614    51.69486    51.46947     0.22539
  -5.19591  -0.35038   3.66614    53.66210    53.17546     0.48664
  -4.98229  -0.72038   3.66614    56.42754    56.18896     0.23858
  -4.55505  -0.72038   3.66614    57.68067    58.06449    -0.38381
  -3.93561  -0.35038   3.52413    57.47862    58.89236    -1.41375
  -5.18519   0.37107   3.52413    48.50335    47.74925     0.75409
  -5.49012   0.06615   3.52413    50.32689    49.36756     0.95933
  -5.60172  -0.35038   3.52413    52.78359    51.78399     0.99960
  -5.49012  -0.76691   3.52413    55.42854    54.54093     0.88761
  -5.18519  -1.07183   3.52413    58.00886    57.42051     0.58835
  -4.76867  -1.18344   3.52413    60.07525    59.96971     0.10554
  -4.35214  -1.07183   3.52413    60.89980    61.38617    -0.48637
  -4.04722  -0.76691   3.52413    59.97046    61.03450    -1.06405
  -5.36722   0.68634   3.29539    44.79790    43.36480     1.43311
  -5.68570   0.41910   3.29539    47.06447    45.62803     1.43644
  -5.89357   0.05905   3.29539    49.53309    48.13745     1.39564
  -5.96577  -0.35038   3.29539    51.98226    50.63996     1.34230
  -5.89357  -0.75982   3.29539    54.42578    53.17152     1.25427
  -5.68570  -1.11986   3.29539    56.91637    55.82550     1.09086
  -5.36722  -1.38710   3.29539    59.44460    58.62080     0.82380
  -4.97654  -1.52930   3.29539    61.85110    61.39674     0.45437
  -4.56079  -1.52930   3.29539    63.74555    63.73257     0.01298
  -4.17012  -1.38710   3.29539    64.57951    65.03020    -0.45069
  -3.85163  -1.11986   3.29539    64.00848    64.91134    -0.90286
  -5.75169   0.78409   2.99137    42.48804    40.45703     2.03101
  -6.03149   0.46118   2.99137    45.78121    43.98582     1.79539
  -6.20898   0.07253   2.99137    48.64265    47.02859     1.61406
  -6.26978  -0.35038   2.99137    51.21607    49.72521     1.49086
  -6.20898  -0.77330   2.99137    53.68407    52.29562     1.38845
  -6.03149  -1.16195   2.99137    56.19473    54.93638     1.25835
  -5.75169  -1.48485   2.99137    58.85223    57.78599     1.06624
  -5.39225  -1.71585   2.99137    61.69109    60.88800     0.80309
  -4.98230  -1.83622   2.99137    64.59959    64.11751     0.48208
  -4.55503  -1.83622   2.99137    67.21192    67.07297     0.13895
  -4.14508  -1.71585   2.99137    68.87544    69.04628    -0.17084
  -3.78564  -1.48485   2.99137    68.98777    69.35752    -0.36975
  -3.50585  -1.16195   2.99137    67.53885    68.05315    -0.51430
  -6.06349   0.79673   2.62733    41.00837    38.71275     2.29562
  -6.30038   0.45352   2.62733    44.85689    42.95030     1.90659
  -6.44826   0.06360   2.62733    47.87772    46.25577     1.62195
  -6.49853  -0.35038   2.62733    50.46118    49.02393     1.43725
  -6.44826  -0.76436   2.62733    52.87521    51.56506     1.31015
  -6.30038  -1.15429   2.62733    55.30680    54.11488     1.19193
  -6.06349  -1.49749   2.62733    57.90156    56.85544     1.04612
  -5.75134  -1.77403   2.62733    60.77994    59.92240     0.85754
  -5.38208  -1.96783   2.62733    64.01977    63.38536     0.63441
  -4.97718  -2.06763   2.62733    67.59281    67.18208     0.41074
  -4.56016  -2.06763   2.62733    71.21982    70.98224     0.23758
  -6.45516   0.46179   2.22151    43.69411    41.83925     1.85486
  -6.59360   0.06615   2.22151    47.00485    45.55678     1.44808
  -6.64053  -0.35038   2.22151    49.71381    48.52702     1.18679
  -6.59360  -0.76691   2.22151    52.18808    51.16852     1.01957
  -6.45516  -1.16255   2.22151    54.66173    53.77290     0.88882
  -6.23215  -1.51747   2.22151    57.31860    56.56602     0.75258
  -5.93575  -1.81386   2.22151    60.33378    59.74171     0.59208
  -5.58084  -2.03687   2.22151    63.89051    63.47198     0.41853
  -5.18519  -2.17531   2.22151    68.16887    67.88499     0.28388
  -6.58816   0.26268   1.79427    44.50737    43.15313     1.35423
  -6.67741  -0.14279   1.79427    47.64052    46.72754     0.91298
  -6.67741  -0.55797   1.79427    50.27920    49.64124     0.63796
  -6.58816  -0.96344   1.79427    52.77480    52.31597     0.45883
  -6.41383  -1.34025   1.79427    55.36454    55.05001     0.31452
  -6.16258  -1.67077   1.79427    58.26237    58.09296     0.16942
  -5.84615  -1.93955   1.79427    61.70991    61.69105     0.01887
  -5.47933  -2.13402   1.79427    66.02027    66.11739    -0.09712
  -6.59360   0.06615   1.36703    45.32062    44.65774     0.66288
  -6.64053  -0.35038   1.36703    48.36278    48.17228     0.19051
  -6.59360  -0.76691   1.36703    51.02656    51.12397    -0.09741
  -6.45516  -1.16255   1.36703    53.66775    53.95930    -0.29155
  -6.23215  -1.51747   1.36703    56.56245    57.01673    -0.45428
  -5.93575  -1.81386   1.36703    60.01187    60.62094    -0.60907
  -5.58084  -2.03687   1.36703    64.43393    65.15821    -0.72428
  -6.49853  -0.35038   0.96122    47.93106    48.38313    -0.45207
  -6.44826  -0.76436   0.96122    50.68833    51.51404    -0.82570
  -6.30038  -1.15429   0.96122    53.42804    54.49683    -1.06879
  -6.06349  -1.49749   0.96122    56.49217    57.74994    -1.25777
  -5.75134  -1.77403   0.96122    60.28296    61.69717    -1.41421
  -5.38208  -1.96783   0.96122    65.44799    66.90379    -1.45580
  -6.20898  -0.77330   0.59717    50.80317    52.35453    -1.55136
  -6.03149  -1.16195   0.59717    53.72987    55.58480    -1.85492
  -5.75169  -1.48485   0.59717    57.16988    59.22407    -2.05419
  -5.39225  -1.71585   0.59717    61.80341    63.90937    -2.10596
  -4.53788   4.32200   2.59171    45.81823    45.92860    -0.11037
  -4.11064   4.32200   2.54358    44.62408    44.71951    -0.09543
  -4.32426   4.69200   2.54358    46.32463    46.72943    -0.40480
  -4.75150   4.69200   2.54358    47.78736    48.04275    -0.25539
  -4.96512   4.32200   2.54358    46.71620    46.91282    -0.19662
  -4.75150   3.95200   2.54358    43.82966    43.82962     0.00004
  -4.32426   3.95200   2.54358    43.47888    43.02432     0.45456
  -4.12135   5.04345   2.40157    45.97386    46.64365    -0.66980
  -4.53788   5.15505   2.40157    48.26803    48.60032    -0.33228
  -4.95440   5.04345   2.40157    49.44838    49.61102    -0.16264
  -5.25932   4.73853   2.40157    49.23691    49.39263    -0.15573
  -5.37093   4.32200   2.40157    47.45980    47.72900    -0.26920
  -5.25932   3.90547   2.40157    43.93006    44.39826    -0.46821
  -4.95440   3.60055   2.40157    39.58204    39.97643    -0.39438
  -4.33000   5.50091   2.17283    48.21657    48.44654    -0.22996
  -4.74575   5.50091   2.17283    50.03635    50.01806     0.01829
  -5.13643   5.35872   2.17283    50.87157    50.80130     0.07027
  -5.45491   5.09148   2.17283    50.86529    50.84717     0.01812
  -5.66278   4.73143   2.17283    50.01376    50.10952    -0.09576
  -5.73498   4.32200   2.17283    48.10237    48.39246    -0.29009
  -5.66278   3.91257   2.17283    44.68746    45.33205    -0.64459
  -5.45491   3.55252   2.17283    39.24695    40.48698    -1.24003
  -4.75151   5.80784   1.86881    51.30204    50.82076     0.48128
  -5.16146   5.68746   1.86881    52.02242    51.59828     0.42414
  -5.52090   5.45647   1.86881    52.10400    51.81841     0.28558
  -5.80069   5.13356   1.86881    51.64968    51.52058     0.12910
  -5.97819   4.74491   1.86881    50.57978    50.61910    -0.03933
  -6.03899   4.32200   1.86881    48.63261    48.89374    -0.26112
  -5.97819   3.89908   1.86881    45.28673    45.93310    -0.64636
  -5.80069   3.51043   1.86881    39.60652    41.03298    -1.42647
  -5.15129   5.93945   1.50477    53.27618    52.36546     0.91072
  -5.52055   5.74565   1.50477    53.11805    52.47907     0.63898
  -5.83269   5.46911   1.50477    52.68946    52.30219     0.38728
  -6.06959   5.12590   1.50477    51.96594    51.79123     0.17471
  -6.21747   4.73598   1.50477    50.81886    50.82938    -0.01052
  -6.26774   4.32200   1.50477    49.00159    49.20965    -0.20806
  -6.21747   3.90802   1.50477    46.06986    46.57374    -0.50388
  -6.06959   3.51809   1.50477    41.18910    42.28152    -1.09242
  -5.35005   6.00849   1.09895    54.40570    53.18912     1.21658
  -5.70496   5.78548   1.09895    53.65583    52.86413     0.79169
  -6.00136   5.48908   1.09895    52.89027    52.44360     0.44667
  -6.22436   5.13417   1.09895    52.00171    51.81688     0.18483
  -6.36281   4.73853   1.09895    50.83141    50.84005    -0.00864
  -6.40974   4.32200   1.09895    49.14403    49.30921    -0.16517
  -6.36281   3.90547   1.09895    46.55995    46.89889    -0.33894
  -6.22436   3.50983   1.09895    42.39517    43.03743    -0.64226
  -5.61535   5.91116   0.67171    54.45214    53.30365     1.14849
  -5.93179   5.64238   0.67171    53.25485    52.60569     0.64916
  -6.18304   5.31186   0.67171    52.21318    51.93381     0.27937
  -6.35737   4.93506   0.67171    51.13136    51.10492     0.02644
  -6.44662   4.52959   0.67171    49.81045    49.93579    -0.12534
  -6.44662   4.11441   0.67171    48.00071    48.19516    -0.19445
  -6.35737   3.70894   0.67171    45.33380    45.53105    -0.19726
  -6.18304   3.33213   0.67171    41.19098    41.34098    -0.15000
  -5.70496   5.78548   0.24447    53.94887    52.94342     1.00545
  -6.00136   5.48908   0.24447    52.35688    51.91571     0.44118
  -6.22436   5.13417   0.24447    51.08806    51.03739     0.05067
  -6.36281   4.73853   0.24447    49.86379    50.04170    -0.17791
  -6.40974   4.32200   0.24447    48.44938    48.70115    -0.25177
  -6.36281   3.90547   0.24447    46.60388    46.75884    -0.15496
  -6.22436   3.50983   0.24447    44.02983    43.85583     0.17400
  -6.00136   3.15491   0.24447    40.38275    39.44275     0.94000
  -6.06959   5.12590  -0.16134    50.10350    50.20858    -0.10508
  -6.21747   4.73598  -0.16134    48.77004    49.15268    -0.38264
  -6.26774   4.32200  -0.16134    47.44725    47.88901    -0.44176
  -6.21747   3.90802  -0.16134    45.93683    46.18123    -0.24439
  -6.06959   3.51809  -0.16134    44.12772    43.80387     0.32386
  -5.83269   3.17489  -0.16134    42.12409    40.57752     1.54656
  -6.03899   4.32200  -0.52539    45.87157    46.63966    -0.76809
  -5.97819   3.89908  -0.52539    44.61655    45.11292    -0.49637
  -2.49624   6.38721   0.88686    47.41148    47.79185    -0.38037
  -2.85568   6.61821   0.88686    49.13525    49.38658    -0.25133
  -3.26563   6.73858   0.88686    50.55656    50.50778     0.04878
  -3.69289   6.73858   0.88686    51.87558    51.37227     0.50331
  -1.94755   6.05665   0.52282    45.99394    45.65265     0.34128
  -2.18444   6.39985   0.52282    48.08982    48.10645    -0.01664
  -2.49659   6.67639   0.52282    49.73327    49.84725    -0.11399
  -2.86585   6.87019   0.52282    50.99895    51.04657    -0.04762
  -3.27075   6.96999   0.52282    51.99606    51.85787     0.13819
  -3.68777   6.96999   0.52282    52.85450    52.42450     0.43000
  -4.09268   6.87019   0.52282    53.74305    52.90926     0.83380
  -4.46193   6.67639   0.52282    54.91147    53.54847     1.36300
  -1.65433   5.66927   0.11701    42.68696    41.18960     1.49736
  -1.79277   6.06491   0.11701    46.03096    45.35952     0.67144
  -2.01578   6.41983   0.11701    48.50774    48.24563     0.26211
  -2.31218   6.71622   0.11701    50.30179    50.21547     0.08632
  -2.66709   6.93923   0.11701    51.59132    51.53568     0.05564
  -3.06273   7.07767   0.11701    52.51564    52.39247     0.12317
  -3.47926   7.12460   0.11701    53.18896    52.92176     0.26720
  -3.89579   7.07767   0.11701    53.72046    53.23684     0.48363
  -4.29143   6.93923   0.11701    54.23439    53.45601     0.77838
  -4.64635   6.71622   0.11701    54.89579    53.73756     1.15823
  -1.73672   6.05893  -0.31023    45.17880    44.54178     0.63702
  -1.95076   6.41468  -0.31023    48.34521    47.98330     0.36191
  -2.23628   6.71609  -0.31023    50.45365    50.23855     0.21509
  -2.57992   6.94909  -0.31023    51.86868    51.70846     0.16022
  -2.96561   7.10276  -0.31023    52.80681    52.63607     0.17074
  -3.37532   7.16993  -0.31023    53.40733    53.17602     0.23132
  -3.78988   7.14745  -0.31023    53.77129    53.43499     0.33630
  -4.18993   7.03638  -0.31023    53.98339    53.49773     0.48565
  -4.55674   6.84191  -0.31023    54.12834    53.44699     0.68135
  -4.87317   6.57312  -0.31023    54.29902    53.38308     0.91594
  -1.79277   6.06491  -0.73748    44.21871    43.88413     0.33458
  -2.01578   6.41983  -0.73748    48.10927    47.80682     0.30245
  -2.31218   6.71622  -0.73748    50.51702    50.26713     0.24990
  -2.66709   6.93923  -0.73748    52.02242    51.80456     0.21786
  -3.06273   7.07767  -0.73748    52.93356    52.72143     0.21213
  -3.47926   7.12460  -0.73748    53.42616    53.19600     0.23016
  -3.89579   7.07767  -0.73748    53.60876    53.33892     0.26984
  -4.29143   6.93923  -0.73748    53.55354    53.22386     0.32968
  -4.64635   6.71622  -0.73748    53.30756    52.90411     0.40345
  -4.94274   6.41983  -0.73748    52.89089    52.41971     0.47118
  -1.94755   6.05665  -1.14329    43.61379    43.55442     0.05938
  -2.18444   6.39985  -1.14329    47.89843    47.67383     0.22459
  -2.49659   6.67639  -1.14329    50.42666    50.17800     0.24867
  -2.86585   6.87019  -1.14329    51.90759    51.67342     0.23416
  -3.27075   6.96999  -1.14329    52.70139    52.49012     0.21126
  -3.68777   6.96999  -1.14329    53.00133    52.81400     0.18733
  -4.09268   6.87019  -1.14329    52.91348    52.75037     0.16311
  -4.46193   6.67639  -1.14329    52.48552    52.35449     0.13104
  -4.77408   6.39985  -1.14329    51.71557    51.64270     0.07287
  -5.01098   6.05665  -1.14329    50.53334    50.58738    -0.05404
  -2.21644   6.06431  -1.50734    44.26766    44.23056     0.03710
  -2.49624   6.38721  -1.50734    48.31635    48.09287     0.22348
  -2.85568   6.61821  -1.50734    50.54777    50.30530     0.24247
  -3.26563   6.73858  -1.50734    51.66725    51.46550     0.20175
  -3.69289   6.73858  -1.50734    52.02305    51.89024     0.13281
  -4.10285   6.61821  -1.50734    51.78271    51.74216     0.04055
  -4.46228   6.38721  -1.50734    51.00272    51.08868    -0.08596
  -4.74208   6.06431  -1.50734    49.65169    49.92505    -0.27336
  -2.35435   5.66217  -1.81135    39.13086    39.31277    -0.18191
  -2.56223   6.02222  -1.81135    45.15998    44.97415     0.18582
  -2.88071   6.28946  -1.81135    48.47323    48.21108     0.26215
  -3.27139   6.43166  -1.81135    50.09408    49.88020     0.21388
  -3.68714   6.43166  -1.81135    50.57915    50.47079     0.10835
  -4.07781   6.28946  -1.81135    50.19448    50.23298    -0.03850
  -4.39629   6.02222  -1.81135    49.03861    49.26867    -0.23006
  -4.60417   5.66217  -1.81135    47.12094    47.59338    -0.47244
  -2.75781   5.66927  -2.04009    42.36317    42.01190     0.35127
  -3.06273   5.97419  -2.04009    46.68420    46.33136     0.35283
  -3.47926   6.08580  -2.04009    48.46005    48.22294     0.23711
  -3.89579   5.97419  -2.04009    48.41801    48.35225     0.06575
  -4.20071   5.66927  -2.04009    46.99105    47.10001    -0.10896
  -4.31232   5.25274  -2.04009    44.59334    44.73233    -0.13899
  -3.05202   5.25274  -2.18210    39.97738    38.94043     1.03695
  -3.26564   5.62274  -2.18210    44.75712    44.17162     0.58549
  -3.69288   5.62274  -2.18210    46.09936    45.71559     0.38377
  -3.90650   5.25274  -2.18210    44.29150    43.76392     0.52758
  -3.47926   5.25274  -2.23023    42.94173    41.92452     1.01721
   1.08381   3.27452  -1.12634    72.24078    73.63936    -1.39859
   0.84691   3.61772  -1.12634    64.41009    65.73721    -1.32712
   0.53476   3.89426  -1.12634    56.78082    57.68873    -0.90790
   1.23858   3.28278  -1.53215    72.42966    73.32906    -0.89941
   1.01557   3.63770  -1.53215    65.35198    66.30138    -0.94940
   0.71918   3.93409  -1.53215    58.57362    59.34185    -0.76823
   0.36426   4.15710  -1.53215    51.37922    51.84327    -0.46405
   1.42720   2.88335  -1.95940    77.52441    77.65924    -0.13483
   1.29463   3.27680  -1.95940    71.10185    71.53197    -0.43012
   1.08059   3.63254  -1.95940    65.01877    65.51216    -0.49339
   0.79507   3.93396  -1.95940    59.10010    59.53022    -0.43012
   0.45143   4.16695  -1.95940    52.98439    53.28080    -0.29640
   0.06574   4.32062  -1.95940    46.03598    46.20453    -0.16855
   1.42395   2.47061  -2.38664    78.61502    78.32849     0.28653
   1.37702   2.88714  -2.38664    73.68907    73.62607     0.06300
   1.23858   3.28278  -2.38664    68.45501    68.51520    -0.06019
   1.01557   3.63770  -2.38664    63.19083    63.29686    -0.10603
   0.71918   3.93409  -2.38664    57.92038    58.01813    -0.09775
   0.36426   4.15710  -2.38664    52.46670    52.52056    -0.05387
  -0.03138   4.29554  -2.38664    46.45453    46.46990    -0.01537
   0.71918   1.00713  -2.38664    82.21127    81.70703     0.50424
   1.01557   1.30352  -2.38664    84.57761    83.87841     0.69920
   1.37702   2.05408  -2.38664    82.60598    82.03937     0.56661
   1.28195   2.47061  -2.79245    73.60624    73.34395     0.26228
   1.23168   2.88459  -2.79245    69.78345    69.56259     0.22086
   1.08381   3.27452  -2.79245    65.44171    65.26705     0.17466
   0.84691   3.61772  -2.79245    60.87721    60.74250     0.13471
   0.53476   3.89426  -2.79245    56.20101    56.09416     0.10684
   0.16551   4.08806  -2.79245    51.36605    51.27366     0.09238
  -0.23940   4.18786  -2.79245    46.23239    46.14379     0.08859
   0.16551   0.85316  -2.79245    71.44572    72.57844    -1.13272
   0.53476   1.04696  -2.79245    75.44860    75.83678    -0.38818
   0.84691   1.32350  -2.79245    77.55264    77.54240     0.01024
   1.08381   1.66670  -2.79245    77.86577    77.66084     0.20494
   1.23168   2.05663  -2.79245    76.45764    76.18517     0.27247
   1.05321   2.47061  -3.15650    69.14966    68.94167     0.20799
   0.99240   2.89352  -3.15650    65.88599    65.63516     0.25083
   0.81491   3.28217  -3.15650    61.97723    61.74118     0.23605
   0.53511   3.60508  -3.15650    57.75284    57.56739     0.18545
   0.17568   3.83607  -3.15650    53.40106    53.27907     0.12199
  -0.23428   3.95645  -3.15650    49.02669    48.95667     0.07002
  -0.66154   3.95645  -3.15650    44.83179    44.75861     0.07318
  -0.23428   0.98477  -3.15650    64.44836    66.55374    -2.10538
   0.17568   1.10514  -3.15650    68.55855    69.80640    -1.24785
   0.53511   1.33614  -3.15650    71.17464    71.76845    -0.59381
   0.81491   1.65904  -3.15650    72.09143    72.26078    -0.16935
   0.99240   2.04770  -3.15650    71.34469    71.26447     0.08022
   0.74919   2.47061  -3.46051    65.18255    65.15679     0.02576
   0.67700   2.88004  -3.46051    62.38386    62.26308     0.12078
   0.46912   3.24009  -3.46051    58.87169    58.75934     0.11235
   0.15064   3.50733  -3.46051    55.06208    55.02702     0.03505
  -0.24004   3.64952  -3.46051    51.31208    51.38396    -0.07188
  -0.65579   3.64952  -3.46051    48.04652    48.20999    -0.16347
  -1.04646   3.50733  -3.46051    45.92177    46.12485    -0.20308
  -0.65579   1.29169  -3.46051    59.06496    61.55835    -2.49339
  -0.24004   1.29169  -3.46051    62.58403    64.47748    -1.89345
   0.15064   1.43389  -3.46051    65.45301    66.64389    -1.19088
   0.46912   1.70113  -3.46051    66.94397    67.55130    -0.60733
   0.67700   2.06118  -3.46051    66.81721    67.02414    -0.20692
   0.38515   2.47061  -3.68926    61.64026    61.93025    -0.28999
   0.27354   2.88714  -3.68926    58.84094    59.00553    -0.16459
  -0.03138   3.19206  -3.68926    55.24217    55.46970    -0.22753
  -0.44791   3.30367  -3.68926    51.83417    52.23973    -0.40556
  -0.86444   3.19206  -3.68926    49.67804    50.32451    -0.64646
  -1.16936   2.88714  -3.68926    49.58580    50.57111    -0.98531
  -1.28097   2.47061  -3.68926    51.21419    52.70644    -1.49225
  -1.16936   2.05408  -3.68926    53.45502    55.48173    -2.02671
  -0.86444   1.74916  -3.68926    56.08554    58.31291    -2.22737
  -0.44791   1.63755  -3.68926    59.19046    61.08434    -1.89388
  -0.03138   1.74916  -3.68926    61.81910    63.06974    -1.25064
   0.27354   2.05408  -3.68926    62.77229    63.42934    -0.65706
  -0.02067   2.47061  -3.83126    58.46945    59.17068    -0.70123
  -0.23429   2.84061  -3.83126    55.42917    56.05750    -0.62833
  -0.66153   2.84061  -3.83126    52.76476    53.71477    -0.95001
  -0.87515   2.47061  -3.83126    53.19712    54.65980    -1.46268
  -0.66153   2.10061  -3.83126    55.89227    57.58121    -1.68894
  -0.23429   2.10061  -3.83126    58.60123    59.82879    -1.22756
  -0.44791   2.47061  -3.87940    55.64691    56.78014    -1.13322
   8.34083   0.19706  -1.95263    76.98349    77.77721    -0.79372
   4.53634  -2.26670  -1.95263    73.14941    73.60335    -0.45394
   4.92538  -2.40642  -1.95263    71.84043    72.02132    -0.18090
   8.30919  -0.21509  -1.95263    74.35109    75.29352    -0.94243
   8.30759   0.19706  -2.37500    74.13774    74.75086    -0.61312
   4.43015  -2.17904  -2.37500    68.20275    68.87164    -0.66888
   4.81676  -2.33917  -2.37500    67.04563    67.49186    -0.44623
   8.27476  -0.22011  -2.37500    72.02742    72.59108    -0.56365
   4.23635  -1.95266  -2.78698    64.05052    64.86237    -0.81185
   4.60933  -2.15451  -2.78698    62.63298    63.32786    -0.69489
   5.01046  -2.29221  -2.78698    62.18933    62.77613    -0.58680
   5.42878  -2.36202  -2.78698    62.59533    63.11707    -0.52174
   8.06955  -0.63672  -2.78698    68.62005    68.62104    -0.00099
   8.17366  -0.22559  -2.78698    69.82298    69.92880    -0.10582
   4.81803   2.45770  -3.17840    72.53822    70.30172     2.23650
   3.79794   1.74343  -3.17840    70.54964    69.19248     1.35715
   4.09446  -1.64582  -3.17840    60.28296    61.05370    -0.77074
   4.43797  -1.88635  -3.17840    58.66084    59.52654    -0.86570
   4.81803  -2.06357  -3.17840    57.98690    58.76984    -0.78294
   5.22308  -2.17211  -3.17840    58.14880    58.79395    -0.64516
   5.64083  -2.20865  -3.17840    58.99091    59.47805    -0.48714
   7.90146  -0.62574  -3.17840    66.21920    65.72034     0.49885
   8.01000  -0.22068  -3.17840    67.66058    67.31550     0.34509
   4.92640   2.26127  -3.53965    68.58867    66.82281     1.76586
   4.54866   2.08876  -3.53965    67.04374    65.23755     1.80620
   4.21039   1.84788  -3.53965    65.86089    64.25914     1.60174
   3.92382   1.54734  -3.53965    65.02567    63.75644     1.26923
   3.69931   1.19799  -3.53965    64.52868    63.54770     0.98099
   4.21039  -1.45375  -3.53965    55.71594    56.62153    -0.90559
   4.54866  -1.69464  -3.53965    54.60525    55.57666    -0.97141
   4.92640  -1.86714  -3.53965    54.30906    55.15757    -0.84851
   5.32996  -1.96505  -3.53965    54.75397    55.38094    -0.62697
   5.74477  -1.98481  -3.53965    55.78057    56.13504    -0.35446
   6.15581  -1.92571  -3.53965    57.15608    57.20991    -0.05383
   6.54824  -1.78989  -3.53965    58.62131    58.36667     0.25464
   6.90787  -1.58225  -3.53965    59.97924    59.43633     0.54291
   7.22172  -1.31031  -3.53965    61.17653    60.40496     0.77157
   7.47842  -0.98388  -3.53965    62.32613    61.42936     0.89676
   7.66871  -0.61478  -3.53965    63.64829    62.76609     0.88220
   7.78570  -0.21633  -3.53965    65.36515    64.65154     0.71362
   4.81246   1.91718  -3.86182    63.80893    62.50518     1.30376
   4.45047   1.68973  -3.86182    61.98790    60.77317     1.21473
   4.14817   1.38742  -3.86182    60.54776    59.59995     0.94781
   3.92071   1.02543  -3.86182    59.43770    58.80425     0.63345
   3.77951   0.62190  -3.86182    58.54538    58.15883     0.38656
   3.73164   0.19706  -3.86182    57.63173    57.43488     0.19685
   3.92071  -0.63130  -3.86182    54.72259    55.23888    -0.51629
   4.14817  -0.99330  -3.86182    53.06409    53.96193    -0.89784
   4.45047  -1.29560  -3.86182    51.86994    52.92371    -1.05378
   4.81246  -1.52305  -3.86182    51.40244    52.36991    -0.96747
   5.21600  -1.66426  -3.86182    51.71306    52.41911    -0.70605
   5.64083  -1.71212  -3.86182    52.69323    53.03686    -0.34363
   6.06566  -1.66426  -3.86182    54.12583    54.06187     0.06397
   6.46920  -1.52305  -3.86182    55.75547    55.28830     0.46718
   6.83119  -1.29560  -3.86182    57.39453    56.58327     0.81126
   7.13349  -0.99330  -3.86182    59.01225    57.97563     1.03662
   7.36095  -0.63130  -3.86182    60.73664    59.64635     1.09029
   7.50215  -0.22777  -3.86182    62.76225    61.81206     0.95018
   4.84732   1.57146  -4.13698    59.81232    59.04627     0.76605
   4.51864   1.31926  -4.13698    57.78735    57.17665     0.61070
   4.26643   0.99057  -4.13698    56.09809    55.78184     0.31625
   4.10789   0.60782  -4.13698    54.66800    54.68853    -0.02053
   4.05381   0.19706  -4.13698    53.35337    53.69985    -0.34648
   4.10789  -0.21369  -4.13698    52.02305    52.68729    -0.66424
   4.26643  -0.59645  -4.13698    50.73352    51.66925    -0.93574
   4.51864  -0.92513  -4.13698    49.75523    50.81336    -1.05813
   4.84732  -1.17734  -4.13698    49.37307    50.33820    -0.96512
   5.23008  -1.33588  -4.13698    49.71570    50.39346    -0.67777
   5.64083  -1.38996  -4.13698    50.72975    50.99365    -0.26390
   6.05158  -1.33588  -4.13698    52.22762    52.03109     0.19652
   6.43434  -1.17734  -4.13698    53.98652    53.36276     0.62377
   6.76302  -0.92513  -4.13698    55.86278    54.92371     0.93907
   7.01523  -0.59645  -4.13698    57.85387    56.78021     1.07366
   7.17377  -0.21369  -4.13698    60.05580    59.05918     0.99661
   5.02794   1.25862  -4.35835    56.98100    56.67460     0.30640
   4.70183   0.98498  -4.35835    54.61341    54.50342     0.10998
   4.48898   0.61630  -4.35835    52.60036    52.81982    -0.21947
   4.41506   0.19706  -4.35835    50.91110    51.48046    -0.56936
   4.48898  -0.22217  -4.35835    49.52242    50.36659    -0.84417
   4.70183  -0.59085  -4.35835    48.58367    49.53156    -0.94789
   5.02794  -0.86449  -4.35835    48.36592    49.17171    -0.80579
   5.42798  -1.01009  -4.35835    49.01728    49.45563    -0.43835
   5.85368  -1.01009  -4.35835    50.44172    50.39304     0.04869
   6.25372  -0.86449  -4.35835    52.38261    51.87051     0.51210
   6.57983  -0.59085  -4.35835    54.61529    53.80101     0.81428
   6.79268  -0.22217  -4.35835    57.05128    56.18432     0.86696
   6.47517   0.19706  -4.52048    56.68607    56.19044     0.49563
   5.22366   0.91963  -4.52048    54.67679    54.68193    -0.00514
   4.91827   0.61424  -4.52048    52.08643    52.33678    -0.25035
   4.80648   0.19706  -4.52048    50.00498    50.56110    -0.55613
   4.91827  -0.22011  -4.52048    48.69097    49.40582    -0.71485
   5.22366  -0.52550  -4.52048    48.45566    49.02828    -0.57263
   5.64083  -0.63728  -4.52048    49.47034    49.62879    -0.15846
   6.05800  -0.52550  -4.52048    51.49217    51.18713     0.30504
   6.36339  -0.22011  -4.52048    54.05743    53.50061     0.55682
   6.06320   0.19706  -4.61939    53.98778    53.76902     0.21876
   5.85202   0.56285  -4.61939    54.92340    54.86601     0.05739
   5.42964   0.56285  -4.61939    52.93356    53.06928    -0.13572
   5.21846   0.19706  -4.61939    50.38211    50.75673    -0.37462
   5.42964  -0.16872  -4.61939    49.61529    49.93239    -0.31710
   5.85202  -0.16872  -4.61939    51.30392    51.22724     0.07668
   5.64083   0.19706  -4.65263    51.79526    51.88886    -0.09360
   5.94409   2.57798   2.40360    41.15396    39.41525     1.73870
   5.62319   2.89853   2.08143    47.97687    46.42817     1.54870
   5.20839   2.87877   2.08143    51.06610    49.63928     1.42681
   5.51925   3.12238   1.72019    53.20716    52.00673     1.20043
   5.10151   3.08583   1.72019    56.53735    55.42681     1.11054
   4.69645   2.97729   1.72019    59.74330    58.86319     0.88010
   7.06562  -1.12623   1.72019    45.58857    44.31671     1.27185
   5.73131   3.27574   1.32876    55.78246    55.18436     0.59810
   5.30720   3.27574   1.32876    59.44460    58.74569     0.69892
   4.88888   3.20594   1.32876    62.87206    62.35076     0.52130
   4.48776   3.06823   1.32876    66.48777    66.24383     0.24394
   6.55075  -1.63491   1.32876    55.55279    54.51472     1.03806
   6.92374  -1.43306   1.32876    52.84132    51.58208     1.25924
   5.51925   3.38342   0.91679    62.29099    62.20912     0.08186
   5.10208   3.35059   0.91679    65.69836    65.68890     0.00946
   4.69518   3.25290   0.91679    69.15782    69.46411    -0.30629
   4.30857   3.09276   0.91679    73.08791    73.79024    -0.70232
   5.93643  -1.91727   0.91679    65.63938    65.32898     0.31040
   6.34333  -1.81958   0.91679    63.09608    62.16526     0.93082
   6.72994  -1.65944   0.91679    60.49129    59.27440     1.21689
   7.08674  -1.44080   0.91679    57.48928    56.38232     1.10696
   5.62267   3.41468   0.49441    66.41121    66.98262    -0.57141
   5.20961   3.39884   0.49441    69.57198    70.19308    -0.62111
   4.80380   3.32014   0.49441    72.87080    73.82558    -0.95478
   5.62267  -1.98136   0.49441    74.15343    74.00661     0.14682
   6.03331  -1.93395   0.49441    71.37419    70.61403     0.76015
   6.43190  -1.82442   0.49441    68.89678    67.78518     1.11160
   6.80910  -1.65533   0.49441    66.28320    65.14325     1.13995
   7.15606  -1.43063   0.49441    63.26174    62.45846     0.80329
   5.51925   3.38342   0.07204    72.47609    73.59612    -1.12003
   5.93643  -1.91727   0.07204    78.45626    77.50809     0.94817
   6.34333  -1.81958   0.07204    76.28131    75.18150     1.09981
   6.72994  -1.65944   0.07204    73.91811    72.96184     0.95626
   7.08674  -1.44080   0.07204    71.06859    70.55689     0.51169
   4.95276   0.40724   4.01236    39.86693    39.69434     0.17260
   5.36754   0.40724   3.97799    36.13513    36.35879    -0.22366
   5.16015   0.76645   3.97799    37.08393    37.06546     0.01847
   4.74537   0.76645   3.97799    41.05732    40.59003     0.46728
   4.53798   0.40724   3.97799    44.81547    44.02447     0.79100
   4.74537   0.04803   3.97799    43.68909    43.27842     0.41068
   5.16015   0.04803   3.97799    39.03862    39.15965    -0.12103
   5.77100   0.40724   3.87582    33.41174    33.82141    -0.40966
   5.66138   0.81636   3.87582    33.47073    33.71609    -0.24536
   5.36188   1.11586   3.87582    35.24972    35.26685    -0.01713
   4.95276   1.22548   3.87582    38.41990    38.12140     0.29850
   4.54364   1.11586   3.87582    42.61417    41.87410     0.74007
   4.24414   0.81636   3.87582    47.32614    46.04443     1.28171
   4.54364  -0.30138   3.87582    48.66148    47.97060     0.69088
   4.95276  -0.41101   3.87582    43.39416    43.42457    -0.03040
   5.36188  -0.30138   3.87582    38.60627    38.98946    -0.38320
   5.66138  -0.00188   3.87582    35.17253    35.65039    -0.47785
   6.15215   0.40724   3.70863    31.54553    31.91736    -0.37183
   6.07982   0.81745   3.70863    31.36606    31.57782    -0.21176
   5.87154   1.17819   3.70863    32.33368    32.39309    -0.05941
   5.55245   1.44594   3.70863    34.29779    34.20574     0.09205
   5.16103   1.58840   3.70863    37.05506    36.77403     0.28103
   4.74449   1.58840   3.70863    40.48817    39.92802     0.56015
   4.35307   1.44594   3.70863    44.58392    43.60710     0.97682
   4.03398   1.17819   3.70863    49.34609    47.78590     1.56019
   4.74449  -0.77393   3.70863    48.51966    48.52944    -0.00978
   5.16103  -0.77393   3.70863    43.03774    43.47155    -0.43381
   5.55245  -0.63146   3.70863    38.62760    39.21225    -0.58465
   5.87154  -0.36371   3.70863    35.24846    35.84271    -0.59424
   6.07982  -0.00298   3.70863    32.87020    33.38242    -0.51221
   6.50058   0.40724   3.48099    30.39405    30.48871    -0.09466
   6.44318   0.82483   3.48099    30.07716    29.98801     0.08915
   6.27524   1.21146   3.48099    30.75487    30.52997     0.22490
   6.00923   1.53844   3.48099    32.33243    32.02271     0.30972
   5.66486   1.78152   3.48099    34.59272    34.22336     0.36935
   5.26767   1.92268   3.48099    37.34748    36.89926     0.44822
   4.84713   1.95144   3.48099    40.54213    39.93986     0.60227
   4.43443   1.86568   3.48099    44.24507    43.35715     0.88792
   4.06016   1.67176   3.48099    48.58116    47.22791     1.35325
   3.75210   1.38405   3.48099    53.68658    51.64854     2.03803
   4.84713  -1.13697   3.48099    49.56196    50.13713    -0.57517
   5.26767  -1.10820   3.48099    44.12459    44.85243    -0.72784
   5.66486  -0.96705   3.48099    39.80167    40.51569    -0.71402
   6.00923  -0.72396   3.48099    36.35602    36.98115    -0.62513
   6.27524  -0.39698   3.48099    33.64518    34.12691    -0.48174
   6.44318  -0.01036   3.48099    31.63087    31.92791    -0.29704
   6.80679   0.40724   3.19911    29.75713    29.35442     0.40271
   6.75681   0.83480   3.19911    29.23253    28.61132     0.62121
   6.60958   1.23932   3.19911    29.75713    28.99563     0.76150
   6.37303   1.59898   3.19911    31.28449    30.46999     0.81449
   6.05991   1.89439   3.19911    33.54227    32.74387     0.79840
   5.68710   2.10963   3.19911    36.21797    35.47053     0.74744
   5.27471   2.23310   3.19911    39.14279    38.43131     0.71148
   4.84496   2.25813   3.19911    42.33618    41.58210     0.75409
   4.42102   2.18337   3.19911    45.94562    45.00160     0.94401
   4.02575   2.01287   3.19911    50.15997    48.81822     1.34176
   3.68045   1.75581   3.19911    55.15432    53.16057     1.99375
   3.40375   1.42604   3.19911    61.11692    58.17154     2.94538
   4.84496  -1.44365   3.19911    52.19938    53.33509    -1.13571
   5.27471  -1.41862   3.19911    46.61956    47.63852    -1.01895
   5.68710  -1.29516   3.19911    42.19374    43.02371    -0.82997
   6.05991  -1.07992   3.19911    38.60689    39.22690    -0.62000
   6.37303  -0.78451   3.19911    35.63877    36.02706    -0.38829
   6.60958  -0.42485   3.19911    33.15509    33.28741    -0.13232
   6.75681  -0.02033   3.19911    31.14706    31.00726     0.13980
   6.40625   1.93630   2.87067    32.74031    31.32119     1.41911
   6.06869   2.19759   2.87067    35.72725    34.41372     1.31354
   5.68546   2.38558   2.87067    38.79389    37.63670     1.15719
   5.27222   2.49257   2.87067    41.83920    40.83971     0.99948
   4.84591   2.51419   2.87067    44.98302    44.06646     0.91656
   4.42397   2.44955   2.87067    48.45879    47.46447     0.99433
   4.02368   2.30130   2.87067    52.52443    51.20940     1.31503
   3.66143   2.07550   2.87067    57.39076    55.45064     1.94013
   3.35204   1.78141   2.87067    63.18456    60.28496     2.89960
   4.84591  -1.69971   2.87067    54.99431    56.74535    -1.75104
   5.27222  -1.67809   2.87067    49.51113    50.83817    -1.32704
   5.68546  -1.57110   2.87067    45.14178    46.08629    -0.94451
   6.06869  -1.38311   2.87067    41.57313    42.16879    -0.59566
   6.40625  -1.12183   2.87067    38.54791    38.80586    -0.25795
   6.68429  -0.79794   2.87067    35.85527    35.77636     0.07890
   6.89145  -0.42472   2.87067    33.36845    32.95394     0.41451
   7.01924  -0.01743   2.87067    31.10439    30.36871     0.73568
   5.98141   2.47305   2.50463    39.55883    37.81917     1.73966
   5.58431   2.62689   2.50463    43.05217    41.55743     1.49474
   5.16569   2.70514   2.50463    46.23302    45.01410     1.21892
   4.73983   2.70514   2.50463    49.41073    48.38146     1.02926
   4.32122   2.62689   2.50463    52.95992    51.90863     1.05129
   3.92411   2.47305   2.50463    57.24832    55.84046     1.40786
   5.16569  -1.89067   2.50463    53.99343    55.73912    -1.74569
   5.58431  -1.81241   2.50463    49.44398    50.59344    -1.14945
   5.98141  -1.65857   2.50463    45.77682    46.41720    -0.64038
   6.34349  -1.43439   2.50463    42.68947    42.86489    -0.17542
   6.65821  -1.14748   2.50463    39.89768    39.63418     0.26350
   6.91485  -0.80764   2.50463    37.14103    36.47288     0.66815
   4.95276   2.85013   2.11098    52.49870    51.26394     1.23476
   4.52856   2.81301   2.11098    55.77430    54.79419     0.98011
   4.11724   2.70280   2.11098    59.70502    58.63419     1.07083
   4.95276  -2.03565   2.11098    60.40344    62.77025    -2.36682
   5.37696  -1.99854   2.11098    55.31245    56.84265    -1.53019
   5.78828  -1.88833   2.11098    51.34785    52.18658    -0.83874
   6.17421  -1.70837   2.11098    48.14253    48.36357    -0.22104
   6.52302  -1.46412   2.11098    45.34007    44.99010     0.34997
   6.82412  -1.16302   2.11098    42.56711    41.70780     0.85931
   4.21737   2.80855   1.70046    64.48099    63.76131     0.71969
   5.05935  -2.10189   1.70046    63.24292    65.38291    -2.14000
   5.48186  -2.04779   1.70046    58.54726    59.81580    -1.26854
   5.88915  -1.92306   1.70046    55.00372    55.48843    -0.48471
   6.26950  -1.73129   1.70046    52.16549    51.91678     0.24871
   6.61197  -1.47800   1.70046    49.57702    48.65755     0.91946
   5.05935  -2.10189   1.28426    68.05592    69.97847    -1.92256
   5.48186  -2.04779   1.28426    63.56797    64.59870    -1.03073
   5.88915  -1.92306   1.28426    60.37018    60.51624    -0.14606
   5.37696  -1.99854   0.87374    70.35135    71.20590    -0.85456
   7.19639   1.09181   3.00815    29.63539    28.80000     0.83539
   6.98900   1.45101   3.00815    30.13238    29.16268     0.96970
   6.98900   0.73260   3.00815    29.01290    28.07124     0.94166
   7.59986   1.09181   2.90598    30.05080    29.61078     0.44002
   7.49023   1.50093   2.90598    30.36769    29.92010     0.44760
   7.19074   1.80042   2.90598    31.11757    30.45581     0.66176
   6.78161   1.91005   2.90598    31.96847    30.89596     1.07251
   7.19074   0.38319   2.90598    30.00374    29.14449     0.85925
   7.49023   0.68268   2.90598    30.10100    29.48954     0.61146
   7.98100   1.09181   2.73879    30.58921    30.54375     0.04546
   7.90867   1.50202   2.73879    30.73667    30.71560     0.02107
   7.70040   1.86276   2.73879    31.24495    31.16248     0.08247
   7.38131   2.13051   2.73879    32.12786    31.86094     0.26691
   6.98988   2.27297   2.73879    33.33456    32.70503     0.62953
   6.57334   2.27297   2.73879    34.56071    33.40486     1.15585
   7.38131   0.05311   2.73879    31.64217    30.89542     0.74674
   7.70040   0.32085   2.73879    31.24244    30.82948     0.41296
   7.90867   0.68159   2.73879    30.78499    30.61852     0.16647
   8.32943   1.09181   2.51115    31.54239    31.78060    -0.23821
   8.27203   1.50940   2.51115    31.62836    31.87448    -0.24612
   8.10410   1.89603   2.51115    31.97788    32.21861    -0.24072
   7.83808   2.22300   2.51115    32.61355    32.81668    -0.20313
   7.49371   2.46609   2.51115    33.59560    33.66935    -0.07375
   7.09653   2.60725   2.51115    34.97048    34.75027     0.22021
   6.67599   2.63601   2.51115    36.67103    35.95174     0.71929
   6.26328   2.55025   2.51115    38.35213    36.98116     1.37096
   7.49371  -0.28248   2.51115    33.90748    33.25568     0.65180
   7.83808  -0.03939   2.51115    33.05846    32.81548     0.24297
   8.10410   0.28759   2.51115    32.25901    32.30423    -0.04523
   8.27203   0.67421   2.51115    31.74194    31.93187    -0.18993
   8.63564   1.09181   2.22927    33.08669    33.44867    -0.36198
   8.58566   1.51937   2.22927    33.17266    33.50471    -0.33205
   8.43843   1.92389   2.22927    33.44563    33.78465    -0.33902
   8.20188   2.28355   2.22927    33.91312    34.29069    -0.37756
   7.88876   2.57896   2.22927    34.63978    35.04036    -0.40058
   7.51595   2.79420   2.22927    35.72474    36.06022    -0.33547
   7.10356   2.91766   2.22927    37.26528    37.36819    -0.10291
   6.67381   2.94269   2.22927    39.29151    38.93912     0.35239
   6.24987   2.86794   2.22927    41.66224    40.63951     1.02273
   7.10356  -0.73405   2.22927    37.97060    36.84480     1.12580
   7.51595  -0.61059   2.22927    37.01553    36.39246     0.62307
   7.88876  -0.39535   2.22927    35.68019    35.55066     0.12953
   8.20188  -0.09994   2.22927    34.50424    34.71245    -0.20822
   8.43843   0.25972   2.22927    33.68345    34.05074    -0.36729
   8.58566   0.66424   2.22927    33.23165    33.62684    -0.39519
   8.89127   1.09181   1.90083    35.32878    35.64820    -0.31941
   8.84809   1.51648   1.90083    35.44801    35.69074    -0.24273
   8.72030   1.92376   1.90083    35.68333    35.92208    -0.23875
   8.51314   2.29699   1.90083    36.02846    36.33817    -0.30971
   8.23510   2.62087   1.90083    36.52921    36.95462    -0.42541
   7.89755   2.88216   1.90083    37.27783    37.80579    -0.52796
   7.51431   3.07014   1.90083    38.39605    38.93930    -0.54325
   7.10108   3.17714   1.90083    40.00812    40.40526    -0.39713
   6.67476   3.19876   1.90083    42.20378    42.23728    -0.03350
   6.25282   3.13412   1.90083    44.97988    44.41790     0.56198
   7.10108  -0.99353   1.90083    42.65119    41.42824     1.22295
   7.51431  -0.88653   1.90083    40.90358    40.30623     0.59735
   7.89755  -0.69854   1.90083    39.04803    39.01175     0.03629
   8.23510  -0.43726   1.90083    37.49118    37.83223    -0.34104
   8.51314  -0.11338   1.90083    36.37547    36.88950    -0.51403
   8.72030   0.25985   1.90083    35.69776    36.21961    -0.52185
   8.84809   0.66713   1.90083    35.38212    35.81475    -0.43262
   9.08936   1.09181   1.53479    38.33330    38.46751    -0.13421
   9.05007   1.51585   1.53479    38.51089    38.52148    -0.01059
   8.93352   1.92546   1.53479    38.75122    38.73687     0.01436
   8.74370   2.30668   1.53479    39.03611    39.10340    -0.06729
   8.48706   2.64653   1.53479    39.39881    39.63260    -0.23378
   8.17234   2.93343   1.53479    39.92090    40.35834    -0.43744
   7.81027   3.15762   1.53479    40.72097    41.33468    -0.61370
   7.41316   3.31146   1.53479    41.94273    42.63116    -0.68843
   6.99455   3.38971   1.53479    43.73051    44.32566    -0.59515
   6.56868   3.38971   1.53479    46.20666    46.49312    -0.28646
   6.15007   3.31146   1.53479    49.43394    49.18547     0.24847
   7.41316  -1.12785   1.53479    46.05229    45.34435     0.70794
   7.81027  -0.97401   1.53479    43.54916    43.49642     0.05274
   8.17234  -0.74982   1.53479    41.47901    41.87768    -0.39867
   8.48706  -0.46292   1.53479    39.95918    40.57808    -0.61891
   8.74370  -0.12307   1.53479    38.97964    39.61616    -0.63653
   8.93352   0.25815   1.53479    38.45817    38.97135    -0.51317
   9.05007   0.66776   1.53479    38.28247    38.60372    -0.32124
   9.22450   1.09181   1.14114    42.14103    41.99052     0.15051
   9.18739   1.51601   1.14114    42.39705    42.07780     0.31925
   9.07718   1.92732   1.14114    42.66939    42.30257     0.36682
   8.89722   2.31325   1.14114    42.93043    42.64787     0.28256
   8.65298   2.66206   1.14114    43.20591    43.12152     0.08439
   8.35187   2.96317   1.14114    43.57049    43.75719    -0.18670
   8.00306   3.20741   1.14114    44.14216    44.61312    -0.47096
   7.61713   3.38737   1.14114    45.07087    45.76904    -0.69817
   7.20582   3.49758   1.14114    46.52230    47.32245    -0.80015
   6.78161   3.53469   1.14114    48.66211    49.38444    -0.72234
   6.35741   3.49758   1.14114    51.63776    52.07425    -0.43649
   5.94610   3.38737   1.14114    55.55404    55.50853     0.04551
   7.20582  -1.31397   1.14114    52.99820    51.98038     1.01782
   7.61713  -1.20376   1.14114    49.61404    49.38200     0.23204
   8.00306  -1.02380   1.14114    46.80154    47.14438    -0.34283
   8.35187  -0.77956   1.14114    44.67742    45.33738    -0.65996
   8.65298  -0.47845   1.14114    43.23227    43.96814    -0.73588
   8.89722  -0.12964   1.14114    42.38513    43.00547    -0.62034
   9.07718   0.25629   1.14114    42.01239    42.39649    -0.38410
   9.18739   0.66760   1.14114    41.97537    42.07886    -0.10350
   9.29301   1.09181   0.73062    46.78397    46.29770     0.48627
   9.25688   1.51623   0.73062    47.13726    46.44080     0.69646
   9.14955   1.92845   0.73062    47.46231    46.69743     0.76488
   8.97410   2.31660   0.73062    47.72272    47.04256     0.68016
   8.73557   2.66951   0.73062    47.93796    47.48108     0.45688
   8.44083   2.97704   0.73062    48.18332    48.04907     0.13424
   8.09836   3.23033   0.73062    48.58304    48.81245    -0.22941
   7.71800   3.42210   0.73062    49.29903    49.86383    -0.56480
   7.31071   3.54683   0.73062    50.51389    51.31936    -0.80548
   6.88820   3.60094   0.73062    52.42214    53.31706    -0.89492
   6.46262   3.58286   0.73062    55.21205    56.01732    -0.80527
   6.04622   3.49312   0.73062    59.05743    59.60467    -0.54724
   7.31071  -1.36322   0.73062    57.97811    57.34015     0.63796
   7.71800  -1.23849   0.73062    54.05492    54.17454    -0.11962
   8.09836  -1.04672   0.73062    50.98515    51.58374    -0.59859
   8.44083  -0.79343   0.73062    48.78196    49.57741    -0.79545
   8.73557  -0.48590   0.73062    47.37132    48.11995    -0.74863
   8.97410  -0.13299   0.73062    46.62458    47.14596    -0.52138
   9.14955   0.25516   0.73062    46.38613    46.57427    -0.18814
   9.25688   0.66738   0.73062    46.49030    46.31885     0.17145
   9.29301   1.09181   0.31442    52.28911    51.45981     0.82931
   9.25688   1.51623   0.31442    52.76351    51.68400     1.07951
   9.14955   1.92845   0.31442    53.16072    51.99424     1.16648
   8.97410   2.31660   0.31442    53.43243    52.35484     1.07760
   8.73557   2.66951   0.31442    53.59621    52.76884     0.82738
   8.44083   2.97704   0.31442    53.73678    53.27955     0.45723
   8.09836   3.23033   0.31442    53.99656    53.96800     0.02856
   7.71800   3.42210   0.31442    54.55881    54.94842    -0.38961
   7.31071   3.54683   0.31442    55.63562    56.36412    -0.72850
   6.88820   3.60094   0.31442    57.44975    58.38694    -0.93719
   6.46262   3.58286   0.31442    60.22648    61.22184    -0.99537
   6.04622   3.49312   0.31442    64.18418    65.11790    -0.93371
   7.31071  -1.36322   0.31442    64.37808    64.04384     0.33424
   7.71800  -1.23849   0.31442    59.78973    60.17489    -0.38516
   8.09836  -1.04672   0.31442    56.30203    57.08072    -0.77869
   8.44083  -0.79343   0.31442    53.88361    54.75707    -0.87346
   8.73557  -0.48590   0.31442    52.41210    53.13588    -0.72378
   8.97410  -0.13299   0.31442    51.71494    52.11348    -0.39854
   9.14955   0.25516   0.31442    51.59320    51.57162     0.02158
   9.25688   0.66738   0.31442    51.84734    51.39084     0.45651
   7.61713   3.38737  -0.09611    60.80379    61.04606    -0.24227
   7.20582   3.49758  -0.09611    61.85549    62.50918    -0.65369
   6.78161   3.53469  -0.09611    63.75873    64.70773    -0.94900
   6.35741   3.49758  -0.09611    66.78270    67.91250    -1.12980
   5.94610   3.38737  -0.09611    71.19848    72.46611    -1.26762
   7.61713  -1.20376  -0.09611    67.33553    68.00896    -0.67343
   8.00306  -1.02380  -0.09611    63.01388    63.99762    -0.98374
   8.35187  -0.77956  -0.09611    60.09407    61.07450    -0.98043
   8.65298  -0.47845  -0.09611    58.39039    59.12211    -0.73172
   8.89722  -0.12964  -0.09611    57.65683    57.96866    -0.31183
   9.07718   0.25629  -0.09611    57.62922    57.43155     0.19767
   6.56868   3.38971  -0.48976    71.49843    72.51505    -1.01662
   6.15007   3.31146  -0.48976    75.21203    76.54266    -1.33062
   8.17234  -0.74982  -0.48976    67.63297    68.87243    -1.23946
   8.48706  -0.46292  -0.48976    65.35323    66.21662    -0.86338
   3.50043  -2.45788  -2.02249    77.96429    79.11535    -1.15106
   3.91818  -2.42134  -2.02249    74.94597    76.02352    -1.07755
   4.32323  -2.31280  -2.02249    72.96618    73.70805    -0.74187
   4.01541  -2.17494  -2.38373    70.64878    71.63027    -0.98149
   3.07559   1.80916  -2.70590    78.71856    79.06044    -0.34188
   1.80159   3.19862   0.83440    72.50872    73.52867    -1.01995
   1.40046   3.06091   0.83440    72.14853    73.05846    -0.90993
   2.01478   3.34326   0.42243    72.88460    74.53054    -1.64594
   1.60788   3.24558   0.42243    72.37255    73.82883    -1.45628
   2.94601   3.35995   0.00005    76.72935    79.00271    -2.27336
   2.53537   3.40736   0.00005    74.91459    77.06920    -2.15461
   2.84913   3.34326  -0.42232    77.56708    79.89254    -2.32546
   0.98265   0.08020   4.01425    70.53144    69.41302     1.11842
   1.18823   0.53941   3.93386    69.42263    67.95577     1.46686
   0.78059   0.43018   3.93386    67.71330    66.77269     0.94060
   0.48218   0.13177   3.93386    67.51939    66.75619     0.76320
   0.37295  -0.27587   3.93386    69.29650    68.28084     1.01566
   1.79095   0.76808   3.80142    71.80779    69.19410     2.61370
   1.39755   0.91127   3.80142    69.13774    67.23256     1.90518
   0.97890   0.91127   3.80142    66.89628    65.78966     1.10662
   0.58550   0.76808   3.80142    65.26664    64.80432     0.46231
   0.26480   0.49898   3.80142    64.52806    64.36171     0.16635
   0.05547   0.13642   3.80142    64.90645    64.62688     0.27956
  -0.01722  -0.27587   3.80142    66.61076    65.87655     0.73421
   1.97573   1.08812   3.61918    71.57373    68.40379     3.16994
   1.59587   1.24546   3.61918    69.19045    66.85525     2.33521
   1.18823   1.29913   3.61918    66.90883    65.50566     1.40317
   0.78059   1.24546   3.61918    64.83930    64.32629     0.51301
   0.40073   1.08812   3.61918    63.19523    63.37156    -0.17633
   0.07454   0.83782   3.61918    62.16046    62.70997    -0.54951
  -0.17576   0.51163   3.61918    61.84608    62.41317    -0.56709
  -0.33310   0.13177   3.61918    62.30479    62.57652    -0.27173
  -0.38677  -0.27587   3.61918    63.64390    63.38691     0.25698
  -0.33310  -0.68351   3.61918    66.18531    65.21951     0.96580
   2.08645   1.41835   3.39026    71.21229    67.78974     3.42255
   1.70124   1.57183   3.39026    69.13084    66.62245     2.50839
   1.29204   1.63892   3.39026    66.87306    65.38565     1.48741
   0.87800   1.61647   3.39026    64.63348    64.15778     0.47570
   0.47845   1.50553   3.39026    62.62984    63.03080    -0.40096
   0.11210   1.31130   3.39026    61.04161    62.07167    -1.03006
  -0.20394   1.04286   3.39026    59.98050    61.32205    -1.34156
  -0.45488   0.71275   3.39026    59.48037    60.80825    -1.32788
  -0.62899   0.33642   3.39026    59.49606    60.54708    -1.05102
  -0.71813  -0.06854   3.39026    59.97861    60.58529    -0.60667
  -0.71813  -0.48320   3.39026    61.07173    61.13871    -0.06698
  -0.62899  -0.88816   3.39026    63.33391    62.72892     0.60499
   2.48024   1.53851   3.11858    72.58277    68.41491     4.16786
   2.11352   1.75023   3.11858    71.18091    67.79910     3.38181
   1.71336   1.88873   3.11858    69.14151    66.75156     2.38995
   1.29421   1.94899   3.11858    66.76576    65.46554     1.30021
   0.87124   1.92884   3.11858    64.34984    64.12419     0.22565
   0.45972   1.82901   3.11858    62.12219    62.85315    -0.73097
   0.07454   1.65310   3.11858    60.24844    61.72179    -1.47335
  -0.27040   1.40748   3.11858    58.83404    60.75668    -1.92265
  -0.56262   1.10101   3.11858    57.91599    59.96071    -2.04472
  -0.79155   0.74478   3.11858    57.43532    59.31757    -1.88226
  -0.94893   0.35166   3.11858    57.21945    58.76451    -1.54505
  -1.02907  -0.06414   3.11858    57.06258    58.21841    -1.15583
   2.19209   2.01270   2.80879    72.32926    68.90901     3.42024
   1.80171   2.14672   2.80879    70.22584    67.80434     2.42150
   1.39460   2.21466   2.80879    67.73965    66.38629     1.35336
   0.98186   2.21466   2.80879    65.18694    64.88821     0.29873
   0.57475   2.14672   2.80879    62.77040    63.45027    -0.67986
   0.18437   2.01270   2.80879    60.62934    62.14863    -1.51929
  -0.17863   1.81626   2.80879    58.86039    61.00951    -2.14912
  -0.50434   1.56275   2.80879    57.51878    60.02104    -2.50226
  -0.78388   1.25908   2.80879    56.61328    59.15632    -2.54304
  -1.00963   0.91355   2.80879    56.05354    58.37889    -2.32535
  -1.17543   0.53557   2.80879    55.58856    57.57953    -1.99097
   1.70761   2.40221   2.46620    70.76299    68.85049     1.91250
   1.29272   2.45011   2.46620    67.87896    67.01351     0.86545
   0.87538   2.43411   2.46620    65.08717    65.21141    -0.12424
   0.46536   2.35459   2.46620    62.51752    63.55639    -1.03887
   0.07230   2.21342   2.46620    60.27103    62.11027    -1.83923
  -0.29461   2.01390   2.46620    58.41611    60.88579    -2.46967
  -0.62677   1.76071   2.46620    56.99104    59.84205    -2.85101
  -0.91638   1.45979   2.46620    56.02154    58.91380    -2.89226
  -1.15666   1.11818   2.46620    55.44925    58.04961    -2.60036
  -1.34198   0.74389   2.46620    54.94661    57.14179    -2.19517
   1.60240   2.60473   2.09665    71.42690    70.14237     1.28453
   1.18823   2.63435   2.09665    68.21844    67.83901     0.37943
   0.77406   2.60473   2.09665    65.25409    65.70706    -0.45298
   0.36832   2.51646   2.09665    62.58780    63.81938    -1.23158
  -0.02072   2.37136   2.09665    60.29111    62.23457    -1.94346
  -0.38515   2.17236   2.09665    58.41172    60.97117    -2.55945
  -0.71756   1.92353   2.09665    56.96092    59.96985    -3.00893
  -1.01117   1.62992   2.09665    55.99079    59.11600    -3.12521
   1.39587   2.75970   1.70648    71.27065    70.86407     0.40658
   0.98059   2.75970   1.70648    67.90782    68.12872    -0.22090
   0.56918   2.70316   1.70648    64.87381    65.68974    -0.81592
   0.16930   2.59112   1.70648    62.21568    63.60691    -1.39122
  -0.21160   2.42567   1.70648    60.01877    61.96470    -1.94593
  -0.56642   2.20990   1.70648    58.30316    60.79822    -2.49505
   1.08387   2.84544   1.30235    70.24718    70.61666    -0.36948
   0.66877   2.80368   1.30235    66.89816    67.56366    -0.66550
   0.26295   2.70696   1.30235    63.91812    64.89011    -0.97199
  -0.12637   2.55702   1.30235    61.46142    62.71340    -1.25198
  -0.49223   2.35652   1.30235    59.64980    61.17420    -1.52440
   0.77707   2.84718   0.89120    69.50797    70.19079    -0.68282
   0.37295   2.76680   0.89120    66.19974    66.86619    -0.66645
   2.15018  -1.31838   4.71155    66.48840    66.91847    -0.43007
   2.57255  -1.31838   4.67831    65.40971    65.82942    -0.41971
   2.36136  -0.95259   4.67831    66.04412    66.20308    -0.15896
   1.93899  -0.95259   4.67831    66.99103    67.17945    -0.18842
   2.36136  -1.68416   4.67831    66.11377    66.72553    -0.61176
   1.73300  -0.59581   4.57940    67.66121    67.52319     0.13802
   2.56735  -2.04094   4.57940    65.85963    66.62508    -0.76545
   2.87274  -1.73555   4.57940    64.73890    65.38230    -0.64340
   1.53729  -0.25682   4.41727    68.55918    68.00547     0.55370
   2.76306  -2.37993   4.41727    65.75170    66.67406    -0.92235
   3.08918  -2.10629   4.41727    64.46593    65.30557    -0.83964
   3.30203  -1.73762   4.41727    63.77567    64.32228    -0.54661
   1.35667   0.05602   4.19589    69.75207    68.72214     1.02993
   1.02799  -0.19618   4.19589    69.92087    69.07770     0.84317
   2.94369  -2.69278   4.19589    65.84394    66.95170    -1.10775
   3.27237  -2.44057   4.19589    64.50484    65.54771    -1.04287
   3.52458  -2.11189   4.19589    63.48388    64.33445    -0.85057
   2.57501  -3.17970   3.92074    68.46191    69.71540    -1.25349
   2.97854  -3.03850   3.92074    66.72560    68.06388    -1.33828
   3.34054  -2.81104   3.92074    65.25471    66.55532    -1.30060
   3.64284  -2.50874   3.92074    63.94447    65.13337    -1.18890
   3.87030  -2.14674   3.92074    62.77040    63.75159    -0.98119
   2.66516  -3.44115   3.59857    69.23814    70.81526    -1.57711
   3.05759  -3.30533   3.59857    67.66435    69.27743    -1.61308
   3.41722  -3.09769   3.59857    66.26751    67.83833    -1.57082
   3.73106  -2.82575   3.59857    64.90958    66.41046    -1.50088
   3.98777  -2.49932   3.59857    63.50208    64.90230    -1.40022
   4.17805  -2.13021   3.59857    62.01551    63.23464    -1.21913
   2.56793  -3.68754   3.23732    71.07988    72.94842    -1.86854
   2.97298  -3.57901   3.23732    69.53809    71.43607    -1.89798
   3.35304  -3.40179   3.23732    68.18581    70.03863    -1.85282
   3.69654  -3.16126   3.23732    66.84545    68.64354    -1.79809
   3.99306  -2.86474   3.23732    65.36892    67.12701    -1.75809
   4.23359  -2.52124   3.23732    63.64201    65.35660    -1.71458
   4.41081  -2.14118   3.23732    61.57374    63.18310    -1.60935
   2.36223  -3.87746   2.84589    73.71793    75.81207    -2.09413
   2.78055  -3.80765   2.84589    72.13975    74.27223    -2.13248
   3.18167  -3.66995   2.84589    70.85084    72.92549    -2.07465
   4.17657  -2.89558   2.84589    66.61013    68.60570    -1.99556
   4.40854  -2.54054   2.84589    64.48790    66.53376    -2.04587
   4.57890  -2.15216   2.84589    61.71368    63.77607    -2.06239
   4.68301  -1.74103   2.84589    57.99192    59.96537    -1.97345
   1.73300  -3.95230   2.43392    79.22056    81.18652    -1.96595
   2.15018  -3.98514   2.43392    76.90505    79.11018    -2.20512
   4.68641  -2.14245   2.43392    62.74216    65.23058    -2.48841
   1.84053  -4.00056   2.01155    81.46203    83.56141    -2.09938
   1.38874  -1.42770  -2.93142    81.49717    81.17517     0.32200
   1.27696  -1.01052  -2.93142    81.95964    81.26926     0.69039
   0.97157  -2.15026  -2.93142    80.59042    80.66386    -0.07344
   0.97677  -1.42770  -3.03033    79.99868    79.82643     0.17225
   0.34321  -1.79348  -3.03033    79.86941    80.34677    -0.47736
   0.76559  -1.79348  -3.03033    79.77654    79.90969    -0.13315
   0.91606  -4.52456  -0.59428    75.96756    75.52414     0.44342
   1.25074  -4.26407  -0.59428    81.36853    80.74748     0.62105
  -1.39144  -1.66863   3.57431    57.15231    57.52177    -0.36946
  -0.97666  -1.66863   3.53994    60.50321    60.37399     0.12923
  -1.18405  -1.30942   3.53994    57.64616    57.88357    -0.23741
  -1.59883  -1.30942   3.53994    55.47372    55.88865    -0.41493
  -1.80621  -1.66863   3.53994    55.95063    56.33376    -0.38313
  -1.59883  -2.02784   3.53994    57.44096    57.88928    -0.44832
  -1.18405  -2.02784   3.53994    59.67364    59.84938    -0.17573
  -0.57319  -1.66863   3.43777    66.44886    65.17292     1.27595
  -0.68282  -1.25951   3.43777    63.40230    62.66836     0.73394
  -0.98232  -0.96001   3.43777    58.77254    58.89498    -0.12244
  -1.39144  -0.85039   3.43777    55.47309    55.96155    -0.48845
  -1.80056  -0.96001   3.43777    54.59333    54.93872    -0.34540
  -2.10006  -1.25951   3.43777    55.46556    55.56250    -0.09693
  -2.20968  -1.66863   3.43777    56.67478    56.72677    -0.05200
  -2.10006  -2.07775   3.43777    57.59345    57.83198    -0.23853
  -1.80056  -2.37725   3.43777    58.65771    59.08198    -0.42427
  -1.39144  -2.48687   3.43777    60.40344    60.74594    -0.34250
  -0.98232  -2.37725   3.43777    63.00886    62.86247     0.14639
  -0.68282  -2.07775   3.43777    65.78684    64.88354     0.90331
  -1.18317  -0.48746   3.27058    56.18657    56.88309    -0.69651
  -1.59971  -0.48746   3.27058    54.25510    54.86826    -0.61316
  -1.99113  -0.62993   3.27058    54.39503    54.64388    -0.24884
  -2.31022  -0.89768   3.27058    55.99016    55.83954     0.15062
  -2.51849  -1.25841   3.27058    57.92791    57.50047     0.42744
  -2.59082  -1.66863   3.27058    59.23815    58.77824     0.45991
  -2.51849  -2.07884   3.27058    59.83868    59.57721     0.26147
  -2.31022  -2.43958   3.27058    60.25409    60.28279    -0.02870
  -1.99113  -2.70733   3.27058    60.96882    61.22867    -0.25985
  -1.59971  -2.84980   3.27058    62.20627    62.51792    -0.31165
  -1.18317  -2.84980   3.27058    64.14841    64.23289    -0.08447
  -0.79174  -2.70733   3.27058    67.05253    66.54007     0.51246
  -1.49706  -0.12442   3.04294    54.15846    55.16045    -1.00199
  -1.90977  -0.21018   3.04294    53.85538    54.42064    -0.56527
  -2.59210  -2.64544   3.04294    63.91310    63.52336     0.38974
  -2.28403  -2.93315   3.04294    64.35110    64.21156     0.13954
  -1.90977  -3.12708   3.04294    65.21894    65.23960    -0.02066
  -1.49706  -3.21284   3.04294    66.43820    66.48041    -0.04221
  -1.07653  -3.18407   3.04294    68.23287    68.08667     0.14621
  -0.67934  -3.04291   3.04294    71.07424    70.41186     0.66238
  -1.49924   0.18226   2.76106    53.95201    55.39524    -1.44323
  -2.31845  -3.27426   2.76106    69.90205    69.29514     0.60691
  -1.92318  -3.44476   2.76106    70.92238    70.45142     0.47096
  -1.49924  -3.51952   2.76106    71.81972    71.45516     0.36456
  -1.06949  -3.49449   2.76106    72.98186    72.62252     0.35935
   0.59747  -4.92790  -0.82805    65.61867    65.21730     0.40137
   0.86047  -4.60900  -0.82805    73.04022    72.43265     0.60757
   0.53774  -4.94132  -1.25042    63.95451    63.11293     0.84159
   0.80951  -4.62312  -1.25042    70.86465    70.02331     0.84134
   1.02816  -4.26632  -1.25042    77.86138    76.93787     0.92351
  -2.14145  -4.43004  -3.01240    53.04150    50.63375     2.40775
  -2.28694  -3.84355  -3.23377    53.47197    52.64519     0.82678
  -1.50614  -6.38590   0.97762    55.17691    55.39095    -0.21404
  -1.09291  -6.27890   0.97762    55.59609    56.23255    -0.63646
  -0.70967  -6.09092   0.97762    57.07073    58.09589    -1.02515
  -0.37212  -5.82963   0.97762    59.83052    61.14510    -1.31458
  -0.09407  -5.50575   0.97762    64.14214    65.61320    -1.47107
  -3.53105  -5.85529   0.61158    57.88085    57.72089     0.15996
  -3.21633  -6.14219   0.61158    55.24970    54.92443     0.32527
  -2.85426  -6.36638   0.61158    53.14441    52.76089     0.38352
  -2.45715  -6.52022   0.61158    51.54300    51.24248     0.30052
  -2.03854  -6.59847   0.61158    50.46808    50.39195     0.07613
  -1.61267  -6.59847   0.61158    49.98803    50.24841    -0.26038
  -1.19406  -6.52022   0.61158    50.21708    50.87093    -0.65385
  -0.79695  -6.36638   0.61158    51.30643    52.34288    -1.03645
  -0.43488  -6.14219   0.61158    53.43808    54.77904    -1.34095
  -0.12016  -5.85529   0.61158    56.81848    58.33760    -1.51912
   0.13648  -5.51544   0.61158    61.68418    63.24211    -1.55792
  -4.12117  -5.13608   0.21793    62.53822    63.06250    -0.52428
  -3.94121  -5.52201   0.21793    58.07977    58.44169    -0.36192
  -3.69697  -5.87083   0.21793    54.43582    54.59009    -0.15427
  -3.39586  -6.17193   0.21793    51.53861    51.50058     0.03803
  -3.04705  -6.41617   0.21793    49.27895    49.12538     0.15357
  -2.66112  -6.59613   0.21793    47.57275    47.42376     0.14899
  -2.24981  -6.70634   0.21793    46.38738    46.37618     0.01121
  -1.82560  -6.74345   0.21793    45.74105    45.98676    -0.24571
  -1.40140  -6.70634   0.21793    45.70214    46.28284    -0.58070
  -0.99009  -6.59613   0.21793    46.38048    47.31530    -0.93482
  -0.60416  -6.41617   0.21793    47.91851    49.16060    -1.24209
  -0.25535  -6.17193   0.21793    50.48126    51.92555    -1.44430
   0.04576  -5.87083   0.21793    54.25384    55.75509    -1.50125
   0.29000  -5.52201   0.21793    59.43456    60.84455    -1.40999
   0.46996  -5.13608   0.21793    66.24618    67.45880    -1.21262
  -3.90632  -5.70688  -0.19260    53.79262    54.27266    -0.48004
  -3.63872  -6.03830  -0.19260    50.00372    50.31572    -0.31199
  -3.31896  -6.31972  -0.19260    47.15295    47.30596    -0.15301
  -2.95624  -6.54305  -0.19260    45.03824    45.10410    -0.06586
  -2.56100  -6.70188  -0.19260    43.53347    43.62100    -0.08753
  -2.14460  -6.79162  -0.19260    42.58468    42.81034    -0.22566
  -1.71902  -6.80970  -0.19260    42.19939    42.66030    -0.46091
  -1.29651  -6.75559  -0.19260    42.43909    43.18784    -0.74875
  -0.88922  -6.63086  -0.19260    43.40420    44.43597    -1.03177
  -0.50886  -6.43909  -0.19260    45.22586    46.47371    -1.24784
  -0.16639  -6.18580  -0.19260    48.05593    49.39818    -1.34224
   0.12835  -5.87827  -0.19260    52.05631    53.33827    -1.28196
   0.36688  -5.52536  -0.19260    57.39390    58.45811    -1.06420
   0.54233  -5.13721  -0.19260    64.23062    64.95622    -0.72560
  -3.90632  -5.70688  -0.60879    52.11968    52.68976    -0.57008
  -3.63872  -6.03830  -0.60879    47.69637    48.17955    -0.48318
  -3.31896  -6.31972  -0.60879    44.54502    44.90199    -0.35697
  -2.95624  -6.54305  -0.60879    42.31736    42.58741    -0.27005
  -2.56100  -6.70188  -0.60879    40.81071    41.07824    -0.26754
  -2.14460  -6.79162  -0.60879    39.92843    40.29011    -0.36168
  -1.71902  -6.80970  -0.60879    39.65358    40.18861    -0.53503
  -1.29651  -6.75559  -0.60879    40.02946    40.77623    -0.74677
  -0.88922  -6.63086  -0.60879    41.14266    42.08569    -0.94303
  -0.50886  -6.43909  -0.60879    43.11241    44.17719    -1.06478
  -0.16639  -6.18580  -0.60879    46.07740    47.13824    -1.06084
   0.12835  -5.87827  -0.60879    50.18256    51.08420    -0.90163
   0.36688  -5.52536  -0.60879    55.57036    56.15694    -0.58658
   0.54233  -5.13721  -0.60879    62.36566    62.51558    -0.14992
  -3.69697  -5.87083  -1.01932    47.96118    48.51128    -0.55010
  -3.39586  -6.17193  -1.01932    43.91311    44.40759    -0.49447
  -3.04705  -6.41617  -1.01932    41.17906    41.58705    -0.40799
  -2.66112  -6.59613  -1.01932    39.39316    39.75362    -0.36045
  -2.24981  -6.70634  -1.01932    38.36656    38.74935    -0.38279
  -1.82560  -6.74345  -1.01932    38.02896    38.49812    -0.46916
  -1.40140  -6.70634  -1.01932    38.38915    38.97730    -0.58815
  -0.99009  -6.59613  -1.01932    39.51239    40.20344    -0.69105
  -0.60416  -6.41617  -1.01932    41.50222    42.22541    -0.72319
  -0.25535  -6.17193  -1.01932    44.48415    45.12158    -0.63743
   0.04576  -5.87083  -1.01932    48.59120    48.99859    -0.40739
   0.29000  -5.52201  -1.01932    53.94762    53.98869    -0.04107
   0.46996  -5.13608  -1.01932    60.65507    60.24041     0.41466
  -3.53105  -5.85529  -1.41297    46.13450    46.56959    -0.43509
  -3.21633  -6.14219  -1.41297    42.11530    42.53517    -0.41987
  -2.85426  -6.36638  -1.41297    39.55004    39.90197    -0.35193
  -2.45715  -6.52022  -1.41297    38.03523    38.33699    -0.30175
  -2.03854  -6.59847  -1.41297    37.37886    37.67184    -0.29299
  -1.61267  -6.59847  -1.41297    37.52068    37.83211    -0.31144
  -1.19406  -6.52022  -1.41297    38.48328    38.80382    -0.32054
  -0.79695  -6.36638  -1.41297    40.34635    40.61735    -0.27100
  -0.43488  -6.14219  -1.41297    43.22034    43.34009    -0.11975
  -0.12016  -5.85529  -1.41297    47.22950    47.07342     0.15608
   0.13648  -5.51544  -1.41297    52.49054    51.95094     0.53960
   0.32631  -5.13422  -1.41297    59.09508    58.13440     0.96068
  -3.42633  -5.67474  -1.77900    46.67039    46.80371    -0.13332
  -3.11694  -5.96883  -1.77900    42.19437    42.37641    -0.18205
  -2.75469  -6.19463  -1.77900    39.47411    39.59944    -0.12533
  -2.35440  -6.34288  -1.77900    38.01578    38.06210    -0.04632
  -1.93246  -6.40752  -1.77900    37.59033    37.56303     0.02730
  -1.50614  -6.38590  -1.77900    38.12559    38.01823     0.10736
  -1.09291  -6.27890  -1.77900    39.64856    39.41862     0.22994
  -0.70967  -6.09092  -1.77900    42.24457    41.81045     0.43412
  -0.37212  -5.82963  -1.77900    46.02908    45.28740     0.74167
  -0.09407  -5.50575  -1.77900    51.12132    49.98960     1.13172
  -3.09791  -5.64913  -2.10744    44.37998    44.11150     0.26848
  -2.75262  -5.90620  -2.10744    40.98014    40.69700     0.28314
  -2.35734  -6.07670  -2.10744    39.22123    38.83580     0.38543
  -1.93341  -6.15145  -2.10744    38.78887    38.26221     0.52666
  -1.50366  -6.12642  -2.10744    39.57326    38.86505     0.70821
  -1.09126  -6.00296  -2.10744    41.58819    40.63483     0.95336
  -0.71846  -5.78772  -2.10744    44.92466    43.63927     1.28539
  -0.40534  -5.49231  -2.10744    49.70754    48.01678     1.69076
  -2.71820  -5.56509  -2.38933    43.37220    42.49324     0.87896
  -2.34394  -5.75901  -2.38933    41.33154    40.35206     0.97948
  -1.93123  -5.84477  -2.38933    40.90295    39.73346     1.16949
  -1.51069  -5.81601  -2.38933    41.97850    40.54426     1.43424
  -1.11351  -5.67485  -2.38933    44.57325    42.79535     1.77790
  -0.76914  -5.43177  -2.38933    48.78133    46.59245     2.18888
  -2.74439  -5.07152  -2.61697    47.66186    46.06211     1.59974
  -2.42530  -5.33927  -2.61697    44.76967    43.13647     1.63319
  -2.03388  -5.48173  -2.61697    43.79891    41.98534     1.81357
  -1.61733  -5.48173  -2.61697    44.80983    42.69530     2.11452
  -1.22591  -5.33927  -2.61697    47.84132    45.33460     2.50672
  -2.53422  -4.70969  -2.78415    50.33254    48.03706     2.29548
  -2.23473  -5.00919  -2.78415    47.85136    45.48609     2.36527
  -1.82560  -5.11881  -2.78415    47.85827    45.24341     2.61486
  -4.04547  -0.21490  -2.21976    44.22499    41.68162     2.54337
  -2.08193  -2.78035  -3.56184    54.83806    56.26316    -1.42511
  -1.77654  -2.47496  -3.56184    59.35926    61.33304    -1.97378
  -2.28792  -2.42357  -3.66074    51.55242    52.98251    -1.43009
  -2.49911  -2.05778  -3.69398    49.04049    50.18381    -1.14332
  -4.86924  -3.58928   0.51263    64.38938    65.19585    -0.80648
  -5.51007  -2.39723   0.23075    52.00297    53.73568    -1.73272
  -5.51007  -2.82771   0.23075    52.17177    53.64460    -1.47283
  -5.41079  -3.24658   0.23075    54.19423    55.38177    -1.18754
  -5.21759  -3.63127   0.23075    57.78107    58.68976    -0.90868
  -5.68149  -1.98091  -0.09769    46.15458    47.94199    -1.78741
  -5.76741  -2.39904  -0.09769    45.54025    47.13824    -1.59799
  -5.76741  -2.82590  -0.09769    46.43633    47.78054    -1.34421
  -5.68149  -3.24402  -0.09769    48.74494    49.79808    -1.05314
  -5.51315  -3.63629  -0.09769    52.31484    53.08174    -0.76690
  -5.63067  -1.39759  -0.46373    42.32112    43.80335    -1.48223
  -5.82049  -1.77881  -0.46373    40.69148    42.20468    -1.51320
  -5.93703  -2.18842  -0.46373    40.25222    41.66662    -1.41440
  -5.97633  -2.61247  -0.46373    41.02218    42.22318    -1.20100
  -5.93703  -3.03652  -0.46373    42.97436    43.88845    -0.91409
  -5.82049  -3.44612  -0.46373    46.04351    46.65086    -0.60735
  -5.53994  -1.04221  -0.85737    38.84472    39.61068    -0.76596
  -5.78418  -1.39102  -0.85737    36.94776    37.98874    -1.04098
  -5.96414  -1.77695  -0.85737    36.03034    37.17087    -1.14053
  -6.07435  -2.18826  -0.85737    36.13513    37.19928    -1.06415
  -6.11147  -2.61247  -0.85737    37.27406    38.12165    -0.84759
  -6.07435  -3.03667  -0.85737    39.42768    39.97629    -0.54861
  -5.96414  -3.44799  -0.85737    42.55205    42.78133    -0.22928
  -5.78418  -3.83391  -0.85737    46.57313    46.51310     0.06003
  -5.16194  -0.59332  -1.26790    38.59309    38.19347     0.39962
  -5.48169  -0.87474  -1.26790    35.74984    35.85896    -0.10911
  -5.74929  -1.20615  -1.26790    33.80519    34.32915    -0.52396
  -5.95703  -1.57802  -1.26790    32.78612    33.53409    -0.74797
  -6.09894  -1.97965  -1.26790    32.71019    33.47600    -0.76582
  -6.17092  -2.39949  -1.26790    33.57992    34.18850    -0.60858
  -6.17092  -2.82545  -1.26790    35.37836    35.71213    -0.33378
  -6.09894  -3.24528  -1.26790    38.07100    38.07988    -0.00888
  -5.95703  -3.64691  -1.26790    41.60513    41.30101     0.30413
  -4.79922  -0.36998  -1.68410    39.22562    37.87887     1.34675
  -5.16194  -0.59332  -1.68410    35.59987    34.81289     0.78698
  -5.48169  -0.87474  -1.68410    32.89279    32.66779     0.22500
  -5.74929  -1.20615  -1.68410    31.11318    31.31848    -0.20530
  -5.95703  -1.57802  -1.68410    30.26227    30.69543    -0.43315
  -6.09894  -1.97965  -1.68410    30.33318    30.78346    -0.45027
  -6.17092  -2.39949  -1.68410    31.30959    31.59924    -0.28965
  -6.17092  -2.82545  -1.68410    33.15948    33.17125    -0.01176
  -6.09894  -3.24528  -1.68410    35.83581    35.52381     0.31200
  -5.95703  -3.64691  -1.68410    39.27707    38.65919     0.61789
  -5.74929  -4.01878  -1.68410    43.38977    42.52917     0.86060
  -4.50410  -0.31690  -2.09462    39.64040    37.68855     1.95185
  -4.89002  -0.49686  -2.09462    35.57414    34.22746     1.34668
  -5.23884  -0.74111  -2.09462    32.39957    31.65713     0.74244
  -5.53994  -1.04221  -2.09462    30.15371    29.92161     0.23211
  -5.78418  -1.39102  -2.09462    28.84912    28.95109    -0.10197
  -5.96414  -1.77695  -2.09462    28.47889    28.70460    -0.22571
  -6.07435  -2.18826  -2.09462    29.02106    29.17294    -0.15188
  -6.11147  -2.61247  -2.09462    30.43547    30.36617     0.06930
  -6.07435  -3.03667  -2.09462    32.66689    32.29819     0.36870
  -5.96414  -3.44799  -2.09462    35.64379    34.96916     0.67463
  -5.78418  -3.83391  -2.09462    39.26892    38.34134     0.92758
  -4.30012  -0.39282  -2.48827    39.12584    37.01386     2.11198
  -4.69723  -0.54666  -2.48827    34.96922    33.45851     1.51071
  -5.05931  -0.77084  -2.48827    31.66225    30.75008     0.91217
  -5.37403  -1.05775  -2.48827    29.27834    28.87478     0.40355
  -5.63067  -1.39759  -2.48827    27.85264    27.79136     0.06127
  -5.82049  -1.77881  -2.48827    27.38702    27.46397    -0.07694
  -5.93703  -2.18842  -2.48827    27.85389    27.87516    -0.02127
  -5.97633  -2.61247  -2.48827    29.20178    29.02121     0.18057
  -5.93703  -3.03652  -2.48827    31.35539    30.89859     0.45681
  -5.82049  -3.44612  -2.48827    34.21684    33.48467     0.73216
  -5.63067  -3.82734  -2.48827    37.65622    36.71036     0.94586
  -5.37403  -4.16719  -2.48827    41.48716    40.42200     1.06516
  -4.19737  -0.57015  -2.85431    37.58782    35.77231     1.81551
  -4.59766  -0.71841  -2.85431    33.57552    32.29404     1.28148
  -4.95991  -0.94420  -2.85431    30.43045    29.68956     0.74089
  -5.26930  -1.23829  -2.85431    28.24358    27.94335     0.30022
  -5.51315  -1.58865  -2.85431    27.06135    27.02845     0.03290
  -5.68149  -1.98091  -2.85431    26.88125    26.91834    -0.03708
  -5.76741  -2.39904  -2.85431    27.65999    27.59345     0.06654
  -5.76741  -2.82590  -2.85431    29.31473    29.03444     0.28029
  -5.68149  -3.24402  -2.85431    31.73002    31.20464     0.52538
  -5.51315  -3.63629  -2.85431    34.74959    34.02306     0.72653
  -5.26930  -3.98664  -2.85431    38.16576    37.32897     0.83678
  -3.77638  -0.76158  -3.18275    39.64291    38.10016     1.54276
  -4.20032  -0.83633  -3.18275    35.16563    33.95193     1.21371
  -4.59559  -1.00684  -3.18275    31.52482    30.76600     0.75883
  -4.94089  -1.26390  -3.18275    28.85540    28.53223     0.32317
  -5.21759  -1.59367  -3.18275    27.25776    27.23799     0.01976
  -5.41079  -1.97835  -3.18275    26.76203    26.86090    -0.09888
  -5.51007  -2.39723  -3.18275    27.32867    27.37168    -0.04302
  -5.51007  -2.82771  -3.18275    28.85289    28.72798     0.12490
  -5.41079  -3.24658  -3.18275    31.17091    30.85362     0.31728
  -5.21759  -3.63127  -3.18275    34.06184    33.60582     0.45603
  -4.94089  -3.96104  -3.18275    37.23704    36.73936     0.49768
  -4.59559  -4.21810  -3.18275    40.34259    39.89312     0.44946
  -2.93424  -4.31486  -3.18275    48.16512    47.42496     0.74016
  -2.56143  -4.09962  -3.18275    50.73352    49.69243     1.04109
  -3.77421  -1.06826  -3.46463    37.29101    36.47581     0.81520
  -4.18691  -1.15402  -3.46463    33.27055    32.69806     0.57249
  -4.56117  -1.34795  -3.46463    30.13552    29.91079     0.22473
  -4.86924  -1.63566  -3.46463    28.07917    28.15499    -0.07582
  -5.08825  -1.99582  -3.46463    27.19877    27.43232    -0.23355
  -5.20198  -2.40171  -3.46463    27.47990    27.71225    -0.23235
  -5.20198  -2.82323  -3.46463    28.80143    28.92646    -0.12503
  -5.08825  -3.22912  -3.46463    30.94751    30.94664     0.00087
  -4.86924  -3.58928  -3.46463    33.62133    33.55238     0.06895
  -4.56117  -3.87699  -3.46463    36.46458    36.41532     0.04925
  -4.18691  -4.07091  -3.46463    39.12145    39.14882    -0.02736
  -3.77421  -4.15668  -3.46463    41.37923    41.46839    -0.08916
  -3.35367  -4.12791  -3.46463    43.35087    43.41803    -0.06717
  -2.95648  -3.98675  -3.46463    45.47561    45.45902     0.01660
  -2.61211  -3.74367  -3.46463    48.15884    48.18101    -0.02217
  -2.34609  -3.41669  -3.46463    51.26313    51.67274    -0.40961
  -2.46919  -2.61247  -3.69227    48.34710    49.62871    -1.28162
  -2.54152  -2.20225  -3.69227    48.02079    49.22060    -1.19981
  -2.74979  -1.84152  -3.69227    46.03159    46.77488    -0.74329
  -3.06888  -1.57377  -3.69227    42.63049    42.83502    -0.20454
  -3.46031  -1.43130  -3.69227    38.48453    38.37957     0.10496
  -3.87685  -1.43130  -3.69227    34.41764    34.31411     0.10353
  -4.26827  -1.57377  -3.69227    31.07866    31.17831    -0.09965
  -4.58736  -1.84152  -3.69227    28.89116    29.21913    -0.32797
  -4.79563  -2.20225  -3.69227    28.06222    28.51431    -0.45208
  -4.86797  -2.61247  -3.69227    28.57490    29.02403    -0.44913
  -4.79563  -3.02268  -3.69227    30.20454    30.59174    -0.38719
  -4.58736  -3.38342  -3.69227    32.56649    32.92293    -0.35644
  -4.26827  -3.65117  -3.69227    35.20015    35.59838    -0.39823
  -3.87685  -3.79363  -3.69227    37.72713    38.20564    -0.47852
  -3.46031  -3.79363  -3.69227    40.05142    40.58895    -0.53753
  -3.06888  -3.65117  -3.69227    42.38701    42.97048    -0.58347
  -2.74979  -3.38342  -3.69227    44.87258    45.60302    -0.73044
  -2.54152  -3.02268  -3.69227    47.11655    48.14571    -1.02915
  -2.85034  -2.61247  -3.85946    42.50498    43.65624    -1.15126
  -2.95996  -2.20335  -3.85946    41.63086    42.60093    -0.97007
  -3.25946  -1.90385  -3.85946    38.78950    39.41268    -0.62318
  -3.66858  -1.79422  -3.85946    34.97361    35.41476    -0.44114
  -4.07770  -1.90385  -3.85946    31.58820    32.10054    -0.51234
  -4.37720  -2.20335  -3.85946    29.70504    30.35632    -0.65127
  -4.48682  -2.61247  -3.85946    29.72575    30.43267    -0.70692
  -4.37720  -3.02159  -3.85946    31.36669    32.07861    -0.71192
  -4.07770  -3.32109  -3.85946    33.89618    34.65522    -0.75904
  -3.66858  -3.43071  -3.85946    36.59949    37.44985    -0.85036
  -3.25946  -3.32109  -3.85946    39.17730    40.12545    -0.94815
  -2.95996  -3.02159  -3.85946    41.40684    42.48298    -1.07614
  -3.25380  -2.61247  -3.96163    37.84761    38.96077    -1.11316
  -3.46119  -2.25326  -3.96163    35.98955    36.91050    -0.92095
  -3.87597  -2.25326  -3.96163    32.63426    33.47847    -0.84421
  -4.08336  -2.61247  -3.96163    31.57879    32.49496    -0.91618
  -3.87597  -2.97168  -3.96163    33.55858    34.55052    -0.99194
  -3.46119  -2.97168  -3.96163    36.43571    37.53096    -1.09525
  -3.66858  -2.61247  -3.99600    34.24633    35.29726    -1.05093
  -2.86155  -1.12873   3.09849    61.39553    60.76770     0.62783
  -3.07273  -1.49452   3.09849    63.75246    63.10095     0.65151
  -2.86155  -1.86030   3.09849    62.81809    62.01547     0.80263
  -2.24000  -0.12940   3.07928    54.49481    54.93774    -0.44293
  -1.92249   0.28984   2.91715    53.47385    54.33051    -0.85666
  -1.54140   0.28135   2.69578    53.90244    55.39628    -1.49384
  -1.69994   0.66411   2.69578    53.61943    54.87365    -1.25422
  -1.95215   0.99279   2.69578    52.37759    52.95644    -0.57885
  -4.93566   0.29543  -1.39776    42.52506    41.53216     0.99291
  -4.98353  -0.12940  -1.39776    41.27130    40.47614     0.79516
  -4.60729   0.28135  -1.67291    43.59246    42.72282     0.86964
  -4.66136  -0.12940  -1.67291    41.89002    40.63709     1.25294
  -4.30012  -0.12940  -1.89429    43.87672    41.95336     1.92336
  -4.16334   0.32830   3.92828    47.89027    48.31298    -0.42271
  -3.74096   0.32830   3.89504    48.61379    49.15125    -0.53746
  -3.95215   0.69409   3.89504    45.18884    45.42239    -0.23355
  -4.37452   0.69409   3.89504    44.32664    44.41097    -0.08433
  -4.58571   0.32830   3.89504    47.43784    47.58979    -0.15195
  -4.37452  -0.03748   3.89504    50.87910    51.37212    -0.49302
  -3.95215  -0.03748   3.89504    51.20603    51.91946    -0.71343
  -3.32899   0.32830   3.79613    49.59835    50.12250    -0.52415
  -3.44077   0.74548   3.79613    46.23364    46.44198    -0.20834
  -3.74616   1.05087   3.79613    42.76163    42.71927     0.04237
  -4.16334   1.16265   3.79613    40.37396    40.24214     0.13183
  -4.58051   1.05087   3.79613    40.39843    40.20995     0.18848
  -4.88590   0.74548   3.79613    43.04276    42.75980     0.28296
  -3.74616  -0.39426   3.79613    54.36491    55.23590    -0.87098
  -3.44077  -0.08887   3.79613    52.37822    53.13861    -0.76039
  -2.93756   0.32830   3.63399    50.76113    51.21094    -0.44982
  -3.01149   0.74754   3.63399    47.82375    47.96146    -0.13771
  -3.22434   1.11622   3.63399    44.36367    44.15661     0.20705
  -5.31519   0.74754   3.63399    42.45478    41.78625     0.66853
  -3.55045  -0.73325   3.63399    57.45038    58.27098    -0.82060
  -3.22434  -0.45961   3.63399    55.54149    56.27082    -0.72933
  -3.01149  -0.09094   3.63399    53.27367    53.90519    -0.63152
  -2.57632   0.32830   3.41262    51.94963    52.36110    -0.41147
  -2.63039   0.73905   3.41262    49.56698    49.68025    -0.11328
  -2.78894   1.12181   3.41262    46.59007    46.27951     0.31056
  -5.69628   0.73905   3.41262    41.97788    40.95219     1.02569
  -3.36983  -1.04610   3.41262    60.55718    61.04428    -0.48711
  -3.04114  -0.79389   3.41262    58.41423    58.78940    -0.37516
  -2.78894  -0.46521   3.41262    56.12445    56.53995    -0.41550
  -2.63039  -0.08245   3.41262    54.01163    54.50395    -0.49233
  -2.25415   0.32830   3.13746    52.94988    53.47227    -0.52239
  -2.30202   0.75314   3.13746    51.13136    51.35068    -0.21933
  -2.44322   1.15667   3.13746    48.57300    48.26906     0.30394
  -3.33497  -1.39182   3.13746    64.65356    64.55549     0.09807
  -2.97298  -1.16436   3.13746    61.92954    61.50053     0.42901
  -2.67067  -0.86206   3.13746    58.82651    58.45715     0.36936
  -2.44322  -0.50006   3.13746    56.23426    56.28738    -0.05312
  -2.30202  -0.09653   3.13746    54.43519    54.88934    -0.45414
  -2.13546   1.14014   2.81530    50.87220    50.92656    -0.05437
  -6.83010   0.32830   1.65065    40.92680    40.13284     0.79396
  -6.85542   0.53499   1.22828    37.40710    36.89299     0.51411
  -6.85542   0.12162   1.22828    41.48152    41.12662     0.35489
  -6.83010   0.32830   0.80590    38.32954    38.10678     0.22275
  -6.79726  -0.08887   0.80590    41.94713    42.04639    -0.09927
  -6.69958  -0.49577   0.80590    45.32187    45.80469    -0.48282
  -6.73119   0.32830   0.39393    37.54829    37.41927     0.12902
  -6.69617  -0.09435   0.39393    40.83957    41.10464    -0.26507
  -6.59206  -0.50548   0.39393    43.87107    44.57303    -0.70196
  -6.42170  -0.89386   0.39393    46.72624    47.83999    -1.11375
  -6.18973  -1.24890   0.39393    49.49795    50.95472    -1.45677
  -5.90250  -1.56093   0.39393    52.32802    54.04309    -1.71507
  -5.56782  -1.82142   0.39393    55.50259    57.38626    -1.88367
  -6.56906   0.32830   0.00250    37.20127    37.01371     0.18757
  -6.53251  -0.08944   0.00250    40.03573    40.29855    -0.26282
  -6.42397  -0.49450   0.00250    42.60162    43.32426    -0.72264
  -6.24675  -0.87455   0.00250    44.91462    46.06130    -1.14668
  -6.00622  -1.21806   0.00250    46.99168    48.49796    -1.50628
  -5.70970  -1.51458   0.00250    48.85977    50.66277    -1.80300
  -6.33779   0.12067  -0.35874    38.49457    38.37215     0.12242
  -6.25920  -0.28710  -0.35874    40.66638    41.03673    -0.37035
  -6.10486  -0.67262  -0.35874    42.48177    43.30444    -0.82268
  -5.88035  -1.02197  -0.35874    43.81522    45.03055    -1.21532
  -5.59378  -1.32252  -0.35874    44.45528    46.01569    -1.56041
  -6.07252   0.32830  -0.68091    37.85953    37.21594     0.64359
  -6.02466  -0.09653  -0.68091    39.62597    39.55036     0.07561
  -5.88346  -0.50006  -0.68091    40.95629    41.37347    -0.41718
  -5.65600  -0.86206  -0.68091    41.50411    42.32052    -0.81641
  -5.75036   0.32830  -0.95607    38.85413    37.94651     0.90762
  -5.69628  -0.08245  -0.95607    39.90521    39.55941     0.34580
  -5.53774  -0.46521  -0.95607    40.41161    40.49983    -0.08822
  -5.38911   0.32830  -1.17744    40.32125    39.24436     1.07689
  -5.31519  -0.09094  -1.17744    40.74043    40.16079     0.57964
  -4.99768   0.32830  -1.33958    42.36379    41.29341     1.07038
  -4.35725   1.58458   3.83241    36.36982    36.21715     0.15268
  -3.93487   1.58458   3.79917    37.87334    37.58083     0.29250
  -4.14606   1.95036   3.79917    35.02193    34.81490     0.20703
  -4.56843   1.95036   3.79917    33.51277    33.55797    -0.04520
  -4.77962   1.58458   3.79917    35.09723    35.04291     0.05432
  -4.56843   1.21879   3.79917    38.72549    38.53363     0.19186
  -4.14606   1.21879   3.79917    39.91337    39.76029     0.15308
  -3.52290   1.58458   3.70027    39.64605    39.17710     0.46895
  -3.63468   2.00175   3.70027    37.00800    36.47098     0.53703
  -3.94007   2.30714   3.70027    34.58393    34.23201     0.35192
  -4.35725   2.41892   3.70027    32.62108    32.64514    -0.02406
  -4.77442   2.30714   3.70027    31.43760    31.79721    -0.35961
  -5.07981   2.00175   3.70027    31.69488    32.06577    -0.37089
  -5.19159   1.58458   3.70027    33.99972    34.01899    -0.01927
  -5.07981   1.16740   3.70027    38.04527    37.69206     0.35321
  -3.13147   1.58458   3.53813    41.69550    41.05029     0.64521
  -3.20540   2.00382   3.53813    39.27645    38.50365     0.77280
  -3.41825   2.37249   3.53813    36.99482    36.24516     0.74967
  -3.74436   2.64613   3.53813    34.95918    34.40044     0.55874
  -4.14439   2.79173   3.53813    33.17454    32.99196     0.18258
  -4.57010   2.79173   3.53813    31.57377    31.87341    -0.29965
  -4.97013   2.64613   3.53813    30.26918    30.97526    -0.70609
  -5.29625   2.37249   3.53813    29.72701    30.57068    -0.84367
  -5.50910   2.00382   3.53813    30.53022    31.14606    -0.61584
  -5.58302   1.58458   3.53813    33.02331    33.11321    -0.08989
  -5.50910   1.16534   3.53813    37.12597    36.63341     0.49256
  -2.77023   1.58458   3.31676    43.98151    43.24329     0.73822
  -2.82430   1.99533   3.31676    41.73503    40.89816     0.83687
  -2.98285   2.37809   3.31676    39.59836    38.71317     0.88519
  -3.23505   2.70677   3.31676    37.68257    36.79032     0.89226
  -3.56374   2.95898   3.31676    36.04289    35.26128     0.78161
  -3.94650   3.11752   3.31676    34.63852    34.15687     0.48165
  -4.35725   3.17160   3.31676    33.28185    33.27414     0.00771
  -4.76800   3.11752   3.31676    31.76641    32.30328    -0.53687
  -5.15076   2.95898   3.31676    30.17630    31.18218    -1.00588
  -5.47944   2.70677   3.31676    28.95454    30.21287    -1.25833
  -5.73165   2.37809   3.31676    28.64267    29.84238    -1.19971
  -5.89019   1.99533   3.31676    29.63790    30.45117    -0.81327
  -5.94427   1.58458   3.31676    32.12660    32.30315    -0.17655
  -5.89019   1.17382   3.31676    36.11631    35.56688     0.54943
  -2.44806   1.58458   3.04160    46.40935    45.79363     0.61572
  -2.49593   2.00941   3.04160    44.15094    43.55668     0.59426
  -2.63713   2.41294   3.04160    41.99984    41.36780     0.63204
  -2.86458   2.77494   3.04160    40.10162    39.32007     0.78155
  -3.16689   3.07724   3.04160    38.52846    37.59181     0.93665
  -3.52888   3.30469   3.04160    37.34184    36.41378     0.92806
  -3.93241   3.44590   3.04160    36.49972    35.83773     0.66198
  -4.35725   3.49376   3.04160    35.63250    35.46010     0.17240
  -4.78208   3.44590   3.04160    34.21119    34.64410    -0.43291
  -5.18561   3.30469   3.04160    32.14480    33.16741    -1.02260
  -5.54761   3.07724   3.04160    29.95354    31.41704    -1.46351
  -5.84991   2.77494   3.04160    28.35402    29.99368    -1.63967
  -6.07737   2.41294   3.04160    27.88150    29.36836    -1.48686
  -6.21857   2.00941   3.04160    28.82214    29.83224    -1.01010
  -6.26643   1.58458   3.04160    31.29390    31.57777    -0.28387
  -6.21857   1.15974   3.04160    35.33506    34.77671     0.55835
  -2.17290   1.58458   2.71943    48.83342    48.72544     0.10797
  -3.09020   3.36389   2.71943    40.07903    39.19452     0.88451
  -3.44984   3.57153   2.71943    39.44399    38.37253     1.07146
  -5.07168   3.64878   2.71943    37.30607    37.93805    -0.63199
  -5.44942   3.47628   2.71943    34.23692    35.45600    -1.21908
  -5.78769   3.23539   2.71943    31.11129    32.77674    -1.66544
  -6.07426   2.93485   2.71943    28.73240    30.60628    -1.87388
  -6.29877   2.58550   2.71943    27.53072    29.32171    -1.79099
  -6.45311   2.19998   2.71943    27.67944    29.09265    -1.41321
  -6.53170   1.79221   2.71943    29.23002    30.01434    -0.78432
  -6.53170   1.37694   2.71943    32.20065    32.18996     0.01069
  -6.45311   0.96918   2.71943    36.63777    35.77812     0.85965
  -5.90361   3.42746   2.35819    34.22813    35.81110    -1.58296
  -6.20013   3.13094   2.35819    30.42166    32.32276    -1.90110
  -6.44066   2.78744   2.35819    28.07666    30.02206    -1.94540
  -6.61788   2.40738   2.35819    27.23705    28.94046    -1.70341
  -6.72642   2.00232   2.35819    27.85703    29.05838    -1.20135
  -6.76297   1.58458   2.35819    29.88765    30.39089    -0.50324
  -6.72642   1.16683   2.35819    33.32075    33.02528     0.29548
  -6.61788   0.76177   2.35819    38.24168    37.15113     1.09055
  -6.09641   3.47381   1.96676    36.50599    37.97188    -1.46589
  -6.38364   3.16178   1.96676    31.52106    33.31819    -1.79713
  -6.61561   2.80674   1.96676    28.54980    30.40609    -1.85629
  -6.78597   2.41836   1.96676    27.32804    28.97062    -1.64258
  -6.89008   2.00723   1.96676    27.65183    28.84130    -1.18947
  -6.92510   1.58458   1.96676    29.39443    29.95452    -0.56009
  -6.89008   1.16192   1.96676    32.50248    32.35144     0.15104
  -6.78597   0.75080   1.96676    37.02055    36.18856     0.83199
  -6.51470   3.15206   1.55479    32.56649    34.08947    -1.52299
  -6.73335   2.79526   1.55479    29.18358    30.78027    -1.59669
  -6.89349   2.40865   1.55479    27.67505    29.10511    -1.43006
  -6.99117   2.00175   1.55479    27.71270    28.76992    -1.05722
  -7.02401   1.58458   1.55479    29.10766    29.64746    -0.53980
  -6.99117   1.16740   1.55479    31.76453    31.73154     0.03300
  -6.89349   0.76050   1.55479    35.67392    35.12435     0.54956
  -6.44027   3.30243   1.13241    36.64844    37.60403    -0.95560
  -6.67809   2.96433   1.13241    31.66978    32.83380    -1.16403
  -6.86150   2.59388   1.13241    28.96960    30.13223    -1.16263
  -6.98623   2.19978   1.13241    27.98190    28.95002    -0.96812
  -7.04933   1.79126   1.13241    28.39606    29.02205    -0.62599
  -7.04933   1.37789   1.13241    30.03825    30.24393    -0.20568
  -6.98623   0.96937   1.13241    32.81561    32.62099     0.19462
  -6.86150   0.57527   1.13241    36.70617    36.25136     0.45481
  -6.51470   3.15206   0.71004    35.70529    36.21424    -0.50895
  -6.73335   2.79526   0.71004    31.41062    32.06852    -0.65791
  -6.89349   2.40865   0.71004    29.21057    29.84647    -0.63591
  -6.99117   2.00175   0.71004    28.60628    29.06837    -0.46209
  -7.02401   1.58458   0.71004    29.31787    29.50954    -0.19167
  -6.99117   1.16740   0.71004    31.18032    31.08747     0.09285
  -6.89349   0.76050   0.71004    34.09636    33.81403     0.28233
  -6.38364   3.16178   0.29807    37.63300    37.50955     0.12344
  -6.61561   2.80674   0.29807    32.95743    33.00496    -0.04753
  -6.78597   2.41836   0.29807    30.40158    30.49860    -0.09702
  -6.89008   2.00723   0.29807    29.46910    29.48990    -0.02080
  -6.92510   1.58458   0.29807    29.86631    29.73104     0.13527
  -6.89008   1.16192   0.29807    31.40371    31.11194     0.29178
  -6.78597   0.75080   0.29807    33.95015    33.60580     0.34434
  -6.20013   3.13094  -0.09336    38.78071    38.08523     0.69548
  -6.44066   2.78744  -0.09336    34.35866    33.80755     0.55111
  -6.61788   2.40738  -0.09336    31.72939    31.26425     0.46514
  -6.72642   2.00232  -0.09336    30.59297    30.12620     0.46678
  -6.76297   1.58458  -0.09336    30.72036    30.19296     0.52740
  -6.72642   1.16683  -0.09336    31.93208    31.35207     0.58001
  -6.61788   0.76177  -0.09336    34.08192    33.54379     0.53813
  -6.07426   2.93485  -0.45461    37.63112    36.55603     1.07509
  -6.29877   2.58550  -0.45461    34.37685    33.38721     0.98964
  -6.45311   2.19998  -0.45461    32.44663    31.51498     0.93165
  -6.53170   1.79221  -0.45461    31.77771    30.85520     0.92251
  -6.53170   1.37694  -0.45461    32.23203    31.30368     0.92834
  -6.45311   0.96918  -0.45461    33.65710    32.76914     0.88796
  -6.29877   0.58365  -0.45461    35.90107    35.15963     0.74144
  -5.84991   2.77494  -0.77677    37.77231    36.55703     1.21527
  -6.07737   2.41294  -0.77677    35.10288    33.86694     1.23594
  -6.21857   2.00941  -0.77677    33.59247    32.35435     1.23811
  -6.26643   1.58458  -0.77677    33.31009    32.06488     1.24520
  -6.21857   1.15974  -0.77677    34.14907    32.92112     1.22795
  -6.07737   0.75621  -0.77677    35.93621    34.79037     1.14585
  -5.73165   2.37809  -1.05193    36.91638    35.81980     1.09658
  -5.89019   1.99533  -1.05193    35.38212    34.12142     1.26070
  -5.94427   1.58458  -1.05193    35.00248    33.64428     1.35820
  -5.89019   1.17382  -1.05193    35.74294    34.33785     1.40509
  -5.73165   0.79107  -1.05193    37.43722    36.04080     1.39641
  -5.58302   1.58458  -1.27330    36.91387    35.80743     1.10644
  -5.50910   1.16534  -1.27330    37.77231    36.47719     1.29512
  -5.29625   0.79666  -1.27330    39.81360    38.43513     1.37847
  -2.11734   2.02314   2.71237    47.15734    47.62138    -0.46405
  -2.19127   2.44238   2.71237    45.35513    46.00235    -0.64722
  -2.40412   2.81105   2.71237    43.43307    43.78964    -0.35657
  -2.73023   3.08469   2.71237    41.51917    41.18905     0.33012
  -1.75610   2.02314   2.49100    49.74770    51.44862    -1.70092
  -1.81017   2.43389   2.49100    48.07790    49.92681    -1.84891
  -1.96872   2.81665   2.49100    46.29640    47.97584    -1.67944
  -2.22093   3.14533   2.49100    44.54062    45.75253    -1.21191
  -2.54961   3.39754   2.49100    42.88714    43.37834    -0.49120
  -1.81017   1.61239   2.49100    51.15457    52.36281    -1.20824
  -1.43393   2.02314   2.21584    52.22511    54.89632    -2.67122
  -1.48180   2.44797   2.21584    50.56911    53.26123    -2.69212
  -1.62300   2.85151   2.21584    48.70352    51.22456    -2.52104
  -1.19825   2.43653   1.89368    53.18269    56.12507    -2.94238
  -1.31524   2.83498   1.89368    51.26376    54.01317    -2.74941
  -5.43898   2.63854  -1.28036    39.21432    38.98654     0.22778
  -5.51757   2.23078  -1.28036    37.81937    37.23849     0.58088
  -5.20444   2.44797  -1.60253    39.69751    40.27869    -0.58119
  -5.25231   2.02314  -1.60253    38.90559    39.18077    -0.27518
  -5.20444   1.59831  -1.60253    38.99783    38.96573     0.03210
  -5.06324   1.19477  -1.60253    40.10162    39.80483     0.29679
  -4.83578   0.83278  -1.60253    42.06761    41.58441     0.48320
  -4.93014   2.02314  -1.87769    40.24218    41.29995    -1.05776
  -4.87606   1.61239  -1.87769    40.45114    41.23211    -0.78096
  -4.71752   1.22963  -1.87769    41.57564    42.05294    -0.47729
  -4.56889   2.02314  -2.09906    41.61078    42.97948    -1.36870
  -4.49497   1.60390  -2.09906    42.05506    43.15042    -1.09536
  -4.06568   1.60597  -2.26120    43.98591    44.65213    -0.66623
  -2.29616   3.71202   2.37650    43.31573    44.33321    -1.01748
  -1.79295   3.29485   2.21436    46.80531    48.80355    -1.99825
  -1.86687   3.71409   2.21436    45.06648    46.43886    -1.37238
  -1.43170   3.29485   1.99299    48.76125    50.76404    -2.00279
  -1.48578   3.70560   1.99299    46.76201    48.06806    -1.30605
  -1.64433   4.08836   1.99299    44.40885    45.29553    -0.88668
  -1.10954   3.29485   1.71783    50.52644    52.06486    -1.53842
  -1.15740   3.71968   1.71783    47.98879    48.87220    -0.88341
  -1.29861   4.12321   1.71783    45.35827    45.79808    -0.43981
  -1.52606   4.48521   1.71783    42.89404    43.16141    -0.26738
  -1.15740   2.87001   1.71783    52.43720    54.84335    -2.40615
  -1.18114   4.47579   1.39566    43.45315    43.13620     0.31695
  -5.38789   2.87710  -1.41713    39.67052    39.84603    -0.17551
  -5.19318   3.08721  -1.77838    39.64103    40.22038    -0.57935
  -5.11459   2.67945  -1.77838    40.03385    40.79375    -0.75990
  -4.92791   3.29485  -2.10055    39.42830    39.86858    -0.44028
  -4.88005   2.87001  -2.10055    40.11229    40.79784    -0.68555
  -4.73885   2.46648  -2.10055    40.86028    41.93687    -1.07659
  -4.55167   3.70560  -2.37570    38.70604    38.49247     0.21357
  -4.60575   3.29485  -2.37570    39.38940    39.44985    -0.06045
  -4.55167   2.88410  -2.37570    40.24281    40.60318    -0.36037
  -4.39313   2.50134  -2.37570    41.27506    41.89690    -0.62183
  -4.14092   2.17265  -2.37570    42.67818    43.29385    -0.61568
  -3.81224   1.92045  -2.37570    44.63350    44.61578     0.01771
  -4.17058   3.71409  -2.59707    37.99947    37.20589     0.79358
  -4.24450   3.29485  -2.59707    38.98968    38.53970     0.44997
  -4.17058   2.87561  -2.59707    40.15684    39.94802     0.20882
  -3.95772   2.50693  -2.59707    41.59070    41.32708     0.26363
  -3.71430   4.38621   2.81783    40.97574    41.19066    -0.21492
  -3.29193   4.38621   2.78459    40.15496    40.53876    -0.38380
  -3.50311   4.75200   2.78459    40.50950    41.09484    -0.58533
  -3.92549   4.75200   2.78459    42.04878    42.49344    -0.44465
  -3.92549   4.02043   2.78459    40.81196    40.51226     0.29971
  -3.50311   4.02043   2.78459    40.28485    40.07670     0.20816
  -2.87995   4.38621   2.68568    39.99495    40.61553    -0.62059
  -2.99174   4.80339   2.68568    39.51992    40.33318    -0.81326
  -3.29713   5.10878   2.68568    39.94600    40.73951    -0.79351
  -3.71430   5.22056   2.68568    41.37045    42.00712    -0.63667
  -4.13147   5.10878   2.68568    43.34898    43.81748    -0.46849
  -3.29713   3.66365   2.68568    40.12233    39.36100     0.76133
  -2.99174   3.96904   2.68568    40.54904    40.66986    -0.12083
  -2.48853   4.38621   2.52355    40.41600    41.25546    -0.83946
  -2.56245   4.80545   2.52355    39.43960    40.37608    -0.93648
  -2.77530   5.17413   2.52355    39.11769    40.07194    -0.95426
  -3.10141   5.44776   2.52355    39.61467    40.47306    -0.85839
  -3.50145   5.59337   2.52355    40.83706    41.50165    -0.66458
  -3.92715   5.59337   2.52355    42.60727    43.06232    -0.45505
  -4.32719   5.44776   2.52355    44.72072    45.03302    -0.31230
  -2.77530   3.59830   2.52355    41.79590    41.84726    -0.05136
  -2.56245   3.96697   2.52355    41.48277    42.11798    -0.63521
  -2.12728   4.38621   2.30217    41.29138    42.21794    -0.92656
  -2.18136   4.79696   2.30217    39.95039    40.86154    -0.91115
  -2.33990   5.17972   2.30217    39.18797    40.12949    -0.94152
  -2.59211   5.50841   2.30217    39.13024    40.05861    -0.92837
  -2.92079   5.76061   2.30217    39.71382    40.52974    -0.81592
  -3.30355   5.91916   2.30217    40.79502    41.40307    -0.60805
  -3.71430   5.97323   2.30217    42.24833    42.60681    -0.35848
  -4.12505   5.91916   2.30217    44.00724    44.15234    -0.14510
  -4.50781   5.76061   2.30217    46.03284    46.06022    -0.02738
  -2.18136   3.97546   2.30217    42.80117    43.84687    -1.04570
  -1.80511   4.38621   2.02702    42.40521    43.17619    -0.77098
  -1.85298   4.81105   2.02702    40.70842    41.38390    -0.67547
  -1.99418   5.21458   2.02702    39.69186    40.42257    -0.73071
  -2.22164   5.57657   2.02702    39.42768    40.22570    -0.79803
  -2.52394   5.87888   2.02702    39.81799    40.60088    -0.78289
  -2.88594   6.10633   2.02702    40.68521    41.33159    -0.64638
  -3.28947   6.24753   2.02702    41.85551    42.25884    -0.40333
  -3.71430   6.29540   2.02702    43.22285    43.33516    -0.11231
  -4.13914   6.24753   2.02702    44.77155    44.62652     0.14502
  -4.54267   6.10633   2.02702    46.54928    46.25014     0.29915
  -1.56943   4.79960   1.70485    41.51728    41.71872    -0.20144
  -1.68642   5.19805   1.70485    40.41161    40.71640    -0.30479
  -1.87671   5.56716   1.70485    40.06083    40.53013    -0.46929
  -2.13342   5.89359   1.70485    40.34886    40.93912    -0.59026
  -2.44726   6.16553   1.70485    41.09811    41.70220    -0.60410
  -2.80689   6.37316   1.70485    42.11342    42.60116    -0.48774
  -3.19932   6.50899   1.70485    43.23101    43.48771    -0.25669
  -3.61037   6.56809   1.70485    44.36178    44.32101     0.04077
  -4.02517   6.54833   1.70485    45.50950    45.17296     0.33654
  -4.42873   6.45042   1.70485    46.75071    46.19057     0.56014
  -4.80647   6.27791   1.70485    48.18959    47.52618     0.66341
  -1.34513   4.80396   1.34360    41.73064    41.27032     0.46031
  -1.45366   5.20902   1.34360    40.80883    40.54648     0.26234
  -1.63089   5.58907   1.34360    40.69964    40.70870    -0.00906
  -1.87141   5.93258   1.34360    41.23114    41.48475    -0.25361
  -2.16793   6.22910   1.34360    42.20190    42.60173    -0.39983
  -2.51144   6.46963   1.34360    43.38977    43.79873    -0.40895
  -2.89150   6.64685   1.34360    44.58769    44.86197    -0.27428
  -3.29655   6.75538   1.34360    45.64881    45.67295    -0.02414
  -3.71430   6.79193   1.34360    46.52983    46.24140     0.28843
  -4.13205   6.75538   1.34360    47.29225    46.69755     0.59471
  -4.53710   6.64685   1.34360    48.06848    47.24140     0.82708
  -4.91716   6.46963   1.34360    49.00473    48.06991     0.93481
  -1.28558   5.21999   0.95217    40.43797    39.60010     0.83787
  -1.45594   5.60838   0.95217    40.98202    40.50752     0.47450
  -1.68790   5.96342   0.95217    42.09773    41.96552     0.13221
  -1.97514   6.27544   0.95217    43.57175    43.69605    -0.12430
  -4.34467   6.87549   0.95217    49.21243    48.38582     0.82662
  -4.74579   6.73778   0.95217    49.43081    48.40346     1.02734
  -5.11878   6.53593   0.95217    49.82802    48.73321     1.09481
  -5.45346   6.27544   0.95217    50.50887    49.49444     1.01443
  -1.33820   5.59690   0.54020    40.43106    39.58495     0.84611
  -1.55685   5.95369   0.54020    42.50122    42.01426     0.48696
  -4.92498   6.76231   0.54020    50.28422    49.20704     1.07718
  -5.28178   6.54367   0.54020    50.07589    48.97422     1.10167
  -5.59998   6.27190   0.54020    50.16311    49.17674     0.98637
  -5.18193   6.65250   0.11783    50.23214    49.24911     0.98303
  -5.51068   6.40191   0.11783    49.53434    48.60943     0.92491
  -5.79732   6.10407   0.11783    49.14905    48.40565     0.74340
  -5.28178   6.54367  -0.30454    49.62722    48.89067     0.73655
  -5.59998   6.27190  -0.30454    48.39981    47.75748     0.64232
  -5.87175   5.95369  -0.30454    47.51502    47.07587     0.43915
  -6.09040   5.59690  -0.30454    46.89253    46.72610     0.16643
  -6.25054   5.21029  -0.30454    46.38425    46.49818    -0.11394
  -6.09040   3.17553  -0.30454    39.79477    38.99189     0.80288
  -5.45346   6.27544  -0.71652    47.77042    47.39843     0.37198
  -5.74070   5.96342  -0.71652    46.25561    46.04187     0.21374
  -5.97266   5.60838  -0.71652    45.09346    45.11123    -0.01777
  -6.14302   5.21999  -0.71652    44.17353    44.44140    -0.26787
  -6.24713   4.80887  -0.71652    43.35840    43.81980    -0.46140
  -6.28215   4.38621  -0.71652    42.51942    43.04065    -0.52124
  -6.24713   3.96356  -0.71652    41.57188    41.95773    -0.38585
  -6.14302   3.55243  -0.71652    40.50888    40.52300    -0.01413
  -5.97266   3.16405  -0.71652    39.41826    38.80787     0.61040
  -5.26067   6.22910  -1.10795    47.30606    47.23066     0.07539
  -5.55719   5.93258  -1.10795    45.28862    45.33257    -0.04395
  -5.79771   5.58907  -1.10795    43.68219    43.90822    -0.22603
  -5.97494   5.20902  -1.10795    42.42341    42.85285    -0.42945
  -6.08347   4.80396  -1.10795    41.42065    42.01035    -0.58970
  -6.12002   4.38621  -1.10795    40.59422    41.23177    -0.63755
  -6.08347   3.96846  -1.10795    39.90647    40.42968    -0.52321
  -5.97494   3.56341  -1.10795    39.38752    39.62199    -0.23448
  -5.79771   3.18336  -1.10795    39.14153    38.96579     0.17574
  -5.55719   2.83985  -1.10795    39.33920    38.79629     0.54291
  -5.14474   6.03703  -1.46919    45.95378    46.15640    -0.20263
  -5.43131   5.73649  -1.46919    43.74243    44.06355    -0.32111
  -5.65582   5.38714  -1.46919    41.97097    42.44561    -0.47464
  -5.81017   5.00162  -1.46919    40.61304    41.23799    -0.62495
  -5.88875   4.59385  -1.46919    39.62095    40.33533    -0.71438
  -5.88875   4.17858  -1.46919    38.96646    39.65979    -0.69333
  -5.81017   3.77081  -1.46919    38.66902    39.21812    -0.54910
  -5.65582   3.38529  -1.46919    38.80017    39.14302    -0.34285
  -5.43131   3.03594  -1.46919    39.46219    39.71798    -0.25579
  -5.20696   5.57657  -1.79136    42.69198    43.14797    -0.45599
  -5.43442   5.21458  -1.79136    40.75235    41.33815    -0.58580
  -5.57562   4.81105  -1.79136    39.34547    40.03557    -0.69010
  -5.62349   4.38621  -1.79136    38.47574    39.19632    -0.72058
  -5.57562   3.96138  -1.79136    38.16450    38.81905    -0.65455
  -5.43442   3.55785  -1.79136    38.46884    39.01444    -0.54560
  -5.20696   3.19585  -1.79136    39.45842    40.02395    -0.56553
  -4.83649   5.50841  -2.06652    42.58656    42.96420    -0.37764
  -5.08870   5.17972  -2.06652    40.54527    41.04130    -0.49603
  -5.24724   4.79696  -2.06652    39.04239    39.61953    -0.57714
  -5.30132   4.38621  -2.06652    38.18144    38.77086    -0.58941
  -5.24724   3.97546  -2.06652    38.02206    38.54696    -0.52490
  -5.08870   3.59270  -2.06652    38.60627    39.05100    -0.44473
  -4.32719   5.44776  -2.28789    42.77481    42.80673    -0.03191
  -4.65330   5.17413  -2.28789    40.80255    41.00591    -0.20336
  -4.86615   4.80545  -2.28789    39.13714    39.43152    -0.29438
  -4.94008   4.38621  -2.28789    38.20341    38.48901    -0.28560
  -4.86615   3.96697  -2.28789    38.17266    38.34513    -0.17247
  -4.13147   5.10878  -2.45002    40.59422    40.25853     0.33569
  -4.43687   4.80339  -2.45002    39.23315    39.06383     0.16932
  -4.54865   4.38621  -2.45002    38.25800    38.06301     0.19498
  -4.43687   3.96904  -2.45002    38.23353    37.79160     0.44192
  -3.92549   4.75200  -2.54893    38.47763    37.65359     0.82404
  -4.13667   4.38621  -2.54893    37.89593    37.09667     0.79925
  -0.73979   3.40333   1.40454    51.43444    51.99851    -0.56407
  -0.81371   3.82256   1.40454    48.17014    48.35786    -0.18772
  -1.02657   4.19124   1.40454    45.28987    45.17361     0.11626
  -0.81371   2.98409   1.40454    54.12458    55.24717    -1.12260
  -0.37854   3.40333   1.18316    53.14441    53.31169    -0.16729
  -0.43262   3.81408   1.18316    49.40696    49.37475     0.03221
  -0.59116   4.19684   1.18316    45.97448    45.75061     0.22387
  -0.84337   4.52552   1.18316    43.37157    42.92395     0.44762
  -1.17205   4.77772   1.18316    41.74068    41.04875     0.69193
  -0.43262   2.99257   1.18316    56.36102    56.78710    -0.42608
  -0.05637   3.40333   0.90801    55.35450    55.40835    -0.05386
  -0.10424   3.82816   0.90801    50.81948    50.76189     0.05760
  -0.24544   4.23169   0.90801    46.62647    46.45668     0.16978
  -0.47290   4.59368   0.90801    43.32639    43.00667     0.31973
  -0.77520   4.89599   0.90801    41.21357    40.66648     0.54708
  -1.13720   5.12344   0.90801    40.34698    39.50264     0.84434
   0.17931   3.81671   0.58584    52.81873    52.91149    -0.09276
   0.06231   4.21516   0.58584    48.02518    48.04218    -0.01700
  -0.12797   4.58427   0.58584    44.04991    43.99398     0.05593
  -0.38468   4.91070   0.58584    41.17843    41.00370     0.17473
  -0.69852   5.18264   0.58584    39.59522    39.20521     0.39001
  -1.05815   5.39028   0.58584    39.41701    38.70244     0.71457
   0.40361   3.82107   0.22459    54.77530    55.13838    -0.36308
   0.29507   4.22613   0.22459    49.25448    49.51603    -0.26156
   0.11785   4.60618   0.22459    44.59898    44.82114    -0.22216
  -0.12268   4.94969   0.22459    41.06359    41.24950    -0.18590
  -0.41920   5.24621   0.22459    38.83782    38.91517    -0.07735
  -0.76271   5.48674   0.22459    38.10112    37.93926     0.16186
  -1.14276   5.66396   0.22459    39.07376    38.53419     0.53957
   0.46316   4.23710  -0.16684    50.40533    50.91762    -0.51229
   0.29280   4.62549  -0.16684    45.12609    45.60552    -0.47943
   0.06083   4.98053  -0.16684    40.99708    41.50839    -0.51131
  -0.22640   5.29256  -0.16684    38.19086    38.69925    -0.50839
  -0.56108   5.55304  -0.16684    36.88438    37.26938    -0.38500
  -0.93407   5.75490  -0.16684    37.31611    37.40908    -0.09297
  -1.33519   5.89260  -0.16684    39.89454    39.53495     0.35960
   0.57068   4.22740  -0.57881    51.61203    52.32222    -0.71020
   0.41054   4.61401  -0.57881    45.87283    46.53898    -0.66616
   0.19189   4.97081  -0.57881    41.25498    42.00835    -0.75336
  -0.07988   5.28901  -0.57881    37.90283    38.75668    -0.85386
  -0.39808   5.56078  -0.57881    35.96320    36.82651    -0.86332
  -0.75488   5.77942  -0.57881    35.62434    36.33545    -0.71111
  -1.14149   5.93956  -0.57881    37.18998    37.55625    -0.36627
   0.45408   4.60137  -1.00118    46.34597    47.09374    -0.74777
   0.24285   4.95669  -1.00118    41.36856    42.25946    -0.89090
  -0.02015   5.27559  -1.00118    37.62610    38.70685    -1.08075
  -0.32876   5.55061  -1.00118    35.23529    36.43802    -1.20274
  -0.67572   5.77531  -1.00118    34.34108    35.51341    -1.17232
  -1.05292   5.94440  -1.00118    35.15685    36.09919    -0.94234
  -1.45151   6.05394  -1.00118    38.03523    38.54379    -0.50856
   0.41054   4.61401  -1.42356    45.99896    46.72232    -0.72337
   0.19189   4.97081  -1.42356    40.76364    41.71909    -0.95544
  -0.07988   5.28901  -1.42356    36.82979    38.06352    -1.23373
  -0.39808   5.56078  -1.42356    34.29339    35.72682    -1.43342
  -0.75488   5.77942  -1.42356    33.27118    34.73580    -1.46462
  -1.14149   5.93956  -1.42356    33.92128    35.20017    -1.27889
  -1.54839   6.03725  -1.42356    36.47524    37.34423    -0.86899
   0.29280   4.62549  -1.83553    45.10664    45.73344    -0.62680
   0.06083   4.98053  -1.83553    39.75147    40.72049    -0.96902
  -0.22640   5.29256  -1.83553    35.79440    37.11892    -1.32452
  -0.56108   5.55304  -1.83553    33.30067    34.87099    -1.57032
  -0.93407   5.75490  -1.83553    32.34874    33.96871    -1.61997
  -1.33519   5.89260  -1.83553    33.02582    34.45626    -1.43043
  -1.75351   5.96241  -1.83553    35.40346    36.41130    -1.00784
   0.11785   4.60618  -2.22696    44.07627    44.57750    -0.50123
  -0.12268   4.94969  -2.22696    38.79828    39.72700    -0.92872
  -0.41920   5.24621  -2.22696    34.95040    36.27771    -1.32731
  -0.76271   5.48674  -2.22696    32.55770    34.14671    -1.58900
  -1.14276   5.66396  -2.22696    31.64468    33.28111    -1.63643
  -1.54781   5.77249  -2.22696    32.19500    33.63472    -1.43971
  -1.96556   5.80904  -2.22696    34.09134    35.11139    -1.02006
  -2.38331   5.77249  -2.22696    36.99922    37.44816    -0.44894
  -0.12797   4.58427  -2.58820    42.41588    42.85532    -0.43945
  -0.38468   4.91070  -2.58820    37.44224    38.34639    -0.90416
  -0.69852   5.18264  -2.58820    33.92191    35.21440    -1.29249
  -1.05815   5.39028  -2.58820    31.84862    33.35575    -1.50714
  -1.45058   5.52610  -2.58820    31.17467    32.66271    -1.48804
  -1.86163   5.58520  -2.58820    31.75198    32.98035    -1.22837
  -2.27643   5.56544  -2.58820    33.26177    34.03852    -0.77675
  -2.67999   5.46753  -2.58820    35.16312    35.38765    -0.22453
  -3.05774   5.29502  -2.58820    36.76076    36.44484     0.31593
  -3.39601   5.05414  -2.58820    37.52507    36.77769     0.74738
  -3.68258   4.75360  -2.58820    37.49683    36.48408     1.01275
  -3.90709   4.40425  -2.58820    37.27281    36.17398     1.09883
  -4.06143   4.01873  -2.58820    37.45792    36.43667     1.02126
  -3.90709   2.40240  -2.58820    42.07075    41.77777     0.29298
  -3.68258   2.05305  -2.58820    43.83530    43.11877     0.71653
  -0.47290   4.59368  -2.91037    39.66362    40.18098    -0.51736
  -0.77520   4.89599  -2.91037    35.27984    36.22998    -0.95014
  -1.13720   5.12344  -2.91037    32.47048    33.70305    -1.23257
  -1.54073   5.26465  -2.91037    31.16275    32.43930    -1.27655
  -1.96556   5.31251  -2.91037    31.14079    32.20266    -1.06187
  -2.39040   5.26465  -2.91037    31.99671    32.64052    -0.64381
  -2.79393   5.12344  -2.91037    33.17392    33.30260    -0.12869
  -3.15592   4.89599  -2.91037    34.16789    33.80771     0.36019
  -3.45823   4.59368  -2.91037    34.82113    34.09575     0.72538
  -3.68568   4.23169  -2.91037    35.37648    34.45809     0.91838
  -3.82688   3.82816  -2.91037    36.16588    35.21824     0.94765
  -3.87475   3.40333  -2.91037    37.30920    36.43716     0.87204
  -3.82688   2.97849  -2.91037    38.76001    37.95590     0.80410
  -3.68568   2.57496  -2.91037    40.49319    39.60798     0.88520
  -3.45823   2.21297  -2.91037    42.52318    41.32731     1.19587
  -0.84337   4.52552  -3.18553    37.68257    38.22048    -0.53791
  -1.17205   4.77772  -3.18553    34.09196    34.93843    -0.84646
  -1.55481   4.93627  -3.18553    32.00612    32.97509    -0.96897
  -1.96556   4.99034  -3.18553    31.25123    32.10028    -0.84905
  -2.37631   4.93627  -3.18553    31.45831    31.98133    -0.52302
  -2.75907   4.77772  -3.18553    32.16300    32.25383    -0.09083
  -3.08776   4.52552  -3.18553    33.00512    32.67877     0.32635
  -3.33996   4.19684  -3.18553    33.89869    33.26058     0.63811
  -3.49851   3.81408  -3.18553    34.96546    34.14979     0.81567
  -3.55258   3.40333  -3.18553    36.32590    35.42859     0.89731
  -3.49851   2.99257  -3.18553    38.01892    37.04959     0.96932
  -3.33996   2.60981  -3.18553    40.05142    38.94488     1.10654
  -1.02657   4.19124  -3.40690    39.26139    39.56152    -0.30013
  -1.35268   4.46488  -3.40690    35.20705    35.74037    -0.53332
  -1.75271   4.61048  -3.40690    32.85075    33.45703    -0.60628
  -2.17842   4.61048  -3.40690    32.01867    32.45250    -0.43383
  -2.57845   4.46488  -3.40690    32.24144    32.32526    -0.08383
  -2.90456   4.19124  -3.40690    33.06348    32.76430     0.29918
  -3.11741   3.82256  -3.40690    34.29465    33.69349     0.60116
  -3.19134   3.40333  -3.40690    35.95190    35.15496     0.79694
  -3.11741   2.98409  -3.40690    38.08041    37.14970     0.93072
  -1.24300   3.82050  -3.56903    40.88224    41.06668    -0.18443
  -1.54839   4.12589  -3.56903    36.50035    36.76381    -0.26346
  -1.96556   4.23767  -3.56903    34.05871    34.29691    -0.23820
  -2.38274   4.12589  -3.56903    33.55921    33.54295     0.01626
  -2.68813   3.82050  -3.56903    34.43521    34.07837     0.35684
  -2.79991   3.40333  -3.56903    36.29264    35.67788     0.61476
  -2.68813   2.98615  -3.56903    38.97650    38.26385     0.71265
  -1.75438   3.76911  -3.66794    37.90032    37.95367    -0.05335
  -2.17675   3.76911  -3.66794    35.97073    35.84716     0.12357
  -2.38794   3.40333  -3.66794    37.41400    37.03276     0.38124
  -1.96556   3.40333  -3.70118    39.35426    39.24044     0.11382
  -0.55551   2.73514   1.27602    57.32299    58.21448    -0.89149
  -0.12622   2.73721   1.11389    60.78873    61.48412    -0.69539
   0.09632   3.11148   0.89252    59.75836    60.05174    -0.29338
   0.44204   3.14633   0.61736    63.32575    63.82320    -0.49745
   0.21459   3.50833   0.61736    56.64717    56.81118    -0.16401
   0.74980   3.12981   0.29519    67.74655    68.62349    -0.87694
   0.55951   3.49891   0.29519    60.54086    61.12291    -0.58205
   0.80534   3.52083  -0.06606    63.37344    64.34498    -0.97154
   0.56481   3.86433  -0.06606    56.02091    56.64078    -0.61987
   0.98028   3.54013  -0.45748    65.51513    66.75304    -1.23791
   0.74832   3.89517  -0.45748    57.88085    58.78809    -0.90724
   1.09802   3.52865  -0.86946    67.33114    68.63932    -1.30818
   0.87938   3.88545  -0.86946    59.78158    60.83844    -1.05686
  -3.64725   1.90022  -2.51761    44.72637    43.98330     0.74307
  -3.45253   2.11033  -2.87885    43.06472    41.85838     1.20635
  -3.37394   1.70257  -2.87885    44.39755    43.21786     1.17969
  -3.18726   2.31797  -3.20102    41.84233    40.66645     1.17588
  -3.13940   1.89313  -3.20102    43.56171    42.52579     1.03592
  -2.99820   1.48960  -3.20102    44.82175    44.01119     0.81056
  -2.81102   2.72872  -3.47618    40.22273    39.33314     0.88959
  -2.86510   2.31797  -3.47618    42.24770    41.43727     0.81044
  -2.81102   1.90722  -3.47618    43.93069    43.32639     0.60430
  -2.65248   1.52446  -3.47618    45.32564    45.08145     0.24419
  -2.40027   1.19578  -3.47618    46.67165    46.97708    -0.30544
  -1.49093   3.52512  -3.69755    41.54678    41.71735    -0.17058
  -2.21707   3.10588  -3.69755    40.14931    39.85566     0.29365
  -2.42993   2.73721  -3.69755    41.51352    41.12067     0.39285
  -2.50385   2.31797  -3.69755    43.28874    42.98385     0.30489
  -2.42993   1.89873  -3.69755    45.03322    45.01630     0.01692
  -2.21707   1.53006  -3.69755    46.74444    47.21510    -0.47066
  -1.89096   1.25642  -3.69755    48.70038    49.79444    -1.09405
  -1.49093   1.11082  -3.69755    51.17277    52.84171    -1.66894
  -1.06522   1.11082  -3.69755    54.15595    56.13885    -1.98289
  -1.27808   3.15231  -3.85968    45.74795    46.30063    -0.55268
  -1.69525   3.04053  -3.85968    43.57865    43.88769    -0.30904
  -2.00064   2.73514  -3.85968    43.53284    43.69820    -0.16535
  -2.11242   2.31797  -3.85968    44.86756    45.12226    -0.25470
  -2.00064   1.90079  -3.85968    46.76703    47.39113    -0.62410
  -1.69525   1.59540  -3.85968    49.06058    50.24052    -1.17994
  -1.27808   1.48362  -3.85968    51.83479    53.50015    -1.66536
  -1.48926   2.68375  -3.95859    46.71745    47.48422    -0.76677
  -1.70045   2.31797  -3.95859    46.94273    47.73312    -0.79039
  -1.48926   1.95218  -3.95859    49.33291    50.57003    -1.23712
  -1.27808   2.31797  -3.99183    49.53183    50.74113    -1.20929
  -3.37735   1.07828  -2.78873    45.34446    44.29244     1.05202
  -3.32948   0.65344  -2.78873    46.08304    44.96690     1.11614
   0.39316   0.65344  -2.78873    74.34544    74.60590    -0.26045
  -3.05518   1.07828  -3.06388    45.38462    44.61975     0.76488
  -3.00110   0.66752  -3.06388    46.17654    45.54989     0.62665
  -2.84256   0.28476  -3.06388    48.09923    47.54893     0.55030
  -0.67465  -0.29613  -3.06388    65.83641    67.49517    -1.65875
  -0.09376   0.28476  -3.06388    67.63235    68.72495    -1.09260
   0.06478   0.66752  -3.06388    68.15318    69.33586    -1.18268
  -2.69394   1.07828  -3.28526    45.98139    45.79654     0.18485
  -2.62001   0.65904  -3.28526    46.90069    46.97248    -0.07179
  -2.40716   0.29036  -3.28526    49.10952    49.50186    -0.39234
  -1.25531  -0.12888  -3.28526    58.12683    60.10553    -1.97870
  -0.85527   0.01672  -3.28526    60.08090    62.08334    -2.00244
  -0.52916   0.29036  -3.28526    61.55994    63.40785    -1.84791
  -0.31631   0.65904  -3.28526    62.66373    64.49121    -1.82748
  -2.19073   0.66110  -3.44739    48.27368    49.12486    -0.85118
  -1.88533   0.35571  -3.44739    50.75046    52.09394    -1.34348
  -1.46816   0.24393  -3.44739    53.63135    55.47897    -1.84762
  -1.05099   0.35571  -3.44739    56.05856    58.13969    -2.08112
  -0.74560   0.66110  -3.44739    57.82626    59.96679    -2.14054
  -1.67935   0.71249  -3.54630    50.60111    52.21423    -1.61312
  -1.25697   0.71249  -3.54630    53.35149    55.38259    -2.03111
  -1.81445   1.40024   2.48439    52.04878    53.08680    -1.03802
  -1.38517   1.40230   2.32225    54.20176    56.45932    -2.25756
  -1.16262   1.77657   2.10088    54.80229    57.70413    -2.90184
  -1.04435   2.17342   1.82572    55.12232    58.03737    -2.91505
  -0.95613   2.49043   1.50355    55.75673    57.97017    -2.21344
  -4.71147   0.77543  -1.67049    42.77293    42.41230     0.36063
  -4.63288   0.36766  -1.67049    43.49457    42.70226     0.79231
  -4.44620   0.98306  -1.99265    43.16952    43.38576    -0.21624
  -4.39834   0.55823  -1.99265    43.76753    43.20123     0.56630
  -4.25713   0.15470  -1.99265    44.56133    43.19273     1.36860
  -4.06996   1.39381  -2.26781    44.09509    44.50321    -0.40812
  -4.12404   0.98306  -2.26781    44.14153    43.98832     0.15320
  -4.06996   0.57231  -2.26781    44.76527    43.91099     0.85428
  -3.91142   0.18955  -2.26781    46.04037    44.33986     1.70051
  -3.68887   1.40230  -2.48919    45.20892    44.57337     0.63555
  -3.76279   0.98306  -2.48919    45.16876    44.41856     0.75020
  -3.68887   0.56382  -2.48919    46.03033    44.78042     1.24991
   6.76894  -1.66292   0.05746    73.60435    72.73620     0.86815
   5.65745  -2.06283  -0.21116    81.46705    80.73236     0.73468
   6.06470  -2.14745  -0.21116    77.39890    76.82999     0.56891
   6.47968  -2.11907  -0.21116    74.37180    73.99591     0.37589
   6.87161  -1.97978  -0.21116    72.17301    72.02178     0.15123
   7.21142  -1.73991  -0.21116    70.66949    70.79662    -0.12713
   7.47392  -1.41725  -0.21116    69.82110    70.31913    -0.49803
   5.65384  -2.34419  -0.53848    79.10824    78.67145     0.43679
   6.06450  -2.41660  -0.53848    75.67765    75.45900     0.21864
   6.48080  -2.39235  -0.53848    73.10172    73.08231     0.01941
   6.88028  -2.27276  -0.53848    71.21292    71.39235    -0.17944
   7.24141  -2.06426  -0.53848    69.91711    70.31099    -0.39388
   7.54472  -1.77809  -0.53848    69.19610    69.83748    -0.64138
   7.77387  -1.42970  -0.53848    69.14276    70.07787    -0.93510
   7.91649  -1.03785  -0.53848    70.04638    71.32306    -1.27669
   8.16451  -0.62367  -0.91192    73.16322    74.59132    -1.42811
   5.55226  -2.52157  -0.91192    77.30980    77.06426     0.24554
   5.96033  -2.60831  -0.91192    74.35988    74.32522     0.03465
   6.37752  -2.60831  -0.91192    72.09708    72.24676    -0.14968
   6.78559  -2.52157  -0.91192    70.40468    70.72355    -0.31887
   7.16672  -2.35189  -0.91192    69.20928    69.69495    -0.48568
   7.50423  -2.10667  -0.91192    68.48576    69.14862    -0.66286
   7.78339  -1.79664  -0.91192    68.27554    69.13358    -0.85804
   7.99198  -1.43534  -0.91192    68.72108    69.78988    -1.06881
   8.12090  -1.03857  -0.91192    70.13423    71.41253    -1.27830
   8.28742  -0.62367  -1.31712    72.66497    73.92985    -1.26488
   5.35821  -2.58090  -1.31712    75.60987    75.50476     0.10511
   5.75563  -2.70145  -1.31712    73.11678    73.18129    -0.06451
   6.16893  -2.74216  -1.31712    71.13259    71.35385    -0.22125
   6.58223  -2.70145  -1.31712    69.60210    69.96241    -0.36031
   6.97964  -2.58090  -1.31712    68.47760    68.96667    -0.48907
   7.34590  -2.38513  -1.31712    67.73526    68.35197    -0.61671
   7.66693  -2.12167  -1.31712    67.38699    68.13763    -0.75064
   7.93039  -1.80064  -1.31712    67.49743    68.38986    -0.89242
   8.12616  -1.43438  -1.31712    68.20589    69.24461    -1.03872
   8.24672  -1.03696  -1.31712    69.77341    70.94829    -1.17488
   8.32893  -0.62367  -1.73851    71.68606    72.74243    -1.05638
   5.08893  -2.49428  -1.73851    73.48387    73.53639    -0.05252
   5.46246  -2.66487  -1.73851    71.59695    71.73958    -0.14263
   5.86153  -2.76168  -1.73851    69.97609    70.23047    -0.25437
   6.27170  -2.78122  -1.73851    68.65581    69.01457    -0.35876
   6.67817  -2.72278  -1.73851    67.63548    68.08756    -0.45207
   7.06622  -2.58847  -1.73851    66.91008    67.44816    -0.53808
   7.42185  -2.38315  -1.73851    66.48463    67.10858    -0.62394
   7.73219  -2.11424  -1.73851    66.39176    67.10396    -0.71220
   7.98604  -1.79145  -1.73851    66.69924    67.50400    -0.80476
   8.17420  -1.42646  -1.73851    67.53194    68.42907    -0.89713
   8.28989  -1.03245  -1.73851    69.09005    70.07427    -0.98422
   8.28742  -0.62367  -2.15991    70.58917    71.33205    -0.74288
   5.35821  -2.58090  -2.15991    68.48827    68.78629    -0.29802
   5.75563  -2.70145  -2.15991    67.52379    67.87055    -0.34676
   6.16893  -2.74216  -2.15991    66.67414    67.07393    -0.39979
   6.58223  -2.70145  -2.15991    65.99768    66.44650    -0.44881
   6.97964  -2.58090  -2.15991    65.52956    66.02214    -0.49258
   7.34590  -2.38513  -2.15991    65.30052    65.83485    -0.53433
   7.66693  -2.12167  -2.15991    65.35574    65.93176    -0.57602
   7.93039  -1.80064  -2.15991    65.76802    66.38561    -0.61759
   8.12616  -1.43438  -2.15991    66.65092    67.30925    -0.65833
   8.24672  -1.03696  -2.15991    68.17640    68.87407    -0.69768
   8.16451  -0.62367  -2.56511    69.50860    69.81069    -0.30209
   5.55226  -2.52157  -2.56511    64.69811    65.13609    -0.43798
   5.96033  -2.60831  -2.56511    64.45652    64.87587    -0.41935
   6.37752  -2.60831  -2.56511    64.19799    64.60784    -0.40986
   6.78559  -2.52157  -2.56511    64.02103    64.42301    -0.40198
   7.16672  -2.35189  -2.56511    63.99781    64.39079    -0.39298
   7.50423  -2.10667  -2.56511    64.19861    64.57915    -0.38054
   7.78339  -1.79664  -2.56511    64.70752    65.07135    -0.36382
   7.99198  -1.43534  -2.56511    65.64189    65.98274    -0.34086
   8.12090  -1.03857  -2.56511    67.16611    67.48071    -0.31460
   5.65384  -2.34419  -2.93855    61.42063    61.90907    -0.48844
   6.06450  -2.41660  -2.93855    61.86679    62.25072    -0.38393
   6.48080  -2.39235  -2.93855    62.14666    62.44972    -0.30307
   6.88028  -2.27276  -2.93855    62.42151    62.65109    -0.22958
   7.24141  -2.06426  -2.93855    62.81558    62.96948    -0.15389
   7.54472  -1.77809  -2.93855    63.44874    63.51650    -0.06776
   7.77387  -1.42970  -2.93855    64.45778    64.42546     0.03231
   7.91649  -1.03785  -2.93855    66.02592    65.87909     0.14683
   6.06470  -2.14745  -3.26587    59.35424    59.62535    -0.27111
   6.47968  -2.11907  -3.26587    60.23777    60.33637    -0.09860
   6.87161  -1.97978  -3.26587    60.99832    60.93799     0.06033
   7.21142  -1.73991  -3.26587    61.84671    61.61880     0.22791
   7.47392  -1.41725  -3.26587    62.98250    62.56221     0.42029
   7.36866   2.62599  -2.02754    83.03080    83.12438    -0.09358
   7.00240   2.82176  -2.02754    82.25144    82.41390    -0.16246
   6.60499   2.94231  -2.02754    81.96843    82.04417    -0.07574
   6.19169   2.98302  -2.02754    82.48863    82.23969     0.24894
   8.35169   0.86452  -2.44893    75.63749    76.15756    -0.52008
   8.31265   1.27330  -2.44893    76.57122    76.98654    -0.41532
   8.19696   1.66731  -2.44893    77.31796    77.64273    -0.32477
   8.00879   2.03231  -2.44893    77.71140    77.98645    -0.27504
   7.75495   2.35509  -2.44893    77.75596    78.01381    -0.25785
   7.44461   2.62400  -2.44893    77.59155    77.82830    -0.23675
   7.08898   2.82933  -2.44893    77.42526    77.58714    -0.16188
   6.70093   2.96363  -2.44893    77.46668    77.44835     0.01833
   6.29446   3.02207  -2.44893    77.89087    77.53702     0.35385
   5.88429   3.00253  -2.44893    78.83653    77.93080     0.90573
   8.31265   0.45574  -2.44893    74.83427    75.42553    -0.59126
   8.31018   0.86452  -2.87033    71.70426    72.12971    -0.42545
   8.26948   1.27782  -2.87033    72.35185    72.79731    -0.44546
   8.14892   1.67523  -2.87033    72.93041    73.35754    -0.42713
   7.95315   2.04149  -2.87033    73.33390    73.72468    -0.39079
   7.68969   2.36252  -2.87033    73.55290    73.89039    -0.33749
   7.36866   2.62599  -2.87033    73.65707    73.90757    -0.25050
   7.00240   2.82176  -2.87033    73.76123    73.86090    -0.09967
   6.60499   2.94231  -2.87033    73.98212    73.83553     0.14658
   6.19169   2.98302  -2.87033    74.41447    73.89260     0.52187
   5.77839   2.94231  -2.87033    75.10159    74.05136     1.05023
   5.38097   2.82176  -2.87033    76.00332    74.27171     1.73162
   8.26948   0.45122  -2.87033    71.18468    71.51526    -0.33059
   8.18727   0.86452  -3.27553    68.79512    69.05624    -0.26112
   8.14366   1.27943  -3.27553    69.34231    69.69901    -0.35670
   8.01474   1.67620  -3.27553    69.84996    70.23338    -0.38342
   7.80614   2.03749  -3.27553    70.24843    70.60869    -0.36025
   7.52699   2.34753  -3.27553    70.52830    70.82091    -0.29261
   7.18948   2.59274  -3.27553    70.73162    70.90216    -0.17054
   6.80835   2.76243  -3.27553    70.92238    70.89979     0.02259
   6.40028   2.84917  -3.27553    71.15958    70.85310     0.30648
   5.98309   2.84917  -3.27553    71.46768    70.77197     0.69572
   5.57502   2.76243  -3.27553    71.80152    70.61720     1.18432
   5.19390   2.59274  -3.27553    72.01048    70.27919     1.73129
   8.01474   0.05285  -3.27553    68.08792    67.83076     0.25716
   8.14366   0.44962  -3.27553    68.33076    68.39706    -0.06629
   7.98766   0.86452  -3.64896    66.48338    66.57343    -0.09005
   7.93925   1.27870  -3.64896    67.02931    67.25880    -0.22949
   7.79663   1.67055  -3.64896    67.51814    67.79894    -0.28080
   7.56748   2.01895  -3.64896    67.90531    68.16817    -0.26286
   7.26417   2.30511  -3.64896    68.18644    68.36762    -0.18118
   6.90304   2.51361  -3.64896    68.38410    68.41664    -0.03254
   6.50356   2.63321  -3.64896    68.52466    68.33365     0.19101
   6.08726   2.65746  -3.64896    68.60875    68.11370     0.49505
   5.67660   2.58504  -3.64896    68.57298    67.70652     0.86646
   5.29370   2.41988  -3.64896    68.26174    66.99653     1.26521
   7.79663   0.05849  -3.64896    65.47497    64.92990     0.54506
   7.93925   0.45034  -3.64896    65.94874    65.78686     0.16188
   7.71904   0.86452  -3.97628    64.52555    64.47156     0.05398
   7.66240   1.27659  -3.97628    65.13047    65.23552    -0.10505
   7.49668   1.65811  -3.97628    65.62181    65.78476    -0.16295
   7.23418   1.98076  -3.97628    65.97447    66.11074    -0.13627
   6.89437   2.22063  -3.97628    66.18217    66.21485    -0.03268
   6.50244   2.35993  -3.97628    66.24053    66.09683     0.14370
   6.08746   2.38831  -3.97628    66.11691    65.73138     0.38553
   5.68021   2.30368  -3.97628    65.70903    65.04366     0.66537
   5.31089   2.11232  -3.97628    64.81734    63.89334     0.92400
   7.49668   0.07093  -3.97628    63.01952    62.29471     0.72482
   7.66240   0.45245  -3.97628    63.83278    63.50115     0.33163
   7.39172   0.86452  -4.24491    62.77731    62.62190     0.15541
   7.31935   1.27496  -4.24491    63.47949    63.48322    -0.00374
   7.11096   1.63589  -4.24491    63.95200    64.00049    -0.04849
   6.79170   1.90378  -4.24491    64.17477    64.16903     0.00574
   6.40007   2.04632  -4.24491    64.10951    63.96889     0.14062
   5.98330   2.04632  -4.24491    63.66774    63.34192     0.32582
   5.59167   1.90378  -4.24491    62.66875    62.16970     0.49905
   5.27241   1.63589  -4.24491    60.85148    60.29342     0.55806
   7.11096   0.09315  -4.24491    60.52894    59.75273     0.77621
   7.31935   0.45409  -4.24491    61.83228    61.40139     0.43089
   7.01828   0.86452  -4.44451    61.14766    60.94288     0.20478
   6.90754   1.27782  -4.44451    61.95966    61.89333     0.06633
   6.60499   1.58037  -4.44451    62.23200    62.16810     0.06390
   6.19169   1.69112  -4.44451    61.86742    61.70908     0.15833
   5.77839   1.58037  -4.44451    60.65319    60.40006     0.25313
   5.47583   1.27782  -4.44451    58.37219    58.16602     0.20617
   6.90754   0.45122  -4.44451    59.77530    59.32784     0.44746
   6.61308   0.86452  -4.56743    59.58516    59.38462     0.20055
   6.40238   1.22946  -4.56743    60.23087    60.11572     0.11515
   5.98099   1.22946  -4.56743    59.11579    58.98607     0.12972
   5.77029   0.86452  -4.56743    56.61830    56.56337     0.05493
   6.40238   0.49958  -4.56743    57.56458    57.25198     0.31260
   6.19169   0.86452  -4.60893    58.06973    57.92337     0.14635
   4.51331   3.28331   0.41278    75.35009    76.73783    -1.38775
   4.10606   3.19868   0.41278    77.72082    79.51971    -1.79889
   5.32889   3.40861   0.08546    73.07348    74.18141    -1.10793
   4.92941   3.52821   0.08546    72.77353    73.86074    -1.08721
   4.51311   3.55246   0.08546    73.46630    74.68741    -1.22111
   4.10245   3.48005   0.08546    75.23400    76.75913    -1.52513
   3.71955   3.31488   0.08546    78.23161    80.27789    -2.04628
   5.61533   3.48774  -0.28797    73.27617    74.40815    -1.13198
   5.23421   3.65743  -0.28797    72.00609    72.89824    -0.89215
   4.82613   3.74417  -0.28797    71.74379    72.55961    -0.81582
   4.40894   3.74417  -0.28797    72.39452    73.30173    -0.90721
   4.00087   3.65743  -0.28797    73.96392    75.15133    -1.18742
   3.61975   3.48774  -0.28797    76.54486    78.24156    -1.69670
   6.11554   3.25752  -0.69317    78.05402    79.33165    -1.27762
   5.79451   3.52099  -0.69317    74.25069    75.15012    -0.89943
   5.42825   3.71675  -0.69317    72.13096    72.74012    -0.60916
   5.03084   3.83731  -0.69317    71.17652    71.61916    -0.44264
   4.61754   3.87802  -0.69317    71.14891    71.56805    -0.41914
   4.20424   3.83731  -0.69317    71.95589    72.51302    -0.55714
   3.80683   3.71675  -0.69317    73.60875    74.48436    -0.87561
   3.44057   3.52099  -0.69317    76.20915    77.60947    -1.40032
   3.11954   3.25752  -0.69317    79.95914    82.12427    -2.16512
   6.18081   3.25009  -1.11457    79.56130    80.33297    -0.77167
   5.87046   3.51900  -1.11457    75.13171    75.61449    -0.48278
   5.51484   3.72432  -1.11457    72.49366    72.71503    -0.22137
   5.12678   3.85863  -1.11457    71.09996    71.14450    -0.04454
   4.72032   3.91707  -1.11457    70.66008    70.64524     0.01484
   4.31014   3.89753  -1.11457    71.03596    71.09935    -0.06339
   3.91107   3.80072  -1.11457    72.19560    72.48720    -0.29161
   3.53754   3.63014  -1.11457    74.19610    74.87364    -0.67754
   3.20304   3.39194  -1.11457    77.19245    78.40889    -1.21644
   6.37901   2.93649  -1.53597    85.89287    86.31814    -0.42527
   6.11554   3.25752  -1.53597    79.24755    79.45478    -0.20723
   5.79451   3.52099  -1.53597    74.95475    74.91550     0.03925
   5.42825   3.71675  -1.53597    72.32926    72.07846     0.25080
   5.03084   3.83731  -1.53597    70.92740    70.54618     0.38122
   4.61754   3.87802  -1.53597    70.48940    70.08939     0.40001
   4.20424   3.83731  -1.53597    70.88598    70.59789     0.28810
   3.80683   3.71675  -1.53597    72.09143    72.05253     0.03890
   3.44057   3.52099  -1.53597    74.17162    74.51179    -0.34017
   3.11954   3.25752  -1.53597    77.28595    78.09994    -0.81398
   5.95284   3.24253  -1.94117    78.17200    77.80885     0.36315
   5.61533   3.48774  -1.94117    74.27391    73.71252     0.56138
   5.23421   3.65743  -1.94117    71.92137    71.21957     0.70180
   4.82613   3.74417  -1.94117    70.75044    69.99593     0.75451
   4.40894   3.74417  -1.94117    70.54148    69.84811     0.69337
   4.00087   3.65743  -1.94117    71.19472    70.68714     0.50758
   3.61975   3.48774  -1.94117    72.70576    72.50274     0.20302
   3.28224   3.24253  -1.94117    75.14238    75.33585    -0.19347
   3.00308   2.93249  -1.94117    78.60686    79.22406    -0.61720
   5.69002   3.20011  -2.31460    76.56181    75.62969     0.93212
   5.32889   3.40861  -2.31460    73.23914    72.20246     1.03669
   4.92941   3.52821  -2.31460    71.39427    70.32457     1.06970
   4.51311   3.55246  -2.31460    70.70212    69.69650     1.00563
   4.10245   3.48005  -2.31460    70.98450    70.15611     0.82839
   3.71955   3.31488  -2.31460    72.16736    71.62668     0.54068
   3.38507   3.06586  -2.31460    74.23375    74.06399     0.16976
   3.11702   2.74642  -2.31460    77.13723    77.37218    -0.23494
   2.92988   2.37378  -2.31460    80.65568    81.27921    -0.62353
   5.32022   3.11563  -2.64192    74.49918    73.07452     1.42467
   4.92829   3.25493  -2.64192    72.06005    70.67532     1.38474
   4.51331   3.28331  -2.64192    71.03345    69.76692     1.26653
   4.10606   3.19868  -2.64192    71.13761    70.08926     1.04836
   3.73675   3.00732  -2.64192    72.20815    71.47145     0.73670
   3.43276   2.72341  -2.64192    74.09005    73.72573     0.36432
   3.21664   2.36802  -2.64192    76.50408    76.52248    -0.01841
   3.10442   1.96749  -2.64192    78.94132    79.30312    -0.36180
   5.21756   2.79878  -2.91054    75.18882    73.30476     1.88405
   4.82592   2.94132  -2.91054    72.36628    70.66081     1.70547
   4.40916   2.94132  -2.91054    71.26374    69.78087     1.48287
   4.01752   2.79878  -2.91054    71.45074    70.26165     1.18909
   3.69826   2.53089  -2.91054    72.55641    71.70559     0.85082
   3.48988   2.16996  -2.91054    74.07185    73.52518     0.54667
   4.61754   2.58612  -3.11015    71.93643    69.95025     1.98618
   4.20424   2.47537  -3.11015    71.20539    69.56550     1.63989
   3.90169   2.17282  -3.11015    71.54675    70.18231     1.36444
   9.21090   1.67300   0.07884    56.29576    54.98061     1.31515
   9.09034   2.07042   0.07884    56.51727    55.19079     1.32648
   8.89457   2.43668   0.07884    56.78584    55.59587     1.18998
   8.63111   2.75771   0.07884    57.13097    56.21382     0.91715
   9.29311   1.25971  -0.34256    60.21267    59.02561     1.18706
   9.25407   1.66849  -0.34256    60.26789    58.92411     1.34379
   9.13838   2.06250  -0.34256    60.44109    59.06669     1.37439
   8.95022   2.42749  -0.34256    60.72472    59.44363     1.28109
   8.69637   2.75028  -0.34256    61.14139    60.06736     1.07403
   8.38603   3.01919  -0.34256    61.74191    60.97365     0.76827
   8.03041   3.22451  -0.34256    62.61164    62.22606     0.38558
   7.64235   3.35882  -0.34256    63.87984    63.92504    -0.04520
   7.23589   3.41726  -0.34256    65.73225    66.22355    -0.49130
   8.95022   0.09192  -0.34256    61.31960    61.29124     0.02836
   9.13838   0.45692  -0.34256    60.63813    60.12622     0.51191
   9.25407   0.85092  -0.34256    60.31119    59.40516     0.90603
   9.25160   1.25971  -0.76395    63.97710    62.83714     1.13997
   9.21090   1.67300  -0.76395    63.94259    62.64482     1.29777
   9.09034   2.07042  -0.76395    64.09633    62.75977     1.33656
   8.89457   2.43668  -0.76395    64.42954    63.16803     1.26150
   8.63111   2.75771  -0.76395    64.96292    63.88174     1.08118
   8.31008   3.02117  -0.76395    65.75045    64.93964     0.81081
   7.94382   3.21694  -0.76395    66.88310    66.41112     0.47198
   7.54641   3.33750  -0.76395    68.49329    68.40517     0.08811
   7.13311   3.37820  -0.76395    70.77115    71.08610    -0.31495
   6.71981   3.33750  -0.76395    73.97458    74.70061    -0.72603
   6.32239   3.21694  -0.76395    78.45877    79.62641    -1.16764
   8.31008  -0.50176  -0.76395    70.59105    71.73095    -1.13989
   8.63111  -0.23830  -0.76395    67.69572    68.24455    -0.54883
   8.89457   0.08273  -0.76395    65.90607    65.90490     0.00117
   9.09034   0.44899  -0.76395    64.83742    64.35732     0.48010
   9.21090   0.84641  -0.76395    64.24505    63.38053     0.86452
   9.12869   1.25971  -1.16915    67.59658    66.59043     1.00614
   9.08508   1.67461  -1.16915    67.49367    66.32331     1.17035
   8.95616   2.07138  -1.16915    67.66121    66.44563     1.21559
   8.74757   2.43268  -1.16915    68.08917    66.94009     1.14909
   8.46841   2.74271  -1.16915    68.80391    67.82204     0.98187
   8.13090   2.98793  -1.16915    69.86942    69.13877     0.73065
   7.74978   3.15761  -1.16915    71.39301    70.97321     0.41980
   7.34170   3.24435  -1.16915    73.52529    73.45226     0.07303
   6.92451   3.24435  -1.16915    76.47584    76.76100    -0.28517
   6.51644   3.15761  -1.16915    80.51951    81.16611    -0.64660
   8.46841  -0.22330  -1.16915    72.86327    73.67732    -0.81405
   8.74757   0.08673  -1.16915    70.39464    70.58200    -0.18736
   8.95616   0.44803  -1.16915    68.89301    68.56946     0.32355
   9.08508   0.84480  -1.16915    68.02579    67.30284     0.72295
   8.92908   1.25971  -1.54259    71.26751    70.50009     0.76742
   8.88067   1.67389  -1.54259    71.12004    70.17723     0.94282
   8.73805   2.06574  -1.54259    71.35787    70.36619     0.99168
   8.50890   2.41414  -1.54259    71.97283    71.04968     0.92315
   8.20559   2.70030  -1.54259    73.00822    72.25343     0.75479
   7.84446   2.90880  -1.54259    74.55378    74.04408     0.50970
   7.44498   3.02839  -1.54259    76.74880    76.53014     0.21867
   7.02868   3.05264  -1.54259    79.78281    79.86376    -0.08095
   6.61802   2.98023  -1.54259    83.89488    84.23563    -0.34075
   8.50890   0.10528  -1.54259    75.10661    75.66631    -0.55970
   8.73805   0.45367  -1.54259    73.05842    73.03578     0.02264
   8.88067   0.84553  -1.54259    71.86615    71.40460     0.46156
   8.66046   1.25971  -1.86991    75.25219    74.86169     0.39050
   8.60382   1.67178  -1.86991    75.09783    74.51547     0.58235
   8.43811   2.05329  -1.86991    75.52328    74.89603     0.62725
   8.17561   2.37595  -1.86991    76.53922    75.99757     0.54165
   7.83579   2.61582  -1.86991    78.23035    77.87748     0.35288
   7.44386   2.75511  -1.86991    80.75169    80.64919     0.10250
   7.02888   2.78350  -1.86991    84.32096    84.46786    -0.14690
   8.43811   0.46612  -1.86991    77.70074    78.16273    -0.46199
   8.60382   0.84763  -1.86991    76.05980    76.01578     0.04402
   8.33314   1.25971  -2.13853    79.99617    80.17215    -0.17599
   8.26077   1.67014  -2.13853    79.91710    79.87932     0.03778
   8.05239   2.03107  -2.13853    80.85648    80.79897     0.05751
   4.77676  -2.46292   0.83863    76.73123    77.84540    -1.11416
   5.08007  -2.17676   0.83863    73.61879    74.82728    -1.20850
   4.70206  -2.75055   0.46520    78.23977    78.63358    -0.39382
   5.03958  -2.50534   0.46520    76.15016    76.61151    -0.46135
   5.31873  -2.19530   0.46520    75.53897    75.87644    -0.33747
   4.11757  -3.10012   0.06000    82.36878    82.20799     0.16079
   4.51499  -2.97957   0.06000    79.15217    79.16190    -0.00973
   4.88125  -2.78380   0.06000    77.35435    77.42703    -0.07268
   5.20228  -2.52033   0.06000    77.04813    77.05618    -0.00806
   5.46574  -2.19930   0.06000    78.42990    78.16711     0.26279
   3.39687  -3.16035  -0.36140    88.08163    87.53335     0.54828
   3.80705  -3.17988  -0.36140    83.37091    83.09537     0.27554
   4.21351  -3.12144  -0.36140    80.00683    79.88065     0.12618
   4.60157  -2.98714  -0.36140    77.96492    77.89836     0.06656
   4.95720  -2.78182  -0.36140    77.33427    77.23867     0.09560
   5.26754  -2.51290  -0.36140    78.34519    78.09700     0.24819
   5.52138  -2.19012  -0.36140    81.39175    80.78442     0.60733
   3.29098  -3.10012  -0.78279    87.12781    86.69549     0.43232
   3.70427  -3.14083  -0.78279    82.42902    82.29465     0.13437
   4.11757  -3.10012  -0.78279    79.24692    79.22894     0.01798
   4.51499  -2.97957  -0.78279    77.47107    77.46343     0.00764
   4.88125  -2.78380  -0.78279    77.21881    77.12553     0.09327
   5.20228  -2.52033  -0.78279    78.84029    78.53622     0.30407
   3.49568  -3.00698  -1.18799    82.70136    82.78907    -0.08771
   3.91287  -3.00698  -1.18799    79.11452    79.33567    -0.22116
   4.32094  -2.92024  -1.18799    77.04938    77.25313    -0.20375
   4.70206  -2.75055  -1.18799    76.56055    76.63172    -0.07117
   5.03958  -2.50534  -1.18799    78.01512    77.81590     0.19922
   3.59985  -2.81527  -1.56143    79.94157    80.52260    -0.58103
   4.01614  -2.79102  -1.56143    77.00357    77.57292    -0.56935
   4.41562  -2.67142  -1.56143    75.61301    76.02291    -0.40990
   4.77676  -2.46292  -1.56143    75.96316    76.05584    -0.09268
   3.60004  -2.54612  -1.88875    78.23286    79.30187    -1.06900
   4.01502  -2.51774  -1.88875    75.38962    76.31221    -0.92259
   4.40695  -2.37844  -1.88875    73.98149    74.58807    -0.60658
   3.15978  -2.33230  -2.23125    79.05365    80.00767    -0.95402
   1.33672   0.59787  -2.63645    84.14024    82.94486     1.19538
   2.54311  -2.11171  -2.63645    79.71002    79.77438    -0.06436
   2.95118  -2.19845  -2.63645    76.18216    76.58465    -0.40249
   3.36837  -2.19845  -2.63645    72.81683    73.50388    -0.68705
   3.77644  -2.11171  -2.63645    69.66359    70.50072    -0.83713
   3.05535   1.57913  -3.00989    74.83302    74.68944     0.14358
   2.64469   1.50672  -3.00989    75.90606    75.82535     0.08071
   2.26179   1.34155  -3.00989    77.02491    76.76345     0.26146
   1.92730   1.09254  -3.00989    77.99002    77.46557     0.52444
   1.65926   0.77310  -3.00989    78.65832    77.86467     0.79365
   1.47211   0.40046  -3.00989    79.21868    78.16286     1.05582
   1.37595  -0.00530  -3.00989    79.93593    78.69354     1.24238
   1.37595  -0.42230  -3.00989    80.64815    79.42975     1.21840
   1.47211  -0.82806  -3.00989    80.90354    79.92814     0.97541
   1.65926  -1.20071  -3.00989    80.46617    79.76276     0.70341
   1.92730  -1.52015  -3.00989    79.25068    78.72569     0.52500
   2.26179  -1.76916  -3.00989    77.20626    76.83468     0.37158
   2.64469  -1.93433  -3.00989    74.50107    74.34281     0.15826
   3.05535  -2.00674  -3.00989    71.45827    71.56160    -0.10333
   3.47164  -1.98249  -3.00989    68.27115    68.62752    -0.35637
   3.87112  -1.86290  -3.00989    64.77592    65.37195    -0.59602
   3.47053   1.28160  -3.33721    68.64577    67.76348     0.88229
   3.05555   1.30999  -3.33721    70.63623    70.08172     0.55452
   2.64830   1.22536  -3.33721    72.05880    71.55576     0.50304
   2.27898   1.03399  -3.33721    73.22722    72.60142     0.62580
   1.97499   0.75009  -3.33721    74.14527    73.32937     0.81589
   1.75887   0.39469  -3.33721    74.84369    73.83724     1.00644
   1.64665  -0.00583  -3.33721    75.42915    74.28993     1.13922
   1.64665  -0.42178  -3.33721    75.83013    74.68206     1.14807
   1.75887  -0.82230  -3.33721    75.76361    74.73027     1.03335
   1.97499  -1.17770  -3.33721    74.98864    74.11823     0.87041
   2.27898  -1.46160  -3.33721    73.42300    72.72469     0.69831
   2.64830  -1.65297  -3.33721    71.14954    70.65709     0.49244
   3.05555  -1.73759  -3.33721    68.35900    68.11984     0.23916
   3.47053  -1.70921  -3.33721    65.14051    65.19635    -0.05584
   3.86246  -1.56992  -3.33721    61.22673    61.67054    -0.44381
   3.36816   0.96800  -3.60583    65.48375    64.66164     0.82212
   2.95139   0.96800  -3.60583    67.87770    67.10287     0.77483
   2.55976   0.82545  -3.60583    69.47911    68.64490     0.83420
   2.24050   0.55756  -3.60583    70.61615    69.64412     0.97203
   2.03211   0.19663  -3.60583    71.38611    70.27558     1.11053
   1.95975  -0.21380  -3.60583    71.80403    70.62233     1.18170
   2.03211  -0.62424  -3.60583    71.71179    70.56533     1.14646
   2.24050  -0.98517  -3.60583    70.86904    69.84599     1.02306
   2.55976  -1.25306  -3.60583    69.16974    68.33197     0.83778
   2.95139  -1.39560  -3.60583    66.69171    66.10348     0.58823
   3.36816  -1.39560  -3.60583    63.52843    63.26918     0.25925
   3.75979  -1.25306  -3.60583    59.52492    59.73555    -0.21062
   3.57307   0.50205  -3.80544    60.66072    60.06964     0.59108
   3.15978   0.61279  -3.80544    64.36992    63.51897     0.85095
   2.74648   0.50205  -3.80544    66.65343    65.67369     0.97974
   2.44392   0.19949  -3.80544    67.96618    66.85617     1.11001
   2.33318  -0.21380  -3.80544    68.45689    67.27687     1.18003
   2.44392  -0.62710  -3.80544    67.97434    66.84963     1.12471
   2.74648  -0.92966  -3.80544    66.30328    65.36525     0.93803
   3.15978  -1.04040  -3.80544    63.47698    62.85189     0.62509
   3.57307  -0.92966  -3.80544    59.68808    59.52204     0.16604
   3.58117  -0.21380  -3.92835    58.54977    58.24899     0.30078
   3.37047   0.15113  -3.92835    61.05981    60.39046     0.66935
   2.94908   0.15113  -3.92835    64.25572    63.28032     0.97540
   2.73838  -0.21380  -3.92835    65.37708    64.29691     1.08017
   2.94908  -0.57874  -3.92835    64.01036    63.08517     0.92519
   3.37047  -0.57874  -3.92835    60.67264    60.14109     0.53155
   3.15978  -0.21380  -3.96986    62.24518    61.42685     0.81833
   0.94412   2.91134   0.56328    71.88498    72.78088    -0.89590
   1.63351   3.34063   0.18985    71.80779    73.34807    -1.54028
   1.22544   3.25389   0.18985    70.46806    71.70800    -1.23994
   2.25540   3.43377  -0.21535    74.07122    76.06694    -1.99572
   1.84211   3.47448  -0.21535    71.76826    73.38291    -1.61465
   1.42881   3.43377  -0.21535    70.16623    71.52628    -1.36005
   1.03139   3.31322  -0.21535    69.19736    70.46291    -1.26555
   2.73940   3.32079  -0.63675    77.76851    79.94927    -2.18076
   2.35134   3.45510  -0.63675    74.41635    76.18759    -1.77123
   1.94488   3.51354  -0.63675    72.06884    73.52077    -1.45193
   1.53470   3.49400  -0.63675    70.48312    71.76474    -1.28162
   1.13564   3.39719  -0.63675    69.59645    70.94590    -1.34945
   2.65282   3.31322  -1.05814    77.11025    78.71705    -1.60680
   2.25540   3.43377  -1.05814    74.07938    75.39286    -1.31348
   1.84211   3.47448  -1.05814    72.10963    73.22024    -1.11061
   1.42881   3.43377  -1.05814    71.06043    72.17387    -1.11344
   2.83990   3.08421  -1.46335    79.69684    80.94853    -1.25169
   2.45877   3.25389  -1.46335    76.08553    77.13346    -1.04794
   2.05070   3.34063  -1.46335    73.80704    74.65651    -0.84947
   1.63351   3.34063  -1.46335    72.71831    73.50101    -0.78270
   2.55345   3.00508  -1.83678    77.60347    78.35525    -0.75178
   2.15397   3.12467  -1.83678    75.24780    75.81044    -0.56263
   1.73768   3.14892  -1.83678    74.28457    74.72712    -0.44255
   2.54479   2.71210  -2.16410    78.36276    78.87313    -0.51037
   2.15285   2.85139  -2.16410    76.27127    76.57083    -0.29956
   1.73788   2.87977  -2.16410    75.68455    75.81556    -0.13101
   2.76138   2.12735  -2.43272    81.04850    81.66915    -0.62065
   2.44212   2.39524  -2.43272    78.53470    78.84915    -0.31445
   2.05049   2.53778  -2.43272    76.97471    77.04739    -0.07268
   2.55796   1.76928  -2.63233    80.58414    80.96369    -0.37955
   2.25540   2.07184  -2.63233    78.58552    78.69284    -0.10732
   1.84211   2.18258  -2.63233    77.70576    77.56801     0.13775
   1.12625   0.94268  -2.63233    81.97219    81.24234     0.72985
   2.05280   1.72092  -2.75525    79.12456    79.02102     0.10354
   1.63141   1.72092  -2.75525    78.89426    78.59516     0.29910
   1.42071   1.35598  -2.75525    80.10410    79.66113     0.44297
   1.63141   0.99104  -2.75525    81.99792    81.30458     0.69334
   1.84211   1.35598  -2.79675    80.24089    79.88322     0.35767
   3.07281   1.68064   2.90059    67.98501    64.31941     3.66559
   2.65141   1.68064   2.90059    73.00634    68.68929     4.31705
   3.27541   2.03156   2.77767    64.18481    61.39234     2.79247
   2.86211   2.14230   2.77767    67.93983    64.80280     3.13702
   2.44881   2.03156   2.77767    71.86929    68.27379     3.59550
   3.46213   2.35496   2.57807    62.56709    60.38587     2.18122
   3.07049   2.49750   2.57807    65.60863    63.18863     2.42000
   2.65373   2.49750   2.57807    68.20715    65.59805     2.60910
   2.26209   2.35496   2.57807    71.03157    68.19567     2.83589
   3.56479   2.67181   2.30944    63.17452    61.45448     1.72004
   3.17286   2.81111   2.30944    65.37645    63.51142     1.86503
   2.75788   2.83949   2.30944    67.17803    65.22995     1.94808
   2.35063   2.75487   2.30944    69.05052    67.04120     2.00932
   1.98132   2.56350   2.30944    71.33089    69.24027     2.09062
   3.93459   2.75630   1.98212    63.27555    62.13426     1.14128
   3.57346   2.96480   1.98212    65.10599    63.85946     1.24653
   3.17398   3.08439   1.98212    66.34658    65.04138     1.30520
   2.75768   3.10864   1.98212    67.45351    66.13703     1.31648
   2.34702   3.03623   1.98212    68.71292    67.41411     1.29881
   1.96412   2.87106   1.98212    70.33503    69.05915     1.27588
   3.85990   3.04393   1.60869    67.00358    66.38466     0.61892
   3.47878   3.21361   1.60869    67.45602    66.80169     0.65432
   3.07070   3.30035   1.60869    67.86578    67.20866     0.65712
   2.65352   3.30035   1.60869    68.42866    67.81192     0.61673
   2.24544   3.21361   1.60869    69.29023    68.73890     0.55133
   1.86432   3.04393   1.60869    70.58039    70.09165     0.48873
   1.52681   2.79871   1.60869    72.41899    71.97792     0.44107
   4.03908   3.07717   1.20349    70.82135    70.95583    -0.13448
   3.67282   3.27294   1.20349    70.09030    70.18156    -0.09126
   3.27541   3.39349   1.20349    69.65857    69.72660    -0.06803
   2.86211   3.43420   1.20349    69.55441    69.65844    -0.10403
   2.44881   3.39349   1.20349    69.83302    70.01641    -0.18339
   2.05140   3.27294   1.20349    70.56595    70.83665    -0.27070
   1.68514   3.07717   1.20349    71.84607    72.16937    -0.32329
   4.11503   3.07519   0.78209    75.87406    77.01827    -1.14421
   3.75941   3.28051   0.78209    73.74931    74.71643    -0.96712
   3.37135   3.41482   0.78209    72.38573    73.26088    -0.87515
   2.96489   3.47326   0.78209    71.62770    72.51420    -0.88650
   2.55471   3.45372   0.78209    71.43254    72.39973    -0.96719
   2.15564   3.35690   0.78209    71.81595    72.88291    -1.06696
   3.67282   3.27294   0.36070    77.32862    79.15766    -1.82904
   3.27541   3.39349   0.36070    75.25910    76.94791    -1.68881
   2.86211   3.43420   0.36070    74.13334    75.84154    -1.70820
   2.44881   3.39349   0.36070    73.85850    75.66045    -1.80196
   2.81910  -0.67450   4.72304    63.02329    62.54798     0.47531
   3.24049  -0.67450   4.68154    60.87721    60.17303     0.70418
   3.02980  -0.30956   4.68154    61.40557    60.34703     1.05854
   2.60840  -0.30956   4.68154    63.62068    62.78685     0.83382
   2.39770  -0.67450   4.68154    65.38649    65.17685     0.20964
   2.60840  -1.03944   4.68154    65.14239    65.27030    -0.12791
   3.02980  -1.03944   4.68154    62.81809    62.67783     0.14026
   3.64569  -0.67450   4.55862    58.74681    57.90795     0.83886
   3.53495  -0.26120   4.55862    58.60123    57.30728     1.29395
   3.23240   0.04135   4.55862    60.06395    58.49168     1.57228
   2.81910   0.15210   4.55862    62.36817    60.80293     1.56524
   2.40580   0.04135   4.55862    64.65544    63.42877     1.22667
   2.10324  -0.26120   4.55862    66.60198    65.96586     0.63612
   3.23240  -1.39035   4.55862    62.98940    63.16992    -0.18052
   3.53495  -1.08780   4.55862    60.42477    60.11074     0.31403
   4.01913  -0.67450   4.35902    56.41561    55.57714     0.83847
   3.94676  -0.26406   4.35902    55.80693    54.51912     1.28781
   3.73838   0.09687   4.35902    56.69548    55.00910     1.68639
   3.41911   0.36476   4.35902    58.81584    56.83460     1.98123
   3.02748   0.50730   4.35902    61.47397    59.36774     2.10623
   2.61072   0.50730   4.35902    64.03483    62.02707     2.00776
   2.21908   0.36476   4.35902    66.21104    64.53819     1.67285
   1.89982   0.09687   4.35902    68.05403    66.90315     1.15088
   3.73838  -1.44587   4.35902    60.70966    60.79996    -0.09030
   3.94676  -1.08494   4.35902    58.21594    57.84769     0.36825
   4.34645  -0.67450   4.09039    53.61567    52.94731     0.66836
   4.28981  -0.26242   4.09039    52.39579    51.29913     1.09665
   4.12410   0.11909   4.09039    52.82438    51.29129     1.53309
   3.86160   0.44174   4.09039    54.91398    52.95775     1.95623
   3.52178   0.68161   4.09039    58.05592    55.74394     2.31199
   3.12985   0.82090   4.09039    61.45012    58.90896     2.54117
   2.71487   0.84929   4.09039    64.52304    61.93194     2.59109
   2.30762   0.76466   4.09039    67.03872    64.61199     2.42673
   1.93830   0.57330   4.09039    69.03734    66.97921     2.05813
   3.86160  -1.79074   4.09039    61.88875    62.45062    -0.56187
   4.12410  -1.46809   4.09039    58.81270    58.99181    -0.17911
   4.28981  -1.08657   4.09039    55.94749    55.70589     0.24160
   4.61507  -0.67450   3.76308    49.98552    49.68720     0.29833
   3.89158   0.76609   3.76308    53.62006    51.47407     2.14599
   3.53045   0.97459   3.76308    58.27681    55.66761     2.60920
   3.13097   1.09419   3.76308    62.69887    59.73257     2.96629
   2.71467   1.11844   3.76308    66.41310    63.25745     3.15565
   2.30401   1.04602   3.76308    69.30340    66.17949     3.12392
   1.92111   0.88086   3.76308    71.47772    68.61809     2.85963
   4.19489  -1.82893   3.76308    60.67201    61.48081    -0.80880
   4.42404  -1.48053   3.76308    57.03057    57.48108    -0.45051
   4.56666  -1.08868   3.76308    53.35588    53.42682    -0.07094
   3.43577   1.22341   3.38964    60.54212    57.55855     2.98357
   3.02769   1.31015   3.38964    66.07612    62.54434     3.53179
   2.61050   1.31015   3.38964    70.36076    66.47298     3.88778
   4.43356  -1.84747   3.38964    59.89766    61.13481    -1.23715
   4.64215  -1.48617   3.38964    55.32187    56.22240    -0.90054
   2.81910   1.44400   2.98444    72.78169    68.21239     4.56930
   3.03095  -3.82830   2.67162    71.80340    73.87954    -2.07614
   3.43043  -3.70870   2.67162    70.00370    71.92181    -1.91811
   3.79157  -3.50020   2.67162    68.61628    70.46334    -1.84706
   4.09488  -3.21404   2.67162    67.46355    69.34046    -1.87691
   4.32403  -2.86564   2.67162    66.35913    68.36892    -2.00979
   2.51049  -4.04425   2.29819    75.37456    77.48168    -2.10712
   2.92768  -4.04425   2.29819    72.92602    74.80990    -1.88388
   3.33575  -3.95751   2.29819    71.09745    72.80305    -1.70560
   3.71688  -3.78783   2.29819    69.71442    71.31841    -1.60399
   4.05439  -3.54261   2.29819    68.61754    70.21445    -1.59692
   4.33354  -3.23258   2.29819    67.63674    69.33132    -1.69458
   4.54214  -2.87128   2.29819    66.55554    68.46016    -1.90462
   4.67106  -2.47451   2.29819    65.06960    67.30318    -2.23358
   1.90837  -4.01684   1.89299    81.76637    83.83619    -2.06982
   2.30579  -4.13740   1.89299    77.96492    79.84688    -1.88196
   2.71909  -4.17810   1.89299    75.15744    76.81509    -1.65765
   3.13238  -4.13740   1.89299    73.09419    74.55432    -1.46013
   3.52980  -4.01684   1.89299    71.58440    72.90668    -1.32228
   3.89606  -3.82107   1.89299    70.47434    71.73875    -1.26441
   4.21709  -3.55761   1.89299    69.62281    70.92250    -1.29969
   4.48055  -3.23658   1.89299    68.86917    70.30755    -1.43838
   4.67632  -2.87032   1.89299    67.98501    69.68091    -1.69591
   4.79688  -2.47290   1.89299    66.60386    68.70455    -2.10069
   2.01262  -4.10081   1.47159    82.47671    84.08656    -1.60985
   2.41168  -4.19762   1.47159    78.81645    80.23381    -1.41736
   2.82186  -4.21716   1.47159    76.18342    77.39938    -1.21596
   3.22832  -4.15872   1.47159    74.30026    75.34987    -1.04961
   3.61638  -4.02441   1.47159    72.97935    73.92330    -0.94394
   3.97201  -3.81909   1.47159    72.08515    72.99798    -0.91283
   4.28235  -3.55018   1.47159    71.49718    72.46540    -0.96822
   4.53619  -3.22739   1.47159    71.07863    72.20095    -1.12232
   4.72436  -2.86240   1.47159    70.62996    72.02439    -1.39443
   4.84005  -2.46839   1.47159    69.80227    71.63648    -1.83420
   2.30579  -4.13740   1.05020    81.91760    82.92235    -1.00475
   2.71909  -4.17810   1.05020    78.86288    79.69679    -0.83391
   3.13238  -4.13740   1.05020    76.74629    77.43402    -0.68772
   3.52980  -4.01684   1.05020    75.34067    75.93214    -0.59146
   3.89606  -3.82107   1.05020    74.49981    75.06105    -0.56124
   4.21709  -3.55761   1.05020    74.11766    74.72588    -0.60822
   4.48055  -3.23658   1.05020    74.09444    74.83718    -0.74274
   4.67632  -2.87032   1.05020    74.28897    75.27676    -0.98779
   4.79688  -2.47290   1.05020    74.44522    75.84890    -1.40368
   2.10242  -3.95751   0.64499    86.99854    87.51456    -0.51602
   2.51049  -4.04425   0.64499    83.00382    83.43142    -0.42760
   2.92768  -4.04425   0.64499    80.27604    80.60444    -0.32841
   3.33575  -3.95751   0.64499    78.51273    78.76661    -0.25387
   3.71688  -3.78783   0.64499    77.53633    77.76046    -0.22413
   4.05439  -3.54261   0.64499    77.24454    77.49626    -0.25173
   4.33354  -3.23258   0.64499    77.58151    77.92336    -0.34185
   4.54214  -2.87128   0.64499    78.50081    79.00612    -0.50531
   2.20399  -3.78013   0.27156    89.68491    89.52007     0.16485
   2.61466  -3.85254   0.27156    85.58288    85.47525     0.10763
   3.03095  -3.82830   0.27156    82.89400    82.79040     0.10361
   3.43043  -3.70870   0.27156    81.35849    81.25715     0.10133
   3.79157  -3.50020   0.27156    80.84079    80.75991     0.08088
   4.09488  -3.21404   0.27156    81.30766    81.26496     0.04270
   3.02983  -3.55501  -0.05576    86.73060    86.23154     0.49905
   3.42176  -3.41572  -0.05576    85.24717    84.84476     0.40240
   3.76158  -3.17585  -0.05576    85.27415    84.90947     0.36468
   1.44848  -1.78971   4.84425    65.53646    65.35932     0.17715
   1.86987  -1.78971   4.80274    65.70150    65.93120    -0.22970
   1.65918  -1.42477   4.80274    66.04977    66.11791    -0.06814
   1.23778  -1.42477   4.80274    65.93180    65.60355     0.32825
   1.02708  -1.78971   4.80274    65.72032    65.14102     0.57931
   1.23778  -2.15465   4.80274    65.59796    65.17264     0.42532
   1.65918  -2.15465   4.80274    65.46807    65.45719     0.01088
   2.27508  -1.78971   4.67983    66.32587    66.92012    -0.59424
   1.44848  -0.96311   4.67983    67.13410    67.01481     0.11929
   1.03518  -1.07386   4.67983    66.67037    66.18441     0.48596
   0.73263  -1.37641   4.67983    66.27567    65.49122     0.78445
   0.62188  -1.78971   4.67983    66.15707    65.21542     0.94165
   0.73263  -2.20301   4.67983    66.20539    65.31050     0.89489
   1.03518  -2.50556   4.67983    66.14452    65.51117     0.63335
   1.44848  -2.61631   4.67983    65.91297    65.68560     0.22737
   1.86178  -2.50556   4.67983    65.72848    65.91763    -0.18915
   2.16433  -2.20301   4.67983    65.83704    66.32389    -0.48685
   1.24010  -0.60791   4.48022    68.58616    68.19199     0.39417
   0.84846  -0.75045   4.48022    67.78546    67.11397     0.67149
   0.52920  -1.01834   4.48022    67.10963    66.18701     0.92262
   0.32082  -1.37927   4.48022    66.74066    65.61696     1.12369
   0.24845  -1.78971   4.48022    66.74003    65.50445     1.23558
   0.32082  -2.20015   4.48022    66.97785    65.75202     1.22584
   0.52920  -2.56108   4.48022    67.18179    66.11101     1.07078
   0.84846  -2.82897   4.48022    67.14728    66.37283     0.77445
   1.24010  -2.97151   4.48022    66.88059    66.50366     0.37693
   1.65686  -2.97151   4.48022    66.54801    66.60065    -0.05264
   2.04849  -2.82897   4.48022    66.33968    66.77669    -0.43701
   2.36776  -2.56108   4.48022    66.38862    67.10487    -0.71624
   0.56769  -0.54191   4.21160    68.93443    67.98468     0.94975
   0.26370  -0.82582   4.21160    67.93292    66.81113     1.12180
   0.04758  -1.18121   4.21160    67.31671    66.03015     1.28656
  -0.06465  -1.58173   4.21160    67.19246    65.78982     1.40264
  -0.06465  -1.99768   4.21160    67.53194    66.08298     1.44896
   0.04758  -2.39821   4.21160    68.10298    66.69693     1.40605
   0.26370  -2.75360   4.21160    68.56106    67.31705     1.24401
   0.56769  -3.03751   4.21160    68.67589    67.72007     0.95582
   0.93700  -3.22887   4.21160    68.44309    67.87627     0.56682
   1.34425  -3.31350   4.21160    68.02203    67.89731     0.12472
   1.75923  -3.28511   4.21160    67.60913    67.92407    -0.31494
   2.15116  -3.14582   4.21160    67.35938    68.05364    -0.69426
   2.49098  -2.90595   4.21160    67.36440    68.32906    -0.96466
   0.21601  -0.48336   3.88428    69.64351    68.45943     1.18409
  -0.05204  -0.80281   3.88428    68.30315    66.99695     1.30620
  -0.23919  -1.17545   3.88428    67.48551    66.06979     1.41572
  -0.33535  -1.58121   3.88428    67.36754    65.88749     1.48005
  -0.33535  -1.99821   3.88428    67.98752    66.47068     1.51684
  -0.23919  -2.40397   3.88428    69.06432    67.55189     1.51244
  -0.05204  -2.77661   3.88428    70.09218    68.68307     1.40911
   0.21601  -3.09605   3.88428    70.66384    69.49327     1.17058
   0.55049  -3.34507   3.88428    70.67388    69.86265     0.81123
   0.93339  -3.51023   3.88428    70.26977    69.89892     0.37085
   1.34405  -3.58265   3.88428    69.69560    69.80144    -0.10584
   1.76035  -3.55840   3.88428    69.17414    69.74405    -0.56992
   2.15983  -3.43880   3.88428    68.85536    69.82675    -0.97139
   2.52096  -3.23030   3.88428    68.81708    70.07837    -1.26129
  -0.50349  -1.37480   3.51084    66.61578    65.25474     1.36104
  -0.54710  -1.78971   3.51084    67.02366    65.67516     1.34850
  -0.50349  -2.20461   3.51084    68.63824    67.22011     1.41813
  -0.37457  -2.60138   3.51084    70.76362    69.28908     1.47454
  -0.16598  -2.96268   3.51084    72.51939    71.13733     1.38206
   0.11318  -3.27271   3.51084    73.40481    72.29452     1.11029
   0.45069  -3.51793   3.51084    73.41798    72.71233     0.70565
   0.83181  -3.68762   3.51084    72.85762    72.63290     0.22472
   1.23988  -3.77436   3.51084    72.08202    72.37107    -0.28905
   1.65707  -3.77436   3.51084    71.37670    72.17229    -0.79560
   2.06515  -3.68762   3.51084    70.92301    72.17294    -1.24993
  -0.31299  -2.96668   3.10564    75.00558    73.60269     1.40290
  -0.04952  -3.28771   3.10564    76.87242    75.73879     1.13363
   0.27151  -3.55118   3.10564    77.23073    76.53605     0.69468
   0.63777  -3.74694   3.10564    76.58502    76.40777     0.17726
   1.03518  -3.86750   3.10564    75.51826    75.89471    -0.37645
   1.44848  -3.90821   3.10564    74.47973    75.41547    -0.93574
   1.86178  -3.86750   3.10564    73.74429    75.20855    -1.46426
   1.14108  -3.92772   2.68425    79.07875    79.97888    -0.90013
   1.55126  -3.94726   2.68425    77.74341    79.25180    -1.50839
   1.99807  -3.88055   0.04070    88.45562    88.10790     0.34772
   2.37919  -3.71087   0.04070    89.39940    88.89452     0.50488
   1.79470  -4.06043  -0.36450    84.67801    84.09589     0.58213
   2.19211  -3.93988  -0.36450    84.83301    84.19537     0.63764
   2.55837  -3.74411  -0.36450    85.94621    85.24863     0.69758
   2.87940  -3.48065  -0.36450    87.96930    87.22104     0.74826
   3.14287  -3.15962  -0.36450    90.89977    90.11540     0.78437
   1.48418  -4.14020  -0.78589    82.28595    81.43676     0.84918
   1.89064  -4.08176  -0.78589    81.81406    81.01005     0.80401
   2.27870  -3.94745  -0.78589    82.13409    81.33640     0.79769
   2.63432  -3.74213  -0.78589    83.17450    82.39768     0.77682
   2.94467  -3.47321  -0.78589    84.90706    84.20639     0.70067
   3.19851  -3.15043  -0.78589    87.34869    86.81578     0.53291
   1.38140  -4.10114  -1.20729    80.65819    79.67466     0.98353
   1.79470  -4.06043  -1.20729    79.94220    79.02227     0.91993
   2.19211  -3.93988  -1.20729    80.02691    79.14762     0.87929
   2.55837  -3.74411  -1.20729    80.78432    79.97392     0.81040
   2.87940  -3.48065  -1.20729    82.15292    81.49236     0.66055
   3.14287  -3.15962  -1.20729    84.09192    83.73611     0.35582
   1.59000  -3.96729  -1.61249    79.08314    78.14289     0.94025
   1.99807  -3.88055  -1.61249    78.66083    77.75718     0.90365
   2.37919  -3.71087  -1.61249    78.99968    78.17483     0.82485
   2.71670  -3.46565  -1.61249    79.95036    79.29488     0.65548
   2.99586  -3.15562  -1.61249    81.40367    81.08679     0.31688
   3.20445  -2.79432  -1.61249    83.22596    83.54963    -0.32367
   1.27697  -3.77558  -1.98592    79.70249    78.86033     0.84216
   1.69327  -3.75133  -1.98592    78.26989    77.41539     0.85450
   2.09275  -3.63174  -1.98592    77.93919    77.13160     0.80759
   2.45388  -3.42324  -1.98592    78.36841    77.69676     0.67165
   2.75720  -3.13707  -1.98592    79.35485    78.96717     0.38769
   2.98634  -2.78868  -1.98592    80.71592    80.85742    -0.14150
   1.27717  -3.50643  -2.31324    79.51989    78.82984     0.69004
   1.69215  -3.47805  -2.31324    77.96241    77.24535     0.71705
   2.08408  -3.33876  -2.31324    77.59155    76.93239     0.65916
   2.42390  -3.09889  -2.31324    78.02265    77.54284     0.47981
   2.68640  -2.77623  -2.31324    79.00031    78.87205     0.12825
   2.85211  -2.39472  -2.31324    80.36451    80.78555    -0.42103
   1.58978  -3.16445  -2.58187    78.11238    77.57561     0.53678
   1.98142  -3.02190  -2.58187    77.58967    77.09393     0.49573
   2.30068  -2.75401  -2.58187    78.01637    77.69661     0.31977
   2.50906  -2.39308  -2.58187    79.14024    79.10572     0.03452
   2.20800  -1.98264  -2.78147    80.07774    79.88642     0.19132
   1.38140  -2.80924  -2.78147    78.83716    78.52559     0.31157
   1.79470  -2.69850  -2.78147    77.97747    77.63613     0.34134
   2.09725  -2.39594  -2.78147    78.47759    78.24111     0.23649
   1.80280  -1.98264  -2.90439    79.66986    79.45078     0.21908
   1.59210  -1.61771  -2.90439    81.33151    81.05284     0.27867
   1.17070  -2.34758  -2.90439    79.96605    79.90757     0.05848
   1.59210  -2.34758  -2.90439    78.78256    78.58324     0.19932
   1.38140  -1.98264  -2.94589    80.03570    79.93366     0.10204
   1.15641   0.33602  -2.63495    84.12643    82.66486     1.46158
   0.81659   0.57589  -2.63495    80.75106    79.86014     0.89092
   1.31394  -0.78022  -2.90357    82.53193    81.54570     0.98623
   1.24157  -0.36978  -2.90357    82.03243    80.75087     1.28156
   1.03318  -0.00885  -2.90357    80.32686    79.15157     1.17529
   0.71392   0.25904  -2.90357    77.40079    76.69256     0.70823
   0.32229   0.40158  -2.90357    73.24981    73.40432    -0.15451
   0.94050  -0.78022  -3.10318    78.58364    77.91911     0.66453
   0.82976  -0.36692  -3.10318    77.40267    76.61179     0.79088
   0.52721  -0.06436  -3.10318    74.73073    74.27934     0.45140
   0.11391   0.04638  -3.10318    70.86088    71.16929    -0.30841
  -0.29939  -0.06436  -3.10318    67.36314    68.46414    -1.10100
  -0.60195  -0.36692  -3.10318    66.98664    68.38421    -1.39757
  -0.29939  -1.49607  -3.10318    76.64966    77.92417    -1.27451
   0.11391  -1.60682  -3.10318    78.14627    78.78567    -0.63940
   0.52721  -1.49607  -3.10318    78.60309    78.71429    -0.11120
   0.82976  -1.19352  -3.10318    78.75683    78.46896     0.28787
   0.53530  -0.78022  -3.22609    75.54587    75.21947     0.32640
   0.32460  -0.41528  -3.22609    73.32574    73.13086     0.19488
  -0.09679  -0.41528  -3.22609    70.49630    70.90303    -0.40673
  -0.30749  -0.78022  -3.22609    71.27629    71.97221    -0.69592
  -0.09679  -1.14516  -3.22609    74.21178    74.76850    -0.55672
   0.32460  -1.14516  -3.22609    75.74416    75.80184    -0.05768
   0.11391  -0.78022  -3.26760    73.14753    73.26086    -0.11333
  -0.41406  -3.11858   2.96963    75.00621    73.94229     1.06392
  -0.20336  -3.48351   2.96963    76.21730    75.46355     0.75375
  -0.70852  -3.53187   2.84671    74.07248    73.57835     0.49412
  -0.40596  -3.83443   2.84671    75.08026    74.69605     0.38421
   0.00733  -3.94517   2.84671    75.84707    75.62023     0.22684
   0.42063  -3.83443   2.84671    78.14188    78.01049     0.13139
  -0.91194  -3.88994   2.64710    76.20224    75.73661     0.46563
  -0.59268  -4.15783   2.64710    75.71153    75.46015     0.25138
  -0.20105  -4.30038   2.64710    74.89577    74.86983     0.02594
   0.21572  -4.30038   2.64710    75.09030    75.24337    -0.15308
   0.60735  -4.15783   2.64710    76.82473    77.16292    -0.33819
   0.92661  -3.88994   2.64710    80.29863    80.89791    -0.59928
  -0.87346  -4.36638   2.37848    78.79888    78.44306     0.35582
  -0.50414  -4.55774   2.37848    75.99705    76.00688    -0.00983
  -0.09690  -4.64237   2.37848    74.23688    74.48230    -0.24542
   0.31808  -4.61398   2.37848    74.00157    74.40791    -0.40634
   0.71002  -4.47469   2.37848    75.25408    75.83938    -0.58531
   1.04983  -4.23482   2.37848    77.89777    78.78337    -0.88559
  -0.50776  -4.83910   2.05116    76.24115    76.51362    -0.27247
  -0.09709  -4.91151   2.05116    73.52780    74.01554    -0.48775
   0.31920  -4.88727   2.05116    72.80428    73.40029    -0.59601
   0.71868  -4.76767   2.05116    73.63008    74.33342    -0.70333
   1.07982  -4.55917   2.05116    75.72157    76.62020    -0.89863
   1.38313  -4.27301   2.05116    78.97960    80.26364    -1.28404
  -0.20126  -5.10322   1.67773    72.85574    73.65071    -0.79498
   0.21593  -5.10322   1.67773    71.50847    72.32462    -0.81615
   0.62400  -5.01649   1.67773    71.93392    72.75015    -0.81623
   1.00512  -4.84680   1.67773    73.60875    74.48024    -0.87150
   1.34264  -4.60158   1.67773    76.33465    77.37342    -1.03878
   1.62179  -4.29155   1.67773    80.11979    81.51149    -1.39170
   0.00733  -5.23707   1.27253    69.85875    71.06398    -1.20523
   0.42063  -5.19637   1.27253    69.96982    71.00732    -1.03750
   0.81805  -5.07581   1.27253    71.38109    72.31265    -0.93156
   1.18431  -4.88004   1.27253    73.73488    74.64859    -0.91371
   1.50534  -4.61658   1.27253    76.97596    77.97224    -0.99628
   1.76880  -4.29555   1.27253    81.22922    82.43179    -1.20256
   0.51657  -5.21769   0.85113    68.60938    69.79023    -1.18085
   0.90463  -5.08338   0.85113    70.92865    71.88670    -0.95805
   1.26026  -4.87806   0.85113    73.86979    74.71996    -0.85016
   1.57060  -4.60915   0.85113    77.53131    78.35138    -0.82008
   1.82444  -4.28636   0.85113    82.12782    82.96711    -0.83929
   0.42063  -5.19637   0.42974    66.41372    67.76660    -1.35288
   0.81805  -5.07581   0.42974    69.80792    70.75137    -0.94345
   1.18431  -4.88004   0.42974    73.36716    74.09017    -0.72302
   1.50534  -4.61658   0.42974    77.41585    77.99675    -0.58091
   1.76880  -4.29555   0.42974    82.27403    82.71694    -0.44291
   1.96457  -3.92929   0.42974    88.30188    88.52485    -0.22297
   0.62400  -5.01649   0.02453    68.09921    68.93437    -0.83516
   1.00512  -4.84680   0.02453    72.57900    73.09356    -0.51455
   1.34264  -4.60158   0.02453    77.09644    77.39682    -0.30038
   1.62179  -4.29155   0.02453    82.21504    82.27712    -0.06208
   0.71868  -4.76767  -0.34890    71.40493    71.50360    -0.09867
   1.07982  -4.55917  -0.34890    76.60636    76.52593     0.08043
   1.38313  -4.27301  -0.34890    82.04436    81.70535     0.33901
   0.94160  -4.41578  -1.33107    74.54562    73.67559     0.87003
   0.43306  -4.99829  -1.75246    61.62018    60.46692     1.15326
   0.74340  -4.72938  -1.75246    66.86176    65.93203     0.92973
   0.99725  -4.40659  -1.75246    72.23262    71.41666     0.81595
   1.18541  -4.04160  -1.75246    77.98563    77.13061     0.85501
  -0.00915  -5.19604  -2.17386    56.10751    54.46601     1.64150
   0.35711  -5.00027  -2.17386    60.38273    59.11301     1.26972
   0.67814  -4.73681  -2.17386    64.77341    63.78058     0.99284
   0.94160  -4.41578  -2.17386    69.35298    68.54244     0.81054
   1.13737  -4.04952  -2.17386    74.21618    73.48665     0.72953
   1.25793  -3.65210  -2.17386    79.43329    78.67623     0.75706
   1.17572  -3.23881  -2.57906    79.26637    78.78049     0.48589
  -0.61127  -5.22346  -2.57906    52.55643    50.32142     2.23501
  -0.20319  -5.13672  -2.57906    55.59232    53.82604     1.76629
   0.17793  -4.96703  -2.57906    59.01225    57.63017     1.38208
   0.51544  -4.72181  -2.57906    62.69573    61.61747     1.07826
   0.79460  -4.41178  -2.57906    66.60449    65.75607     0.84842
   1.00319  -4.05048  -2.57906    70.72471    70.03885     0.68586
   1.13211  -3.65371  -2.57906    75.00307    74.42765     0.57542
   0.97611  -3.23881  -2.95249    74.65167    74.33048     0.32118
   0.92770  -2.82463  -2.95249    77.65179    77.54325     0.10854
   0.78508  -2.43277  -2.95249    79.83741    79.97161    -0.13420
  -1.71785  -4.79417  -2.95249    51.78648    49.03099     2.75548
  -1.33495  -4.95933  -2.95249    51.83417    49.29614     2.53803
  -0.92429  -5.03174  -2.95249    52.98251    50.79001     2.19250
  -0.50799  -5.00750  -2.95249    55.00623    53.18992     1.81631
  -0.10851  -4.88790  -2.95249    57.64302    56.17901     1.46401
   0.25262  -4.67940  -2.95249    60.69774    59.53876     1.15898
   0.55593  -4.39324  -2.95249    64.04236    63.13881     0.90356
   0.78508  -4.04484  -2.95249    67.57964    66.88871     0.69092
   0.92770  -3.65299  -2.95249    71.18593    70.68052     0.50541
   0.70749  -3.23881  -3.27981    70.84206    70.60934     0.23272
   0.65085  -2.82673  -3.27981    73.26864    73.30356    -0.03492
   0.48514  -2.44522  -3.27981    74.86753    75.20740    -0.33987
   0.22264  -2.12256  -3.27981    75.44358    76.13861    -0.69503
  -0.11718  -1.88270  -3.27981    74.91397    76.08102    -1.16706
  -0.50911  -1.74340  -3.27981    73.34457    75.17808    -1.83352
  -2.22076  -3.84730  -3.27981    53.71858    52.93200     0.78658
  -2.00464  -4.20270  -3.27981    53.74054    52.24976     1.49078
  -1.70065  -4.48661  -3.27981    53.45753    51.63722     1.82032
  -1.33134  -4.67797  -3.27981    53.63637    51.78205     1.85433
  -0.92409  -4.76260  -3.27981    54.63160    52.92987     1.70173
  -0.50911  -4.73421  -3.27981    56.42252    54.96168     1.46084
  -0.11718  -4.59492  -3.27981    58.83278    57.63626     1.19652
   0.22264  -4.35505  -3.27981    61.67101    60.72899     0.94202
   0.48514  -4.03239  -3.27981    64.75710    64.05405     0.70305
   0.65085  -3.65088  -3.27981    67.89841    67.42590     0.47251
   0.38017  -3.23881  -3.54844    67.63799    67.49464     0.14335
   0.30780  -2.82837  -3.54844    69.61151    69.80325    -0.19174
   0.09942  -2.46744  -3.54844    70.57348    71.16566    -0.59218
  -0.21985  -2.19955  -3.54844    70.32122    71.40452    -1.08330
  -0.61148  -2.05701  -3.54844    68.90054    70.55604    -1.65550
  -1.02824  -2.05701  -3.54844    66.57813    68.73461    -2.15648
  -1.41988  -2.19955  -3.54844    63.55040    65.87486    -2.32446
  -1.94752  -2.82837  -3.54844    56.76388    58.21294    -1.44906
  -2.01989  -3.23881  -3.54844    55.02129    55.71959    -0.69830
  -1.94752  -3.64924  -3.54844    54.63223    54.50966     0.12258
  -1.73914  -4.01017  -3.54844    54.63098    53.85134     0.77963
  -1.41988  -4.27807  -3.54844    54.84182    53.70788     1.13394
  -1.02824  -4.42061  -3.54844    55.63750    54.42455     1.21295
  -0.61148  -4.42061  -3.54844    57.21381    56.10091     1.11289
  -0.21985  -4.27807  -3.54844    59.47472    58.55378     0.92094
   0.09942  -4.01017  -3.54844    62.17929    61.49066     0.68863
   0.30780  -3.64924  -3.54844    65.02253    64.59088     0.43166
   0.00674  -3.23881  -3.74804    64.90268    64.87859     0.02409
  -0.10401  -2.82551  -3.74804    66.43506    66.84061    -0.40555
  -0.40656  -2.52295  -3.74804    66.41121    67.32373    -0.91252
  -0.81986  -2.41221  -3.74804    64.78283    66.17152    -1.38869
  -1.23316  -2.52295  -3.74804    62.01425    63.58037    -1.56611
  -1.53571  -2.82551  -3.74804    58.95515    60.22099    -1.26584
  -1.64646  -3.23881  -3.74804    56.84671    57.46861    -0.62190
  -1.53571  -3.65210  -3.74804    56.12947    56.04554     0.08393
  -1.23316  -3.95466  -3.74804    56.37922    55.82244     0.55678
  -0.81986  -4.06540  -3.74804    57.57588    56.87448     0.70140
  -0.40656  -3.95466  -3.74804    59.71882    59.11606     0.60277
  -0.10401  -3.65210  -3.74804    62.39641    62.03470     0.36171
  -0.39847  -3.23881  -3.87096    62.53697    62.66676    -0.12979
  -0.60916  -2.87387  -3.87096    63.16448    63.80613    -0.64165
  -1.03056  -2.87387  -3.87096    61.07675    61.96997    -0.89322
  -1.24126  -3.23881  -3.87096    58.60060    59.08144    -0.48084
  -1.03056  -3.60375  -3.87096    58.22347    58.13535     0.08812
  -0.60916  -3.60375  -3.87096    60.03446    59.84072     0.19374
  -0.81986  -3.23881  -3.91246    60.46305    60.76846    -0.30541
  -2.02565  -4.30407   2.68742    74.59833    73.60305     0.99528
  -1.60426  -4.30407   2.64592    75.64753    74.81229     0.83524
  -1.81495  -3.93913   2.64592    75.87719    74.93163     0.94557
  -2.23635  -3.93913   2.64592    75.37707    74.26135     1.11572
  -2.44705  -4.30407   2.64592    74.13711    73.02946     1.10765
  -2.23635  -4.66901   2.64592    72.78106    71.81880     0.96227
  -1.81495  -4.66901   2.64592    73.54035    72.71138     0.82897
  -1.19906  -4.30407   2.52300    77.44659    76.81976     0.62684
  -1.30980  -3.89077   2.52300    78.07787    77.32022     0.75765
  -2.43895  -3.58822   2.52300    76.21730    74.97146     1.24584
  -2.74150  -3.89077   2.52300    75.96693    74.67757     1.28936
  -2.85225  -4.30407   2.52300    74.05804    72.90179     1.15626
  -2.74150  -4.71737   2.52300    71.96781    70.94990     1.01791
  -2.43895  -5.01992   2.52300    70.68330    69.79086     0.89244
  -2.02565  -5.13067   2.52300    70.65569    69.90213     0.75356
  -1.61235  -5.01992   2.52300    72.07198    71.45524     0.61674
  -1.30980  -4.71737   2.52300    74.71944    74.16559     0.55385
  -3.15331  -3.89364   2.32339    76.85611    75.53024     1.32587
  -3.22568  -4.30407   2.32339    74.13711    73.01489     1.12222
  -3.15331  -4.71451   2.32339    71.59821    70.61428     0.98393
  -2.94493  -5.07544   2.32339    69.64226    68.75010     0.89216
  -2.62567  -5.34333   2.32339    68.41611    67.61050     0.80560
  -2.23404  -5.48587   2.32339    68.01513    67.32569     0.68944
  -1.81727  -5.48587   2.32339    68.54851    68.01373     0.53478
  -1.42564  -5.34333   2.32339    70.13736    69.76859     0.36877
  -1.10637  -5.07544   2.32339    72.83566    72.59104     0.24462
  -0.89799  -4.71451   2.32339    76.43191    76.21192     0.21999
  -3.53878  -4.09610   2.05477    75.88661    74.78098     1.10563
  -3.53878  -4.51205   2.05477    72.57838    71.66252     0.91586
  -3.42655  -4.91257   2.05477    69.89577    69.07450     0.82127
  -3.21044  -5.26796   2.05477    67.83001    67.05556     0.77446
  -2.90645  -5.55187   2.05477    66.36791    65.63484     0.73307
  -2.53713  -5.74323   2.05477    65.52078    64.86165     0.65913
  -2.12988  -5.82786   2.05477    65.33629    64.80653     0.52976
  -1.71490  -5.79948   2.05477    65.90544    65.56022     0.34522
  -1.32297  -5.66018   2.05477    67.36189    67.22958     0.13231
  -0.98315  -5.42031   2.05477    69.85938    69.92122    -0.06184
  -0.72065  -5.09766   2.05477    73.50835    73.69551    -0.18717
  -3.80948  -4.09557   1.72745    75.96567    75.07670     0.88897
  -3.80948  -4.51257   1.72745    72.13849    71.44471     0.69378
  -3.71332  -4.91833   1.72745    69.10637    68.48335     0.62301
  -3.52617  -5.29098   1.72745    66.69485    66.07819     0.61665
  -3.25812  -5.61042   1.72745    64.82801    64.19672     0.63129
  -2.92364  -5.85943   1.72745    63.47572    62.85098     0.62475
  -2.54074  -6.02460   1.72745    62.64051    62.07755     0.56295
  -2.13008  -6.09701   1.72745    62.35813    61.93328     0.42484
  -1.71378  -6.07276   1.72745    62.70828    62.49759     0.21069
  -1.31430  -5.95316   1.72745    63.82148    63.87598    -0.05450
  -0.95317  -5.74466   1.72745    65.87657    66.20205    -0.32547
  -0.64986  -5.45850   1.72745    69.08691    69.63579    -0.54887
  -0.42071  -5.11010   1.72745    73.67652    74.35320    -0.67669
  -4.02123  -4.30407   1.35402    73.41108    72.97262     0.43846
  -3.97762  -4.71898   1.35402    69.72886    69.37917     0.34968
  -3.84871  -5.11575   1.35402    66.71807    66.35701     0.36105
  -3.64011  -5.47704   1.35402    64.24756    63.82260     0.42496
  -3.36096  -5.78708   1.35402    62.26965    61.76992     0.49973
  -3.02344  -6.03229   1.35402    60.75986    60.21684     0.54302
  -2.64232  -6.20198   1.35402    59.70941    59.19285     0.51656
  -2.23425  -6.28872   1.35402    59.13461    58.74189     0.39272
  -1.81706  -6.28872   1.35402    59.09194    58.92869     0.16325
  -1.40898  -6.20198   1.35402    59.69372    59.84517    -0.15145
  -1.02786  -6.03229   1.35402    61.11064    61.61686    -0.50622
  -0.69035  -5.78708   1.35402    63.57173    64.41072    -0.83899
  -0.41119  -5.47704   1.35402    67.36252    68.44907    -1.08655
  -4.14415  -4.30407   0.94882    72.80930    72.80161     0.00769
  -4.10344  -4.71737   0.94882    68.91247    68.93514    -0.02267
  -3.98289  -5.11478   0.94882    65.52831    65.48673     0.04157
  -3.78712  -5.48104   0.94882    62.63800    62.47267     0.16533
  -3.52365  -5.80207   0.94882    60.24719    59.93538     0.31181
  -3.20263  -6.06554   0.94882    58.33830    57.90238     0.43593
  -2.83637  -6.26131   0.94882    56.87997    56.39299     0.48698
  -2.43895  -6.38186   0.94882    55.85650    55.43283     0.42367
  -2.02565  -6.42257   0.94882    55.28672    55.06550     0.22123
  -4.09816  -4.91261   0.52742    66.46455    66.86219    -0.39764
  -3.54520   0.22069  -2.49118    47.55392    45.73586     1.81806
  -3.82436  -0.08934  -2.49118    45.25410    43.09762     2.15648
  -3.44237   0.04403  -2.86461    46.41562    44.91312     1.50251
  -3.71042  -0.27541  -2.86461    43.89743    42.01606     1.88137
  -0.68255  -1.26231  -3.19193    72.23262    73.94186    -1.70924
  -0.73919  -0.85024  -3.19193    69.26450    70.69198    -1.42748
  -0.90490  -0.46873  -3.19193    64.61905    66.31538    -1.69633
  -2.72138   0.17685  -3.19193    48.70164    48.40165     0.29999
  -3.09070  -0.01451  -3.19193    47.33304    46.46003     0.87301
  -3.39469  -0.29842  -3.19193    45.21018    43.95340     1.25678
  -3.61080  -0.65381  -3.19193    42.08832    40.56114     1.52718
  -1.00987  -1.26231  -3.46055    66.24932    68.03006    -1.78074
  -1.08224  -0.85188  -3.46055    63.73237    65.24963    -1.51725
  -1.29062  -0.49095  -3.46055    59.94849    61.43451    -1.48602
  -1.60989  -0.22305  -3.46055    55.96757    57.33292    -1.36535
  -2.00152  -0.08051  -3.46055    52.76414    53.65788    -0.89374
  -2.41828  -0.08051  -3.46055    50.45553    50.67073    -0.21520
  -2.80992  -0.22305  -3.46055    48.45879    48.09101     0.36778
  -3.12918  -0.49095  -3.46055    46.16901    45.42522     0.74379
  -3.33756  -0.85188  -3.46055    43.31008    42.41865     0.89143
  -1.08224  -1.67275  -3.46055    67.04311    69.29183    -2.24871
  -1.38330  -1.26231  -3.66016    61.19975    62.76919    -1.56945
  -1.49405  -0.84901  -3.66016    58.92440    60.18840    -1.26400
  -1.79660  -0.54646  -3.66016    55.48627    56.43974    -0.95347
  -2.20990  -0.43572  -3.66016    52.21758    52.68759    -0.47001
  -2.62320  -0.54646  -3.66016    49.44273    49.41499     0.02774
  -2.92576  -0.84901  -3.66016    46.80468    46.52275     0.28193
  -3.03650  -1.26231  -3.66016    44.54062    44.39915     0.14147
  -1.79660  -1.97817  -3.66016    58.41737    60.28080    -1.86343
  -1.49405  -1.67561  -3.66016    61.16272    63.03754    -1.87482
  -1.78851  -1.26231  -3.78308    56.75510    57.97160    -1.21650
  -1.99920  -0.89737  -3.78308    54.31283    55.11795    -0.80512
  -2.42060  -0.89737  -3.78308    50.81384    51.16730    -0.35346
  -2.63130  -1.26231  -3.78308    48.65897    48.99955    -0.34059
  -2.42060  -1.62725  -3.78308    50.49381    51.34938    -0.85557
  -1.99920  -1.62725  -3.78308    55.11416    56.41225    -1.29810
  -2.20990  -1.26231  -3.82458    52.65432    53.44924    -0.79492
  -4.80594  -3.95534   0.50509    64.70564    65.25023    -0.54459
  -4.59755  -4.31627   0.50509    66.14452    66.53563    -0.39111
  -4.27829  -4.58417   0.50509    68.37406    68.79873    -0.42467
  -5.19140  -3.75288   0.23646    58.39164    59.17765    -0.78601
  -5.07918  -4.15341   0.23646    59.82362    60.29075    -0.46713
  -4.86306  -4.50880   0.23646    61.32525    61.64822    -0.32297
  -4.55907  -4.79271   0.23646    62.79488    63.14174    -0.34686
  -4.18976  -4.98407   0.23646    64.24631    64.78452    -0.53821
  -5.46211  -3.75341  -0.09085    53.45126    54.12329    -0.67203
  -5.36594  -4.15917  -0.09085    55.39779    55.73995    -0.34216
  -5.17879  -4.53181  -0.09085    57.06822    57.24206    -0.17384
  -4.91075  -4.85125  -0.09085    58.40796    58.55309    -0.14513
  -4.57626  -5.10027  -0.09085    59.33918    59.59526    -0.25608
  -4.19337  -5.26543  -0.09085    59.71757    60.23449    -0.51692
  -5.63025  -3.95981  -0.46429    50.62307    50.84269    -0.21962
  -5.50133  -4.35658  -0.46429    52.78171    52.79107    -0.00936
  -5.29274  -4.71788  -0.46429    54.47598    54.39554     0.08044
  -5.01358  -5.02791  -0.46429    55.68896    55.62604     0.06292
  -4.67607  -5.27313  -0.46429    56.33906    56.40571    -0.06665
  -4.29495  -5.44282  -0.46429    56.22924    56.55710    -0.32785
  -5.75607  -3.95821  -0.86949    47.46043    47.31868     0.14174
  -5.63551  -4.35562  -0.86949    49.90583    49.62388     0.28195
  -5.43974  -4.72188  -0.86949    51.79150    51.45938     0.33212
  -5.17628  -5.04291  -0.86949    53.14127    52.83553     0.30574
  -4.85525  -5.30637  -0.86949    53.91311    53.71407     0.19903
  -4.48899  -5.50214  -0.86949    53.97084    53.97650    -0.00566
  -4.09158  -5.62270  -0.86949    53.02267    53.36099    -0.33832
  -5.75078  -4.15345  -1.29089    46.26690    45.69709     0.56981
  -5.59816  -4.53468  -1.29089    48.61002    48.02035     0.58967
  -5.37615  -4.88013  -1.29089    50.36956    49.81035     0.55921
  -5.09278  -5.17733  -1.29089    51.56810    51.08589     0.48221
  -4.75828  -5.41552  -1.29089    52.15859    51.81122     0.34737
  -4.38474  -5.58611  -1.29089    52.00987    51.87233     0.13754
  -3.98568  -5.68292  -1.29089    50.85902    51.03120    -0.17218
  -5.63551  -4.35562  -1.71228    45.66575    44.81903     0.84672
  -5.43974  -4.72188  -1.71228    47.85011    47.07055     0.77956
  -5.17628  -5.04291  -1.71228    49.41951    48.72957     0.68994
  -4.85525  -5.30637  -1.71228    50.38086    49.80899     0.57187
  -4.48899  -5.50214  -1.71228    50.67516    50.26079     0.41437
  -4.09158  -5.62270  -1.71228    50.16436    49.95778     0.20658
  -3.67828  -5.66340  -1.71228    48.61253    48.66634    -0.05380
  -5.50133  -4.35658  -2.11748    44.16035    43.15861     1.00175
  -5.29274  -4.71788  -2.11748    46.45014    45.56083     0.88931
  -5.01358  -5.02791  -2.11748    48.07727    47.30261     0.77466
  -4.67607  -5.27313  -2.11748    49.06685    48.41391     0.65294
  -4.29495  -5.44282  -2.11748    49.39441    48.87196     0.52245
  -3.88687  -5.52956  -2.11748    48.99531    48.60217     0.39315
  -3.46968  -5.52956  -2.11748    47.81058    47.49619     0.31438
  -5.17879  -4.53181  -2.49092    44.24695    43.30227     0.94468
  -4.91075  -4.85125  -2.49092    46.24431    45.42298     0.82133
  -4.57626  -5.10027  -2.49092    47.56020    46.84805     0.71215
  -4.19337  -5.26543  -2.49092    48.23666    47.61131     0.62534
  -3.78270  -5.33784  -2.49092    48.32325    47.73106     0.59219
  -3.36641  -5.31360  -2.49092    47.96683    47.26935     0.69748
  -2.96693  -5.19400  -2.49092    47.59095    46.46683     1.12411
  -4.86306  -4.50880  -2.81824    43.42554    42.62419     0.80135
  -4.55907  -4.79271  -2.81824    45.42667    44.72438     0.70229
  -4.18976  -4.98407  -2.81824    46.72310    46.08387     0.63923
  -3.78251  -5.06870  -2.81824    47.46733    46.81620     0.65113
  -3.36753  -5.04031  -2.81824    47.93859    47.12070     0.81789
  -2.97560  -4.90102  -2.81824    48.67528    47.41392     1.26137
  -2.63578  -4.66115  -2.81824    50.48753    48.44804     2.03949
  -4.59755  -4.31627  -3.08686    41.70930    41.14954     0.55976
  -4.27829  -4.58417  -3.08686    44.08317    43.57232     0.51085
  -3.88666  -4.72671  -3.08686    45.67140    45.16373     0.50767
  -3.46989  -4.72671  -3.08686    46.82413    46.21006     0.61407
  -3.07826  -4.58417  -3.08686    48.06346    47.18915     0.87431
  -3.67828  -4.37150  -3.28647    44.11894    43.92137     0.19757
  -3.38673  -2.07109   3.13340    65.19824    64.72512     0.47312
  -2.96534  -2.07109   3.09190    63.92063    63.19594     0.72469
  -3.17604  -1.70615   3.09190    64.74078    64.12090     0.61989
  -3.59743  -1.70615   3.09190    66.52918    66.42581     0.10338
  -3.80813  -2.07109   3.09190    66.29073    66.05876     0.23197
  -3.59743  -2.43603   3.09190    65.67514    65.18590     0.48924
  -3.17604  -2.43603   3.09190    65.20765    64.58469     0.62296
  -4.10259  -2.48439   2.96898    66.13950    65.76035     0.37915
  -3.80003  -2.78694   2.96898    66.19472    65.62841     0.56631
  -3.38673  -2.89768   2.96898    66.87745    66.17995     0.69750
  -2.97344  -2.78694   2.96898    66.59382    65.89162     0.70220
  -4.51440  -2.48152   2.76937    66.51412    66.17770     0.33643
  -4.30601  -2.84245   2.76937    65.97635    65.49026     0.48609
  -3.98675  -3.11035   2.76937    66.78019    66.13670     0.64349
  -3.59512  -3.25289   2.76937    68.36528    67.56681     0.79847
  -3.17835  -3.25289   2.76937    69.80792    68.89608     0.91184
  -2.78672  -3.11035   2.76937    69.71505    68.85651     0.85854
  -4.78764  -2.67958   2.50075    65.89352    65.54800     0.34552
  -4.57152  -3.03498   2.50075    65.68330    65.21131     0.47199
  -4.26753  -3.31889   2.50075    66.80968    66.18408     0.62560
  -3.89821  -3.51025   2.50075    68.98902    68.18475     0.80427
  -3.49096  -3.59488   2.50075    71.84796    70.83279     1.01517
  -3.07599  -3.56649   2.50075    74.53934    73.31404     1.22530
  -2.68405  -3.42720   2.50075    75.48375    74.20042     1.28332
  -5.07440  -2.68535   2.17343    65.33378    65.12167     0.21211
  -4.88725  -3.05799   2.17343    64.93970    64.60958     0.33012
  -4.61921  -3.37743   2.17343    65.93242    65.45340     0.47902
  -4.28472  -3.62645   2.17343    68.12243    67.47014     0.65229
  -3.90183  -3.79161   2.17343    71.48651    70.61105     0.87546
  -3.49116  -3.86402   2.17343    75.97007    74.78181     1.18826
  -5.33871  -2.48599   1.80000    64.99367    65.08388    -0.09021
  -5.20979  -2.88276   1.80000    63.87984    63.84346     0.03638
  -5.00119  -3.24406   1.80000    64.29651    64.10699     0.18951
  -4.72204  -3.55409   1.80000    65.95125    65.60039     0.35086
  -4.38452  -3.79931   1.80000    68.80014    68.26701     0.53313
  -4.00340  -3.96900   1.80000    73.04838    72.27444     0.77394
  -5.46452  -2.48439   1.39480    63.03019    63.50979    -0.47959
  -5.34397  -2.88180   1.39480    62.36189    62.64352    -0.28162
  -5.14820  -3.24806   1.39480    63.11302    63.21579    -0.10277
  -4.88474  -3.56909   1.39480    65.05579    64.98778     0.06801
  -4.56371  -3.83255   1.39480    68.13184    67.88917     0.24267
  -4.19745  -4.02832   1.39480    72.55139    72.10427     0.44712
  -5.53695  -2.27641   0.97340    60.95878    62.01933    -1.06054
  -5.45924  -2.67963   0.97340    60.17314    60.95981    -0.78667
  -5.30662  -3.06086   0.97340    60.86152    61.44213    -0.58061
  -5.08461  -3.40631   0.97340    62.84131    63.23519    -0.39388
  -4.80123  -3.70351   0.97340    65.95627    66.16772    -0.21145
  -4.46673  -3.94170   0.97340    70.12293    70.16080    -0.03786
  -5.50523  -2.07109   0.55200    57.70640    59.35094    -1.64454
  -5.46452  -2.48439   0.55200    56.87746    58.25120    -1.37374
  -5.34397  -2.88180   0.55200    57.73025    58.91432    -1.18407
  -5.14820  -3.24806   0.55200    60.25095    61.24184    -0.99088
  -4.88474  -3.56909   0.55200    64.28019    65.05101    -0.77082
  -4.76867  -0.35038   3.95427    51.54865    51.65513    -0.10648
  -4.34727  -0.35038   3.91277    52.80492    53.33019    -0.52527
  -4.55797   0.01456   3.91277    50.03070    50.32896    -0.29825
  -4.97936   0.01456   3.91277    48.95955    48.83397     0.12558
  -5.19006  -0.35038   3.91277    50.47937    50.18301     0.29636
  -4.97936  -0.71532   3.91277    52.90219    52.77088     0.13130
  -4.55797  -0.71532   3.91277    54.16285    54.42214    -0.25929
  -5.18196   0.36547   3.78985    46.23804    45.81282     0.42522
  -5.48452   0.06291   3.78985    47.55895    46.96154     0.59741
  -5.59526  -0.35038   3.78985    49.55631    48.91720     0.63911
  -5.48452  -0.76368   3.78985    51.84044    51.28005     0.56040
  -5.18196  -1.06624   3.78985    54.15281    53.79559     0.35723
  -4.76867  -1.17698   3.78985    56.06672    56.02225     0.04447
  -4.35537  -1.06624   3.78985    56.94021    57.26777    -0.32756
  -4.05281  -0.76368   3.78985    56.31208    56.99696    -0.68488
  -5.68794   0.42098   3.59025    44.78535    43.91762     0.86773
  -5.89633   0.06005   3.59025    46.71181    45.80635     0.90545
  -5.96870  -0.35038   3.59025    48.74243    47.84872     0.89371
  -5.89633  -0.76082   3.59025    50.85337    50.01941     0.83396
  -5.68794  -1.12175   3.59025    53.06032    52.34568     0.71464
  -5.36868  -1.38964   3.59025    55.32940    54.79952     0.52988
  -4.97705  -1.53218   3.59025    57.49556    57.21049     0.28507
  -4.56028  -1.53218   3.59025    59.21368    59.21423    -0.00055
  -4.16865  -1.38964   3.59025    60.03572    60.33797    -0.30226
  -3.84939  -1.12175   3.59025    59.68368    60.29001    -0.60633
  -5.95345   0.61351   3.32162    42.60915    41.48963     1.11952
  -6.16957   0.25811   3.32162    44.87069    43.76419     1.10651
  -6.28179  -0.14241   3.32162    46.98226    45.91447     1.06779
  -6.28179  -0.55836   3.32162    49.02794    48.01345     1.01449
  -6.16957  -0.95888   3.32162    51.10563    50.16620     0.93943
  -5.95345  -1.31427   3.32162    53.29313    52.46326     0.82987
  -5.64946  -1.59818   3.32162    55.63060    54.94991     0.68069
  -5.28014  -1.78955   3.32162    58.08040    57.58690     0.49349
  -4.87290  -1.87417   3.32162    60.47623    60.19462     0.28160
  -4.45792  -1.84579   3.32162    62.46983    62.40727     0.06256
  -4.06599  -1.70650   3.32162    63.59181    63.73174    -0.13993
  -3.72617  -1.46663   3.32162    63.51212    63.82004    -0.30792
  -6.26918   0.63652   2.99431    41.51101    40.24838     1.26263
  -6.45633   0.26388   2.99431    44.07250    42.87566     1.19684
  -6.55250  -0.14188   2.99431    46.28887    45.17107     1.11780
  -6.55250  -0.55888   2.99431    48.34835    47.30597     1.04238
  -6.45633  -0.96464   2.99431    50.39592    49.43193     0.96399
  -6.26918  -1.33729   2.99431    52.54514    51.67430     0.87084
  -6.00114  -1.65673   2.99431    54.88324    54.12963     0.75360
  -5.66665  -1.90574   2.99431    57.46669    56.85386     0.61283
  -5.28376  -2.07091   2.99431    60.28986    59.83061     0.45925
  -4.87309  -2.14332   2.99431    63.21970    62.91044     0.30926
  -4.45680  -2.11907   2.99431    65.91046    65.72847     0.18199
  -6.59172   0.46129   2.62087    41.97223    40.73681     1.23542
  -6.72064   0.06452   2.62087    44.50799    43.39499     1.11300
  -6.76425  -0.35038   2.62087    46.69173    45.69059     1.00114
  -6.72064  -0.76529   2.62087    48.74494    47.83845     0.90648
  -6.59172  -1.16206   2.62087    50.82262    50.00540     0.81723
  -6.38312  -1.52335   2.62087    53.04903    52.32784     0.72119
  -6.10397  -1.83339   2.62087    55.53271    54.92145     0.61126
  -5.76646  -2.07861   2.62087    58.37156    57.87896     0.49260
  -5.38534  -2.24829   2.62087    61.63210    61.24932     0.38278
  -4.97726  -2.33503   2.62087    65.29487    64.98315     0.31172
  -6.72590   0.46033   2.21567    41.11819    39.97692     1.14127
  -6.84646   0.06291   2.21567    43.83342    42.86657     0.96685
  -6.88716  -0.35038   2.21567    46.09622    45.28169     0.81453
  -6.84646  -0.76368   2.21567    48.18143    47.48786     0.69357
  -6.72590  -1.16110   2.21567    50.27041    49.67984     0.59058
  -6.53013  -1.52736   2.21567    52.50811    52.01593     0.49218
  -6.26667  -1.84839   2.21567    55.02819    54.63910     0.38909
  -5.94564  -2.11185   2.21567    57.97372    57.68769     0.28603
  -5.57938  -2.30762   2.21567    61.49907    61.29444     0.20463
  -5.18196  -2.42817   2.21567    65.75923    65.56507     0.19416
  -6.84117   0.25816   1.79427    41.84861    40.99877     0.84984
  -6.91889  -0.14506   1.79427    44.42140    43.79497     0.62642
  -6.91889  -0.55570   1.79427    46.62647    46.17666     0.44980
  -6.84117  -0.95893   1.79427    48.72235    48.40865     0.31370
  -6.68855  -1.34015   1.79427    50.88788    50.68931     0.19857
  -6.46654  -1.68561   1.79427    53.28183    53.19040     0.09143
  -6.18317  -1.98280   1.79427    56.06986    56.08296    -0.01310
  -5.84867  -2.22100   1.79427    59.45527    59.55621    -0.10094
  -5.47513  -2.39158   1.79427    63.70539    63.83227    -0.12688
  -6.84646   0.06291   1.37288    42.57024    42.12532     0.44492
  -6.88716  -0.35038   1.37288    45.08279    44.90718     0.17561
  -6.84646  -0.76368   1.37288    47.30857    47.33307    -0.02450
  -6.72590  -1.16110   1.37288    49.50736    49.68586    -0.17849
  -6.53013  -1.52736   1.37288    51.87998    52.18982    -0.30984
  -6.26667  -1.84839   1.37288    54.62847    55.06008    -0.43161
  -5.94564  -2.11185   1.37288    58.00384    58.54143    -0.53758
  -5.57938  -2.30762   1.37288    62.36378    62.95040    -0.58662
  -6.76425  -0.35038   0.96768    44.74205    44.96344    -0.22138
  -6.72064  -0.76529   0.96768    47.05317    47.53208    -0.47891
  -6.59172  -1.16206   0.96768    49.32476    49.99733    -0.67258
  -6.38312  -1.52335   0.96768    51.80028    52.63403    -0.83375
  -6.10397  -1.83339   0.96768    54.73326    55.71418    -0.98092
  -5.76646  -2.07861   0.96768    58.46632    59.57184    -1.10552
  -6.45633  -0.96464   0.59424    48.10676    49.17600    -1.06924
  -6.26918  -1.33729   0.59424    50.48879    51.77516    -1.28637
  -6.00114  -1.65673   0.59424    53.24544    54.72208    -1.47664
  -5.66665  -1.90574   0.59424    56.74631    58.39157    -1.64525
  -4.53788   4.32200   2.83171    42.67002    42.80725    -0.13723
  -4.11648   4.32200   2.79021    42.23704    42.32555    -0.08851
  -4.32718   4.68694   2.79021    43.44876    43.75003    -0.30127
  -4.74857   4.68694   2.79021    44.14592    44.38196    -0.23604
  -4.95927   4.32200   2.79021    43.02268    43.26078    -0.23811
  -4.74857   3.95706   2.79021    40.80192    40.93672    -0.13479
  -4.32718   3.95706   2.79021    40.87409    40.66907     0.20501
  -4.53788   5.14859   2.66729    44.84748    45.13880    -0.29132
  -4.95117   5.03785   2.66729    45.39466    45.58181    -0.18715
  -5.25373   4.73530   2.66729    44.95729    45.16170    -0.20440
  -5.36447   4.32200   2.66729    43.36404    43.69204    -0.32800
  -5.25373   3.90870   2.66729    40.52143    41.04549    -0.52406
  -4.74626   5.50380   2.46769    46.08744    46.18679    -0.09936
  -5.13789   5.36126   2.46769    46.48716    46.53139    -0.04424
  -5.45715   5.09336   2.46769    46.27757    46.35724    -0.07967
  -5.66554   4.73243   2.46769    45.41412    45.59887    -0.18475
  -5.73791   4.32200   2.46769    43.71733    44.09261    -0.37528
  -5.66554   3.91156   2.46769    40.86279    41.57185    -0.70906
  -4.64211   5.84579   2.19906    46.83856    46.71876     0.11981
  -5.04935   5.76116   2.19906    47.37948    47.20413     0.17535
  -5.41867   5.56980   2.19906    47.44850    47.31277     0.13574
  -5.72266   5.28589   2.19906    47.11655    47.07062     0.04593
  -5.93878   4.93050   2.19906    46.35601    46.43409    -0.07808
  -6.05100   4.52997   2.19906    45.02883    45.28109    -0.25226
  -6.05100   4.11402   2.19906    42.85513    43.38710    -0.53197
  -5.93878   3.71350   2.19906    39.34485    40.38195    -1.03711
  -5.05297   6.04252   1.87175    48.43181    47.94835     0.48346
  -5.43586   5.87736   1.87175    48.38035    47.99399     0.38637
  -5.77035   5.62834   1.87175    48.06786    47.81452     0.25333
  -6.03839   5.30890   1.87175    47.50874    47.39828     0.11047
  -6.22554   4.93626   1.87175    46.64027    46.67889    -0.03862
  -6.32171   4.53050   1.87175    45.31309    45.52979    -0.21670
  -6.32171   4.11350   1.87175    43.25674    43.73513    -0.47839
  -6.22554   3.70774   1.87175    39.98302    40.92611    -0.94309
  -5.15454   6.21991   1.49831    49.65043    48.84039     0.81005
  -5.53567   6.05022   1.49831    49.23189    48.61036     0.62152
  -5.87318   5.80500   1.49831    48.70980    48.28870     0.42109
  -6.15233   5.49497   1.49831    48.08103    47.84586     0.23518
  -6.36093   5.13367   1.49831    47.28410    47.21585     0.06825
  -6.48985   4.73690   1.49831    46.20603    46.29617    -0.09014
  -6.53346   4.32200   1.49831    44.65797    44.92897    -0.27100
  -6.48985   3.90709   1.49831    42.31987    42.85664    -0.53677
  -6.36093   3.51032   1.49831    38.60125    39.63017    -1.02893
  -5.71485   6.08346   1.09311    49.74456    49.00388     0.74068
  -6.03588   5.82000   1.09311    48.94198    48.46296     0.47901
  -6.29934   5.49897   1.09311    48.15257    47.89660     0.25597
  -6.49511   5.13271   1.09311    47.28786    47.21330     0.07456
  -6.61567   4.73530   1.09311    46.22800    46.30335    -0.07535
  -6.65637   4.32200   1.09311    44.80418    45.01811    -0.21394
  -6.61567   3.90870   1.09311    42.74971    43.12982    -0.38011
  -6.49511   3.51128   1.09311    39.59397    40.25257    -0.65860
  -5.95238   5.95442   0.67171    49.52744    48.87574     0.65170
  -6.23575   5.65722   0.67171    48.51966    48.15494     0.36473
  -6.45776   5.31177   0.67171    47.59409    47.45427     0.13981
  -6.61038   4.93054   0.67171    46.62709    46.65410    -0.02701
  -6.68810   4.52732   0.67171    45.48503    45.62709    -0.14206
  -6.68810   4.11668   0.67171    43.99281    44.21016    -0.21735
  -6.61038   3.71345   0.67171    41.88563    42.15923    -0.27360
  -6.45776   3.33223   0.67171    38.71922    39.06562    -0.34640
  -6.03588   5.82000   0.25032    49.10262    48.57778     0.52483
  -6.29934   5.49897   0.25032    47.89341    47.67439     0.21902
  -6.49511   5.13271   0.25032    46.84170    46.84618    -0.00447
  -6.61567   4.73530   0.25032    45.79251    45.93697    -0.14447
  -6.65637   4.32200   0.25032    44.59459    44.79609    -0.20150
  -6.61567   3.90870   0.25032    43.07288    43.24226    -0.16938
  -6.49511   3.51128   0.25032    40.98767    41.01546    -0.02779
  -6.36093   5.13367  -0.15488    46.38299    46.48939    -0.10640
  -6.48985   4.73690  -0.15488    45.28234    45.53822    -0.25588
  -6.53346   4.32200  -0.15488    44.16098    44.44755    -0.28657
  -6.48985   3.90709  -0.15488    42.87396    43.04942    -0.17546
  -6.36093   3.51032  -0.15488    41.28385    41.15115     0.13270
  -6.15233   3.14903  -0.15488    39.28209    38.51420     0.76790
  -6.32171   4.11350  -0.52832    42.92541    43.32856    -0.40315
  -2.40678   6.69333   0.88980    45.71407    45.91343    -0.19936
  -2.76791   6.90183   0.88980    46.65910    46.78292    -0.12383
  -3.16739   7.02143   0.88980    47.48804    47.45054     0.03749
  -3.58369   7.04568   0.88980    48.29376    48.01958     0.27418
  -3.99435   6.97327   0.88980    49.20302    48.62136     0.58166
  -1.86480   6.42571   0.51636    44.92215    44.82414     0.09801
  -2.14396   6.73575   0.51636    46.10814    46.13793    -0.02979
  -2.48147   6.98097   0.51636    47.03246    47.07948    -0.04702
  -2.86259   7.15065   0.51636    47.76791    47.75245     0.01546
  -3.27067   7.23739   0.51636    48.38475    48.24432     0.14043
  -3.68786   7.23739   0.51636    48.95829    48.63764     0.32066
  -4.09593   7.15065   0.51636    49.58078    49.02551     0.55527
  -4.47705   6.98097   0.51636    50.37646    49.53410     0.84236
  -1.52203   6.06345   0.11116    42.81937    42.32550     0.49387
  -1.71780   6.42972   0.11116    44.81547    44.58317     0.23231
  -1.98126   6.75074   0.11116    46.23741    46.14215     0.09526
  -2.30229   7.01421   0.11116    47.26213    47.21765     0.04449
  -2.66855   7.20998   0.11116    48.01138    47.95504     0.05634
  -3.06596   7.33053   0.11116    48.57300    48.45579     0.11721
  -3.47926   7.37124   0.11116    49.01539    48.79681     0.21859
  -3.89256   7.33053   0.11116    49.40445    49.04532     0.35913
  -4.28997   7.20998   0.11116    49.80919    49.27245     0.53674
  -4.65624   7.01421   0.11116    50.31748    49.56842     0.74906
  -1.47399   6.05553  -0.31023    41.56121    41.26130     0.29990
  -1.66215   6.42053  -0.31023    44.27205    44.06728     0.20477
  -1.91600   6.74331  -0.31023    46.05920    45.92416     0.13504
  -2.22634   7.01223  -0.31023    47.26590    47.16524     0.10065
  -2.58197   7.21755  -0.31023    48.09170    47.99138     0.10032
  -2.97002   7.35185  -0.31023    48.65897    48.52931     0.12966
  -3.37649   7.41029  -0.31023    49.04928    48.86414     0.18514
  -3.78666   7.39076  -0.31023    49.32350    49.05875     0.26475
  -4.18573   7.29394  -0.31023    49.53497    49.16681     0.36816
  -4.55926   7.12336  -0.31023    49.73515    49.24290     0.49225
  -4.89376   6.88516  -0.31023    49.98113    49.35207     0.62906
  -1.52203   6.06345  -0.73163    40.27858    40.35544    -0.07686
  -1.71780   6.42972  -0.73163    43.72674    43.66067     0.06608
  -1.98126   6.75074  -0.73163    45.86906    45.76363     0.10543
  -2.30229   7.01421  -0.73163    47.23703    47.12064     0.11640
  -2.66855   7.20998  -0.73163    48.11680    47.98956     0.12724
  -3.06596   7.33053  -0.73163    48.67152    48.52411     0.14741
  -3.47926   7.37124  -0.73163    48.99971    48.82107     0.17864
  -3.89256   7.33053  -0.73163    49.16851    48.94589     0.22261
  -4.28997   7.20998  -0.73163    49.22436    48.94761     0.27675
  -4.65624   7.01421  -0.73163    49.20490    48.86790     0.33700
  -4.97726   6.75074  -0.73163    49.13713    48.74672     0.39041
  -1.86480   6.42571  -1.13683    43.31259    43.37535    -0.06276
  -2.14396   6.73575  -1.13683    45.67077    45.60409     0.06668
  -2.48147   6.98097  -1.13683    47.11467    46.99925     0.11542
  -2.86259   7.15065  -1.13683    47.98879    47.85387     0.13491
  -3.27067   7.23739  -1.13683    48.48264    48.33769     0.14494
  -3.68786   7.23739  -1.13683    48.70666    48.55342     0.15324
  -4.09593   7.15065  -1.13683    48.72674    48.56582     0.16092
  -4.47705   6.98097  -1.13683    48.58179    48.41711     0.16468
  -4.81457   6.73575  -1.13683    48.28811    48.13439     0.15372
  -5.09372   6.42571  -1.13683    47.83881    47.73039     0.10843
  -1.87432   6.05877  -1.51027    39.25699    39.76854    -0.51155
  -2.10347   6.40717  -1.51027    43.24293    43.34144    -0.09850
  -2.40678   6.69333  -1.51027    45.57601    45.51535     0.06067
  -2.76791   6.90183  -1.51027    46.94210    46.82632     0.11579
  -3.16739   7.02143  -1.51027    47.69637    47.57036     0.12601
  -3.58369   7.04568  -1.51027    48.03146    47.91653     0.11493
  -3.99435   6.97327  -1.51027    48.05279    47.96298     0.08981
  -4.37725   6.80810  -1.51027    47.81434    47.76523     0.04911
  -4.71173   6.55909  -1.51027    47.33241    47.34955    -0.01713
  -4.97978   6.23965  -1.51027    46.58882    46.71666    -0.12785
  -2.17426   6.04633  -1.83759    39.98616    40.34564    -0.35948
  -2.43676   6.36898  -1.83759    43.55355    43.57882    -0.02527
  -2.77658   6.60885  -1.83759    45.57727    45.48599     0.09128
  -3.16851   6.74815  -1.83759    46.65784    46.54485     0.11299
  -3.58349   6.77653  -1.83759    47.11279    47.02367     0.08912
  -3.99074   6.69191  -1.83759    47.10714    47.07149     0.03565
  -4.36005   6.50054  -1.83759    46.72059    46.76601    -0.04542
  -4.66404   6.21663  -1.83759    45.97448    46.13793    -0.16345
  -4.88016   5.86124  -1.83759    44.85250    45.18507    -0.33257
  -2.55998   6.02411  -2.10621    41.27946    41.35098    -0.07152
  -2.87925   6.29200  -2.10621    44.05995    43.96456     0.09539
  -3.27088   6.43454  -2.10621    45.45993    45.34033     0.11960
  -3.68765   6.43454  -2.10621    45.94562    45.87032     0.07530
  -4.07928   6.29200  -2.10621    45.76239    45.77180    -0.00941
  -4.39854   6.02411  -2.10621    45.02757    45.15363    -0.12606
  -4.60692   5.66318  -2.10621    43.80581    44.06919    -0.26338
  -2.76341   5.66604  -2.30581    39.15659    39.10232     0.05428
  -3.06596   5.96859  -2.30581    42.66625    42.48939     0.17686
  -3.47926   6.07934  -2.30581    44.20993    44.04484     0.16509
  -3.89256   5.96859  -2.30581    44.35802    44.26840     0.08962
  -4.19511   5.66604  -2.30581    43.50712    43.49406     0.01306
  -3.26856   5.61768  -2.42873    41.26753    40.90320     0.36433
  -3.68996   5.61768  -2.42873    42.54012    42.22943     0.31070
  -3.47926   5.25274  -2.47024    40.04326    39.36163     0.68163
   1.16655   3.64358  -1.13280    65.98513    67.12400    -1.13886
   0.88739   3.95361  -1.13280    59.09508    60.07436    -0.97928
   1.31355   3.64758  -1.53800    66.33340    67.17342    -0.84002
   1.05009   3.96861  -1.53800    60.11353    60.89599    -0.78247
   0.72906   4.23207  -1.53800    54.03861    54.71174    -0.67313
   1.55736   3.27340  -1.95940    71.32712    71.75740    -0.43027
   1.36920   3.63839  -1.95940    65.49505    66.01125    -0.51620
   1.11535   3.96118  -1.95940    60.01250    60.52497    -0.51248
   0.80501   4.23009  -1.95940    54.67051    55.14527    -0.47476
   0.44939   4.43541  -1.95940    49.13211    49.59330    -0.46119
   1.62988   2.88391  -2.38079    73.50395    73.55810    -0.05415
   1.50933   3.28132  -2.38079    68.39414    68.57706    -0.18292
   1.31355   3.64758  -2.38079    63.36967    63.61236    -0.24269
   1.05009   3.96861  -2.38079    58.48953    58.75270    -0.26317
   0.72906   4.23207  -2.38079    53.67089    53.93973    -0.26884
   0.36280   4.42784  -2.38079    48.70164    49.00025    -0.29861
   1.54767   2.47061  -2.78599    73.30001    73.16594     0.13408
   1.50406   2.88551  -2.78599    69.43393    69.38089     0.05304
   1.37514   3.28228  -2.78599    65.19447    65.20477    -0.01030
   1.16655   3.64358  -2.78599    60.84458    60.90082    -0.05625
   0.88739   3.95361  -2.78599    56.50284    56.59459    -0.09175
   0.54988   4.19883  -2.78599    52.16047    52.28696    -0.12649
   0.16876   4.36852  -2.78599    47.70390    47.88666    -0.18276
   0.54988   0.74239  -2.78599    75.81005    75.84209    -0.03204
   0.88739   0.98760  -2.78599    78.11238    77.84768     0.26470
   1.16655   1.29764  -2.78599    78.97207    78.63532     0.33675
   1.37514   1.65893  -2.78599    78.39225    78.08893     0.30333
   1.50406   2.05571  -2.78599    76.41685    76.19217     0.22468
   1.34806   2.47061  -3.15943    68.78194    68.67252     0.10943
   1.29965   2.88479  -3.15943    65.60800    65.51341     0.09460
   1.15703   3.27664  -3.15943    61.97535    61.91071     0.06464
   0.92789   3.62504  -3.15943    58.13311    58.10889     0.02422
   0.62457   3.91120  -3.15943    54.22937    54.25274    -0.02337
   0.26344   4.11970  -3.15943    50.31246    50.39059    -0.07813
  -0.13604   4.23930  -3.15943    46.37295    46.51713    -0.14417
  -0.55234   4.26355  -3.15943    42.43533    42.64936    -0.21403
   0.26344   0.82152  -3.15943    69.08378    69.95900    -0.87523
   0.62457   1.03002  -3.15943    71.57938    71.94654    -0.36715
   0.92789   1.31618  -3.15943    72.72647    72.81005    -0.08358
   1.15703   1.66458  -3.15943    72.56959    72.52007     0.04952
   1.29965   2.05643  -3.15943    71.19346    71.09363     0.09984
   1.07944   2.47061  -3.48675    64.82110    64.80670     0.01440
   1.02280   2.88268  -3.48675    62.09081    62.04590     0.04491
   0.85709   3.26420  -3.48675    58.84157    58.80881     0.03276
   0.59459   3.58685  -3.48675    55.34446    55.35327    -0.00882
   0.25477   3.82672  -3.48675    51.79275    51.86253    -0.06978
  -0.13716   3.96601  -3.48675    48.32388    48.46182    -0.13794
  -0.55214   3.99440  -3.48675    45.10225    45.29516    -0.19292
  -0.95939   3.90977  -3.48675    42.44412    42.63757    -0.19346
  -0.13716   0.97520  -3.48675    62.81747    64.34540    -1.52793
   0.25477   1.11450  -3.48675    65.59357    66.55238    -0.95882
   0.59459   1.35437  -3.48675    67.22133    67.74337    -0.52204
   0.85709   1.67702  -3.48675    67.58905    67.82633    -0.23729
   1.02280   2.05854  -3.48675    66.73752    66.80874    -0.07122
   0.75212   2.47061  -3.75537    61.34219    61.50298    -0.16079
   0.67975   2.88104  -3.75537    58.85474    58.95078    -0.09603
   0.47137   3.24197  -3.75537    55.78246    55.88541    -0.10296
   0.15210   3.50987  -3.75537    52.50372    52.66378    -0.16006
  -0.23953   3.65241  -3.75537    49.35864    49.60112    -0.24248
  -0.65629   3.65241  -3.75537    46.71181    47.03315    -0.32135
  -1.04793   3.50987  -3.75537    45.02820    45.40054    -0.37234
  -0.65629   1.28881  -3.75537    56.91386    58.79439    -1.88053
  -0.23953   1.28881  -3.75537    59.82299    61.30844    -1.48545
   0.15210   1.43135  -3.75537    62.06759    63.07316    -1.00557
   0.47137   1.69924  -3.75537    63.13750    63.73669    -0.59920
   0.67975   2.06017  -3.75537    62.86390    63.18424    -0.32034
   0.37869   2.47061  -3.95497    58.27116    58.67221    -0.40105
   0.26794   2.88391  -3.95497    55.77618    56.08948    -0.31330
  -0.03461   3.18646  -3.95497    52.65746    53.00720    -0.34974
  -0.44791   3.29721  -3.95497    49.77845    50.24065    -0.46220
  -0.86121   3.18646  -3.95497    47.99130    48.60500    -0.61370
  -1.16376   2.88391  -3.95497    47.87709    48.70115    -0.82405
  -0.86121   1.75476  -3.95497    53.83467    55.48406    -1.64939
  -0.44791   1.64401  -3.95497    56.58253    58.03933    -1.45680
  -0.03461   1.75476  -3.95497    58.72861    59.77144    -1.04282
   0.26794   2.05731  -3.95497    59.38248    60.03051    -0.64803
  -0.02652   2.47061  -4.07789    55.55028    56.22507    -0.67480
  -0.23721   2.83555  -4.07789    52.86454    53.48038    -0.61584
  -0.65861   2.83555  -4.07789    50.60111    51.40642    -0.80531
  -0.86931   2.47061  -4.07789    51.02719    52.15183    -1.12464
  -0.65861   2.10567  -4.07789    53.47887    54.77049    -1.29162
  -0.23721   2.10567  -4.07789    55.79877    56.81550    -1.01673
  -0.44791   2.47061  -4.11940    53.14001    54.07806    -0.93805
   4.91676  -2.70704  -1.74790    71.75320    71.93775    -0.18455
   8.60471  -0.21948  -1.74790    69.83365    70.49482    -0.66117
   8.63384   0.19706  -2.15736    69.99241    70.42034    -0.42794
   8.60471   0.61361  -2.15736    72.59030    72.89355    -0.30325
   4.51963  -2.57800  -2.15736    69.60837    70.08815    -0.47978
   4.91676  -2.70704  -2.15736    67.91410    68.22896    -0.31486
   8.60471  -0.21948  -2.15736    68.03458    68.55723    -0.52265
   8.57808   0.19706  -2.56300    67.93857    68.27125    -0.33268
   4.54052  -2.52631  -2.56300    65.44673    65.96208    -0.51535
   4.93024  -2.65294  -2.56300    64.16724    64.57845    -0.41121
   5.33380  -2.72410  -2.56300    63.50647    63.88027    -0.37379
   8.46430  -0.61255  -2.56300    65.22710    65.53920    -0.31210
   8.54950  -0.21172  -2.56300    66.31207    66.63014    -0.31808
   8.46761   0.19706  -2.95727    66.13950    66.30263    -0.16313
   4.34831  -2.31691  -2.95727    62.47422    63.07228    -0.59806
   4.72812  -2.47832  -2.95727    61.12758    61.64821    -0.52063
   5.12738  -2.58270  -2.95727    60.39151    60.84456    -0.45304
   5.53759  -2.62783  -2.95727    60.18569    60.58810    -0.40241
   8.34776  -0.61733  -2.95727    63.53220    63.54985    -0.01765
   8.43749  -0.21452  -2.95727    64.61465    64.68918    -0.07453
   4.81771   2.73035  -3.33282    68.69409    67.18246     1.51163
   3.75734   2.08055  -3.33282    68.58616    67.54190     1.04427
   4.07517  -1.95788  -3.33282    60.29362    60.86867    -0.57504
   4.43156  -2.17627  -3.33282    58.68218    59.29023    -0.60805
   4.81771  -2.33622  -3.33282    57.67816    58.23383    -0.55566
   5.22414  -2.43380  -3.33282    57.23891    57.70939    -0.47049
   5.64083  -2.46659  -3.33282    57.27656    57.64971    -0.37315
   6.05752  -2.43380  -3.33282    57.66185    57.92840    -0.26655
   8.01416  -1.01221  -3.33282    60.94561    60.65307     0.29254
   8.17412  -0.62605  -3.33282    61.76388    61.50168     0.26220
   8.27169  -0.21962  -3.33282    62.92665    62.75280     0.17385
   4.92315   2.54054  -3.68267    65.67263    64.42149     1.25114
   4.53742   2.38555  -3.68267    64.99994    63.70035     1.29960
   4.18344   2.16759  -3.68267    64.58014    63.37946     1.20068
   3.87138   1.89294  -3.68267    64.40820    63.40032     1.00789
   3.61023   1.56951  -3.68267    64.46782    63.65355     0.81427
   4.18344  -1.77346  -3.68267    56.62395    57.22223    -0.59828
   4.53742  -1.99142  -3.68267    55.40783    56.04016    -0.63233
   4.92315  -2.14641  -3.68267    54.72573    55.29071    -0.56498
   5.32952  -2.23399  -3.68267    54.54626    54.98907    -0.44280
   5.74485  -2.25164  -3.68267    54.78597    55.07644    -0.29047
   6.15719  -2.19884  -3.68267    55.31998    55.44198    -0.12200
   6.55467  -2.07711  -3.68267    56.01024    55.95743     0.05282
   6.92586  -1.88996  -3.68267    56.74129    56.51947     0.22182
   7.26008  -1.64277  -3.68267    57.45540    57.08719     0.36821
   7.54772  -1.34265  -3.68267    58.17076    57.69767     0.47309
   7.78051  -0.99823  -3.68267    58.96832    58.45041     0.51791
   7.95174  -0.61943  -3.68267    59.95602    59.46607     0.48995
   8.05648  -0.21714  -3.68267    61.22359    60.83551     0.38808
   4.92373   2.26899  -4.00029    62.64365    61.65126     0.99238
   4.54458   2.09583  -4.00029    61.72623    60.71101     1.01521
   4.20504   1.85405  -4.00029    61.05165    60.13204     0.91961
   3.91740   1.55238  -4.00029    60.60612    59.84788     0.75824
   3.69205   1.20173  -4.00029    60.34508    59.73809     0.60699
   3.53713   0.81477  -4.00029    60.18381    59.65676     0.52705
   3.91740  -1.15825  -4.00029    55.42164    55.83107    -0.40943
   4.20504  -1.45992  -4.00029    54.00410    54.61218    -0.60808
   4.54458  -1.70170  -4.00029    52.96870    53.62170    -0.65300
   4.92373  -1.87486  -4.00029    52.40897    52.98571    -0.57674
   5.32880  -1.97313  -4.00029    52.32676    52.74944    -0.42268
   5.74515  -1.99296  -4.00029    52.65620    52.87976    -0.22356
   6.15773  -1.93364  -4.00029    53.28497    53.28831    -0.00334
   6.55163  -1.79731  -4.00029    54.08818    53.87112     0.21706
   6.91261  -1.58890  -4.00029    54.96858    54.55419     0.41438
   7.22762  -1.31594  -4.00029    55.89227    55.32726     0.56501
   7.48528  -0.98829  -4.00029    56.89252    56.24761     0.64491
   7.67628  -0.61781  -4.00029    58.04651    57.40917     0.63734
   7.79372  -0.21787  -4.00029    59.43017    58.88900     0.54117
   4.94006   1.95586  -4.27976    59.74832    59.03748     0.71084
   4.57835   1.76410  -4.27976    58.66398    57.96577     0.69821
   4.26633   1.49906  -4.27976    57.78672    57.19874     0.58798
   4.01857   1.17314  -4.27976    57.09395    56.66583     0.42812
   3.84667   0.80159  -4.27976    56.51225    56.24384     0.26841
   3.75866   0.40176  -4.27976    55.92114    55.79514     0.12600
   3.75866  -0.00763  -4.27976    55.17315    55.20398    -0.03083
   3.84667  -0.40746  -4.27976    54.18231    54.41759    -0.23528
   4.01857  -0.77902  -4.27976    53.02393    53.47936    -0.45544
   4.26633  -1.10493  -4.27976    51.90884    52.52021    -0.61137
   4.57835  -1.36997  -4.27976    51.05668    51.70584    -0.64916
   4.94006  -1.56173  -4.27976    50.60990    51.17543    -0.56554
   5.33453  -1.67126  -4.27976    50.61052    51.00085    -0.39032
   5.74333  -1.69342  -4.27976    51.01778    51.17685    -0.15907
   6.14733  -1.62719  -4.27976    51.73502    51.64159     0.09343
   6.52765  -1.47566  -4.27976    52.65369    52.31861     0.33508
   6.86650  -1.24591  -4.27976    53.69473    53.16249     0.53224
   7.14804  -0.94869  -4.27976    54.83931    54.18417     0.65514
   7.35911  -0.59790  -4.27976    56.12068    55.43805     0.68263
   7.48983  -0.20993  -4.27976    57.58404    56.97336     0.61068
   5.11883   1.66582  -4.51589    57.54137    57.11213     0.42924
   4.74193   1.47052  -4.51589    56.21105    55.80720     0.40385
   4.43169   1.18077  -4.51589    55.06019    54.78137     0.27882
   4.21112   0.81807  -4.51589    54.07312    53.97681     0.09631
   4.09660   0.40931  -4.51589    53.16198    53.26209    -0.10011
   4.09660  -0.01519  -4.51589    52.21883    52.51373    -0.29489
   4.21112  -0.42394  -4.51589    51.21293    51.68840    -0.47547
   4.43169  -0.78665  -4.51589    50.26539    50.85927    -0.59388
   4.74193  -1.07639  -4.51589    49.58894    50.18397    -0.59503
   5.11883  -1.27169  -4.51589    49.35488    49.82109    -0.46621
   5.53446  -1.35805  -4.51589    49.61906    49.85624    -0.23718
   5.95797  -1.32909  -4.51589    50.32250    50.28236     0.04014
   6.35796  -1.18693  -4.51589    51.34785    51.03874     0.30911
   6.70476  -0.94213  -4.51589    52.59157    52.07585     0.51572
   6.97266  -0.61284  -4.51589    54.00912    53.39185     0.61726
   7.14178  -0.22348  -4.51589    55.59671    55.00113     0.59558
   6.83603   0.19706  -4.70426    55.39842    54.98894     0.40948
   5.43328   1.37411  -4.70426    56.05668    55.85133     0.20535
   5.04323   1.23214  -4.70426    54.62407    54.43801     0.18606
   4.72525   0.96533  -4.70426    53.25736    53.18444     0.07292
   4.51771   0.60585  -4.70426    52.03748    52.14349    -0.10601
   4.44563   0.19706  -4.70426    50.94059    51.23845    -0.29786
   4.51771  -0.21172  -4.70426    49.95038    50.40386    -0.45348
   4.72525  -0.57120  -4.70426    49.16411    49.68355    -0.51943
   5.04323  -0.83801  -4.70426    48.76941    49.22292    -0.45351
   5.43328  -0.97998  -4.70426    48.91060    49.16960    -0.25900
   5.84837  -0.97998  -4.70426    49.59145    49.58323     0.00821
   6.23843  -0.83801  -4.70426    50.70277    50.43490     0.26787
   6.55641  -0.57120  -4.70426    52.11278    51.66977     0.44301
   6.76395  -0.21172  -4.70426    53.71921    53.23174     0.48747
   6.45022   0.19706  -4.84138    53.58555    53.29487     0.29068
   6.34178   0.60176  -4.84138    54.86065    54.66969     0.19096
   5.64083   1.00645  -4.84138    54.38625    54.30172     0.08453
   5.23613   0.89802  -4.84138    52.97184    52.94657     0.02527
   4.93988   0.60176  -4.84138    51.45829    51.57229    -0.11401
   4.83144   0.19706  -4.84138    50.13675    50.41948    -0.28273
   4.93988  -0.20763  -4.84138    49.16976    49.54622    -0.37646
   5.23613  -0.50389  -4.84138    48.78698    49.09909    -0.31211
   5.64083  -0.61233  -4.84138    49.18294    49.27990    -0.09696
   6.04552  -0.50389  -4.84138    50.30493    50.15093     0.15399
   6.34178  -0.20763  -4.84138    51.89378    51.59172     0.30206
   6.04933   0.19706  -4.92469    52.00987    51.87618     0.13369
   5.84508   0.55083  -4.92469    52.73213    52.67090     0.06123
   5.43658   0.55083  -4.92469    51.69549    51.74212    -0.04663
   5.23233   0.19706  -4.92469    50.14177    50.32616    -0.18439
   5.43658  -0.15671  -4.92469    49.48101    49.64641    -0.16541
   5.84508  -0.15671  -4.92469    50.34571    50.30353     0.04218
   5.64083   0.19706  -4.95263    50.81384    50.84862    -0.03479
   3.45457   2.02142  -3.20635    70.41347    69.76978     0.64369
   5.62327   3.16536   2.22445    47.04439    46.05339     0.99100
   5.20795   3.14772   2.22445    49.75146    48.76600     0.98546
   5.51925   3.38031   1.87461    50.96193    50.20340     0.75853
   5.10257   3.34752   1.87461    53.78321    53.02552     0.75769
   4.69614   3.24994   1.87461    56.68042    55.98469     0.69573
   7.08491  -1.43828   1.87461    45.91362    45.26101     0.65261
   5.41601   3.54155   1.49905    54.99682    54.55254     0.44428
   5.00581   3.49642   1.49905    57.82375    57.40367     0.42007
   4.60654   3.39204   1.49905    60.81571    60.48966     0.32605
   4.22673   3.23063   1.49905    64.26890    63.98938     0.27951
   6.62482  -1.88496   1.49905    53.41173    52.95211     0.45961
   6.99184  -1.69626   1.49905    51.05292    50.40534     0.64758
   5.62176   3.65212   1.10478    57.09019    57.06024     0.02994
   5.21223   3.63782   1.10478    59.82864    59.77019     0.05844
   4.80867   3.56666   1.10478    62.67314    62.71978    -0.04664
   4.41894   3.44003   1.10478    65.83265    66.04900    -0.21635
   6.02930  -2.17597   1.10478    61.84483    61.85908    -0.01425
   6.42691  -2.07684   1.10478    59.27580    58.88170     0.39410
   6.80686  -1.92333   1.10478    56.88123    56.26763     0.61359
   7.16175  -1.71843   1.10478    54.44712    53.82444     0.62268
   5.62371   3.70784   0.69914    60.81257    61.16124    -0.34867
   5.20640   3.69327   0.69914    63.45313    63.80585    -0.35272
   4.79518   3.62076   0.69914    66.28822    66.79868    -0.51046
   4.39805   3.49173   0.69914    69.48852    70.26970    -0.78118
   5.62371  -2.27453   0.69914    69.55566    69.79557    -0.23990
   6.03898  -2.23088   0.69914    66.46957    66.26440     0.20517
   6.44414  -2.12986   0.69914    63.88423    63.38295     0.50128
   6.83130  -1.97344   0.69914    61.47522    60.86096     0.61427
   7.19292  -1.76466   0.69914    59.02229    58.50057     0.52172
   5.62371   3.70784   0.28969    64.81608    65.49906    -0.68297
   5.20640   3.69327   0.28969    67.25145    67.97089    -0.71944
   6.03898  -2.23088   0.28969    71.19974    70.80266     0.39708
   6.44414  -2.12986   0.28969    68.81269    68.26373     0.54896
   6.83130  -1.97344   0.28969    66.55115    66.01729     0.53386
   7.19292  -1.76466   0.28969    64.20238    63.86128     0.34110
   4.95276   0.40724   4.29236    41.21420    40.91831     0.29589
   5.37008   0.40724   4.26109    37.94173    37.94116     0.00058
   5.16142   0.76865   4.26109    38.72361    38.53000     0.19362
   4.74410   0.76865   4.26109    42.18056    41.65007     0.53050
   4.53544   0.40724   4.26109    45.43169    44.68422     0.74747
   4.74410   0.04583   4.26109    44.51364    44.06786     0.44578
   5.16142   0.04583   4.26109    40.51829    40.45884     0.05944
   5.77807   0.40724   4.16797    35.45742    35.61253    -0.15511
   5.66750   0.81990   4.16797    35.45240    35.47591    -0.02350
   5.36542   1.12198   4.16797    36.96658    36.80795     0.15864
   4.95276   1.23255   4.16797    39.73578    39.32746     0.40832
   4.54010   1.12198   4.16797    43.42115    42.67168     0.74947
   4.23802   0.81990   4.16797    47.49933    46.35519     1.14414
   4.95276  -0.41808   4.16797    44.28899    44.19562     0.09337
   5.36542  -0.30751   4.16797    40.11292    40.27337    -0.16045
   5.66750  -0.00542   4.16797    37.05569    37.27326    -0.21756
   6.16763   0.40724   4.01507    33.64204    33.81617    -0.17413
   6.09437   0.82275   4.01507    33.43245    33.48526    -0.05281
   5.88341   1.18814   4.01507    34.21558    34.14427     0.07131
   5.56020   1.45935   4.01507    35.88413    35.67993     0.20420
   5.16372   1.60365   4.01507    38.28937    37.91890     0.37048
   4.74180   1.60365   4.01507    41.33154    40.72434     0.60720
   4.34532   1.45935   4.01507    44.96608    44.02126     0.94481
   4.02211   1.18814   4.01507    49.13211    47.73982     1.39229
   4.74180  -0.78918   4.01507    48.69599    48.60837     0.08762
   5.16372  -0.78918   4.01507    43.95830    44.19057    -0.23227
   5.56020  -0.64487   4.01507    40.03385    40.37955    -0.34570
   5.88341  -0.37367   4.01507    36.99357    37.33966    -0.34609
   6.09437  -0.00827   4.01507    34.84874    35.12828    -0.27954
   6.53006   0.40724   3.80583    32.38828    32.44748    -0.05921
   6.47631   0.81547   3.80583    32.07327    32.00917     0.06409
   6.31874   1.19589   3.80583    32.52068    32.35143     0.16925
   6.06808   1.52255   3.80583    33.68032    33.42424     0.25608
   5.74141   1.77322   3.80583    35.42919    35.09468     0.33450
   5.36100   1.93079   3.80583    37.64680    37.21998     0.42682
   4.95276   1.98453   3.80583    40.27607    39.71115     0.56492
   4.54453   1.93079   3.80583    43.33079    42.54799     0.78279
   4.16411   1.77322   3.80583    46.86994    45.75675     1.11319
   3.83744   1.52255   3.80583    50.95628    49.37963     1.57666
   4.95276  -1.17006   3.80583    48.36090    48.75721    -0.39631
   5.36100  -1.11631   3.80583    43.93884    44.43216    -0.49332
   5.74141  -0.95874   3.80583    40.32627    40.80718    -0.48091
   6.06808  -0.70808   3.80583    37.41149    37.82507    -0.41358
   6.31874  -0.38141   3.80583    35.11857    35.43036    -0.31179
   6.47631  -0.00100   3.80583    33.42869    33.61798    -0.18930
   6.85724   0.40724   3.54491    31.57126    31.40060     0.17066
   6.81272   0.81665   3.54491    31.13702    30.83571     0.30132
   6.68122   1.20691   3.54491    31.41438    31.01039     0.40399
   6.46891   1.55978   3.54491    32.38828    31.91396     0.47432
   6.18570   1.85876   3.54491    33.94136    33.42355     0.51782
   5.84484   2.08987   3.54491    35.91300    35.36790     0.54509
   5.46226   2.24230   3.54491    38.18333    37.60724     0.57608
   5.05587   2.30893   3.54491    40.71658    40.07563     0.64095
   4.64465   2.28663   3.54491    43.55481    42.77864     0.77617
   4.24784   2.17646   3.54491    46.78711    45.76763     1.01948
   3.88399   1.98356   3.54491    50.51514    49.11276     1.40238
   3.57011   1.71695   3.54491    54.83868    52.89048     1.94820
   5.05587  -1.49445   3.54491    49.40445    50.17121    -0.76676
   5.46226  -1.42783   3.54491    45.09911    45.79405    -0.69495
   5.84484  -1.27540   3.54491    41.56560    42.14269    -0.57709
   6.18570  -1.04429   3.54491    38.64204    39.08235    -0.44031
   6.46891  -0.74531   3.54491    36.21044    36.50181    -0.29137
   6.68122  -0.39243   3.54491    34.20492    34.34081    -0.13590
   6.81272  -0.00217   3.54491    32.63300    32.61139     0.02161
   7.14189   0.40724   3.23813    31.01905    30.55343     0.46562
   6.53711   1.91791   3.23813    33.04214    32.24533     0.79682
   6.22258   2.19045   3.23813    35.10665    34.30471     0.80194
   5.86216   2.39854   3.23813    37.41776    36.63345     0.78431
   5.46887   2.53466   3.23813    39.86442    39.10410     0.76033
   5.05692   2.59389   3.23813    42.45039    41.68687     0.76352
   4.64122   2.57408   3.23813    45.26289    44.42465     0.83824
   4.23677   2.47597   3.23813    48.42930    47.39913     1.03017
   3.85820   2.30308   3.23813    52.08329    50.70201     1.38128
   3.51919   2.06167   3.23813    56.34031    54.41733     1.92299
   3.23199   1.76047   3.23813    61.30517    58.62735     2.67782
   5.05692  -1.77941   3.23813    51.80467    52.93859    -1.13392
   5.46887  -1.72018   3.23813    47.40709    48.30760    -0.90051
   5.86216  -1.58406   3.23813    43.79703    44.47023    -0.67320
   6.22258  -1.37597   3.23813    40.78184    41.23887    -0.45703
   6.53711  -1.10343   3.23813    38.20403    38.45414    -0.25011
   6.79437  -0.77629   3.23813    35.95002    36.00062    -0.05060
   6.98508  -0.40638   3.23813    33.96395    33.82688     0.13707
   7.10233  -0.00706   3.23813    32.27846    31.96782     0.31064
   5.85689   2.65725   2.89236    39.63789    38.63281     1.00509
   5.46363   2.77768   2.89236    42.24017    41.30522     0.93496
   5.05567   2.82992   2.89236    44.85250    43.97544     0.87705
   4.64476   2.81247   2.89236    47.61291    46.72788     0.88503
   4.24270   2.72582   2.89236    50.69398    49.67525     1.01873
   3.86107   2.57247   2.89236    54.26514    52.93217     1.33297
   3.51085   2.35683   2.89236    58.46632    56.59389     1.87242
   5.05567  -2.01545   2.89236    54.47724    55.96289    -1.48566
   5.46363  -1.96321   2.89236    50.08781    51.17991    -1.09210
   5.85689  -1.84277   2.89236    46.48653    47.24259    -0.75605
   6.22414  -1.65761   2.89236    43.46947    43.92832    -0.45885
   6.55481  -1.41305   2.89236    40.85652    41.04564    -0.18912
   6.83940  -1.11611   2.89236    38.49332    38.43831     0.05500
   7.06971  -0.77536   2.89236    36.26566    35.99578     0.26988
   7.23912  -0.40058   2.89236    34.12397    33.67507     0.44890
   5.36050   2.98159   2.51532    45.96319    44.91736     1.04583
   4.95276   3.01368   2.51532    48.63763    47.70388     0.93375
   4.54502   2.98159   2.51532    51.44511    50.54722     0.89789
   4.14732   2.88612   2.51532    54.62345    53.60444     1.01901
   3.76946   2.72960   2.51532    58.40231    57.02481     1.37750
   5.36050  -2.16712   2.51532    54.06873    55.41202    -1.34329
   5.75820  -2.07164   2.51532    50.29551    51.18703    -0.89151
   6.13606  -1.91512   2.51532    47.17742    47.68150    -0.50408
   6.48479  -1.70142   2.51532    44.50172    44.66158    -0.15986
   6.79580  -1.43580   2.51532    42.06949    41.92729     0.14221
   7.06142  -1.12479   2.51532    39.70127    39.30932     0.39195
   4.63970   3.11903   2.11542    54.68306    53.85192     0.83114
   4.22941   3.03946   2.11542    57.85136    57.00867     0.84269
   5.05732  -2.32056   2.11542    60.80755    62.65715    -1.84960
   5.47249  -2.27263   2.11542    56.24368    57.47982    -1.23614
   5.87548  -2.16189   2.11542    52.63236    53.35638    -0.72402
   6.25684  -1.99092   2.11542    49.67553    49.94917    -0.27364
   6.60763  -1.76375   2.11542    47.10400    46.98109     0.12291
   6.91964  -1.48569   2.11542    44.65985    44.20763     0.45222
   5.16142  -2.37713   1.70161    63.27931    64.88051    -1.60119
   5.57408  -2.31493   1.70161    58.99656    59.99654    -0.99998
   5.97285  -2.19192   1.70161    55.68331    56.14198    -0.45867
   6.34885  -2.01085   1.70161    52.98816    52.95491     0.03324
   6.69365  -1.77577   1.70161    50.59044    50.12965     0.46079
   5.16142  -2.37713   1.28312    67.38134    68.74607    -1.36473
   5.57408  -2.31493   1.28312    63.21970    64.00313    -0.78343
   5.97285  -2.19192   1.28312    60.12294    60.33511    -0.21217
   5.47249  -2.27263   0.86930    68.90368    69.50134    -0.59766
   7.19893   1.09181   3.29124    30.83268    30.28281     0.54987
   6.99027   1.45321   3.29124    31.23554    30.59296     0.64258
   7.60693   1.09181   3.19812    31.13200    30.76816     0.36384
   7.49636   1.50446   3.19812    31.39556    31.00696     0.38860
   7.19427   1.80655   3.19812    32.00675    31.48007     0.52668
   6.78161   1.91712   3.19812    32.66752    31.91959     0.74793
   7.19427   0.37706   3.19812    31.08933    30.60128     0.48805
   7.49636   0.67915   3.19812    31.16651    30.73888     0.42764
   7.99649   1.09181   3.04523    31.48654    31.35059     0.13595
   7.92322   1.50732   3.04523    31.60389    31.47276     0.13113
   7.71226   1.87271   3.04523    32.04001    31.85352     0.18648
   7.38905   2.14392   3.04523    32.78674    32.46610     0.32064
   6.99257   2.28822   3.04523    33.76001    33.20910     0.55092
   6.57065   2.28822   3.04523    34.67931    33.83756     0.84175
   7.38905   0.03969   3.04523    32.32239    31.87189     0.45049
   7.71226   0.31090   3.04523    32.03373    31.71118     0.32256
   7.92322   0.67629   3.04523    31.66287    31.46218     0.20069
   8.35891   1.09181   2.83599    32.08582    32.14642    -0.06060
   8.30516   1.50004   2.83599    32.12598    32.19214    -0.06616
   8.14759   1.88045   2.83599    32.40396    32.45509    -0.05113
   7.89693   2.20712   2.83599    32.92919    32.93599    -0.00680
   7.57026   2.45778   2.83599    33.71985    33.62789     0.09196
   7.18985   2.61536   2.83599    34.77846    34.50241     0.27605
   6.78161   2.66910   2.83599    36.03662    35.47965     0.55697
   6.37338   2.61536   2.83599    37.27532    36.37548     0.89984
   7.57026  -0.27417   2.83599    33.96709    33.57798     0.38911
   7.89693  -0.02351   2.83599    33.34021    33.13013     0.21008
   8.14759   0.30316   2.83599    32.72274    32.66002     0.06271
   8.30516   0.68357   2.83599    32.28599    32.31057    -0.02458
   8.68610   1.09181   2.57506    33.05406    33.23825    -0.18418
   8.64157   1.50121   2.57506    33.06912    33.24329    -0.17416
   8.51008   1.89148   2.57506    33.26679    33.43659    -0.16980
   8.29776   2.24435   2.57506    33.64894    33.81896    -0.17002
   8.01455   2.54333   2.57506    34.24068    34.39645    -0.15577
   7.67369   2.77444   2.57506    35.08155    35.17738    -0.09584
   7.29112   2.92687   2.57506    36.20542    36.16368     0.04174
   6.88472   2.99350   2.57506    37.61731    37.33464     0.28268
   6.47350   2.97120   2.57506    39.24193    38.61869     0.62325
   6.07669   2.86103   2.57506    40.86530    39.84516     1.02014
   7.29112  -0.74326   2.57506    36.85740    36.32659     0.53081
   7.67369  -0.59083   2.57506    36.10815    35.77459     0.33356
   8.01455  -0.35972   2.57506    35.16249    35.04995     0.11255
   8.29776  -0.06074   2.57506    34.30218    34.35843    -0.05625
   8.51008   0.29213   2.57506    33.65082    33.80202    -0.15120
   8.64157   0.68240   2.57506    33.23918    33.42434    -0.18516
   8.97074   1.09181   2.26829    34.47161    34.68954    -0.21793
   8.93118   1.50610   2.26829    34.49106    34.67547    -0.18441
   8.81393   1.90542   2.26829    34.65296    34.82959    -0.17663
   8.62322   2.27534   2.26829    34.95228    35.14961    -0.19733
   8.36596   2.60248   2.26829    35.40911    35.64231    -0.23320
   8.05143   2.87502   2.26829    36.06423    36.32307    -0.25884
   7.69101   3.08311   2.26829    36.97286    37.21294    -0.24008
   7.29772   3.21922   2.26829    38.19086    38.33263    -0.14178
   6.88578   3.27845   2.26829    39.75461    39.69223     0.06238
   6.47007   3.25865   2.26829    41.65283    41.27363     0.37919
   6.06562   3.16053   2.26829    43.78699    43.00004     0.78695
   7.29772  -1.03562   2.26829    40.13174    39.55328     0.57846
   7.69101  -0.89950   2.26829    38.91249    38.59928     0.31322
   8.05143  -0.69141   2.26829    37.61543    37.56730     0.04813
   8.36596  -0.41887   2.26829    36.47462    36.62289    -0.14827
   8.62322  -0.09173   2.26829    35.58983    35.84489    -0.25506
   8.81393   0.27819   2.26829    34.97989    35.26325    -0.28337
   8.93118   0.67751   2.26829    34.62095    34.88126    -0.26030
   9.20649   1.09181   1.92252    36.39053    36.55332    -0.16279
   9.17160   1.50161   1.92252    36.43132    36.53382    -0.10250
   9.06797   1.89963   1.92252    36.57690    36.66018    -0.08328
   8.89856   2.27440   1.92252    36.81786    36.92676    -0.10890
   8.66825   2.61516   1.92252    37.16551    37.33772    -0.17221
   8.38367   2.91209   1.92252    37.65371    37.90738    -0.25368
   8.05299   3.15665   1.92252    38.33456    38.65944    -0.32488
   7.68574   3.34182   1.92252    39.27268    39.62472    -0.35203
   7.29248   3.46225   1.92252    40.53398    40.83756    -0.30358
   6.88453   3.51449   1.92252    42.17617    42.33006    -0.15389
   6.47361   3.49704   1.92252    44.23063    44.12258     0.10805
   6.07156   3.41039   1.92252    46.67855    46.20751     0.47104
   7.29248  -1.27864   1.92252    43.98842    43.36990     0.61852
   7.68574  -1.15821   1.92252    42.26967    41.97507     0.29460
   8.05299  -0.97304   1.92252    40.61241    40.61867    -0.00626
   8.38367  -0.72848   1.92252    39.19173    39.41665    -0.22491
   8.66825  -0.43155   1.92252    38.07916    38.42123    -0.34207
   8.89856  -0.09079   1.92252    37.28034    37.64776    -0.36742
   9.06797   0.28398   1.92252    36.76641    37.09042    -0.32401
   9.17160   0.68200   1.92252    36.48717    36.73246    -0.24530
   9.38806   1.09181   1.54547    38.84472    38.87708    -0.03236
   9.35597   1.49954   1.54547    38.91939    38.86470     0.05469
   9.26049   1.89724   1.54547    39.07125    38.98225     0.08901
   9.10397   2.27511   1.54547    39.28586    39.22088     0.06498
   8.89027   2.62384   1.54547    39.56949    39.58218    -0.01268
   8.62465   2.93484   1.54547    39.94976    40.07876    -0.12900
   8.31364   3.20047   1.54547    40.47562    40.73410    -0.25848
   7.96492   3.41417   1.54547    41.21043    41.58148    -0.37105
   7.58705   3.57068   1.54547    42.22762    42.66241    -0.43478
   7.18935   3.66616   1.54547    43.60375    44.02422    -0.42046
   6.78161   3.69825   1.54547    45.40910    45.71680    -0.30771
   6.37388   3.66616   1.54547    47.69888    47.78743    -0.08855
   5.97618   3.57068   1.54547    50.49569    50.27145     0.22424
   7.58705  -1.38707   1.54547    46.58944    46.24495     0.34450
   7.96492  -1.23056   1.54547    44.48289    44.48519    -0.00230
   8.31364  -1.01685   1.54547    42.69073    42.94939    -0.25866
   8.62465  -0.75123   1.54547    41.27004    41.67303    -0.40298
   8.89027  -0.44022   1.54547    40.22148    40.66135    -0.43987
   9.10397  -0.09150   1.54547    39.51114    39.90123    -0.39009
   9.26049   0.28637   1.54547    39.08568    39.36916    -0.28347
   9.35597   0.68407   1.54547    38.88363    39.03711    -0.15349
   9.51141   1.09181   1.14558    41.85551    41.70467     0.15084
   9.47942   1.50851   1.14558    41.97725    41.71170     0.26555
   9.38419   1.91544   1.14558    42.15609    41.84198     0.31411
   9.22796   2.30307   1.14558    42.37258    42.08272     0.28986
   9.01440   2.66231   1.14558    42.62986    42.43386     0.19600
   8.74849   2.98474   1.14558    42.95679    42.90885     0.04794
   8.43649   3.26279   1.14558    43.40609    43.53456    -0.12847
   8.08569   3.48997   1.14558    44.04740    44.35053    -0.30313
   7.70433   3.66093   1.14558    44.96545    45.40775    -0.44230
   7.30134   3.77167   1.14558    46.25247    46.76732    -0.51485
   6.88617   3.81960   1.14558    48.00134    48.49914    -0.49781
   6.46855   3.80359   1.14558    50.30053    50.68033    -0.37979
   6.05827   3.72402   1.14558    53.22222    53.39238    -0.17016
   7.70433  -1.47732   1.14558    50.03008    49.87694     0.15314
   8.08569  -1.30636   1.14558    47.57965    47.77006    -0.19040
   8.43649  -1.07918   1.14558    45.59672    46.00569    -0.40897
   8.74849  -0.80112   1.14558    44.09007    44.58707    -0.49699
   9.01440  -0.47870   1.14558    43.02582    43.49604    -0.47023
   9.22796  -0.11946   1.14558    42.34434    42.70119    -0.35685
   9.38419   0.26817   1.14558    41.97286    42.16416    -0.19130
   9.47942   0.67510   1.14558    41.83418    41.84468    -0.01050
   9.57378   1.09181   0.73176    45.43796    45.07551     0.36246
   9.54260   1.50796   0.73176    45.61304    45.11091     0.50212
   9.44974   1.91481   0.73176    45.82451    45.25908     0.56543
   9.29727   2.30328   0.73176    46.04727    45.50282     0.54446
   9.08861   2.66469   0.73176    46.28196    45.83970     0.44226
   8.82842   2.99096   0.73176    46.55681    46.28300     0.27381
   8.52250   3.27481   0.73176    46.92391    46.86164     0.06226
   8.17770   3.50990   0.73176    47.45792    47.61938    -0.16147
   7.80171   3.69096   0.73176    48.24858    48.61374    -0.36516
   7.40293   3.81397   0.73176    49.39880    49.91511    -0.51631
   6.99027   3.87617   0.73176    51.01464    51.60660    -0.59196
   6.57295   3.87617   0.73176    53.20402    53.78477    -0.58075
   6.16030   3.81397   0.73176    56.07048    56.56108    -0.49060
   7.40293  -1.63036   0.73176    56.98728    56.62761     0.35966
   7.80171  -1.50735   0.73176    53.73678    53.80817    -0.07139
   8.17770  -1.32628   0.73176    51.04727    51.42033    -0.37306
   8.52250  -1.09120   0.73176    48.94323    49.47227    -0.52904
   8.82842  -0.80735   0.73176    47.39768    47.94553    -0.54785
   9.08861  -0.48108   0.73176    46.34911    46.80298    -0.45387
   9.29727  -0.11967   0.73176    45.71783    45.99664    -0.27881
   9.44974   0.26880   0.73176    45.41412    45.47405    -0.05993
   9.54260   0.67565   0.73176    45.34823    45.18302     0.16521
   9.57378   1.09181   0.31327    49.59772    49.02076     0.57696
   9.54260   1.50796   0.31327    49.83680    49.09514     0.74166
   9.44974   1.91481   0.31327    50.09220    49.27332     0.81888
   9.29727   2.30328   0.31327    50.33254    49.53231     0.80023
   9.08861   2.66469   0.31327    50.55593    49.86744     0.68849
   8.82842   2.99096   0.31327    50.79187    50.29341     0.49847
   8.52250   3.27481   0.31327    51.09998    50.84403     0.25595
   8.17770   3.50990   0.31327    51.56183    51.57104    -0.00921
   7.80171   3.69096   0.31327    52.28095    52.54270    -0.26174
   7.40293   3.81397   0.31327    53.37157    53.84299    -0.47142
   6.99027   3.87617   0.31327    54.95665    55.57205    -0.61540
   6.57295   3.87617   0.31327    57.16298    57.84878    -0.68581
   6.16030   3.81397   0.31327    60.11918    60.81566    -0.69648
   7.40293  -1.63036   0.31327    62.25961    62.11267     0.14694
   7.80171  -1.50735   0.31327    58.47887    58.74962    -0.27076
   8.17770  -1.32628   0.31327    55.41474    55.94156    -0.52682
   8.52250  -1.09120   0.31327    53.07099    53.69497    -0.62398
   8.82842  -0.80735   0.31327    51.39491    51.97590    -0.58099
   9.08861  -0.48108   0.31327    50.30053    50.72610    -0.42557
   9.29727  -0.11967   0.31327    49.68244    49.87605    -0.19361
   9.44974   0.26880   0.31327    49.43018    49.35360     0.07658
   9.54260   0.67565   0.31327    49.43457    49.08939     0.34518
   8.43649   3.26279  -0.10054    55.90796    55.48803     0.41993
   8.08569   3.48997  -0.10054    56.33216    56.21471     0.11745
   7.70433   3.66093  -0.10054    57.03810    57.21402    -0.17591
   7.30134   3.77167  -0.10054    58.16197    58.59145    -0.42948
   6.88617   3.81960  -0.10054    59.84997    60.47315    -0.62318
   6.46855   3.80359  -0.10054    62.25333    63.01099    -0.75766
   6.05827   3.72402  -0.10054    65.53333    66.39247    -0.85915
   7.70433  -1.47732  -0.10054    64.69372    65.20001    -0.50629
   8.08569  -1.30636  -0.10054    60.93305    61.64434    -0.71129
   8.43649  -1.07918  -0.10054    58.11052    58.85745    -0.74693
   8.74849  -0.80112  -0.10054    56.14202    56.78250    -0.64048
   9.01440  -0.47870  -0.10054    54.89955    55.32326    -0.42370
   9.22796  -0.11946  -0.10054    54.23878    54.37215    -0.13337
   9.38419   0.26817  -0.10054    54.01351    53.82365     0.18986
   9.47942   0.67510  -0.10054    54.08567    53.58030     0.50537
   7.18935   3.66616  -0.50044    63.48451    63.85249    -0.36799
   6.78161   3.69825  -0.50044    65.25660    65.86101    -0.60441
   6.37388   3.66616  -0.50044    67.83001    68.62478    -0.79477
   8.31364  -1.01685  -0.50044    63.87419    64.82917    -0.95497
   8.62465  -0.75123  -0.50044    61.50848    62.26270    -0.75422
   8.89027  -0.44022  -0.50044    60.06772    60.52843    -0.46071
   3.50043  -2.71582  -2.17691    74.65230    75.28014    -0.62785
   3.91712  -2.68303  -2.17691    71.97973    72.65802    -0.67829
   4.32354  -2.58545  -2.17691    70.18757    70.77198    -0.58441
   3.60445  -2.50087  -2.52676    71.10373    71.76584    -0.66211
   4.01679  -2.44807  -2.52676    68.53596    69.22711    -0.69115
   2.78333   2.01976  -2.84437    75.70651    75.85554    -0.14903
   1.51924   3.38472   1.00469    67.30290    67.92329    -0.62038
   1.13943   3.22331   1.00469    67.02052    67.62455    -0.60402
   2.12493   3.63050   0.61042    68.18267    69.25389    -1.07121
   1.72137   3.55934   0.61042    67.48049    68.49788    -1.01739
   1.33164   3.43271   0.61042    67.01488    67.93874    -0.92386
   0.96333   3.25307   0.61042    66.77391    67.57686    -0.80295
   2.95169   3.65687   0.20478    71.21480    72.71268    -1.49788
   2.53641   3.70052   0.20478    69.69811    71.14117    -1.44306
   2.11910   3.68595   0.20478    68.61628    69.98749    -1.37121
   1.70788   3.61344   0.20478    67.87708    69.14400    -1.26693
   2.95169   3.65687  -0.20467    72.26964    73.93938    -1.66973
   2.53641   3.70052  -0.20467    70.59607    72.19158    -1.59550
   2.94201   3.60197  -0.61031    73.54600    75.16808    -1.62209
   1.18823   0.56173   4.28949    64.51927    63.44924     1.07003
   0.76943   0.44952   4.28949    63.36905    62.63498     0.73406
   0.46284   0.14293   4.28949    63.38850    62.78634     0.60216
   0.35062  -0.27587   4.28949    64.88323    64.15692     0.72631
   1.40375   0.94639   4.16375    64.09445    62.70734     1.38711
   0.97271   0.94639   4.16375    62.53571    61.65001     0.88570
   0.56767   0.79897   4.16375    61.45012    60.97659     0.47354
   0.23748   0.52190   4.16375    61.05291    60.78220     0.27071
   0.02196   0.14862   4.16375    61.52040    61.20709     0.31331
  -0.05289  -0.27587   4.16375    62.99693    62.43210     0.56483
   2.00149   1.13275   3.99029    65.59922    63.37019     2.22903
   1.60921   1.29524   3.99029    63.93506    62.23617     1.69889
   1.18823   1.35066   3.99029    62.34746    61.24132     1.10614
   0.76725   1.29524   3.99029    60.92364    60.38315     0.54049
   0.37496   1.13275   3.99029    59.82048    59.72319     0.09729
   0.03810   0.87426   3.99029    59.18544    59.33850    -0.15306
  -0.22039   0.53740   3.99029    59.12144    59.30900    -0.18756
  -0.38288   0.14511   3.99029    59.68933    59.71934    -0.03001
  -0.43830  -0.27587   3.99029    60.96255    60.68764     0.27491
  -0.38288  -0.69685   3.99029    63.11679    62.41947     0.69732
   2.18234   1.44598   3.77164    65.35762    62.83294     2.52468
   1.80262   1.61504   3.77164    64.01162    62.04578     1.96584
   1.39605   1.70146   3.77164    62.52944    61.19256     1.33688
   0.98040   1.70146   3.77164    61.01714    60.31948     0.69766
   0.57383   1.61504   3.77164    59.62156    59.50203     0.11953
   0.19412   1.44598   3.77164    58.47761    58.80862    -0.33101
  -0.14216   1.20167   3.77164    57.68883    58.29503    -0.60620
  -0.42028   0.89278   3.77164    57.32048    58.01069    -0.69021
  -0.62811   0.53281   3.77164    57.39265    57.99769    -0.60504
  -0.75655   0.13750   3.77164    57.89152    58.28676    -0.39524
  -0.80000  -0.27587   3.77164    58.83529    58.93704    -0.10175
  -0.75655  -0.68925   3.77164    60.38649    60.12716     0.25934
  -0.62811  -1.08456   3.77164    62.89967    62.16985     0.72982
   2.63530   1.53870   3.51098    65.93807    62.85092     3.08715
   2.28804   1.76793   3.51098    65.26099    62.63514     2.62585
   1.90543   1.93146   3.51098    64.14904    62.09893     2.05012
   1.49978   2.02405   3.51098    62.71581    61.32102     1.39479
   1.08410   2.04272   3.51098    61.14202    60.42419     0.71782
   0.67177   1.98687   3.51098    59.59458    59.51721     0.07737
   0.27605   1.85829   3.51098    58.20841    58.67814    -0.46973
  -0.09036   1.66112   3.51098    57.08203    57.95636    -0.87433
  -0.41568   1.40169   3.51098    56.28384    57.38542    -1.10159
  -0.68944   1.08834   3.51098    55.85211    56.99840    -1.14629
  -0.90286   0.73114   3.51098    55.77806    56.82284    -1.04478
  -1.04906   0.34158   3.51098    55.99581    56.84890    -0.85308
  -1.12336  -0.06782   3.51098    56.41499    57.03535    -0.62036
   2.67644   1.88017   3.21213    66.08240    63.05505     3.02734
   2.31131   2.09098   3.21213    65.64377    63.08496     2.55881
   1.91710   2.24048   3.21213    64.49417    62.54760     1.94657
   1.50401   2.32482   3.21213    62.93795    61.67499     1.26296
   1.08274   2.34179   3.21213    61.22234    60.65565     0.56668
   0.66420   2.29097   3.21213    59.52681    59.62210    -0.09529
   0.25924   2.17367   3.21213    57.97811    58.65806    -0.67995
  -0.12166   1.99293   3.21213    56.66223    57.80677    -1.14455
  -0.46864   1.75343   3.21213    55.63938    57.08324    -1.44385
  -0.77271   1.46137   3.21213    54.95163    56.49956    -1.54793
  -1.02599   1.12432   3.21213    54.61403    56.08802    -1.47398
  -1.22192   0.75100   3.21213    54.57325    55.87181    -1.29856
  -1.35543   0.35109   3.21213    54.68118    55.77861    -1.09743
   2.31478   2.37513   2.87942    66.71744    64.28875     2.42869
   1.91679   2.51091   2.87942    65.29989    63.52058     1.77931
   1.50327   2.58729   2.87942    63.51588    62.42254     1.09334
   1.08303   2.60265   2.87942    61.62081    61.20590     0.41491
   0.66503   2.55666   2.87942    59.77530    60.00560    -0.23030
   0.25819   2.45030   2.87942    58.08667    58.90558    -0.81891
  -0.12883   2.28583   2.87942    56.62520    57.94739    -1.32219
  -0.48778   2.06676   2.87942    55.43293    57.13030    -1.69737
  -0.81101   1.79777   2.87942    54.54313    56.42831    -1.88519
  -1.09163   1.48458   2.87942    53.99719    55.84004    -1.84285
  -1.32366   1.13387   2.87942    53.80329    55.42372    -1.62042
   1.81876   2.75840   2.51773    66.03973    64.65454     1.38519
   1.39972   2.81600   2.51773    63.89176    63.16586     0.72590
   0.97674   2.81600   2.51773    61.76513    61.66089     0.10424
   0.55770   2.75840   2.51773    59.76965    60.25345    -0.48380
   0.15041   2.64429   2.51773    57.98753    59.02243    -1.03491
  -0.23756   2.47577   2.51773    56.46958    58.01050    -1.54092
  -0.59896   2.25600   2.51773    55.23088    57.20118    -1.97030
  -0.92707   1.98906   2.51773    54.27894    56.51616    -2.23722
   1.71053   2.95474   2.13231    66.82913    65.93502     0.89411
   1.29312   2.99501   2.13231    64.36804    64.02873     0.33932
   0.87399   2.98156   2.13231    62.04939    62.21559    -0.16619
   0.46002   2.91464   2.13231    59.93720    60.58429    -0.64709
   0.05800   2.79532   2.13231    58.09922    59.22276    -1.12354
  -0.32545   2.62558   2.13231    56.58504    58.20248    -1.61744
  -0.68406   2.40819   2.13231    55.37458    57.51870    -2.14413
   1.50178   3.10793   1.72880    66.94209    66.70618     0.23591
   1.08358   3.12081   1.72880    64.26890    64.39469    -0.12580
   0.66696   3.08221   1.72880    61.82035    62.27869    -0.45834
   0.25824   2.99270   1.72880    59.65796    60.44666    -0.78871
  -0.13638   2.85364   1.72880    57.88650    59.03792    -1.15143
  -0.51092   2.66714   1.72880    56.56747    58.19572    -1.62825
   1.18823   3.19861   1.31307    66.25120    66.60095    -0.34976
   0.76943   3.17328   1.31307    63.47510    63.94830    -0.47320
   0.35673   3.09765   1.31307    60.97573    61.56635    -0.59062
   0.87744   3.21030   0.89120    65.58541    66.21120    -0.62579
   2.15018  -1.31838   5.01155    62.01112    62.16655    -0.15543
   2.55868  -1.31838   4.98361    61.07550    61.25460    -0.17910
   2.35443  -0.96460   4.98361    61.54801    61.52564     0.02238
   1.94593  -0.96460   4.98361    62.41774    62.38790     0.02984
   2.35443  -1.67215   4.98361    61.70615    62.02399    -0.31784
   2.95957  -1.31838   4.90030    60.26162    60.38322    -0.12160
   2.15018  -0.50899   4.90030    62.25773    61.91218     0.34555
   1.74548  -0.61742   4.90030    62.94109    62.69547     0.24562
   2.55487  -2.01933   4.90030    61.50283    61.96979    -0.46696
   2.85113  -1.72307   4.90030    60.55216    60.93494    -0.38279
   1.94263  -0.14133   4.76318    63.13812    62.48266     0.65547
   1.55258  -0.28330   4.76318    63.60625    63.11469     0.49155
   1.23460  -0.55011   4.76318    64.14151    63.72714     0.41437
   2.74778  -2.35345   4.76318    61.41373    62.02816    -0.61443
   3.06576  -2.08664   4.76318    60.33755    60.89925    -0.56171
   3.27330  -1.72716   4.76318    59.65545    60.01674    -0.36129
   1.62818   0.15038   4.57481    64.27580    63.37456     0.90124
   1.25128  -0.04492   4.57481    64.52994    63.83602     0.69392
   0.94104  -0.33467   4.57481    64.90707    64.29860     0.60847
   2.86731  -2.70237   4.57481    61.68105    62.44745    -0.76641
   3.21411  -2.45757   4.57481    60.47058    61.21567    -0.74509
   3.48200  -2.12828   4.57481    59.50296    60.11271    -0.60975
   3.65113  -1.73892   4.57481    58.83592    59.18559    -0.34967
   1.44941   0.44042   4.33868    65.47748    64.28829     1.18919
   2.65668  -3.14263   4.33868    63.24731    64.11510    -0.86778
   3.03700  -2.99110   4.33868    61.89816    62.83660    -0.93843
   3.37585  -2.76135   4.33868    60.70652    61.62668    -0.92016
   3.65739  -2.46413   4.33868    59.63913    60.46777    -0.82864
   3.86846  -2.11334   4.33868    58.69347    59.34832    -0.65484
   2.66708  -3.44908   4.05921    64.14841    65.19292    -1.04450
   3.06098  -3.31275   4.05921    62.77103    63.88835    -1.11732
   3.42196  -3.10434   4.05921    61.52982    62.64457    -1.11476
   3.73697  -2.83138   4.05921    60.35575    61.41752    -1.06177
   3.99463  -2.50374   4.05921    59.19674    60.15518    -0.95845
   4.18563  -2.13325   4.05921    58.03333    58.81772    -0.78439
   2.66653  -3.71428   3.74159    65.23714    66.47876    -1.24162
   3.06402  -3.59255   3.74159    63.88611    65.19064    -1.30453
   3.43521  -3.40540   3.74159    62.66122    63.96769    -1.30647
   3.76943  -3.15821   3.74159    61.47585    62.75059    -1.27474
   4.05707  -2.85809   3.74159    60.24719    61.46602    -1.21883
   4.28986  -2.51367   3.74159    58.90432    60.03402    -1.12971
   4.46109  -2.13487   3.74159    57.39767    58.37837    -0.98070
   2.15018  -3.98203   3.39174    68.46505    69.72001    -1.25495
   2.56687  -3.94924   3.39174    66.86929    68.28458    -1.41529
   2.97329  -3.85166   3.39174    65.50885    66.98660    -1.47775
   3.35945  -3.69171   3.39174    64.30215    65.78328    -1.48113
   3.71584  -3.47332   3.39174    63.14565    64.60513    -1.45948
   4.03367  -3.20187   3.39174    61.93582    63.36696    -1.43114
   4.30512  -2.88403   3.39174    60.57224    61.96969    -1.39746
   4.52351  -2.52765   3.39174    58.95201    60.29595    -1.34394
   4.68346  -2.14149   3.39174    56.96406    58.20772    -1.24366
   2.04694  -4.14327   3.01619    70.41912    71.83658    -1.41747
   2.45935  -4.12820   3.01619    68.77692    70.34040    -1.56347
   2.86517  -4.05324   3.01619    67.42276    69.03828    -1.61552
   3.25574  -3.91999   3.01619    66.26375    67.87499    -1.61124
   3.62276  -3.73130   3.01619    65.18631    66.77224    -1.58592
   3.95839  -3.49117   3.01619    64.07437    65.63974    -1.56537
   4.25549  -3.20474   3.01619    62.81496    64.37624    -1.56128
   4.50771  -2.87810   3.01619    61.29325    62.86035    -1.56710
   4.70968  -2.51822   3.01619    59.36616    60.93202    -1.56586
   4.85711  -2.13277   3.01619    56.83605    58.37026    -1.53421
   1.84315  -4.23954   2.62191    73.24542    74.72961    -1.48419
   2.25269  -4.25384   2.62191    71.38674    73.02150    -1.63477
   2.66023  -4.21101   2.62191    69.92589    71.61263    -1.68674
   4.83349  -2.51306   2.62191    60.50698    62.26803    -1.76105
   1.83732  -4.29499   2.21628    75.56595    77.13271    -1.56676
   2.25463  -4.30956   2.21628    73.55729    75.22144    -1.66415
   1.36379  -1.42770  -3.25232    76.33402    76.01648     0.31754
   1.25535  -1.02300  -3.25232    76.69045    76.15278     0.53767
   0.95909  -2.12865  -3.25232    75.40217    75.48393    -0.08176
   1.25535  -1.83239  -3.25232    75.70526    75.61098     0.09428
   0.96290  -1.42770  -3.33563    75.08841    74.97237     0.11605
   0.35015  -1.78147  -3.33563    74.62782    75.09919    -0.47137
   0.75865  -1.78147  -3.33563    74.80101    74.94381    -0.14279
   1.31979  -4.54763  -0.76457    74.93279    74.48244     0.45035
  -1.39144  -1.66863   3.85431    57.38763    57.42946    -0.04183
  -0.97412  -1.66863   3.82304    60.39842    60.04953     0.34889
  -1.18278  -1.30722   3.82304    57.92289    57.87398     0.04891
  -1.60010  -1.30722   3.82304    55.79689    55.95101    -0.15412
  -1.80875  -1.66863   3.82304    56.03409    56.17431    -0.14022
  -1.60010  -2.03004   3.82304    57.45602    57.56126    -0.10523
  -1.18278  -2.03004   3.82304    59.57826    59.43986     0.13840
  -0.67669  -1.25597   3.72991    62.92226    62.18018     0.74208
  -0.97878  -0.95389   3.72991    58.96079    58.84309     0.11771
  -1.39144  -0.84331   3.72991    55.90921    56.12385    -0.21463
  -1.80409  -0.95389   3.72991    54.78283    54.99588    -0.21304
  -2.10618  -1.25597   3.72991    55.20954    55.30693    -0.09739
  -2.21675  -1.66863   3.72991    56.15457    56.19012    -0.03555
  -2.10618  -2.08129   3.72991    57.08015    57.15160    -0.07145
  -1.80409  -2.38337   3.72991    58.22033    58.32969    -0.10936
  -1.39144  -2.49394   3.72991    59.93657    59.93164     0.00493
  -0.97878  -2.38337   3.72991    62.34181    61.96927     0.37254
  -1.18048  -0.47221   3.57702    56.63022    56.99112    -0.36090
  -1.60240  -0.47221   3.57702    54.60588    55.01066    -0.40478
  -1.99887  -0.61652   3.57702    54.27769    54.53589    -0.25820
  -2.32209  -0.88772   3.57702    55.21017    55.28505    -0.07488
  -2.53305  -1.25312   3.57702    56.59006    56.50297     0.08709
  -2.60631  -1.66863   3.57702    57.67942    57.50729     0.17213
  -2.53305  -2.08414   3.57702    58.35274    58.20718     0.14556
  -2.32209  -2.44953   3.57702    58.94322    58.89212     0.05111
  -1.99887  -2.72074   3.57702    59.78346    59.81337    -0.02992
  -1.60240  -2.86505   3.57702    61.05416    61.06992    -0.01575
  -1.18048  -2.86505   3.57702    62.92163    62.75031     0.17133
  -0.78400  -2.72074   3.57702    65.59482    64.98443     0.61039
  -1.39144  -0.09133   3.36778    54.98238    55.71861    -0.73623
  -1.79967  -0.14508   3.36778    53.85098    54.40145    -0.55047
  -2.91499  -2.07686   3.36778    61.03220    60.63179     0.40041
  -2.75742  -2.45728   3.36778    61.23677    60.89744     0.33933
  -2.50675  -2.78395   3.36778    61.60386    61.36377     0.24009
  -2.18009  -3.03461   3.36778    62.27781    62.12834     0.14947
  -1.79967  -3.19218   3.36778    63.24919    63.14467     0.10452
  -1.39144  -3.24592   3.36778    64.55880    64.41122     0.14759
  -0.98320  -3.19218   3.36778    66.43569    66.09599     0.33969
  -0.60279  -3.03461   3.36778    69.22246    68.44843     0.77403
  -2.46021  -3.24495   3.10686    65.63436    65.16750     0.46686
  -2.09636  -3.43785   3.10686    66.48589    66.08928     0.39661
  -1.69955  -3.54802   3.10686    67.40205    67.06706     0.33499
  -1.28833  -3.57032   3.10686    68.46254    68.14611     0.31643
  -0.88193  -3.50369   3.10686    70.04324    69.63562     0.40762
  -2.48600  -3.56447   2.80008    70.97572    70.11130     0.86442
  -1.28727  -3.85528   2.80008    73.20275    72.67633     0.52641
   0.94484  -4.97950  -0.62333    67.43154    67.36036     0.07119
   0.94484  -4.97950  -1.03278    65.95250    65.55074     0.40176
   1.19027  -4.64169  -1.03278    72.01738    71.46757     0.54982
   0.61747  -5.23844  -1.43842    59.58516    58.96800     0.61717
   0.90213  -4.94367  -1.43842    64.97359    64.32901     0.64458
   1.14299  -4.61214  -1.43842    70.51575    69.83000     0.68575
  -2.41042  -4.62267  -3.15519    49.39316    47.76534     1.62782
  -2.04871  -4.81443  -3.15519    49.41135    47.49714     1.91422
  -2.24684  -4.32909  -3.39131    50.41913    49.23718     1.18196
  -2.26352  -3.82390  -3.57969    50.72222    50.44277     0.27945
  -0.91621  -6.29187   1.34508    57.06007    57.55939    -0.49933
  -0.55579  -6.08378   1.34508    58.94071    59.67671    -0.73600
  -0.24126  -5.81124   1.34508    61.87244    62.79105    -0.91861
   0.01601  -5.48410   1.34508    66.05290    67.08963    -1.03672
  -2.53566  -6.61915   0.99930    52.59785    52.33258     0.26526
  -2.13361  -6.70580   0.99930    51.83417    51.71316     0.12101
  -1.72269  -6.72325   0.99930    51.53547    51.62061    -0.08514
  -1.31474  -6.67101   0.99930    51.77079    52.10089    -0.33010
  -0.92148  -6.55058   0.99930    52.63110    53.21404    -0.58294
  -0.55423  -6.36541   0.99930    54.22561    55.03857    -0.81297
  -0.22355  -6.12085   0.99930    56.68356    57.67802    -0.99446
   0.06103  -5.82392   0.99930    60.15745    61.27154    -1.11409
  -4.30448  -5.10600   0.62226    61.67791    61.87425    -0.19634
  -4.14797  -5.48387   0.62226    58.53597    58.63937    -0.10340
  -3.93426  -5.83260   0.62226    55.78685    55.78262     0.00423
  -3.66864  -6.14360   0.62226    53.46130    53.35300     0.10830
  -3.35763  -6.40922   0.62226    51.54740    51.36582     0.18158
  -3.00891  -6.62293   0.62226    50.02694    49.82413     0.20281
  -2.63104  -6.77944   0.62226    48.88738    48.73112     0.15627
  -2.23334  -6.87492   0.62226    48.13625    48.09608     0.04018
  -1.82560  -6.90701   0.62226    47.80054    47.93738    -0.13685
  -1.41787  -6.87492   0.62226    47.92855    48.28420    -0.35565
  -1.02017  -6.77944   0.62226    48.58869    49.17829    -0.58960
  -0.64230  -6.62293   0.62226    49.86692    50.67635    -0.80943
  -0.29357  -6.40922   0.62226    51.86617    52.85374    -0.98757
   0.01743  -6.14360   0.62226    54.70565    55.80991    -1.10425
   0.28306  -5.83260   0.62226    58.52154    59.67680    -1.15526
   0.49676  -5.48387   0.62226    63.47886    64.63197    -1.15311
  -4.35750  -5.32101   0.22236    58.28057    58.57267    -0.29209
  -4.17206  -5.69554   0.22236    54.86567    55.07749    -0.21183
  -3.93161  -6.03738   0.22236    51.99732    52.11068    -0.11336
  -3.64181  -6.33851   0.22236    49.66173    49.67950    -0.01777
  -3.30943  -6.59186   0.22236    47.80995    47.76227     0.04767
  -2.94228  -6.79152   0.22236    46.39554    46.33540     0.06015
  -2.54895  -6.93278   0.22236    45.39090    45.38407     0.00683
  -2.13867  -7.01235   0.22236    44.79414    44.90567    -0.11153
  -1.72105  -7.02836   0.22236    44.62722    44.91062    -0.28340
  -1.30587  -6.98043   0.22236    44.93533    45.42275    -0.48742
  -0.90289  -6.86969   0.22236    45.78372    46.48005    -0.69633
  -0.52153  -6.69873   0.22236    47.25649    48.13633    -0.87984
  -0.17073  -6.47156   0.22236    49.45277    50.46390    -1.01114
   0.14127  -6.19350   0.22236    52.48615    53.55770    -1.07155
   0.40718  -5.87107   0.22236    56.48464    57.54061    -1.05597
   0.62075  -5.51183   0.22236    61.59257    62.57022    -0.97765
  -4.13260  -5.87345  -0.19145    51.70992    51.98173    -0.27181
  -3.87241  -6.19972  -0.19145    48.76000    48.96281    -0.20281
  -3.56650  -6.48357  -0.19145    46.45453    46.58309    -0.12856
  -3.22169  -6.71866  -0.19145    44.69436    44.77407    -0.07971
  -2.84570  -6.89972  -0.19145    43.40797    43.48536    -0.07739
  -2.44692  -7.02273  -0.19145    42.55456    42.68642    -0.13187
  -2.03426  -7.08493  -0.19145    42.12283    42.36497    -0.24214
  -1.61695  -7.08493  -0.19145    42.13099    42.52502    -0.39403
  -1.20429  -7.02273  -0.19145    42.61919    43.18566    -0.56647
  -0.80551  -6.89972  -0.19145    43.64956    44.38075    -0.73119
  -0.42952  -6.71866  -0.19145    45.29803    46.15969    -0.86166
  -0.08472  -6.48357  -0.19145    47.65746    48.58896    -0.93150
   0.22120  -6.19972  -0.19145    50.82952    51.75452    -0.92499
   0.48139  -5.87345  -0.19145    54.92653    55.76411    -0.83758
   0.69005  -5.51204  -0.19145    60.06772    60.74830    -0.68059
   0.84252  -5.12357  -0.19145    66.37858    66.85583    -0.47725
  -4.13260  -5.87345  -0.60994    50.44486    50.73962    -0.29476
  -3.87241  -6.19972  -0.60994    47.09647    47.37554    -0.27907
  -3.56650  -6.48357  -0.60994    44.57576    44.80648    -0.23071
  -3.22169  -6.71866  -0.60994    42.71332    42.90154    -0.18822
  -2.84570  -6.89972  -0.60994    41.39555    41.57382    -0.17828
  -2.44692  -7.02273  -0.60994    40.55657    40.77067    -0.21411
  -2.03426  -7.08493  -0.60994    40.17065    40.46581    -0.29516
  -1.61695  -7.08493  -0.60994    40.24407    40.65386    -0.40980
  -1.20429  -7.02273  -0.60994    40.80945    41.34714    -0.53769
  -0.80551  -6.89972  -0.60994    41.92077    42.57400    -0.65323
  -0.42952  -6.71866  -0.60994    43.64956    44.37855    -0.72899
  -0.08472  -6.48357  -0.60994    46.07802    46.82117    -0.74314
   0.22120  -6.19972  -0.60994    49.29966    49.97949    -0.67983
   0.48139  -5.87345  -0.60994    53.41298    53.94878    -0.53580
   0.69005  -5.51204  -0.60994    58.52028    58.84004    -0.31976
   0.84252  -5.12357  -0.60994    64.72070    64.77151    -0.05081
  -3.93161  -6.03738  -1.02375    47.30355    47.57751    -0.27396
  -3.64181  -6.33851  -1.02375    44.17981    44.45872    -0.27891
  -3.30943  -6.59186  -1.02375    41.93520    42.18550    -0.25029
  -2.94228  -6.79152  -1.02375    40.37584    40.60291    -0.22707
  -2.54895  -6.93278  -1.02375    39.38626    39.61792    -0.23166
  -2.13867  -7.01235  -1.02375    38.90873    39.17919    -0.27046
  -1.72105  -7.02836  -1.02375    38.92818    39.26514    -0.33696
  -1.30587  -6.98043  -1.02375    39.46344    39.87705    -0.41360
  -0.90289  -6.86969  -1.02375    40.55719    41.03517    -0.47798
  -0.52153  -6.69873  -1.02375    42.27280    42.77710    -0.50430
  -0.17073  -6.47156  -1.02375    44.68621    45.15710    -0.47090
   0.14127  -6.19350  -1.02375    47.88148    48.24612    -0.36464
   0.40718  -5.87107  -1.02375    51.94712    52.13113    -0.18401
   0.62075  -5.51183  -1.02375    56.97033    56.91232     0.05802
  -3.66864  -6.14360  -1.42365    44.55757    44.77054    -0.21297
  -3.35763  -6.40922  -1.42365    41.88500    42.10582    -0.22081
  -3.00891  -6.62293  -1.42365    40.05330    40.25372    -0.20041
  -2.63104  -6.77944  -1.42365    38.89178    39.07530    -0.18351
  -2.23334  -6.87492  -1.42365    38.30757    38.49163    -0.18406
  -1.82560  -6.90701  -1.42365    38.26176    38.46347    -0.20171
  -1.41787  -6.87492  -1.42365    38.75624    38.97992    -0.22368
  -1.02017  -6.77944  -1.42365    39.81987    40.05216    -0.23229
  -0.64230  -6.62293  -1.42365    41.50411    41.71013    -0.20603
  -0.29357  -6.40922  -1.42365    43.87421    44.00094    -0.12673
   0.01743  -6.14360  -1.42365    47.00360    46.98795     0.01565
   0.28306  -5.83260  -1.42365    50.96569    50.74982     0.21587
   0.49676  -5.48387  -1.42365    55.83266    55.37781     0.45485
  -3.57625  -5.97843  -1.80069    44.69248    44.73133    -0.03885
  -3.26751  -6.25015  -1.80069    41.77707    41.85483    -0.07776
  -2.91729  -6.46580  -1.80069    39.85313    39.91683    -0.06370
  -2.53566  -6.61915  -1.80069    38.71357    38.74747    -0.03390
  -2.13361  -6.70580  -1.80069    38.24670    38.25244    -0.00573
  -1.72269  -6.72325  -1.80069    38.40797    38.38642     0.02156
  -1.31474  -6.67101  -1.80069    39.19738    39.13855     0.05883
  -0.92148  -6.55058  -1.80069    40.64756    40.52452     0.12304
  -0.55423  -6.36541  -1.80069    42.81372    42.58231     0.23141
  -0.22355  -6.12085  -1.80069    45.76301    45.37009     0.39292
   0.06103  -5.82392  -1.80069    49.56698    48.96483     0.60214
   0.29134  -5.48316  -1.80069    54.29275    53.46048     0.83227
  -3.25918  -5.95500  -2.14647    43.08982    42.90757     0.18225
  -2.92017  -6.19641  -2.14647    40.76490    40.58930     0.17560
  -2.54160  -6.36929  -2.14647    39.41701    39.20215     0.21486
  -2.13715  -6.46741  -2.14647    38.89869    38.62434     0.27435
  -1.72144  -6.48722  -2.14647    39.14530    38.79627     0.34903
  -1.30950  -6.42799  -2.14647    40.14869    39.70291     0.44578
  -0.91621  -6.29187  -2.14647    41.94085    41.36352     0.57733
  -0.55579  -6.08378  -2.14647    44.58016    43.82615     0.75401
  -0.24126  -5.81124  -2.14647    48.13563    47.16485     0.97078
   0.01601  -5.48410  -2.14647    52.68005    51.47830     1.20175
  -3.20825  -5.61028  -2.45324    44.91650    44.37162     0.54488
  -2.89438  -5.87689  -2.45324    42.27532    41.75986     0.51546
  -2.53053  -6.06979  -2.45324    40.73854    40.18237     0.55618
  -2.13372  -6.17996  -2.45324    40.17755    39.53758     0.63997
  -1.72250  -6.20226  -2.45324    40.52707    39.77074     0.75633
  -1.31610  -6.13563  -2.45324    41.77707    40.87149     0.90558
  -0.93353  -5.98320  -2.45324    43.96143    42.86785     1.09358
  -0.59267  -5.75209  -2.45324    47.13789    45.82169     1.31620
  -2.94092  -5.41588  -2.71416    45.09785    44.17881     0.91905
  -2.61425  -5.66654  -2.71416    43.03146    42.09158     0.93988
  -2.23384  -5.82412  -2.71416    42.10212    41.07655     1.02557
  -1.82560  -5.87786  -2.71416    42.30481    41.14022     1.16459
  -1.41737  -5.82412  -2.71416    43.64078    42.29266     1.34811
  -1.03696  -5.66654  -2.71416    46.14517    44.57541     1.56976
  -2.75625  -5.08147  -2.92341    46.70679    45.40094     1.30584
  -2.43304  -5.35268  -2.92341    44.93282    43.55980     1.37302
  -2.03656  -5.49698  -2.92341    44.47348    42.97114     1.50234
  -1.61464  -5.49698  -2.92341    45.54589    43.85036     1.69554
  -1.21817  -5.35268  -2.92341    48.23415    46.30449     1.92966
  -2.54035  -4.71322  -3.07630    48.80832    47.20406     1.60426
  -2.23826  -5.01531  -3.07630    47.43031    45.68364     1.74667
  -1.82560  -5.12588  -3.07630    47.81120    45.88351     1.92769
  -1.68972  -2.05778  -3.88274    56.79149    58.30154    -1.51005
  -2.09441  -2.75873  -3.88274    51.82852    52.90855    -1.08003
  -1.79815  -2.46248  -3.88274    55.38901    56.75341    -1.36440
  -2.09061  -2.05778  -3.96604    52.08956    53.28358    -1.19402
  -2.29486  -2.41155  -3.96604    49.39692    50.49543    -1.09851
  -2.49911  -2.05778  -3.99398    47.42466    48.36730    -0.94264
  -5.47337  -3.22057   0.57655    55.99456    56.84745    -0.85290
  -5.30045  -3.59433   0.57655    57.94548    58.60208    -0.65660
  -5.84779  -2.40438   0.26977    49.72448    51.02606    -1.30158
  -5.84779  -2.82056   0.26977    49.65671    50.73064    -1.07393
  -5.76903  -3.22922   0.26977    50.72222    51.58612    -0.86390
  -5.61435  -3.61558   0.26977    52.77480    53.44328    -0.66848
  -6.01521  -2.00145  -0.07600    44.96670    46.30329    -1.33659
  -6.08471  -2.40682  -0.07600    44.52870    45.67434    -1.14564
  -6.08471  -2.81811  -0.07600    44.99557    45.94685    -0.95128
  -6.01521  -3.22348  -0.07600    46.31773    47.06916    -0.75143
  -5.87819  -3.61127  -0.07600    48.41675    48.97394    -0.55719
  -5.99094  -1.42917  -0.45304    41.48465    42.67181    -1.18716
  -6.14746  -1.80703  -0.45304    40.52017    41.63683    -1.11666
  -6.24294  -2.20473  -0.45304    40.25411    41.25462    -1.00051
  -6.27503  -2.61247  -0.45304    40.70654    41.54839    -0.84185
  -6.24294  -3.02021  -0.45304    41.86743    42.52152    -0.65408
  -6.14746  -3.41790  -0.45304    43.70227    44.15835    -0.45608
  -5.99094  -3.79577  -0.45304    46.15019    46.41802    -0.26783
  -6.01503  -1.21749  -0.85294    37.82878    38.59818    -0.76940
  -6.20047  -1.59202  -0.85294    36.96596    37.79603    -0.83007
  -6.32657  -1.99047  -0.85294    36.72060    37.51531    -0.79471
  -6.39037  -2.40350  -0.85294    37.11656    37.79689    -0.68033
  -6.39037  -2.82143  -0.85294    38.15823    38.66766    -0.50944
  -6.32657  -3.23446  -0.85294    39.82740    40.13767    -0.31026
  -6.20047  -3.63291  -0.85294    42.08643    42.19561    -0.10917
  -6.01503  -4.00745  -0.85294    44.87007    44.79841     0.07166
  -5.71538  -0.71331  -1.26675    36.60514    36.68826    -0.08312
  -5.97558  -1.03958  -1.26675    35.13677    35.49670    -0.35993
  -6.18424  -1.40099  -1.26675    34.24194    34.76086    -0.51892
  -6.33670  -1.78946  -1.26675    33.92693    34.48645    -0.55952
  -6.42956  -2.19632  -1.26675    34.20115    34.69909    -0.49794
  -6.46075  -2.61247  -1.26675    35.06649    35.42498    -0.35849
  -6.42956  -3.02862  -1.26675    36.50976    36.68190    -0.17215
  -6.33670  -3.43547  -1.26675    38.50398    38.47335     0.03063
  -6.18424  -3.82394  -1.26675    41.00273    40.78039     0.22234
  -5.40947  -0.42946  -1.68524    36.19412    35.67025     0.52387
  -5.71538  -0.71331  -1.68524    34.20492    34.03896     0.16595
  -5.97558  -1.03958  -1.68524    32.82439    32.94071    -0.11632
  -6.18424  -1.40099  -1.68524    32.03310    32.31837    -0.28527
  -6.33670  -1.78946  -1.68524    31.82226    32.15822    -0.33595
  -6.42956  -2.19632  -1.68524    32.18810    32.46850    -0.28040
  -6.46075  -2.61247  -1.68524    33.11870    33.26386    -0.14516
  -6.42956  -3.02862  -1.68524    34.59334    34.55533     0.03801
  -6.33670  -3.43547  -1.68524    36.57941    36.34264     0.23677
  -6.18424  -3.82394  -1.68524    39.02733    38.60493     0.42239
  -5.97558  -4.18535  -1.68524    41.86116    41.28747     0.57369
  -4.78525  -0.12152  -2.09906    38.89680    37.70092     1.19588
  -5.15241  -0.32117  -2.09906    35.94751    35.08294     0.86457
  -5.48478  -0.57453  -2.09906    33.61757    33.10963     0.50794
  -5.77459  -0.87565  -2.09906    31.91137    31.72046     0.19091
  -6.01503  -1.21749  -2.09906    30.81825    30.85391    -0.03567
  -6.20047  -1.59202  -2.09906    30.32565    30.47436    -0.14871
  -6.32657  -1.99047  -2.09906    30.42041    30.56981    -0.14940
  -6.39037  -2.40350  -2.09906    31.08557    31.14151    -0.05594
  -6.39037  -2.82143  -2.09906    32.29478    32.19367     0.10111
  -6.32657  -3.23446  -2.09906    34.01290    33.72461     0.28829
  -6.20047  -3.63291  -2.09906    36.19036    35.71745     0.47290
  -6.01503  -4.00745  -2.09906    38.75750    38.12835     0.62914
  -4.47401  -0.13359  -2.49895    39.36430    37.92888     1.43541
  -4.85188  -0.29011  -2.49895    36.24871    35.14978     1.09894
  -5.20061  -0.50381  -2.49895    33.67028    32.91764     0.75264
  -5.51161  -0.76943  -2.49895    31.67542    31.24625     0.42918
  -5.77724  -1.08044  -2.49895    30.27984    30.10843     0.17141
  -5.99094  -1.42917  -2.49895    29.48102    29.47222     0.00881
  -6.14746  -1.80703  -2.49895    29.26893    29.31611    -0.04719
  -6.24294  -2.20473  -2.49895    29.62410    29.62969    -0.00559
  -6.27503  -2.61247  -2.49895    30.51892    30.40798     0.11095
  -6.24294  -3.02021  -2.49895    31.91576    31.64407     0.27169
  -6.14746  -3.41790  -2.49895    33.76252    33.32068     0.44184
  -5.99094  -3.79577  -2.49895    35.99457    35.40006     0.59451
  -5.77724  -4.14450  -2.49895    38.51967    37.81149     0.70818
  -4.37864  -0.29389  -2.87600    38.06912    36.74703     1.32209
  -4.76026  -0.44724  -2.87600    35.04139    34.04369     0.99770
  -5.11049  -0.66288  -2.87600    32.55457    31.88683     0.66774
  -5.41923  -0.93461  -2.87600    30.66388    30.29095     0.37293
  -5.67761  -1.25460  -2.87600    29.39631    29.24401     0.15230
  -5.87819  -1.61366  -2.87600    28.75500    28.72564     0.02936
  -6.01521  -2.00145  -2.87600    28.72613    28.71815     0.00798
  -6.08471  -2.40682  -2.87600    29.28273    29.20787     0.07486
  -6.08471  -2.81811  -2.87600    30.38087    30.18042     0.20045
  -6.01521  -3.22348  -2.87600    31.96408    31.61276     0.35131
  -5.87819  -3.61127  -2.87600    33.95642    33.46296     0.49346
  -5.67761  -3.97033  -2.87600    36.25938    35.65791     0.60147
  -5.41923  -4.29033  -2.87600    38.74244    38.08039     0.66205
  -3.98012  -0.44562  -3.22177    39.46093    38.24161     1.21932
  -4.38457  -0.54374  -3.22177    36.12384    35.13326     0.99058
  -4.76314  -0.71663  -3.22177    33.30946    32.60881     0.70065
  -5.10215  -0.95803  -3.22177    31.09812    30.68385     0.41427
  -5.38935  -1.25924  -3.22177    29.54315    29.36159     0.18156
  -5.61435  -1.60935  -3.22177    28.66840    28.63105     0.03735
  -5.76903  -1.99572  -3.22177    28.46697    28.47482    -0.00785
  -5.84779  -2.40438  -3.22177    28.90936    28.87284     0.03653
  -5.84779  -2.82056  -3.22177    29.93973    29.79925     0.14049
  -5.76903  -3.22922  -3.22177    31.48090    31.21397     0.26693
  -5.61435  -3.61558  -3.22177    33.43120    33.05086     0.38033
  -5.38935  -3.96570  -3.22177    35.66011    35.20470     0.45541
  -5.10215  -4.26690  -3.22177    38.00323    37.52150     0.48173
  -4.76314  -4.50831  -3.22177    40.27042    39.80138     0.46904
  -3.97669  -0.73307  -3.52854    37.65998    36.87560     0.78438
  -4.37350  -0.84325  -3.52854    34.55758    33.95210     0.60548
  -4.73735  -1.03615  -3.52854    32.03373    31.66328     0.37045
  -5.05123  -1.30276  -3.52854    30.17442    30.02493     0.14949
  -5.30045  -1.63060  -3.52854    29.03235    29.03880    -0.00644
  -5.47337  -2.00436  -3.52854    28.61820    28.69248    -0.07428
  -5.56190  -2.40656  -3.52854    28.90434    28.96170    -0.05736
  -5.56190  -2.81838  -3.52854    29.82553    29.80790     0.01763
  -5.47337  -3.22057  -3.52854    31.28198    31.16984     0.11213
  -5.30045  -3.59433  -3.52854    33.14254    32.95176     0.19079
  -5.05123  -3.92218  -3.52854    35.24407    35.01351     0.23056
  -4.73735  -4.18879  -3.52854    37.40145    37.17242     0.22903
  -4.37350  -4.38169  -3.52854    39.43521    39.23066     0.20455
  -3.97669  -4.49186  -3.52854    41.23177    41.03873     0.19304
  -3.56547  -4.51416  -3.52854    42.82250    42.58644     0.23607
  -3.15907  -4.44753  -3.52854    44.43332    44.07777     0.35555
  -2.77650  -4.29510  -3.52854    46.42629    45.91668     0.50961
  -2.43564  -4.06399  -3.52854    49.08881    48.53673     0.55208
  -3.66858  -1.03517  -3.78947    38.59183    38.22300     0.36883
  -4.07681  -1.08892  -3.78947    35.33380    35.01394     0.31986
  -4.45723  -1.24649  -3.78947    32.63928    32.47461     0.16467
  -4.78390  -1.49715  -3.78947    30.66074    30.67174    -0.01100
  -5.03456  -1.82382  -3.78947    29.49106    29.63100    -0.13994
  -5.19213  -2.20423  -3.78947    29.15284    29.34485    -0.19201
  -5.24587  -2.61247  -3.78947    29.60213    29.77445    -0.17231
  -5.19213  -3.02070  -3.78947    30.72977    30.84488    -0.11512
  -5.03456  -3.40112  -3.78947    32.37447    32.43505    -0.06057
  -4.78390  -3.72778  -3.78947    34.33418    34.37165    -0.03747
  -4.45723  -3.97845  -3.78947    36.39618    36.44476    -0.04859
  -4.07681  -4.13602  -3.78947    38.38915    38.46308    -0.07393
  -3.66858  -4.18976  -3.78947    40.26854    40.34752    -0.07898
  -3.26034  -4.13602  -3.78947    42.16174    42.21194    -0.05020
  -2.87993  -3.97845  -3.78947    44.30154    44.33289    -0.03135
  -2.55326  -3.72778  -3.78947    46.80405    46.93611    -0.13206
  -2.30260  -3.40112  -3.78947    49.44022    49.88203    -0.44181
  -2.45370  -2.61247  -3.99871    47.15357    48.14639    -0.99281
  -2.52697  -2.19696  -3.99871    46.84484    47.81737    -0.97253
  -2.73793  -1.83156  -3.99871    45.12295    45.82305    -0.70010
  -3.06114  -1.56036  -3.99871    42.28849    42.63286    -0.34436
  -3.45762  -1.41605  -3.99871    38.90371    39.00379    -0.10009
  -3.87954  -1.41605  -3.99871    35.58481    35.62819    -0.04338
  -4.27602  -1.56036  -3.99871    32.82314    32.94861    -0.12547
  -4.59923  -1.83156  -3.99871    30.94500    31.19134    -0.24634
  -4.81019  -2.19696  -3.99871    30.11481    30.43913    -0.32432
  -4.88345  -2.61247  -3.99871    30.33067    30.66737    -0.33670
  -4.81019  -3.02798  -3.99871    31.44074    31.75297    -0.31223
  -4.59923  -3.39337  -3.99871    33.18019    33.47581    -0.29562
  -4.27602  -3.66458  -3.99871    35.23780    35.54842    -0.31062
  -3.87954  -3.80889  -3.99871    37.37070    37.71353    -0.34283
  -3.45762  -3.80889  -3.99871    39.51302    39.88465    -0.37163
  -3.06114  -3.66458  -3.99871    41.75385    42.17258    -0.41872
  -2.73793  -3.39337  -3.99871    44.07564    44.62970    -0.55406
  -2.52697  -3.02798  -3.99871    46.08618    46.87761    -0.79143
  -2.84326  -2.61247  -4.15160    42.46608    43.32699    -0.86091
  -2.95384  -2.19981  -4.15160    41.74444    42.51468    -0.77024
  -3.25592  -1.89772  -4.15160    39.37183    39.91228    -0.54045
  -3.66858  -1.78715  -4.15160    36.20855    36.59399    -0.38544
  -4.08123  -1.89772  -4.15160    33.37221    33.76052    -0.38831
  -4.38332  -2.19981  -4.15160    31.70178    32.15806    -0.45628
  -4.49389  -2.61247  -4.15160    31.53235    32.02625    -0.49390
  -4.38332  -3.02512  -4.15160    32.69450    33.19784    -0.50334
  -4.08123  -3.32721  -4.15160    34.69249    35.22040    -0.52791
  -3.66858  -3.43778  -4.15160    37.02055    37.59823    -0.57768
  -3.25592  -3.32721  -4.15160    39.38814    40.03991    -0.65176
  -2.95384  -3.02512  -4.15160    41.45265    42.22380    -0.77115
  -3.25126  -2.61247  -4.24472    38.65459    39.44614    -0.79156
  -3.45992  -2.25106  -4.24472    37.14103    37.81597    -0.67493
  -3.87724  -2.25106  -4.24472    34.30092    34.89674    -0.59582
  -4.08590  -2.61247  -4.24472    33.27055    33.89670    -0.62615
  -3.87724  -2.97388  -4.24472    34.80795    35.48015    -0.67220
  -3.45992  -2.97388  -4.24472    37.32301    38.07040    -0.74739
  -3.66858  -2.61247  -4.27600    35.61869    36.34156    -0.72286
  -3.05886  -1.49452   3.40380    60.40595    60.18457     0.22138
  -1.95122   0.27938   3.26306    52.99882    53.62641    -0.62759
  -1.57339   0.29114   3.07469    53.96958    55.02001    -1.05043
  -1.74252   0.68050   3.07469    52.84822    53.73448    -0.88626
  -1.56713   1.01635   2.83857    53.14001    54.41897    -1.27896
  -4.95651   0.07529  -1.81570    39.93533    39.04552     0.88981
  -4.61858   0.08285  -2.05183    41.11819    39.97355     1.14464
  -4.16334   0.32830   4.22828    46.11944    46.36445    -0.24501
  -3.75484   0.32830   4.20033    46.95026    47.27498    -0.32472
  -3.95909   0.68208   4.20033    44.26201    44.41969    -0.15768
  -4.36759   0.68208   4.20033    43.37283    43.44152    -0.06869
  -4.57184   0.32830   4.20033    45.47059    45.56209    -0.09150
  -4.36759  -0.02547   4.20033    48.17202    48.44157    -0.26955
  -3.95909  -0.02547   4.20033    48.77129    49.17429    -0.40300
  -3.35395   0.32830   4.11703    47.96683    48.31040    -0.34357
  -3.46238   0.73300   4.11703    45.31811    45.48563    -0.16752
  -3.75864   1.02926   4.11703    42.61103    42.63124    -0.02021
  -4.16334   1.13769   4.11703    40.71407    40.67568     0.03839
  -4.56803   1.02926   4.11703    40.48754    40.41638     0.07116
  -4.86429   0.73300   4.11703    42.11907    41.99245     0.12661
  -4.97273   0.32830   4.11703    44.96796    44.84039     0.12757
  -4.16334  -0.48109   4.11703    51.55116    51.97013    -0.41897
  -3.75864  -0.37265   4.11703    51.36605    51.86606    -0.50002
  -3.46238  -0.07639   4.11703    50.07024    50.53378    -0.46354
  -2.96813   0.32830   3.97991    49.14341    49.47317    -0.32976
  -3.04021   0.73709   3.97991    46.74632    46.90341    -0.15709
  -3.24776   1.09657   3.97991    44.00473    43.96614     0.03859
  -5.28646   0.73709   3.97991    41.42504    41.09162     0.33342
  -3.56574  -0.70677   3.97991    53.93695    54.43784    -0.50089
  -3.24776  -0.43996   3.97991    52.76037    53.23960    -0.47923
  -3.04021  -0.08048   3.97991    51.13575    51.56711    -0.43136
  -2.60459   0.32830   3.79153    50.41851    50.74717    -0.32867
  -2.66239   0.74885   3.79153    48.23038    48.39227    -0.16189
  -2.83151   1.13821   3.79153    45.60363    45.52525     0.07838
  -5.59304   0.94931   3.79153    39.13840    38.70268     0.43572
  -3.44621  -1.05569   3.79153    56.68984    57.06934    -0.37951
  -3.09941  -0.81089   3.79153    55.43733    55.79066    -0.35333
  -2.83151  -0.48160   3.79153    53.88989    54.25718    -0.36730
  -2.66239  -0.09224   3.79153    52.24330    52.62843    -0.38512
  -2.27007   0.32830   3.55541    51.69298    52.09164    -0.39867
  -2.31434   0.73530   3.55541    49.91838    50.17824    -0.25986
  -2.44506   1.12327   3.55541    47.67692    47.68071    -0.00379
  -3.27652  -1.34442   3.55541    59.36428    59.46723    -0.10295
  -2.93766  -1.11467   3.55541    57.79865    57.84931    -0.05066
  -2.65612  -0.81745   3.55541    56.04978    56.16580    -0.11602
  -2.44506  -0.46666   3.55541    54.48665    54.75022    -0.26357
  -2.31434  -0.07869   3.55541    53.12433    53.51322    -0.38890
  -1.97083   0.32830   3.27594    52.82438    53.43421    -0.60984
  -2.01045   0.74324   3.27594    51.46582    51.96160    -0.49578
  -2.12788   1.14318   3.27594    49.51552    49.73199    -0.21647
  -1.85243   1.14480   2.95832    51.40621    52.07329    -0.66708
  -6.98258   0.53465   2.23292    38.62948    37.92341     0.70608
  -7.09343   0.53320   1.83864    37.66751    37.13902     0.52850
  -7.14905   0.11952   1.43300    39.80983    39.47416     0.33567
  -7.14905   0.11952   1.02355    38.85037    38.70285     0.14752
  -7.09094  -0.29398   1.02355    41.59572    41.61791    -0.02219
  -7.09343   0.12341   0.61791    38.04590    38.01842     0.02748
  -7.03640  -0.28238   0.61791    40.50825    40.69330    -0.18505
  -6.92345  -0.67630   0.61791    42.89969    43.32583    -0.42614
  -6.75678  -1.05065   0.61791    45.26163    45.92653    -0.66490
  -6.98258   0.12196   0.22364    37.48993    37.50505    -0.01512
  -6.92249  -0.28632   0.22364    39.70378    39.97475    -0.27097
  -6.80360  -0.68151   0.22364    41.82853    42.37378    -0.54525
  -6.62843  -1.05517   0.22364    43.88425    44.69823    -0.81398
  -6.40073  -1.39935   0.22364    45.90546    46.97109    -1.06564
  -6.12533  -1.70671   0.22364    47.95239    49.25934    -1.30695
  -5.80813  -1.97069   0.22364    50.14240    51.70615    -1.56375
  -6.82699   0.32830  -0.15192    36.16400    36.00609     0.15791
  -6.79420  -0.08838  -0.15192    38.14379    38.27036    -0.12657
  -6.69662  -0.49481  -0.15192    40.00687    40.43464    -0.42777
  -6.53667  -0.88097  -0.15192    41.71997    42.44755    -0.72758
  -6.31828  -1.23735  -0.15192    43.24670    44.26621    -1.01951
  -6.04683  -1.55518  -0.15192    44.52807    45.85179    -1.32372
  -6.60542   0.12045  -0.50177    37.05193    36.93085     0.12107
  -6.53516  -0.28927  -0.50177    38.58744    38.79045    -0.20301
  -6.39668  -0.68123  -0.50177    39.90333    40.42511    -0.52178
  -6.19394  -1.04414  -0.50177    40.85903    41.69489    -0.83586
  -6.34592   0.11989  -0.81938    37.16990    36.90450     0.26540
  -6.26703  -0.28940  -0.81938    38.24106    38.31853    -0.07747
  -6.11212  -0.67636  -0.81938    38.92567    39.32698    -0.40131
  -5.88677  -1.02701  -0.81938    38.87170    39.59541    -0.72371
  -6.04550   0.12361  -1.09886    37.51189    37.08238     0.42951
  -5.95749  -0.27622  -1.09886    38.02519    37.92097     0.10423
  -5.78559  -0.64778  -1.09886    37.92291    38.10062    -0.17771
  -5.70757   0.54055  -1.33498    37.89593    37.00910     0.88683
  -5.70757   0.11605  -1.33498    38.14944    37.56896     0.58048
  -5.59304  -0.29271  -1.33498    38.05280    37.72887     0.32394
  -5.35854   0.32830  -1.52336    39.28837    38.48279     0.80558
  -5.28646  -0.08048  -1.52336    38.99783    38.32154     0.67630
  -4.35725   1.58458   4.13241    37.35188    37.27551     0.07637
  -3.94875   1.58458   4.10447    38.62195    38.47594     0.14601
  -4.15300   1.93835   4.10447    36.33155    36.22188     0.10966
  -4.56150   1.93835   4.10447    35.09347    35.11402    -0.02055
  -4.76575   1.58458   4.10447    36.25122    36.22736     0.02386
  -4.56150   1.23081   4.10447    39.00976    38.92567     0.08408
  -4.15300   1.23081   4.10447    40.09786    40.03331     0.06455
  -3.54786   1.58458   4.02117    40.08342    39.85706     0.22637
  -3.65629   1.98927   4.02117    37.91914    37.64536     0.27378
  -3.95255   2.28553   4.02117    35.89605    35.71566     0.18039
  -4.35725   2.39397   4.02117    34.29339    34.30874    -0.01535
  -4.76194   2.28553   4.02117    33.37723    33.56639    -0.18916
  -5.05820   1.98927   4.02117    33.58494    33.77832    -0.19338
  -5.16664   1.58458   4.02117    35.29051    35.30541    -0.01490
  -5.05820   1.17988   4.02117    38.25298    38.08865     0.16433
  -3.16204   1.58458   3.88405    41.74570    41.44794     0.29776
  -3.23412   1.99336   3.88405    39.71884    39.33327     0.38557
  -3.44167   2.35284   3.88405    37.75599    37.37504     0.38095
  -3.75965   2.61965   3.88405    35.99332    35.71653     0.27678
  -4.14970   2.76162   3.88405    34.48165    34.40832     0.07332
  -4.56479   2.76162   3.88405    33.21220    33.39269    -0.18049
  -4.95485   2.61965   3.88405    32.26905    32.65923    -0.39018
  -5.27283   2.35284   3.88405    31.94023    32.39550    -0.45526
  -5.48037   1.99336   3.88405    32.59033    32.91798    -0.32764
  -5.55245   1.58458   3.88405    34.43772    34.48726    -0.04954
  -5.48037   1.17579   3.88405    37.40647    37.16149     0.24498
  -2.79849   1.58458   3.69567    43.59560    43.27626     0.31933
  -2.85630   2.00512   3.69567    41.59886    41.18637     0.41249
  -3.02542   2.39448   3.69567    39.64480    39.18790     0.45689
  -3.29332   2.72377   3.69567    37.86079    37.41253     0.44825
  -3.64012   2.96857   3.69567    36.32339    35.97060     0.35279
  -4.04011   3.11073   3.69567    35.01001    34.85796     0.15205
  -4.46362   3.13969   3.69567    33.79452    33.92498    -0.13045
  -4.87924   3.05333   3.69567    32.59284    33.01827    -0.42543
  -5.25615   2.85803   3.69567    31.53612    32.18159    -0.64547
  -5.56639   2.56828   3.69567    30.95755    31.67103    -0.71347
  -5.78695   2.20558   3.69567    31.21860    31.80587    -0.58728
  -5.90148   1.79683   3.69567    32.55959    32.84438    -0.28479
  -5.90148   1.37233   3.69567    35.05582    34.94178     0.11404
  -5.78695   0.96357   3.69567    38.61003    38.12672     0.48331
  -2.46398   1.58458   3.45955    45.59484    45.36486     0.22998
  -2.50825   1.99157   3.45955    43.72235    43.43069     0.29166
  -2.63897   2.37954   3.45955    41.85175    41.50113     0.35062
  -2.85003   2.73033   3.45955    40.10413    39.68474     0.41939
  -3.13157   3.02755   3.45955    38.57866    38.11305     0.46561
  -3.47043   3.25730   3.45955    37.33493    36.89952     0.43541
  -3.85075   3.40883   3.45955    36.35037    36.05487     0.29550
  -4.25475   3.47506   3.45955    35.46244    35.40930     0.05314
  -4.66354   3.45290   3.45955    34.43333    34.68540    -0.25207
  -5.05802   3.34337   3.45955    33.15948    33.72298    -0.56349
  -5.41972   3.15161   3.45955    31.80469    32.62065    -0.81596
  -5.73175   2.88657   3.45955    30.70906    31.65769    -0.94863
  -5.97950   2.56066   3.45955    30.21709    31.13416    -0.91707
  -6.15140   2.18910   3.45955    30.57101    31.28263    -0.71162
  -6.23941   1.78927   3.45955    31.90384    32.26190    -0.35806
  -6.23941   1.37988   3.45955    34.26578    34.18001     0.08578
  -6.15140   0.98005   3.45955    37.64241    37.10664     0.53577
  -2.16474   1.58458   3.18007    47.67629    47.72529    -0.04900
  -2.20436   1.99951   3.18007    45.81321    45.86139    -0.04817
  -2.32179   2.39945   3.18007    43.90872    43.91203    -0.00331
  -2.51279   2.76994   3.18007    42.10965    41.99052     0.11913
  -2.77045   3.09758   3.18007    40.52268    40.23479     0.28790
  -3.08547   3.37054   3.18007    39.24131    38.81964     0.42166
  -3.44645   3.57895   3.18007    38.36279    37.91706     0.44574
  -3.84034   3.71528   3.18007    37.87522    37.53948     0.33574
  -4.25292   3.77460   3.18007    37.49620    37.38500     0.11121
  -4.66927   3.75477   3.18007    36.76578    36.95354    -0.18776
  -5.07435   3.65650   3.18007    35.41224    35.93272    -0.52048
  -5.45350   3.48334   3.18007    33.59811    34.43069    -0.83257
  -5.79303   3.24156   3.18007    31.76892    32.83118    -1.06226
  -6.08068   2.93989   3.18007    30.37585    31.53040    -1.15455
  -6.30603   2.58924   3.18007    29.73077    30.80909    -1.07832
  -6.46094   2.20228   3.18007    30.00562    30.83692    -0.83130
  -6.53983   1.79299   3.18007    31.28072    31.72057    -0.43984
  -6.53983   1.37617   3.18007    33.58870    33.54540     0.04330
  -6.46094   0.96687   3.18007    36.94901    36.39820     0.55082
  -5.46066   3.77306   2.86245    37.00988    37.74012    -0.73023
  -5.81464   3.55510   2.86245    34.32351    35.34992    -1.02640
  -6.12670   3.28046   2.86245    31.93082    33.15640    -1.22558
  -6.38785   2.95702   2.86245    30.23655    31.51822    -1.28167
  -6.59059   2.59411   2.86245    29.43647    30.61040    -1.17393
  -6.72907   2.20215   2.86245    29.60527    30.51222    -0.90695
  -6.79933   1.79243   2.86245    30.76365    31.27229    -0.50863
  -6.79933   1.37672   2.86245    32.92166    32.94573    -0.02407
  -6.72907   0.96700   2.86245    36.10564    35.61405     0.49159
  -6.24074   3.46807   2.51261    33.87924    35.08076    -1.20152
  -6.51219   3.15023   2.51261    31.27821    32.59926    -1.32105
  -6.73058   2.79385   2.51261    29.72010    31.00586    -1.28575
  -6.89053   2.40769   2.51261    29.20931    30.30353    -1.09422
  -6.98811   2.00126   2.51261    29.71508    30.48006    -0.76498
  -7.02090   1.58458   2.51261    31.20981    31.54387    -0.33406
  -6.98811   1.16789   2.51261    33.69036    33.54034     0.15002
  -6.89053   0.76146   2.51261    37.19688    36.56236     0.63452
  -6.31924   3.61959   2.13705    36.65973    37.72399    -1.06425
  -6.59464   3.31223   2.13705    32.98504    34.22608    -1.24104
  -6.82234   2.96805   2.13705    30.60238    31.87853    -1.27615
  -6.99751   2.59439   2.13705    29.38815    30.55312    -1.16497
  -7.11640   2.19920   2.13705    29.22939    30.15103    -0.92164
  -7.17649   1.79092   2.13705    30.04641    30.61979    -0.57338
  -7.17649   1.37823   2.13705    31.79591    31.95527    -0.15937
  -7.11640   0.96995   2.13705    34.47286    34.20301     0.26985
  -6.73353   3.31105   1.74278    33.75750    34.86073    -1.10323
  -6.95069   2.96353   1.74278    31.04854    32.19217    -1.14362
  -7.11736   2.58918   1.74278    29.61594    30.66826    -1.05232
  -7.23031   2.19526   1.74278    29.26830    30.11151    -0.84321
  -7.28734   1.78947   1.74278    29.88388    30.42748    -0.54359
  -7.28734   1.37968   1.74278    31.39367    31.58524    -0.19157
  -7.23031   0.97389   1.74278    33.77068    33.60786     0.16282
  -7.11736   0.57998   1.74278    37.03687    36.57102     0.46584
  -6.77864   3.34382   1.33714    35.11982    35.98870    -0.86888
  -6.99991   2.98971   1.33714    31.86744    32.79980    -0.93235
  -7.16975   2.60824   1.33714    30.07967    30.95504    -0.87538
  -7.28485   2.20686   1.33714    29.46847    30.17872    -0.71025
  -7.34296   1.79336   1.33714    29.86255    30.32605    -0.46350
  -7.34296   1.37579   1.33714    31.16149    31.33652    -0.17503
  -7.28485   0.96230   1.33714    33.31448    33.21172     0.10276
  -7.16975   0.56091   1.33714    36.31523    36.00654     0.30869
  -6.77864   3.34382   0.92769    36.26754    36.84915    -0.58161
  -6.99991   2.98971   0.92769    32.68885    33.34243    -0.65358
  -7.16975   2.60824   0.92769    30.66137    31.28789    -0.62652
  -7.28485   2.20686   0.92769    29.83745    30.34650    -0.50905
  -7.34296   1.79336   0.92769    30.01817    30.34084    -0.32266
  -7.34296   1.37579   0.92769    31.08055    31.18809    -0.10754
  -7.28485   0.96230   0.92769    32.95554    32.86860     0.08694
  -7.16975   0.56091   0.92769    35.60803    35.41074     0.19729
  -6.73353   3.31105   0.52204    37.01679    37.28653    -0.26974
  -6.95069   2.96353   0.52204    33.42618    33.75681    -0.33063
  -7.11736   2.58918   0.52204    31.31649    31.64250    -0.32601
  -7.23031   2.19526   0.52204    30.35765    30.60992    -0.25227
  -7.28734   1.78947   0.52204    30.35263    30.47952    -0.12689
  -7.28734   1.37968   0.52204    31.17593    31.15964     0.01629
  -7.23031   0.97389   0.52204    32.74533    32.61421     0.13112
  -7.11736   0.57998   0.52204    35.00750    34.84508     0.16242
  -6.82234   2.96805   0.12777    34.47537    34.46598     0.00939
  -6.99751   2.59439   0.12777    32.19500    32.19687    -0.00186
  -7.11640   2.19920   0.12777    31.05231    31.01832     0.03399
  -7.17649   1.79092   0.12777    30.85903    30.75067     0.10837
  -7.17649   1.37823   0.12777    31.48529    31.29360     0.19169
  -7.11640   0.96995   0.12777    32.83694    32.59556     0.24138
  -6.99751   0.57476   0.12777    34.84058    34.63418     0.20640
  -6.51219   3.15023  -0.24778    37.26026    36.94186     0.31840
  -6.73058   2.79385  -0.24778    34.26453    33.94818     0.31635
  -6.89053   2.40769  -0.24778    32.43534    32.11923     0.31611
  -6.98811   2.00126  -0.24778    31.61644    31.27450     0.34194
  -7.02090   1.58458  -0.24778    31.67480    31.29206     0.38273
  -6.98811   1.16789  -0.24778    32.49934    32.09231     0.40703
  -6.89053   0.76146  -0.24778    33.99219    33.62023     0.37196
  -6.38785   2.95702  -0.59763    36.53235    35.99015     0.54220
  -6.59059   2.59411  -0.59763    34.25010    33.67923     0.57086
  -6.72907   2.20215  -0.59763    32.88903    32.30494     0.58409
  -6.79933   1.79243  -0.59763    32.40334    31.80128     0.60205
  -6.79933   1.37672  -0.59763    32.70517    32.09336     0.61180
  -6.72907   0.96700  -0.59763    33.69412    33.10957     0.58455
  -6.59059   0.57504  -0.59763    35.25788    34.77201     0.48587
  -6.30603   2.58924  -0.91525    35.41977    34.71804     0.70174
  -6.46094   2.20228  -0.91525    34.02106    33.26947     0.75159
  -6.53983   1.79299  -0.91525    33.43308    32.65213     0.78095
  -6.53983   1.37617  -0.91525    33.61945    32.82895     0.79050
  -6.46094   0.96687  -0.91525    34.48416    33.72279     0.76137
  -6.30603   0.57991  -0.91525    35.89354    35.22093     0.67261
  -5.97950   2.56066  -1.19472    36.63149    36.00852     0.62297
  -6.15140   2.18910  -1.19472    35.26980    34.50910     0.76070
  -6.23941   1.78927  -1.19472    34.62848    33.78632     0.84216
  -6.23941   1.37988  -1.19472    34.73265    33.84852     0.88413
  -6.15140   0.98005  -1.19472    35.50323    34.61816     0.88507
  -5.97950   0.60850  -1.19472    36.79276    35.95334     0.83942
  -5.78695   2.20558  -1.43085    36.77959    36.27719     0.50240
  -5.90148   1.79683  -1.43085    35.99896    35.28823     0.71074
  -5.90148   1.37233  -1.43085    36.06611    35.23304     0.83307
  -5.78695   0.96357  -1.43085    36.90823    36.01578     0.89244
  -5.56639   0.60087  -1.43085    38.34711    37.44066     0.90644
  -1.78437   2.02314   2.86991    48.67277    49.63122    -0.95844
  -1.84217   2.44369   2.86991    46.99481    47.98005    -0.98524
  -2.01129   2.83304   2.86991    45.12421    45.95351    -0.82930
  -2.27919   3.16233   2.86991    43.26239    43.77827    -0.51588
  -2.62599   3.40713   2.86991    41.56435    41.65226    -0.08792
  -1.84217   1.60259   2.86991    49.96482    50.69303    -0.72821
  -1.44985   2.02314   2.63379    51.01840    52.75027    -1.73186
  -1.49412   2.43014   2.63379    49.41826    51.08720    -1.66895
  -1.62484   2.81810   2.63379    47.57903    49.08591    -1.50689
  -1.83590   3.16889   2.63379    45.69210    46.95222    -1.26011
  -1.19023   2.43807   2.35431    51.75761    53.91616    -2.15855
  -1.30766   2.83801   2.35431    49.77845    51.69781    -1.91936
  -0.92746   2.43735   2.03670    54.17101    56.52231    -2.35130
  -1.03221   2.83964   2.03670    52.02995    54.03231    -2.00236
  -5.71494   2.64072  -1.42339    37.80117    37.55878     0.24240
  -5.52570   2.23155  -1.74101    37.83882    37.87383    -0.03500
  -5.52570   1.81473  -1.74101    37.58719    37.41433     0.17286
  -5.44681   1.40544  -1.74101    37.94989    37.59165     0.35825
  -5.29190   1.01847  -1.74101    38.90935    38.39989     0.50946
  -5.06655   0.66782  -1.74101    40.32251    39.69006     0.63245
  -5.22528   2.22784  -2.02048    38.77883    39.24244    -0.46361
  -5.22528   1.81844  -2.02048    38.66274    38.94831    -0.28556
  -5.13728   1.41862  -2.02048    39.09008    39.18149    -0.09141
  -4.96538   1.04706  -2.02048    40.06460    39.95222     0.11238
  -4.88735   1.81089  -2.25660    39.76151    40.30383    -0.54232
  -4.77282   1.40213  -2.25660    40.39216    40.71174    -0.31958
  -4.53832   2.02314  -2.44498    40.76427    41.34398    -0.57971
  -4.46624   1.61436  -2.44498    41.30205    41.70554    -0.40349
  -2.31777   3.69954   2.69739    42.52444    43.17506    -0.65062
  -1.82352   3.29485   2.56028    45.60237    46.90758    -1.30520
  -1.89560   3.70363   2.56028    44.12835    45.12754    -0.99919
  -1.45997   3.29485   2.37190    47.48866    49.00991    -1.52125
  -1.51778   3.71539   2.37190    45.69901    46.79654    -1.09754
  -1.68690   4.10475   2.37190    43.65270    44.49295    -0.84025
  -1.12546   3.29485   2.13578    49.36743    50.83013    -1.46270
  -1.16972   3.70184   2.13578    47.33053    48.33782    -1.00729
  -1.30045   4.08981   2.13578    45.13990    45.84351    -0.70362
  -0.82622   3.29485   1.85630    51.17591    52.35040    -1.17449
  -0.86584   3.70978   1.85630    48.68407    49.42142    -0.73735
  -0.98327   4.10972   1.85630    46.15646    46.58908    -0.43262
  -1.17427   4.48021   1.85630    43.88299    44.14681    -0.26381
  -0.86584   2.87991   1.85630    53.18833    54.95301    -1.76467
  -5.39055   2.67727  -1.92140    38.47010    38.81601    -0.34591
  -5.20131   3.08644  -2.23902    38.34334    38.68950    -0.34616
  -5.12242   2.67715  -2.23902    38.78887    39.23986    -0.45099
  -4.96750   2.29018  -2.23902    39.43897    40.06163    -0.62266
  -4.90089   3.49954  -2.51849    37.97060    38.05388    -0.08328
  -4.90089   3.09015  -2.51849    38.42429    38.61547    -0.19118
  -4.81288   2.69033  -2.51849    39.06435    39.38961    -0.32526
  -4.64098   2.31877  -2.51849    39.94537    40.38858    -0.44320
  -4.39323   1.99285  -2.51849    41.17404    41.61389    -0.43986
  -4.44843   3.91586  -2.75462    37.37698    36.98619     0.39079
  -4.56296   3.50710  -2.75462    37.78235    37.55795     0.22440
  -4.56296   3.08260  -2.75462    38.44060    38.36191     0.07870
  -4.44843   2.67384  -2.75462    39.34798    39.36968    -0.02169
  -4.22787   2.31114  -2.75462    40.56974    40.55429     0.01545
  -3.71430   4.38621   3.11783    39.71382    39.86631    -0.15249
  -3.30580   4.38621   3.08989    39.55757    39.80499    -0.24742
  -3.51005   4.73998   3.08989    39.67115    40.04535    -0.37420
  -3.91855   4.73998   3.08989    40.30870    40.60493    -0.29623
  -4.12280   4.38621   3.08989    40.25724    40.38591    -0.12867
  -3.91855   4.03244   3.08989    39.24444    39.12132     0.12313
  -3.51005   4.03244   3.08989    39.34296    39.25089     0.09207
  -2.90491   4.38621   3.00658    39.77218    40.16965    -0.39747
  -3.01335   4.79091   3.00658    39.38375    39.90668    -0.52293
  -3.30961   5.08717   3.00658    39.44148    39.95974    -0.51826
  -3.71430   5.19560   3.00658    40.09409    40.52783    -0.43374
  -4.11900   5.08717   3.00658    41.05293    41.38680    -0.33388
  -3.30961   3.68526   3.00658    39.27331    38.85689     0.41642
  -3.01335   3.98152   3.00658    39.96545    40.04782    -0.08236
  -2.51910   4.38621   2.86946    40.32125    40.88635    -0.56510
  -2.59118   4.79500   2.86946    39.57891    40.21092    -0.63201
  -2.79872   5.15448   2.86946    39.15534    39.79523    -0.63989
  -3.11670   5.42129   2.86946    39.23566    39.82202    -0.58636
  -3.50676   5.56326   2.86946    39.80732    40.28797    -0.48065
  -3.92184   5.56326   2.86946    40.74921    41.11210    -0.36289
  -4.31190   5.42129   2.86946    41.87183    42.14703    -0.27521
  -2.79872   3.61795   2.86946    40.85401    40.83723     0.01677
  -2.59118   3.97743   2.86946    40.94123    41.33889    -0.39766
  -2.15555   4.38621   2.68109    41.14831    41.84393    -0.69563
  -2.21335   4.80676   2.68109    40.08342    40.76727    -0.68384
  -2.38247   5.19612   2.68109    39.33355    40.01589    -0.68234
  -2.65037   5.52540   2.68109    39.05745    39.71071    -0.65327
  -2.99717   5.77021   2.68109    39.25637    39.82766    -0.57129
  -3.39716   5.91236   2.68109    39.85250    40.29536    -0.44286
  -3.82067   5.94133   2.68109    40.75549    41.05532    -0.29983
  -4.23630   5.85496   2.68109    41.87936    42.06435    -0.18500
  -4.61320   5.65967   2.68109    43.11367    43.23955    -0.12588
  -2.21335   3.96567   2.68109    42.16676    42.87973    -0.71298
  -1.82104   4.38621   2.44496    42.16299    42.89171    -0.72872
  -1.86530   4.79321   2.44496    40.86844    41.51141    -0.64297
  -1.99602   5.18117   2.44496    39.88576    40.51511    -0.62935
  -2.20709   5.53197   2.44496    39.33292    39.96474    -0.63181
  -2.48863   5.82919   2.44496    39.21307    39.81785    -0.60478
  -2.82748   6.05894   2.44496    39.46219    39.98803    -0.52584
  -3.20780   6.21047   2.44496    39.99495    40.39263    -0.39769
  -3.61180   6.27670   2.44496    40.73980    40.98290    -0.24310
  -4.02060   6.25454   2.44496    41.65408    41.74982    -0.09574
  -4.41507   6.14501   2.44496    42.71332    42.70281     0.01050
  -4.77678   5.95325   2.44496    43.88299    43.82627     0.05673
  -1.56141   4.80115   2.16549    41.66726    42.14831    -0.48105
  -1.67885   5.20109   2.16549    40.50637    40.97589    -0.46953
  -1.86985   5.57157   2.16549    39.81799    40.32206    -0.50407
  -2.12751   5.89922   2.16549    39.58204    40.10931    -0.52727
  -2.44252   6.17218   2.16549    39.72072    40.22248    -0.50175
  -2.80350   6.38059   2.16549    40.13237    40.54665    -0.41428
  -3.19740   6.51692   2.16549    40.72474    40.99702    -0.27228
  -3.60998   6.57624   2.16549    41.43633    41.53726    -0.10093
  -4.02633   6.55641   2.16549    42.24582    42.18017     0.06565
  -4.43140   6.45814   2.16549    43.16073    42.96816     0.19257
  -4.81055   6.28498   2.16549    44.19361    43.93764     0.25597
  -1.29864   4.80042   1.84787    42.35124    42.54957    -0.19833
  -1.40339   5.20271   1.84787    41.11128    41.32048    -0.20919
  -1.57462   5.58151   1.84787    40.38526    40.66971    -0.28445
  -1.80741   5.92592   1.84787    40.12672    40.49029    -0.36357
  -2.09505   6.22604   1.84787    40.24407    40.64846    -0.40439
  -2.42927   6.47323   1.84787    40.62559    41.00839    -0.38279
  -2.80046   6.66039   1.84787    41.16149    41.45466    -0.29317
  -3.19794   6.78211   1.84787    41.76640    41.91256    -0.14615
  -3.61028   6.83492   1.84787    42.39329    42.36050     0.03279
  -4.02561   6.81727   1.84787    43.04025    42.82830     0.21195
  -4.43198   6.72969   1.84787    43.73616    43.37953     0.35663
  -4.81771   6.57469   1.84787    44.52368    44.08210     0.44159
  -5.17169   6.35674   1.84787    45.42792    44.97418     0.45375
  -1.18101   5.20933   1.49802    41.40621    41.29298     0.11323
  -1.34097   5.59549   1.49802    40.79690    40.80593    -0.00903
  -1.55936   5.95187   1.49802    40.66952    40.81085    -0.14133
  -1.83081   6.26970   1.49802    40.91299    41.15568    -0.24269
  -2.14864   6.54116   1.49802    41.40308    41.68837    -0.28529
  -2.50503   6.75955   1.49802    42.01553    42.27110    -0.25557
  -2.89118   6.91950   1.49802    42.64429    42.79882    -0.15453
  -3.29761   7.01708   1.49802    43.21846    43.21709     0.00138
  -3.71430   7.04987   1.49802    43.71733    43.53048     0.18685
  -4.13099   7.01708   1.49802    44.16475    43.79600     0.36875
  -4.53741   6.91950   1.49802    44.61781    44.10173     0.51607
  -4.92357   6.75955   1.49802    45.13864    44.53731     0.60133
  -5.27996   6.54116   1.49802    45.77556    45.16335     0.61221
  -1.15479   5.58606   1.12247    40.84208    40.57325     0.26884
  -1.35677   5.94594   1.12247    41.00837    40.90739     0.10098
  -1.60899   6.27258   1.12247    41.50787    41.55330    -0.04543
  -1.90608   6.55901   1.12247    42.21570    42.36044    -0.14474
  -2.24172   6.79914   1.12247    43.00636    43.18447    -0.17811
  -2.60873   6.98783   1.12247    43.76251    43.90110    -0.13859
  -2.99931   7.12108   1.12247    44.39316    44.42569    -0.03253
  -3.40513   7.19604   1.12247    44.85250    44.72986     0.12263
  -3.81754   7.21111   1.12247    45.14868    44.84598     0.30270
  -4.22775   7.16597   1.12247    45.33380    44.85574     0.47805
  -4.62701   7.06159   1.12247    45.48565    44.86627     0.61938
  -5.00682   6.90019   1.12247    45.68395    44.98149     0.70245
  -5.35909   6.68521   1.12247    45.98954    45.27600     0.71354
  -5.67630   6.42122   1.12247    46.42629    45.77470     0.65159
  -1.22337   5.94272   0.72820    40.95880    40.67551     0.28329
  -1.46423   6.27424   0.72820    41.91512    41.78842     0.12670
  -1.74889   6.56902   0.72820    43.00009    42.99822     0.00187
  -4.42489   7.23622   0.72820    46.42002    45.84985     0.57016
  -4.81461   7.10959   0.72820    46.24118    45.55373     0.68744
  -5.18293   6.92995   0.72820    46.11756    45.37170     0.74585
  -5.52265   6.70080   0.72820    46.11065    45.37676     0.73389
  -5.82718   6.42660   0.72820    46.24118    45.58964     0.65154
  -4.83550   7.16128   0.32256    46.86053    46.21092     0.64961
  -5.21080   6.97823   0.32256    46.36166    45.65638     0.70527
  -5.55698   6.74474   0.32256    45.98327    45.29012     0.69315
  -5.86729   6.46533   0.32256    45.75799    45.14710     0.61089
  -6.13569   6.14546   0.32256    45.67014    45.20046     0.46968
  -5.21080   6.97823  -0.08690    46.47775    45.87671     0.60104
  -5.55698   6.74474  -0.08690    45.73603    45.14854     0.58749
  -5.86729   6.46533  -0.08690    45.15809    44.64917     0.50893
  -6.13569   6.14546  -0.08690    44.73892    44.36455     0.37436
  -6.35697   5.79134  -0.08690    44.42830    44.22448     0.20382
  -5.52265   6.70080  -0.49254    45.37145    44.93980     0.43165
  -5.82718   6.42660  -0.49254    44.48540    44.12587     0.35953
  -6.09059   6.11269  -0.49254    43.77255    43.53430     0.23825
  -6.30774   5.76517  -0.49254    43.19838    43.11346     0.08492
  -6.47441   5.39081  -0.49254    42.70014    42.77303    -0.07290
  -6.58737   4.99690  -0.49254    42.19688    42.39953    -0.20266
  -6.64440   4.59111  -0.49254    41.60262    41.87428    -0.27165
  -6.64440   4.18132  -0.49254    40.84083    41.09091    -0.25008
  -6.58737   3.77552  -0.49254    39.85627    39.96819    -0.11192
  -6.47441   3.38161  -0.49254    38.62007    38.45416     0.16591
  -5.35909   6.68521  -0.88681    45.25473    44.99428     0.26045
  -5.67630   6.42122  -0.88681    44.03673    43.83222     0.20451
  -5.95169   6.11387  -0.88681    43.01201    42.90863     0.10338
  -6.17939   5.76969  -0.88681    42.16927    42.19818    -0.02892
  -6.35456   5.39603  -0.88681    41.46395    41.63334    -0.16940
  -6.47345   5.00084  -0.88681    40.83769    41.12277    -0.28508
  -6.53354   4.59255  -0.88681    40.22901    40.57135    -0.34235
  -6.53354   4.17987  -0.88681    39.58832    39.89987    -0.31155
  -6.47345   3.77159  -0.88681    38.89241    39.06150    -0.16909
  -6.35456   3.37640  -0.88681    38.15195    38.05381     0.09814
  -6.17939   3.00274  -0.88681    37.42592    36.93031     0.49561
  -5.27996   6.54116  -1.26237    44.59898    44.52057     0.07841
  -5.59779   6.26970  -1.26237    43.16701    43.15161     0.01539
  -5.86924   5.95187  -1.26237    41.94838    42.02912    -0.08074
  -6.08763   5.59549  -1.26237    40.94060    41.14005    -0.19945
  -6.24759   5.20933  -1.26237    40.11417    40.42844    -0.31427
  -6.34516   4.80290  -1.26237    39.42579    39.81968    -0.39389
  -6.37796   4.38621  -1.26237    38.83907    39.24518    -0.40610
  -6.34516   3.96953  -1.26237    38.33644    38.66513    -0.32869
  -6.24759   3.56310  -1.26237    37.93295    38.08796    -0.15501
  -6.08763   3.17694  -1.26237    37.68320    37.58751     0.09569
  -5.86924   2.82056  -1.26237    37.68697    37.32432     0.36265
  -5.17169   6.35674  -1.61221    43.75875    43.83407    -0.07532
  -5.48375   6.08209  -1.61221    42.22072    42.36455    -0.14382
  -5.74490   5.75866  -1.61221    40.90107    41.13474    -0.23367
  -5.94764   5.39575  -1.61221    39.81862    40.15141    -0.33279
  -6.08613   5.00379  -1.61221    38.96206    39.37883    -0.41677
  -6.15638   4.59406  -1.61221    38.31008    38.76848    -0.45839
  -6.15638   4.17836  -1.61221    37.85388    38.28746    -0.43358
  -6.08613   3.76864  -1.61221    37.60413    37.94331    -0.33917
  -5.94764   3.37668  -1.61221    37.60413    37.80391    -0.19978
  -5.74490   3.01377  -1.61221    37.92228    38.01318    -0.09090
  -5.15009   6.04320  -1.92983    42.19186    42.39034    -0.19849
  -5.43773   5.74153  -1.92983    40.69901    40.97610    -0.27709
  -5.66308   5.39088  -1.92983    39.45278    39.81326    -0.36049
  -5.81800   5.00391  -1.92983    38.48516    38.91628    -0.43112
  -5.89688   4.59463  -1.92983    37.80368    38.26928    -0.46560
  -5.89688   4.17780  -1.92983    37.41588    37.86344    -0.44756
  -5.81800   3.76851  -1.92983    37.34560    37.72801    -0.38241
  -5.66308   3.38155  -1.92983    37.63551    37.95058    -0.31507
  -4.77678   5.95325  -2.20931    42.10714    42.27649    -0.16934
  -5.08880   5.68821  -2.20931    40.60739    40.85766    -0.25026
  -5.33656   5.36229  -2.20931    39.28774    39.61350    -0.32575
  -5.50846   4.99074  -2.20931    38.25423    38.63921    -0.38497
  -5.59647   4.59091  -2.20931    37.55958    37.97092    -0.41134
  -5.59647   4.18152  -2.20931    37.23641    37.63120    -0.39478
  -5.50846   3.78169  -2.20931    37.31611    37.66510    -0.34899
  -5.33656   3.41013  -2.20931    37.83129    38.15433    -0.32304
  -4.61320   5.65967  -2.44543    40.80694    40.91091    -0.10396
  -4.92344   5.36992  -2.44543    39.44838    39.64078    -0.19240
  -5.14400   5.00722  -2.44543    38.29502    38.55014    -0.25512
  -5.25853   4.59846  -2.44543    37.52758    37.80469    -0.27711
  -5.25853   4.17396  -2.44543    37.24018    37.49173    -0.25155
  -5.14400   3.76520  -2.44543    37.48051    37.67539    -0.19487
  -4.31190   5.42129  -2.63381    39.83556    39.75230     0.08326
  -4.62988   5.15448  -2.63381    38.81146    38.82251    -0.01104
  -4.83742   4.79500  -2.63381    37.88149    37.93970    -0.05821
  -4.90950   4.38621  -2.63381    37.36317    37.40593    -0.04276
  -4.83742   3.97743  -2.63381    37.39204    37.35450     0.03753
  -3.71430   5.19560  -2.77092    38.23792    37.81580     0.42212
  -4.11900   5.08717  -2.77092    38.41488    38.11084     0.30403
  -4.41525   4.79091  -2.77092    37.79803    37.56804     0.23000
  -4.52369   4.38621  -2.77092    37.29854    37.03896     0.25957
  -4.41525   3.98152  -2.77092    37.28912    36.86792     0.42121
  -3.91855   4.73998  -2.85423    37.02745    36.45789     0.56956
  -4.12280   4.38621  -2.85423    36.86242    36.27150     0.59092
  -0.40681   3.40333   1.56208    52.82124    53.40902    -0.58778
  -0.46461   3.82387   1.56208    49.62157    49.92699    -0.30542
  -0.63374   4.21323   1.56208    46.57564    46.68150    -0.10586
  -0.90163   4.54252   1.56208    44.12208    44.07934     0.04274
  -0.46461   2.98278   1.56208    55.44548    56.47344    -1.02796
  -0.07230   3.40333   1.32595    55.02505    55.40656    -0.38151
  -0.11656   3.81032   1.32595    51.42440    51.61255    -0.18815
  -0.24728   4.19829   1.32595    47.98314    48.02616    -0.04302
  -0.45835   4.54908   1.32595    45.10036    45.01331     0.08705
  -0.73989   4.84630   1.32595    42.97373    42.75970     0.21403
   0.18732   3.81826   1.04648    53.27116    53.45587    -0.18471
   0.06989   4.21820   1.04648    49.23126    49.30470    -0.07344
  -0.12111   4.58868   1.04648    45.80945    45.78123     0.02822
  -0.37877   4.91633   1.04648    43.21595    43.07490     0.14105
  -0.69378   5.18929   1.04648    41.54929    41.27496     0.27432
   0.45009   3.81753   0.72886    55.34069    55.64538    -0.30469
   0.34534   4.21982   0.72886    50.73728    50.93448    -0.19720
   0.17412   4.59862   0.72886    46.79276    46.90493    -0.11218
  -0.05867   4.94304   0.72886    43.69098    43.71906    -0.02809
  -0.34631   5.24316   0.72886    41.54238    41.46238     0.08000
  -0.68053   5.49035   0.72886    40.42102    40.19598     0.22504
  -1.05173   5.67750   0.72886    40.37773    39.99059     0.38714
   0.56772   4.22644   0.37901    52.17741    52.55678    -0.37937
   0.40777   4.61260   0.37901    47.71708    48.00605    -0.28897
   0.18938   4.96898   0.37901    44.13149    44.35808    -0.22659
  -0.08207   5.28681   0.37901    41.51791    41.67360    -0.15569
  -0.39991   5.55827   0.37901    39.95980    40.00360    -0.04380
  -0.75629   5.77666   0.37901    39.55192    39.43055     0.12137
  -1.14245   5.93661   0.37901    40.43295    40.11355     0.31940
   0.74136   4.21772   0.00346    53.66587    54.24953    -0.58366
   0.59394   4.60317   0.00346    48.79075    49.26318    -0.47243
   0.39197   4.96305   0.00346    44.78724    45.21007    -0.42283
   0.13975   5.28969   0.00346    41.72938    42.12043    -0.39105
  -0.15735   5.57612   0.00346    39.68684    40.01970    -0.33287
  -0.49298   5.81625   0.00346    38.74557    38.96338    -0.21781
  -0.86000   6.00494   0.00346    39.03988    39.07487    -0.03499
  -1.25058   6.13819   0.00346    40.80130    40.60540     0.19590
   0.71775   4.59801  -0.39081    49.60714    50.22758    -0.62044
   0.52537   4.95983  -0.39081    45.26540    45.84699    -0.58159
   0.28450   5.29135  -0.39081    41.85614    42.44156    -0.58543
  -0.00016   5.58613  -0.39081    39.43521    40.01430    -0.57909
  -0.32307   5.83842  -0.39081    38.07288    38.59458    -0.52170
  -0.67796   6.04331  -0.39081    37.87961    38.26730    -0.38769
  -1.05790   6.19682  -0.39081    39.04176    39.21522    -0.17346
   0.76868   4.62069  -0.79645    49.72636    50.42513    -0.69877
   0.57265   4.98938  -0.79645    45.10476    45.79082    -0.68607
   0.32721   5.32719  -0.79645    41.45579    42.18706    -0.73127
   0.03715   5.62756  -0.79645    38.82966    39.60129    -0.77163
  -0.29190   5.88464  -0.79645    37.28912    38.04830    -0.75918
  -0.65352   6.09342  -0.79645    36.93584    37.59573    -0.65989
  -1.04067   6.24984  -0.79645    37.93609    38.39835    -0.46226
   0.76868   4.62069  -1.20591    49.72825    50.43111    -0.70287
   0.57265   4.98938  -1.20591    44.94223    45.67164    -0.72941
   0.32721   5.32719  -1.20591    41.13137    41.95149    -0.82013
   0.03715   5.62756  -1.20591    38.33644    39.24691    -0.91047
  -0.29190   5.88464  -1.20591    36.61079    37.55684    -0.94606
  -0.65352   6.09342  -1.20591    36.03160    36.92248    -0.89089
  -1.04067   6.24984  -1.20591    36.72186    37.44883    -0.72698
  -1.44583   6.35086  -1.20591    38.87359    39.33345    -0.45986
   0.71775   4.59801  -1.61155    49.59961    50.23095    -0.63134
   0.52537   4.95983  -1.61155    44.76904    45.47890    -0.70987
   0.28450   5.29135  -1.61155    40.88413    41.73151    -0.84738
  -0.00016   5.58613  -1.61155    37.97562    38.95864    -0.98302
  -0.32307   5.83842  -1.61155    36.08054    37.14550    -1.06495
  -0.67796   6.04331  -1.61155    35.24972    36.30553    -1.05581
  -1.05790   6.19682  -1.61155    35.55406    36.49020    -0.93613
  -1.45551   6.29595  -1.61155    37.08895    37.79471    -0.70576
   0.39197   4.96305  -2.00582    43.78510    44.45396    -0.66886
   0.13975   5.28969  -2.00582    39.94223    40.79984    -0.85761
  -0.15735   5.57612  -2.00582    37.09711    38.12493    -1.02782
  -0.49298   5.81625  -2.00582    35.27670    36.40547    -1.12877
  -0.86000   6.00494  -2.00582    34.51051    35.63667    -1.12615
  -1.25058   6.13819  -2.00582    34.82929    35.83236    -1.00307
  -1.65640   6.21315  -2.00582    36.24558    37.01165    -0.76608
  -2.06880   6.22822  -2.00582    38.71483    39.15802    -0.44320
   0.18938   4.96898  -2.38138    42.36003    42.99481    -0.63478
  -0.08207   5.28681  -2.38138    38.67655    39.53903    -0.86249
  -0.39991   5.55827  -2.38138    36.02846    37.07377    -1.04532
  -0.75629   5.77666  -2.38138    34.42643    35.56389    -1.13746
  -1.14245   5.93661  -2.38138    33.86983    34.97875    -1.10893
  -1.54888   6.03419  -2.38138    34.32540    35.27866    -0.95326
  -1.96556   6.06698  -2.38138    35.69274    36.38060    -0.68786
  -2.38225   6.03419  -2.38138    37.74093    38.09527    -0.35434
  -0.05867   4.94304  -2.73122    40.94876    41.55443    -0.60567
  -0.34631   5.24316  -2.73122    37.53197    38.37399    -0.84202
  -0.68053   5.49035  -2.73122    35.14618    36.15862    -1.01244
  -1.05173   5.67750  -2.73122    33.78197    34.85665    -1.07467
  -1.44921   5.79922  -2.73122    33.38978    34.39885    -1.00907
  -1.86154   5.85203  -2.73122    33.85539    34.67541    -0.82002
  -2.27687   5.83438  -2.73122    34.96044    35.49866    -0.53822
  -2.68325   5.74680  -2.73122    36.35602    36.56830    -0.21228
  -3.06897   5.59180  -2.73122    37.58719    37.48841     0.09878
  -3.42296   5.37385  -2.73122    38.24796    37.90082     0.34714
  -3.99617   2.03088  -2.73122    41.95278    41.75041     0.20237
  -0.12111   4.58868  -3.04884    43.26176    43.61835    -0.35659
  -0.37877   4.91633  -3.04884    39.21181    39.81888    -0.60707
  -0.69378   5.18929  -3.04884    36.20040    37.01636    -0.81597
  -1.05476   5.39770  -3.04884    34.22751    35.16075    -0.93325
  -1.44866   5.53403  -3.04884    33.24106    34.16695    -0.92589
  -1.86124   5.59335  -3.04884    33.11242    33.90161    -0.78919
  -2.27759   5.57352  -3.04884    33.61568    34.16269    -0.54700
  -2.68266   5.47525  -3.04884    34.42894    34.67529    -0.24635
  -3.06182   5.30209  -3.04884    35.19889    35.14318     0.05571
  -3.40135   5.06031  -3.04884    35.68333    35.37217     0.31116
  -3.68899   4.75864  -3.04884    35.87911    35.38853     0.49058
  -3.91434   4.40799  -3.04884    35.99834    35.41513     0.58321
  -4.06926   4.02102  -3.04884    36.29201    35.69397     0.59804
  -4.14814   3.61174  -3.04884    36.87999    36.32637     0.55362
  -4.14814   3.19491  -3.04884    37.74721    37.26401     0.48320
  -4.06926   2.78562  -3.04884    38.84974    38.40453     0.44521
  -3.91434   2.39866  -3.04884    40.18194    39.67400     0.50794
  -0.45835   4.54908  -3.32832    41.22612    41.61076    -0.38464
  -0.73989   4.84630  -3.32832    37.70014    38.28836    -0.58822
  -1.07874   5.07605  -3.32832    35.18634    35.91965    -0.73331
  -1.45906   5.22758  -3.32832    33.66651    34.43675    -0.77024
  -1.86306   5.29381  -3.32832    33.02520    33.70656    -0.68136
  -2.27186   5.27165  -3.32832    33.04842    33.53139    -0.48297
  -2.66633   5.16212  -3.32832    33.45128    33.66966    -0.21838
  -3.02804   4.97036  -3.32832    33.95893    33.90169     0.05724
  -3.34006   4.70532  -3.32832    34.41827    34.12398     0.29429
  -3.58782   4.37940  -3.32832    34.85439    34.39051     0.46388
  -3.75972   4.00785  -3.32832    35.39656    34.83902     0.55754
  -3.84773   3.60802  -3.32832    36.15961    35.56736     0.59225
  -3.84773   3.19863  -3.32832    37.18245    36.58085     0.60160
  -3.75972   2.79880  -3.32832    38.46570    37.83306     0.63265
  -3.58782   2.42725  -3.32832    40.00499    39.28739     0.71760
  -0.90163   4.54252  -3.56444    38.61380    39.04359    -0.42979
  -1.24844   4.78732  -3.56444    35.76804    36.31812    -0.55008
  -1.64843   4.92947  -3.56444    34.03486    34.60168    -0.56682
  -2.07194   4.95844  -3.56444    33.27683    33.72890    -0.45207
  -2.48756   4.87207  -3.56444    33.21596    33.45060    -0.23464
  -2.86447   4.67678  -3.56444    33.54666    33.52218     0.02448
  -3.17470   4.38703  -3.56444    34.07502    33.81359     0.26143
  -3.39527   4.02433  -3.56444    34.77971    34.34424     0.43548
  -3.50980   3.61557  -3.56444    35.73604    35.19353     0.54251
  -3.50980   3.19107  -3.56444    37.00675    36.39781     0.60893
  -3.39527   2.78232  -3.56444    38.61254    37.94641     0.66613
  -1.04998   4.17159  -3.75282    40.07527    40.38204    -0.30678
  -1.36796   4.43840  -3.75282    36.93395    37.30557    -0.37162
  -1.75802   4.58037  -3.75282    34.92969    35.29885    -0.36917
  -2.17311   4.58037  -3.75282    34.00788    34.25698    -0.24911
  -2.56316   4.43840  -3.75282    33.89995    33.94214    -0.04220
  -2.88114   4.17159  -3.75282    34.33418    34.15126     0.18292
  -3.08869   3.81211  -3.75282    35.18069    34.81491     0.36578
  -3.16077   3.40333  -3.75282    36.43634    35.95024     0.48610
  -3.08869   2.99454  -3.75282    38.11932    37.57211     0.54721
  -1.56087   4.10428  -3.88993    37.80494    38.04232    -0.23739
  -1.96556   4.21271  -3.88993    35.77934    35.94918    -0.16985
  -2.37026   4.10428  -3.88993    35.16500    35.16543    -0.00042
  -2.66652   3.80802  -3.88993    35.65885    35.45780     0.20106
  -2.77495   3.40333  -3.88993    37.01302    36.67226     0.34076
  -2.66652   2.99863  -3.88993    39.09008    38.73690     0.35318
  -1.76131   3.75710  -3.97324    38.74244    38.87594    -0.13350
  -2.16981   3.75710  -3.97324    37.12660    37.10967     0.01693
  -2.37406   3.40333  -3.97324    38.09736    37.93979     0.15757
  -0.57712   2.72266   1.59692    56.29450    57.77606    -1.48155
   0.05375   3.12787   1.27143    58.42490    58.96892    -0.54402
   0.56638   3.50333   0.75583    59.76212    60.21113    -0.44901
   0.86160   3.51326   0.43821    62.85198    63.58315    -0.73117
   0.62882   3.85768   0.43821    56.56245    57.03036    -0.46791
   1.09526   3.52724   0.08837    65.46054    66.49692    -1.03638
   0.87687   3.88363   0.08837    58.73050    59.46512    -0.73463
   1.07946   3.87769  -0.28719    60.94498    61.90202    -0.95704
   1.21285   3.87447  -0.68146    62.39829    63.44219    -1.04390
   0.97199   4.20600  -0.68146    56.03534    56.86930    -0.83395
   1.01470   4.24183  -1.08710    56.07362    56.88801    -0.81439
  -3.64990   1.70039  -3.02187    42.69512    41.99374     0.70138
  -3.46066   2.10956  -3.33949    41.32087    40.57837     0.74251
  -3.38177   1.70027  -3.33949    42.54640    41.86668     0.67972
  -3.22686   1.31330  -3.33949    43.69098    43.10152     0.58945
  -3.16024   2.52266  -3.61896    40.06774    39.40830     0.65944
  -3.16024   2.11327  -3.61896    41.49783    40.91967     0.57816
  -3.07223   1.71344  -3.61896    42.79740    42.34953     0.44787
  -2.90033   1.34189  -3.61896    44.07438    43.83397     0.24041
  -2.82231   2.53022  -3.85509    40.68395    40.29235     0.39160
  -2.82231   2.10572  -3.85509    42.14919    41.86191     0.28728
  -2.70778   1.69696  -3.85509    43.60752    43.52283     0.08469
  -2.48722   1.33426  -3.85509    45.16625    45.39702    -0.23076
  -2.17698   1.04451  -3.85509    46.99419    47.64641    -0.65223
  -1.80007   0.84922  -3.85509    49.19549    50.30279    -1.10730
  -0.96094   0.79182  -3.85509    54.44712    56.03053    -1.58342
  -0.56095   0.93397  -3.85509    57.03497    58.53679    -1.50182
  -1.07053   3.49501  -4.04346    44.14969    44.54261    -0.39292
  -1.48562   3.49501  -4.04346    41.68232    41.95358    -0.27126
  -1.87568   3.35304  -4.04346    40.42165    40.53737    -0.11572
  -2.19366   3.08623  -4.04346    40.35953    40.33482     0.02471
  -2.40120   2.72675  -4.04346    41.16651    41.08399     0.08252
  -2.47328   2.31797  -4.04346    42.43909    42.41871     0.02038
  -2.40120   1.90918  -4.04346    43.93508    44.10393    -0.16885
  -2.19366   1.54970  -4.04346    45.63500    46.11296    -0.47796
  -1.87568   1.28289  -4.04346    47.63362    48.49657    -0.86295
  -1.48562   1.14092  -4.04346    49.95791    51.17275    -1.21484
  -1.07053   1.14092  -4.04346    52.44285    53.85372    -1.41087
  -0.68047   1.28289  -4.04346    54.73138    56.14534    -1.41396
  -1.27808   3.12736  -4.18058    44.66424    45.16064    -0.49640
  -1.68277   3.01892  -4.18058    42.97499    43.32164    -0.34665
  -1.97903   2.72266  -4.18058    42.82815    43.08890    -0.26075
  -2.08747   2.31797  -4.18058    43.82840    44.15106    -0.32266
  -1.97903   1.91327  -4.18058    45.50009    46.05732    -0.55724
  -1.68277   1.61702  -4.18058    47.63927    48.53994    -0.90068
  -1.27808   1.50858  -4.18058    50.06773    51.26098    -1.19325
  -0.87338   1.61702  -4.18058    52.27531    53.56485    -1.28954
  -1.48233   2.67174  -4.26389    45.37207    45.98526    -0.61319
  -1.68658   2.31797  -4.26389    45.57225    46.20816    -0.63591
  -1.48233   1.96420  -4.26389    47.65872    48.56987    -0.91115
  -1.07383   1.96420  -4.26389    49.95164    51.05917    -1.10754
  -1.27808   2.31797  -4.29183    47.67503    48.55137    -0.87634
  -3.65074   1.28669  -2.92720    43.55292    42.83814     0.71478
  -3.65074   0.86986  -2.92720    43.90809    43.10743     0.80066
  -3.57186   0.46057  -2.92720    44.69060    43.65769     1.03290
  -3.35033   1.28297  -3.20667    43.70102    43.00757     0.69345
  -3.35033   0.87358  -3.20667    44.14404    43.49288     0.65115
  -3.26232   0.47375  -3.20667    45.10789    44.40899     0.69890
  -3.01239   0.86602  -3.44280    44.74833    44.43216     0.31617
  -2.89787   0.45727  -3.44280    46.00523    45.77756     0.22767
  -0.75103  -0.30572  -3.44280    62.44284    63.85729    -1.41444
  -0.40423  -0.06092  -3.44280    63.67778    64.84591    -1.16813
  -0.13633   0.26837  -3.44280    64.40067    65.43200    -1.03133
  -2.59129   0.66949  -3.63117    46.31334    46.52193    -0.20859
  -2.38374   0.31001  -3.63117    48.24105    48.68122    -0.44017
  -1.26062  -0.09877  -3.63117    56.40746    57.87852    -1.47107
  -0.87056   0.04320  -3.63117    58.31571    59.81546    -1.49974
  -0.55258   0.31001  -3.63117    59.60775    61.04210    -1.43435
  -0.34504   0.66949  -3.63117    60.34759    61.79832    -1.45073
  -2.16911   0.67358  -3.76829    47.87207    48.59653    -0.72446
  -1.87286   0.37732  -3.76829    50.16311    51.20505    -1.04194
  -1.46816   0.26888  -3.76829    52.81936    54.18674    -1.36738
  -1.06347   0.37732  -3.76829    55.01815    56.55432    -1.53617
  -0.76721   0.67358  -3.76829    56.38487    57.99559    -1.61073
  -1.67241   0.72450  -3.85160    50.12420    51.35187    -1.22767
  -1.26391   0.72450  -3.85160    52.56835    54.07894    -1.51059
  -1.41389   1.39185   2.66817    53.19147    54.90701    -1.71554
  -1.20519   1.79297   2.47979    53.48703    55.73108    -2.24405
  -1.02980   2.12882   2.24367    54.02920    56.53165    -2.50246
  -4.90884   0.36549  -1.81351    40.88475    40.13082     0.75393
  -4.71960   0.77465  -2.13113    41.16023    40.85160     0.30863
  -4.64071   0.36536  -2.13113    41.32527    40.53421     0.79106
  -4.41918   1.18776  -2.41060    41.85112    41.90887    -0.05775
  -4.41918   0.77837  -2.41060    41.94462    41.53118     0.41344
  -4.33117   0.37854  -2.41060    42.23704    41.28981     0.94723
  -4.15927   0.00698  -2.41060    42.78046    41.11004     1.67042
  -3.96672   1.60407  -2.64672    42.98503    42.77737     0.20765
  -4.08125   1.19531  -2.64672    42.75912    42.45170     0.30742
  -4.08125   0.77081  -2.64672    42.94487    42.28678     0.65808
  -3.96672   0.36205  -2.64672    43.61630    42.45579     1.16052
   6.48280  -2.13409   0.09999    70.63498    70.13941     0.49557
   6.87867  -1.99340   0.09999    68.20087    67.82559     0.37528
   7.22190  -1.75112   0.09999    66.40368    66.23247     0.17121
   6.06203  -2.45906  -0.19582    72.82562    72.58427     0.24134
   6.48818  -2.43424  -0.19582    69.86942    69.72720     0.14222
   6.89712  -2.31181  -0.19582    67.66498    67.64965     0.01533
   7.26681  -2.09837  -0.19582    66.08428    66.23088    -0.14660
   7.57730  -1.80543  -0.19582    65.06144    65.41992    -0.35848
   7.81188  -1.44879  -0.19582    64.60963    65.25139    -0.64175
   5.64796  -2.63578  -0.53851    74.75583    74.58271     0.17312
   6.06365  -2.69946  -0.53851    71.43192    71.37726     0.05465
   6.48366  -2.67816  -0.53851    68.88360    68.94392    -0.06032
   6.89079  -2.57275  -0.53851    66.96405    67.14407    -0.18002
   7.26836  -2.38754  -0.53851    65.57851    65.88948    -0.31097
   7.60092  -2.13012  -0.53851    64.68180    65.14245    -0.46065
   7.87485  -1.81102  -0.53851    64.28898    64.92412    -0.63514
   8.07894  -1.44332  -0.53851    64.50358    65.33798    -0.83440
   5.43130  -2.75489  -0.91767    74.35862    74.26150     0.09713
   5.84797  -2.85597  -0.91767    71.13448    71.15666    -0.02218
   6.27624  -2.87637  -0.91767    68.62256    68.75971    -0.13715
   6.70062  -2.81535  -0.91767    66.70175    66.94786    -0.24611
   7.10580  -2.67512  -0.91767    65.28232    65.63680    -0.35448
   7.47711  -2.46075  -0.91767    64.31157    64.78040    -0.46883
   7.80114  -2.17997  -0.91767    63.78195    64.37425    -0.59230
   8.06618  -1.84295  -0.91767    63.73990    64.46556    -0.72566
   8.26264  -1.46186  -0.91767    64.31408    65.17568    -0.86161
   8.38343  -1.05048  -0.91767    65.76927    66.74650    -0.97723
   8.53247  -0.62367  -1.32176    68.27115    69.16820    -0.89705
   5.24000  -2.79700  -1.32176    73.08917    73.10149    -0.01232
   5.64299  -2.92795  -1.32176    70.24718    70.33972    -0.09254
   6.06289  -2.98482  -1.32176    67.96367    68.14966    -0.18599
   6.48619  -2.96581  -1.32176    66.17088    66.44802    -0.27714
   6.89930  -2.87152  -1.32176    64.80730    65.17145    -0.36415
   7.28893  -2.70499  -1.32176    63.82964    64.27967    -0.45003
   7.64257  -2.47155  -1.32176    63.22033    63.75870    -0.53837
   7.94884  -2.17873  -1.32176    62.99505    63.62570    -0.63065
   8.19790  -1.83592  -1.32176    63.21217    63.93818    -0.72601
   8.38175  -1.45415  -1.32176    63.99467    64.81027    -0.81560
   8.49448  -1.04569  -1.32176    65.55780    66.44185    -0.88405
   8.56893  -0.62367  -1.73851    67.51186    68.27911    -0.76725
   5.34808  -2.87893  -1.73851    69.35047    69.51511    -0.16464
   5.75217  -2.98720  -1.73851    67.30730    67.52481    -0.21751
   6.16893  -3.02366  -1.73851    65.64000    65.92208    -0.28207
   6.58568  -2.98720  -1.73851    64.32537    64.67123    -0.34586
   6.98978  -2.87893  -1.73851    63.33704    63.74419    -0.40715
   7.36893  -2.70213  -1.73851    62.65933    63.12627    -0.46694
   7.71162  -2.46217  -1.73851    62.29350    62.82094    -0.52744
   8.00743  -2.16635  -1.73851    62.26589    62.85510    -0.58921
   8.24739  -1.82366  -1.73851    62.63549    63.28645    -0.65096
   8.42419  -1.44451  -1.73851    63.50773    64.21484    -0.70711
   8.53247  -1.04042  -1.73851    65.04889    65.79899    -0.75010
   8.53247  -0.62367  -2.15527    66.62708    67.20830    -0.58122
   5.24000  -2.79700  -2.15527    66.89440    67.17356    -0.27916
   5.64299  -2.92795  -2.15527    65.34382    65.63214    -0.28832
   6.06289  -2.98482  -2.15527    64.03421    64.35238    -0.31817
   6.48619  -2.96581  -2.15527    62.98438    63.33744    -0.35306
   6.89930  -2.87152  -2.15527    62.19749    62.58482    -0.38733
   7.28893  -2.70499  -2.15527    61.67665    62.09640    -0.41975
   7.64257  -2.47155  -2.15527    61.43381    61.88577    -0.45196
   7.94884  -2.17873  -2.15527    61.50032    61.98458    -0.48425
   8.19790  -1.83592  -2.15527    61.93582    62.44996    -0.51415
   8.38175  -1.45415  -2.15527    62.83253    63.37359    -0.54107
   8.49448  -1.04569  -2.15527    64.33102    64.89370    -0.56268
   5.43130  -2.75489  -2.55936    63.33704    63.70252    -0.36547
   5.84797  -2.85597  -2.55936    62.42841    62.77348    -0.34507
   6.27624  -2.87637  -2.55936    61.65406    61.99445    -0.34039
   6.70062  -2.81535  -2.55936    61.06044    61.40110    -0.34066
   7.10580  -2.67512  -2.55936    60.67766    61.01909    -0.34143
   7.47711  -2.46075  -2.55936    60.53459    60.87624    -0.34166
   7.80114  -2.17997  -2.55936    60.67264    61.01209    -0.33945
   8.06618  -1.84295  -2.55936    61.15206    61.48655    -0.33449
   8.26264  -1.46186  -2.55936    62.06320    62.38975    -0.32655
   8.38343  -1.05048  -2.55936    63.53596    63.85319    -0.31723
   6.06365  -2.69946  -2.93851    60.01187    60.34238    -0.33051
   6.48366  -2.67816  -2.93851    59.71694    60.00270    -0.28576
   6.89079  -2.57275  -2.93851    59.54312    59.79057    -0.24745
   7.26836  -2.38754  -2.93851    59.54751    59.75704    -0.20952
   7.60092  -2.13012  -2.93851    59.78660    59.95537    -0.16878
   7.87485  -1.81102  -2.93851    60.32939    60.45244    -0.12305
   8.07894  -1.44332  -2.93851    61.26815    61.33989    -0.07174
   8.20484  -1.04206  -2.93851    62.72648    62.74693    -0.02046
   6.48818  -2.43424  -3.28121    58.17076    58.34915    -0.17839
   6.89712  -2.31181  -3.28121    58.34709    58.43756    -0.09048
   7.26681  -2.09837  -3.28121    58.68469    58.68697    -0.00229
   7.57730  -1.80543  -3.28121    59.28208    59.18977     0.09230
   7.81188  -1.44879  -3.28121    60.25283    60.05669     0.19615
   6.92206   3.11238  -2.03218    76.41622    76.47483    -0.05860
   6.50895   3.20667  -2.03218    76.65091    76.62119     0.02972
   8.59169   0.86452  -2.44893    70.94497    71.22732    -0.28236
   8.55523   1.28128  -2.44893    71.64715    71.82197    -0.17482
   8.44695   1.68537  -2.44893    72.24203    72.33508    -0.09304
   8.27015   2.06452  -2.44893    72.59908    72.65378    -0.05470
   8.03019   2.40721  -2.44893    72.70011    72.75696    -0.05684
   7.73438   2.70303  -2.44893    72.62795    72.70354    -0.07559
   7.39169   2.94298  -2.44893    72.52755    72.60265    -0.07510
   7.01254   3.11978  -2.44893    72.56018    72.57915    -0.01897
   6.60844   3.22806  -2.44893    72.87393    72.74739     0.12655
   6.19169   3.26452  -2.44893    73.59306    73.19792     0.39514
   8.55523   0.86452  -2.86569    67.56395    67.83391    -0.26996
   8.51724   1.28655  -2.86569    68.04399    68.30021    -0.25622
   8.40451   1.69501  -2.86569    68.49894    68.72965    -0.23072
   8.22066   2.07678  -2.86569    68.84281    69.04857    -0.20576
   7.97160   2.41958  -2.86569    69.05742    69.23980    -0.18238
   7.66533   2.71241  -2.86569    69.18794    69.33534    -0.14739
   7.31169   2.94584  -2.86569    69.31721    69.39906    -0.08185
   6.92206   3.11238  -2.86569    69.54562    69.50605     0.03958
   6.50895   3.20667  -2.86569    69.96480    69.72531     0.23949
   6.08565   3.22568  -2.86569    70.64502    70.10763     0.53739
   5.66575   3.16880  -2.86569    71.62080    70.67713     0.94367
   8.51724   0.44250  -2.86569    67.20689    67.45636    -0.24947
   8.44695   0.86452  -3.26978    64.99994    65.18641    -0.18647
   8.40619   1.29133  -3.26978    65.39276    65.62584    -0.23307
   8.28540   1.70272  -3.26978    65.78810    66.03172    -0.24363
   8.08894   2.08381  -3.26978    66.12507    66.35576    -0.23069
   7.82390   2.42083  -3.26978    66.39176    66.58740    -0.19564
   7.49987   2.70160  -3.26978    66.61641    66.74852    -0.13211
   7.12856   2.91598  -3.26978    66.85486    66.88107    -0.02621
   6.72339   3.05621  -3.26978    67.16987    67.03171     0.13816
   6.29900   3.11723  -3.26978    67.61038    67.23768     0.37271
   5.87073   3.09683  -3.26978    68.19836    67.51497     0.68339
   5.45406   2.99575  -3.26978    68.90682    67.84699     1.05983
   8.40619   0.43771  -3.26978    64.70690    64.79460    -0.08771
   8.27015   0.86452  -3.64893    62.95740    63.03731    -0.07991
   8.22760   1.28291  -3.64893    63.32700    63.49031    -0.16331
   8.10170   1.68417  -3.64893    63.69786    63.89520    -0.19734
   7.89761   2.05188  -3.64893    64.03044    64.22364    -0.19320
   7.62368   2.37097  -3.64893    64.31721    64.47027    -0.15305
   7.29112   2.62839  -3.64893    64.57449    64.64950    -0.07500
   6.91355   2.81360  -3.64893    64.83616    64.78619     0.04997
   6.50642   2.91901  -3.64893    65.13109    64.90344     0.22766
   6.08642   2.94031  -3.64893    65.47183    65.01029     0.46154
   5.67072   2.87663  -3.64893    65.83390    65.09002     0.74388
   5.27635   2.73057  -3.64893    66.13574    65.08833     1.04741
   8.22760   0.44613  -3.64893    62.64553    62.58144     0.06409
   8.03019   0.86452  -3.99162    61.25999    61.23718     0.02281
   7.98064   1.28851  -3.99162    61.66724    61.74921    -0.08196
   7.83464   1.68964  -3.99162    62.05128    62.17814    -0.12686
   7.60006   2.04629  -3.99162    62.38825    62.50887    -0.12062
   7.28957   2.33923  -3.99162    62.67502    62.74131    -0.06629
   6.91988   2.55267  -3.99162    62.92289    62.88638     0.03651
   6.51094   2.67510  -3.99162    63.14440    62.95441     0.18999
   6.08479   2.69992  -3.99162    63.33014    62.94051     0.38963
   5.66440   2.62579  -3.99162    63.43054    62.80986     0.62068
   5.27243   2.45671  -3.99162    63.33453    62.48484     0.84970
   7.98064   0.44053  -3.99162    60.86089    60.66445     0.19645
   7.73438   0.86452  -4.28744    59.79789    59.69198     0.10591
   7.67717   1.28073  -4.28744    60.26099    60.26578    -0.00479
   7.50979   1.66608  -4.28744    60.65883    60.70853    -0.04970
   7.24466   1.99197  -4.28744    60.97949    61.01463    -0.03514
   6.90142   2.23425  -4.28744    61.21794    61.18353     0.03442
   6.50556   2.37494  -4.28744    61.36604    61.21306     0.15298
   6.08641   2.40361  -4.28744    61.39490    61.08439     0.31051
   5.67507   2.31814  -4.28744    61.22798    60.74588     0.48211
   5.30205   2.12485  -4.28744    60.72723    60.10340     0.62383
   7.67717   0.44831  -4.28744    59.27643    58.99029     0.28614
   7.39169   0.86452  -4.52739    58.50334    58.34184     0.16150
   7.31932   1.27495  -4.52739    59.04362    58.98720     0.05643
   7.11094   1.63587  -4.52739    59.44146    59.41683     0.02464
   6.79169   1.90375  -4.52739    59.68368    59.62427     0.05941
   6.40006   2.04629  -4.52739    59.74079    59.59252     0.14827
   5.98331   2.04629  -4.52739    59.54438    59.27905     0.26533
   5.59169   1.90375  -4.52739    58.96644    58.60179     0.36465
   7.31932   0.45410  -4.52739    57.80618    57.47463     0.33155
   7.01254   0.86452  -4.70419    57.33554    57.15052     0.18503
   6.90256   1.27495  -4.70419    57.96180    57.86380     0.09800
   6.60211   1.57540  -4.70419    58.24167    58.14522     0.09645
   6.19169   1.68537  -4.70419    58.09859    57.94256     0.15604
   5.78126   1.57540  -4.70419    57.37633    57.16681     0.20952
   6.90256   0.45410  -4.70419    56.35663    56.03200     0.32463
   6.60844   0.86452  -4.81247    56.27568    56.10090     0.17478
   6.40006   1.22544  -4.81247    56.80655    56.68145     0.12510
   5.98331   1.22544  -4.81247    56.16022    56.03081     0.12941
   6.19169   0.86452  -4.84893    55.32877    55.19423     0.13454
   4.51064   3.59492   0.42812    70.08905    71.04116    -0.95211
   4.09025   3.52079   0.42812    72.15292    73.36711    -1.21419
   5.33940   3.70860   0.08543    68.08855    68.89659    -0.80804
   4.93228   3.81401   0.08543    68.09984    68.88499    -0.78515
   4.51227   3.83531   0.08543    68.83779    69.71256    -0.87477
   4.09657   3.77163   0.08543    70.36954    71.45112    -1.08157
   3.70220   3.62557   0.08543    72.81306    74.24282    -1.42975
   5.55441   3.81098  -0.29372    68.16447    68.92057    -0.75610
   5.14924   3.95121  -0.29372    67.49178    68.12806    -0.63627
   4.72485   4.01223  -0.29372    67.59407    68.22331    -0.62924
   4.29658   3.99183  -0.29372    68.43179    69.17092    -0.73913
   3.87992   3.89074  -0.29372    70.03759    71.01694    -0.97935
   3.48991   3.71263  -0.29372    72.50935    73.89067    -1.38132
   6.09118   3.60741  -0.69781    71.33653    72.14168    -0.80515
   5.73755   3.84084  -0.69781    68.85913    69.44378    -0.58465
   5.34791   4.00738  -0.69781    67.52065    67.95252    -0.43187
   4.93481   4.10167  -0.69781    67.03809    67.40357    -0.36548
   4.51150   4.12068  -0.69781    67.28094    67.67915    -0.39820
   4.09160   4.06380  -0.69781    68.21279    68.75235    -0.53955
   3.68861   3.93286  -0.69781    69.86691    70.67039    -0.80349
   3.31547   3.73207  -0.69781    72.35185    73.55935    -1.20751
   6.16023   3.59803  -1.11457    72.51939    73.00462    -0.48523
   5.81754   3.83798  -1.11457    69.53370    69.84393    -0.31023
   5.43839   4.01478  -1.11457    67.77479    67.94306    -0.16827
   5.03430   4.12306  -1.11457    66.92326    67.01349    -0.09023
   4.61754   4.15952  -1.11457    66.81094    66.90536    -0.09443
   4.20079   4.12306  -1.11457    67.36628    67.55760    -0.19132
   3.79669   4.01478  -1.11457    68.58930    68.97818    -0.38888
   3.41754   3.83798  -1.11457    70.55152    71.24216    -0.69064
   3.07485   3.59803  -1.11457    73.40920    74.50172    -1.09252
   6.39745   3.31458  -1.53132    77.06256    77.32146    -0.25890
   6.09118   3.60741  -1.53132    72.44158    72.55743    -0.11585
   5.73755   3.84084  -1.53132    69.46907    69.43773     0.03133
   5.34791   4.00738  -1.53132    67.68882    67.54467     0.14415
   4.93481   4.10167  -1.53132    66.82160    66.62657     0.19503
   4.51150   4.12068  -1.53132    66.71242    66.54455     0.16787
   4.09160   4.06380  -1.53132    67.29286    67.24107     0.05179
   3.68861   3.93286  -1.53132    68.57236    68.72624    -0.15388
   3.31547   3.73207  -1.53132    70.63372    71.07599    -0.44227
   2.98419   3.46787  -1.53132    73.64953    74.43345    -0.78392
   6.24975   3.31583  -1.93542    75.96191    75.85855     0.10336
   5.92572   3.59660  -1.93542    71.74818    71.49464     0.25354
   5.55441   3.81098  -1.93542    69.03044    68.65703     0.37341
   5.14924   3.95121  -1.93542    67.44723    67.00323     0.44400
   4.72485   4.01223  -1.93542    66.76764    66.32019     0.44745
   4.29658   3.99183  -1.93542    66.86365    66.49197     0.37168
   3.87992   3.89074  -1.93542    67.69133    67.47832     0.21301
   3.48991   3.71263  -1.93542    69.28207    69.30339    -0.02132
   3.14066   3.46393  -1.93542    71.73814    72.04444    -0.30630
   2.84478   3.15363  -1.93542    75.21517    75.79925    -0.58408
   6.04953   3.26597  -2.31457    74.92840    74.45091     0.47749
   5.71697   3.52339  -2.31457    71.11377    70.51209     0.60168
   5.33940   3.70860  -2.31457    68.69472    68.01819     0.67653
   4.93228   3.81401  -2.31457    67.35499    66.66004     0.69495
   4.51227   3.83531  -2.31457    66.89816    66.25214     0.64602
   4.09657   3.77163  -2.31457    67.22007    66.69650     0.52357
   3.70220   3.62557  -2.31457    68.29186    67.95982     0.33204
   3.34530   3.40312  -2.31457    70.14050    70.05136     0.08914
   3.04049   3.11337  -2.31457    72.81306    72.98245    -0.16939
   5.71542   3.23423  -2.65726    72.78294    71.90264     0.88031
   5.34573   3.44767  -2.65726    69.66673    68.73530     0.93143
   4.93679   3.57010  -2.65726    67.90343    66.97923     0.92420
   4.51064   3.59492  -2.65726    67.20564    66.35406     0.85158
   4.09025   3.52079  -2.65726    67.41460    66.70482     0.70978
   3.69829   3.35171  -2.65726    68.45376    67.94848     0.50528
   3.35588   3.09680  -2.65726    70.28295    70.02207     0.26087
   3.08149   2.76980  -2.65726    72.81557    72.80326     0.01232
   2.88991   2.38833  -2.65726    75.79813    76.00647    -0.20834
   5.32728   3.12925  -2.95308    70.81507    69.60585     1.20922
   4.93141   3.26994  -2.95308    68.57236    67.41220     1.16015
   4.51226   3.29861  -2.95308    67.59846    66.54349     1.05497
   4.10092   3.21314  -2.95308    67.65243    66.76237     0.89006
   3.72790   3.01985  -2.95308    68.57738    67.90035     0.67703
   3.42086   2.73309  -2.95308    70.20827    69.76415     0.44412
   3.20257   2.37413  -2.95308    72.26211    72.03178     0.23033
   4.82592   2.94129  -3.19303    68.84658    67.45255     1.39403
   4.40916   2.94129  -3.19303    67.84695    66.61743     1.22952
   4.01754   2.79875  -3.19303    67.98501    66.95767     1.02734
   3.69829   2.53087  -3.19303    68.92376    68.10567     0.81809
   3.48991   2.16994  -3.19303    70.18192    69.52340     0.65851
   4.20712   2.47040  -3.36983    67.80052    66.43842     1.36210
   9.53311   1.25971  -0.34256    56.06170    55.20234     0.85936
   9.49665   1.67646  -0.34256    56.03221    55.05016     0.98204
   9.38837   2.08055  -0.34256    56.13951    55.12004     1.01947
   9.21157   2.45971  -0.34256    56.37545    55.40162     0.97384
   8.97162   2.80240  -0.34256    56.75070    55.90019     0.85051
   8.67580   3.09821  -0.34256    57.29538    56.63700     0.65838
   8.33311   3.33817  -0.34256    58.06157    57.65118     0.41039
   7.95396   3.51497  -0.34256    59.12771    59.00415     0.12356
   9.38837   0.43886  -0.34256    56.68105    56.30406     0.37699
   9.49665   0.84295  -0.34256    56.25874    55.60416     0.65458
   9.49665   1.25971  -0.75931    59.06747    58.23203     0.83544
   9.45866   1.68173  -0.75931    58.97021    58.01122     0.95898
   9.34593   2.09019  -0.75931    59.05806    58.05682     1.00124
   9.16208   2.47196  -0.75931    59.32036    58.35515     0.96521
   8.91302   2.81477  -0.75931    59.76714    58.91095     0.85620
   8.60675   3.10759  -0.75931    60.42979    59.74695     0.68284
   8.25312   3.34103  -0.75931    61.36353    60.90583     0.45769
   7.86348   3.50756  -0.75931    62.65180    62.45448     0.19732
   7.45037   3.60185  -0.75931    64.40946    64.49175    -0.08229
   7.02707   3.62087  -0.75931    66.79650    67.16109    -0.36459
   8.91302  -0.29536  -0.75931    62.57713    62.93943    -0.36230
   9.16208   0.04745  -0.75931    61.00334    60.98250     0.02084
   9.34593   0.42922  -0.75931    59.99618    59.63801     0.35818
   9.45866   0.83768  -0.75931    59.38687    58.75387     0.63300
   9.38837   1.25971  -1.16341    62.01300    61.26093     0.75207
   9.34762   1.68652  -1.16341    61.85800    60.97910     0.87890
   9.22682   2.09790  -1.16341    61.94899    61.02385     0.92515
   9.03036   2.47899  -1.16341    62.27153    61.37832     0.89321
   8.76532   2.81601  -1.16341    62.83880    62.04858     0.79022
   8.44129   3.09679  -1.16341    63.68908    63.06244     0.62664
   8.06998   3.31117  -1.16341    64.88762    64.47134     0.41628
   7.66481   3.45140  -1.16341    66.53107    66.35482     0.17624
   7.24042   3.51241  -1.16341    68.75371    68.82841    -0.07471
   6.81215   3.49201  -1.16341    71.73626    72.05676    -0.32050
   6.39548   3.39093  -1.16341    75.72534    76.27550    -0.55017
   8.76532  -0.29660  -1.16341    66.68418    67.20362    -0.51944
   9.03036   0.04042  -1.16341    64.60901    64.70497    -0.09597
   9.22682   0.42151  -1.16341    63.27618    63.01637     0.25981
   9.34762   0.83289  -1.16341    62.45728    61.91326     0.54402
   9.21157   1.25971  -1.54256    65.01877    64.41582     0.60295
   9.16902   1.67810  -1.54256    64.81922    64.08559     0.73363
   9.04313   2.07936  -1.54256    64.93029    64.14656     0.78373
   8.83903   2.44706  -1.54256    65.33754    64.58005     0.75750
   8.56510   2.76616  -1.54256    66.05730    65.39425     0.66305
   8.23254   3.02358  -1.54256    67.13473    66.62223     0.51250
   7.85497   3.20879  -1.54256    68.64640    68.32284     0.32356
   7.44784   3.31420  -1.54256    70.69961    70.58330     0.11631
   7.02784   3.33550  -1.54256    73.43932    73.52320    -0.08389
   6.61214   3.27182  -1.54256    77.05566    77.29842    -0.24276
   8.83903   0.07235  -1.54256    68.25170    68.52704    -0.27535
   9.04313   0.44005  -1.54256    66.60009    66.50206     0.09804
   9.16902   0.84131  -1.54256    65.57976    65.18877     0.39099
   8.97162   1.25971  -1.88525    68.24229    67.86548     0.37680
   8.92206   1.68370  -1.88525    68.01262    67.49686     0.51575
   8.77606   2.08483  -1.88525    68.22158    67.65726     0.56431
   8.54149   2.44148  -1.88525    68.85850    68.32925     0.52925
   8.23099   2.73442  -1.88525    69.95790    69.53400     0.42389
   7.86130   2.94785  -1.88525    71.59695    71.32768     0.26927
   7.45236   3.07028  -1.88525    73.89238    73.79926     0.09312
   7.02621   3.09510  -1.88525    77.00546    77.06497    -0.05952
   8.77606   0.43459  -1.88525    70.34130    70.51857    -0.17727
   8.92206   0.83572  -1.88525    68.97333    68.82819     0.14514
   8.67580   1.25971  -2.18106    71.92388    71.86840     0.05549
   8.61859   1.67592  -2.18106    71.69233    71.49238     0.19995
   8.45121   2.06126  -2.18106    72.09457    71.85199     0.24258
   8.18608   2.38716  -2.18106    73.13811    72.94332     0.19479
   7.84285   2.62944  -2.18106    74.89702    74.81867     0.07836
   8.61859   0.84349  -2.18106    72.85950    73.04953    -0.19003
   5.13626  -2.52878   0.83860    71.70739    72.53669    -0.82930
   5.01245  -2.85941   0.45945    73.54035    73.92708    -0.38673
   5.33648  -2.57864   0.45945    72.49429    72.80541    -0.31112
   4.43465  -3.27019   0.05536    76.53608    76.60084    -0.06476
   4.82428  -3.10365   0.05536    74.44522    74.57520    -0.12999
   5.17792  -2.87022   0.05536    73.57047    73.67757    -0.10710
   5.48419  -2.57739   0.05536    74.01663    73.98202     0.03461
   3.70427  -3.42233  -0.36140    80.93429    80.71122     0.22307
   4.12103  -3.38587  -0.36140    77.48236    77.41578     0.06659
   4.52512  -3.27759  -0.36140    75.16560    75.17791    -0.01231
   4.90427  -3.10079  -0.36140    74.00910    74.03227    -0.02317
   5.24696  -2.86084  -0.36140    74.13836    74.09574     0.04263
   5.54278  -2.56502  -0.36140    75.80001    75.58830     0.21171
   3.59823  -3.38349  -0.77815    80.22270    80.03353     0.18917
   4.02154  -3.36448  -0.77815    76.86615    76.83653     0.02961
   4.43465  -3.27019  -0.77815    74.73011    74.76241    -0.03231
   4.82428  -3.10365  -0.77815    73.83716    73.85847    -0.02131
   5.17792  -2.87022  -0.77815    74.37619    74.31347     0.06272
   3.38332  -3.25464  -1.18225    80.81193    80.66499     0.14694
   3.81158  -3.27504  -1.18225    77.02177    77.08873    -0.06696
   4.23597  -3.21402  -1.18225    74.60021    74.73782    -0.13761
   4.64114  -3.07379  -1.18225    73.50395    73.62044    -0.11649
   5.01245  -2.85941  -1.18225    73.91936    73.93733    -0.01796
   3.59900  -3.09812  -1.56140    77.32047    77.56035    -0.23989
   4.01901  -3.07682  -1.56140    74.51424    74.83578    -0.32154
   4.42613  -2.97141  -1.56140    73.02391    73.31494    -0.29104
   4.80370  -2.78621  -1.56140    72.96680    73.14072    -0.17391
   3.59737  -2.85773  -1.90409    75.94622    76.49306    -0.54684
   4.02353  -2.83291  -1.90409    73.23914    73.79778    -0.55864
   4.43247  -2.71048  -1.90409    71.87117    72.32704    -0.45587
   3.26709  -2.46651  -2.63071    72.51249    72.99792    -0.48543
   2.63881   1.79831  -3.00986    74.60460    74.60260     0.00201
   2.24443   1.65225  -3.00986    75.57160    75.46109     0.11050
   1.34248   0.79488  -3.00986    77.57900    76.95234     0.62666
   1.17663   0.40841  -3.00986    77.98814    77.14765     0.84049
   2.63881  -2.22591  -3.00986    73.15631    73.11784     0.03847
   3.05450  -2.28960  -3.00986    70.30805    70.48165    -0.17361
   3.47451  -2.26830  -3.00986    67.53822    67.91620    -0.37798
   3.88164  -2.16289  -3.00986    64.80416    65.36026    -0.55610
   3.05288   1.62159  -3.35255    69.89828    69.48749     0.41080
   2.63249   1.54746  -3.35255    70.86402    70.56802     0.29600
   2.24052   1.37839  -3.35255    71.83164    71.48729     0.34435
   1.89812   1.12348  -3.35255    72.68129    72.22512     0.45616
   1.62373   0.79647  -3.35255    73.30440    72.72114     0.58326
   1.43214   0.41500  -3.35255    73.81834    73.10054     0.71779
   1.33370  -0.00037  -3.35255    74.42890    73.60220     0.82671
   1.33370  -0.42724  -3.35255    75.05139    74.21834     0.83305
   1.43214  -0.84261  -3.35255    75.32938    74.60847     0.72091
   1.62373  -1.22408  -3.35255    74.98048    74.40312     0.57736
   1.89812  -1.55109  -3.35255    73.89991    73.43177     0.46814
   2.24052  -1.80600  -3.35255    72.11778    71.75367     0.36411
   2.63249  -1.97508  -3.35255    69.81106    69.59449     0.21657
   3.05288  -2.04920  -3.35255    67.21945    67.19648     0.02296
   3.47903  -2.02438  -3.35255    64.47346    64.67096    -0.19750
   3.88797  -1.90195  -3.35255    61.45577    61.91436    -0.45859
   3.05450   1.32529  -3.64836    66.59256    66.02174     0.57082
   2.64316   1.23981  -3.64836    67.81621    67.30834     0.50787
   2.27014   1.04653  -3.64836    68.82273    68.27506     0.54767
   1.96309   0.75977  -3.64836    69.62532    68.99037     0.63494
   1.74480   0.40080  -3.64836    70.24404    69.51256     0.73148
   1.63145  -0.00374  -3.64836    70.75232    69.94752     0.80480
   1.63145  -0.42387  -3.64836    71.09745    70.28119     0.81626
   1.74480  -0.82841  -3.64836    71.04600    70.28991     0.75608
   1.96309  -1.18738  -3.64836    70.38021    69.72003     0.66018
   2.27014  -1.47414  -3.64836    69.02981    68.48440     0.54541
   2.64316  -1.66742  -3.64836    67.08453    66.68773     0.39680
   3.05450  -1.75290  -3.64836    64.70878    64.50783     0.20095
   3.47365  -1.72423  -3.64836    61.98727    62.03537    -0.04810
   3.86951  -1.58354  -3.64836    58.77254    59.16239    -0.38985
   3.36815   0.96796  -3.88832    62.47987    61.84171     0.63815
   2.95140   0.96796  -3.88832    64.41636    63.78233     0.63403
   2.55978   0.82543  -3.88832    65.75735    65.09699     0.66036
   2.24052   0.55754  -3.88832    66.72497    65.99761     0.72736
   2.03214   0.19662  -3.88832    67.38636    66.58749     0.79887
   1.95978  -0.21380  -3.88832    67.74153    66.90579     0.83574
   2.03214  -0.62423  -3.88832    67.65745    66.84566     0.81178
   2.24052  -0.98515  -3.88832    66.93205    66.20291     0.72914
   2.55978  -1.25304  -3.88832    65.48062    64.88438     0.59624
   2.95140  -1.39557  -3.88832    63.38348    62.97779     0.40569
   3.36815  -1.39557  -3.88832    60.75547    60.61156     0.14391
   3.75978  -1.25304  -3.88832    57.57337    57.79918    -0.22581
   3.15978   0.60704  -4.06512    61.59508    60.97844     0.61664
   2.74935   0.49707  -4.06512    63.44121    62.72877     0.71244
   2.44890   0.19662  -4.06512    64.53119    63.74457     0.78662
   2.33893  -0.21380  -4.06512    64.93845    64.11814     0.82031
   2.44890  -0.62423  -4.06512    64.52053    63.74785     0.77268
   2.74935  -0.92468  -4.06512    63.10738    62.47596     0.63142
   3.15978  -1.03465  -4.06512    60.76802    60.37666     0.39136
   3.57020  -0.92468  -4.06512    57.77292    57.72751     0.04541
   3.57653  -0.21380  -4.17340    57.03120    56.87483     0.15637
   3.36815   0.14712  -4.17340    58.97272    58.53673     0.43598
   2.95140   0.14712  -4.17340    61.47899    60.81140     0.66759
   2.74302  -0.21380  -4.17340    62.37695    61.64697     0.72999
   2.95140  -0.57473  -4.17340    61.23865    60.63452     0.60413
   3.36815  -0.57473  -4.17340    58.57989    58.27005     0.30985
   3.15978  -0.21380  -4.20986    59.84684    59.31922     0.52761
   1.52115   3.58829   0.18410    67.26776    68.46070    -1.19294
   1.10448   3.48721   0.18410    65.88285    66.90188    -1.01903
   2.15937   3.69813  -0.21999    69.47346    70.96452    -1.49106
   1.73606   3.71714  -0.21999    67.38072    68.65938    -1.27866
   1.31617   3.66026  -0.21999    65.76551    66.91675    -1.15124
   2.25886   3.71952  -0.63675    69.82298    71.19834    -1.37536
   1.84211   3.75598  -0.63675    67.69572    68.90362    -1.20789
   1.42535   3.71952  -0.63675    66.10624    67.25357    -1.14733
   2.57248   3.60384  -1.05350    72.13912    73.39617    -1.25705
   2.15937   3.69813  -1.05350    69.51613    70.62016    -1.10403
   1.73606   3.71714  -1.05350    67.69196    68.71519    -1.02323
   2.77898   3.40744  -1.45760    74.39000    75.37695    -0.98695
   2.37380   3.54767  -1.45760    71.29700    72.19534    -0.89834
   1.94942   3.60869  -1.45760    69.27140    70.08999    -0.81859
   2.56397   3.30506  -1.83675    73.25860    73.91934    -0.66074
   2.15684   3.41048  -1.83675    70.99580    71.59045    -0.59465
   2.57030   3.04413  -2.17944    74.04612    74.48053    -0.43441
   2.16136   3.16656  -2.17944    71.95965    72.32448    -0.36483
   2.55184   2.72572  -2.47526    74.65732    74.93208    -0.27477
   2.15598   2.86641  -2.47526    72.85448    73.03946    -0.18498
   2.44211   2.39521  -2.71521    74.79411    74.94164    -0.14753
   2.05048   2.53775  -2.71521    73.46254    73.49832    -0.03578
   2.25253   2.06686  -2.89201    74.87381    74.88417    -0.01037
   1.84211   2.17683  -2.89201    74.10573    74.00709     0.09864
   2.05048   1.71690  -3.00029    75.39652    75.25337     0.14315
   1.63373   1.71690  -3.00029    75.18693    74.97738     0.20956
   1.42535   1.35598  -3.00029    76.30767    76.00394     0.30372
   3.07049   1.67662   3.14563    64.96982    61.76348     3.20634
   2.86211   2.13655   3.03736    64.54123    61.83082     2.71041
   3.46211   2.35493   2.86055    59.33165    57.37630     1.95535
   3.07049   2.49747   2.86055    62.11277    59.98784     2.12493
   2.65373   2.49747   2.86055    64.58955    62.31134     2.27821
   3.57185   2.68543   2.62060    59.32349    57.74240     1.58109
   3.17598   2.82613   2.62060    61.53358    59.84471     1.68887
   2.75683   2.85480   2.62060    63.38473    61.62030     1.76444
   2.34550   2.76932   2.62060    65.27228    63.44609     1.82620
   3.59031   3.00385   2.32478    60.60863    59.37047     1.23817
   3.18136   3.12628   2.32478    62.09646    60.81445     1.28201
   2.75521   3.15110   2.32478    63.38975    62.08643     1.30333
   2.33482   3.07697   2.32478    64.76024    63.45683     1.30340
   1.94286   2.90790   2.32478    66.40243    65.11653     1.28589
   3.96154   3.07958   1.98209    61.25622    60.41710     0.83912
   3.58397   3.26478   1.98209    62.29914    61.46314     0.83600
   3.17685   3.37020   1.98209    63.08416    62.24564     0.83851
   2.75684   3.39150   1.98209    63.85348    63.02887     0.82462
   2.34114   3.32781   1.98209    64.76714    63.97544     0.79170
   1.94677   3.18175   1.98209    65.94497    65.20349     0.74148
   3.79898   3.36716   1.60294    64.16222    63.79361     0.36861
   3.39381   3.50739   1.60294    64.30968    63.95478     0.35491
   2.96942   3.56841   1.60294    64.55127    64.21759     0.33368
   2.54115   3.54801   1.60294    64.98802    64.69677     0.29125
   2.12449   3.44693   1.60294    65.70213    65.46890     0.23323
   1.73448   3.26882   1.60294    66.77140    66.60448     0.16692
   3.98212   3.39702   1.19885    67.20125    67.38414    -0.18289
   3.59248   3.56356   1.19885    66.51036    66.69271    -0.18235
   3.17938   3.65785   1.19885    66.11691    66.30709    -0.19018
   2.75607   3.67686   1.19885    66.03220    66.25935    -0.22715
   2.33617   3.61998   1.19885    66.28195    66.56738    -0.28544
   1.93318   3.48904   1.19885    66.90695    67.25331    -0.34636
   4.06211   3.39416   0.78209    71.12193    71.97922    -0.85730
   3.68296   3.57097   0.78209    69.48099    70.26098    -0.77999
   3.27887   3.67924   0.78209    68.41799    69.16937    -0.75138
   2.86211   3.71570   0.78209    67.84633    68.62115    -0.77482
   2.44536   3.67924   0.78209    67.73212    68.56367    -0.83155
   3.59248   3.56356   0.36534    72.39828    73.74851    -1.35023
   3.17938   3.65785   0.36534    70.85273    72.15908    -1.30635
   2.75607   3.67686   0.36534    70.03634    71.37266    -1.33632
   2.81910  -0.67450   4.96304    59.63725    59.23646     0.40079
   3.23585  -0.67450   4.92658    57.73966    57.21285     0.52681
   3.02748  -0.31358   4.92658    58.15256    57.35586     0.79670
   2.61072  -0.31358   4.92658    60.10411    59.43268     0.67144
   3.02748  -1.03542   4.92658    59.47410    59.33210     0.14199
   3.63995  -0.67450   4.81831    55.89290    55.29115     0.60175
   3.52997  -0.26408   4.81831    55.72786    54.78863     0.93923
   3.22952   0.03638   4.81831    56.91699    55.75982     1.15717
   2.81910   0.14635   4.81831    58.87043    57.69620     1.17423
   2.40867   0.03638   4.81831    60.90105    59.94277     0.95829
   3.22952  -1.38537   4.81831    59.60273    59.71466    -0.11193
   3.52997  -1.08492   4.81831    57.35939    57.13368     0.22571
   4.01910  -0.67450   4.64150    53.95703    53.35861     0.59843
   3.94673  -0.26408   4.64150    53.44812    52.51454     0.93359
   3.73835   0.09685   4.64150    54.13336    52.89920     1.23417
   3.41910   0.36473   4.64150    55.81195    54.35155     1.46040
   3.02748   0.50727   4.64150    57.97623    56.41493     1.56130
   2.61072   0.50727   4.64150    60.14490    58.64584     1.49906
   2.21910   0.36473   4.64150    62.07700    60.80707     1.26993
   3.73835  -1.44585   4.64150    57.58278    57.65924    -0.07646
   3.94673  -1.08492   4.64150    55.45929    55.20456     0.25473
   4.36179  -0.67450   4.40155    51.76389    51.26977     0.49412
   4.30458  -0.25829   4.40155    50.84584    50.02956     0.81628
   4.13720   0.12706   4.40155    51.18344    50.03700     1.14644
   3.87207   0.45295   4.40155    52.76037    51.29687     1.46350
   3.52884   0.69523   4.40155    55.16248    53.43536     1.72711
   3.13297   0.83592   4.40155    57.82939    55.93945     1.88994
   2.71382   0.86459   4.40155    60.33316    58.41832     1.91484
   2.30248   0.77912   4.40155    62.47673    60.69329     1.78344
   1.92946   0.58583   4.40155    64.26701    62.75699     1.51002
   4.13720  -1.47606   4.40155    55.93871    56.07451    -0.13580
   4.30458  -1.09071   4.40155    53.59621    53.42061     0.17560
   4.65761  -0.67450   4.10573    49.08881    48.82554     0.26327
   3.91698   0.80021   4.10573    51.87056    50.21619     1.65438
   3.54729   1.01365   4.10573    55.30492    53.32211     1.98282
   3.13835   1.13608   4.10573    58.67590    56.46149     2.21441
   2.71220   1.16090   4.10573    61.61390    59.30482     2.30908
   2.29181   1.08677   4.10573    63.99781    61.75943     2.23838
   1.89985   0.91769   4.10573    65.88222    63.87778     2.00445
   4.46205  -1.49962   4.10573    54.44649    54.74812    -0.30163
   4.60805  -1.09849   4.10573    51.57626    51.59347    -0.01721
   3.54096   1.27458   3.76304    56.04978    53.83393     2.21585
   3.13383   1.37999   3.76304    60.19448    57.64651     2.54796
   2.71383   1.40129   3.76304    63.60185    60.85959     2.74227
   4.52502  -1.86186   3.76304    56.32274    57.13243    -0.80969
   4.72912  -1.49415   3.76304    52.80743    53.36686    -0.55943
   2.92641   1.57821   3.38389    64.69121    61.57181     3.11940
   3.03382  -4.11410   2.67159    68.50207    70.16870    -1.66663
   3.44095  -4.00869   2.67159    66.82851    68.39477    -1.56627
   3.81852  -3.82348   2.67159    65.53082    67.03853    -1.50771
   4.15108  -3.56606   2.67159    64.47409    65.97886    -1.50477
   4.42501  -3.24696   2.67159    63.51400    65.07532    -1.56132
   4.62910  -2.87926   2.67159    62.47045    64.14795    -1.67750
   2.82639  -4.31231   2.29244    70.12293    71.67533    -1.55240
   3.25078  -4.25130   2.29244    68.24982    69.68041    -1.43059
   3.65595  -4.11107   2.29244    66.83792    68.18290    -1.34498
   4.02726  -3.89669   2.29244    65.75672    67.06728    -1.31055
   4.35129  -3.61591   2.29244    64.87695    66.21290    -1.33595
   4.61633  -3.27889   2.29244    64.04487    65.47114    -1.42626
   4.81280  -2.89780   2.29244    63.04462    64.63094    -1.58632
   4.93359  -2.48642   2.29244    61.54111    63.36717    -1.82606
   2.19315  -4.36389   1.88835    75.11791    76.64623    -1.52832
   2.61304  -4.42076   1.88835    72.27090    73.66333    -1.39244
   3.03635  -4.40175   1.88835    70.15305    71.41322    -1.26017
   3.44946  -4.30747   1.88835    68.58804    69.74403    -1.15598
   3.83909  -4.14093   1.88835    67.44221    68.53690    -1.09469
   4.19273  -3.90750   1.88835    66.60386    67.68884    -1.08498
   4.49900  -3.61467   1.88835    65.95815    67.09258    -1.13443
   4.74806  -3.27186   1.88835    65.36327    66.61011    -1.24684
   4.93191  -2.89009   1.88835    64.60085    66.03290    -1.43206
   5.04464  -2.48163   1.88835    63.30190    65.01461    -1.71271
   2.30233  -4.42314   1.47159    75.74102    76.96339    -1.22236
   2.71909  -4.45961   1.47159    73.06281    74.14949    -1.08668
   3.13584  -4.42314   1.47159    71.11377    72.08178    -0.96801
   3.53993  -4.31487   1.47159    69.71882    70.60089    -0.88208
   3.91909  -4.13807   1.47159    68.75747    69.59562    -0.83815
   4.26178  -3.89811   1.47159    68.13435    68.97750    -0.84314
   4.55759  -3.60230   1.47159    67.75785    68.65911    -0.90126
   4.79755  -3.25961   1.47159    67.50998    68.52891    -1.01893
   4.97435  -2.88045   1.47159    67.20501    68.41388    -1.20887
   5.08262  -2.47636   1.47159    66.51350    68.01583    -1.50233
   2.19315  -4.36389   1.05483    78.53783    79.47573    -0.93790
   2.61304  -4.42076   1.05483    75.45237    76.26350    -0.81113
   3.03635  -4.40175   1.05483    73.26487    73.96798    -0.70311
   3.44946  -4.30747   1.05483    71.75571    72.38086    -0.62515
   3.83909  -4.14093   1.05483    70.79060    71.37482    -0.58422
   4.19273  -3.90750   1.05483    70.27793    70.86490    -0.58697
   4.49900  -3.61467   1.05483    70.14552    70.78352    -0.63799
   4.74806  -3.27186   1.05483    70.31620    71.05707    -0.74086
   4.93191  -2.89009   1.05483    70.66573    71.57540    -0.90967
   5.04464  -2.48163   1.05483    70.96003    72.14431    -1.18428
   2.39813  -4.29191   0.65074    79.21366    79.72257    -0.50891
   2.82639  -4.31231   0.65074    76.43066    76.85910    -0.42844
   3.25078  -4.25130   0.65074    74.54938    74.91645    -0.36707
   3.65595  -4.11107   0.65074    73.39226    73.72541    -0.33316
   4.02726  -3.89669   0.65074    72.85887    73.19150    -0.33263
   4.35129  -3.61591   0.65074    72.89590    73.26365    -0.36776
   4.61633  -3.27889   0.65074    73.47258    73.91342    -0.44084
   4.81280  -2.89780   0.65074    74.55691    75.11429    -0.55737
   2.19811  -4.07172   0.27159    84.03168    84.11130    -0.07962
   2.61381  -4.13540   0.27159    80.45237    80.53542    -0.08306
   3.03382  -4.11410   0.27159    78.02767    78.10462    -0.07695
   3.44095  -4.00869   0.27159    76.53608    76.61213    -0.07605
   3.81852  -3.82348   0.27159    75.86025    75.94799    -0.08774
   4.15108  -3.56606   0.27159    75.95626    76.07052    -0.11426
   4.42501  -3.24696   0.27159    76.84230    76.99041    -0.14810
   3.03834  -3.87018  -0.07110    81.16082    80.91891     0.24192
   3.44728  -3.74775  -0.07110    79.65794    79.48596     0.17198
   3.81697  -3.53432  -0.07110    79.29022    79.16802     0.12220
   3.42882  -3.42934  -0.36692    83.47884    83.10795     0.37090
   1.44848  -1.78971   5.08425    61.90883    61.75002     0.15881
   1.86524  -1.78971   5.04779    62.03684    62.14510    -0.10825
   1.65686  -1.42879   5.04779    62.34621    62.31243     0.03378
   1.24010  -1.42879   5.04779    62.25459    61.96929     0.28530
   1.03172  -1.78971   5.04779    62.04939    61.62523     0.42417
   1.24010  -2.15063   5.04779    61.92013    61.61965     0.30048
   1.65686  -2.15063   5.04779    61.82286    61.80182     0.02104
   1.44848  -0.96886   4.93951    63.23162    63.03438     0.19724
   1.03805  -1.07883   4.93951    62.86641    62.45623     0.41019
   0.73760  -1.37928   4.93951    62.53258    61.95101     0.58156
   0.62763  -1.78971   4.93951    62.40519    61.73866     0.66653
   0.73760  -2.20013   4.93951    62.40331    61.78386     0.61945
   1.03805  -2.50059   4.93951    62.32613    61.89681     0.42932
   1.44848  -2.61056   4.93951    62.13725    61.99157     0.14568
   1.85890  -2.50059   4.93951    62.00045    62.13719    -0.13674
   2.15936  -2.20013   4.93951    62.09771    62.41904    -0.32133
   0.84848  -0.75048   4.76271    63.75810    63.21774     0.54037
   0.52923  -1.01836   4.76271    63.22848    62.54602     0.68247
   0.32085  -1.37928   4.76271    62.93544    62.13401     0.80142
   0.24848  -1.78971   4.76271    62.91536    62.04840     0.86696
   0.32085  -2.20013   4.76271    63.05968    62.20785     0.85184
   0.52923  -2.56106   4.76271    63.17201    62.43357     0.73843
   0.84848  -2.82894   4.76271    63.11051    62.58325     0.52726
   1.24010  -2.97148   4.76271    62.88586    62.63920     0.24667
   1.65686  -2.97148   4.76271    62.62168    62.67599    -0.05431
   2.04848  -2.82894   4.76271    62.45602    62.77807    -0.32205
   2.36773  -2.56106   4.76271    62.48677    62.99719    -0.51042
   0.55884  -0.52938   4.52275    64.65419    63.95282     0.70137
   0.25180  -0.81614   4.52275    63.91247    63.11251     0.79996
   0.03351  -1.17510   4.52275    63.47510    62.57132     0.90378
  -0.07984  -1.57965   4.52275    63.40042    62.41868     0.98175
  -0.07984  -1.99977   4.52275    63.64076    62.62625     1.01451
   0.03351  -2.40432   4.52275    64.01852    63.03521     0.98331
   0.25180  -2.76328   4.52275    64.30090    63.43159     0.86931
   0.55884  -3.05004   4.52275    64.33478    63.66845     0.66633
   0.93186  -3.24333   4.52275    64.12206    63.73034     0.39172
   1.34320  -3.32880   4.52275    63.77818    63.69903     0.07915
   1.76235  -3.30013   4.52275    63.44435    63.67730    -0.23295
   2.15822  -3.15944   4.52275    63.23288    63.73664    -0.50376
  -0.08757  -0.77943   4.22694    64.30090    63.41782     0.88308
  -0.27915  -1.16090   4.22694    63.79513    62.82851     0.96662
  -0.37760  -1.57627   4.22694    63.78509    62.75763     1.02746
  -0.37760  -2.00315   4.22694    64.24505    63.17993     1.06512
  -0.27915  -2.41852   4.22694    64.96731    63.90087     1.06644
  -0.08757  -2.79998   4.22694    65.62683    64.62868     0.99815
   0.18682  -3.12699   4.22694    65.96254    65.12636     0.83618
   0.52923  -3.38190   4.22694    65.90544    65.31865     0.58679
   0.92119  -3.55098   4.22694    65.55654    65.28084     0.27570
   1.34158  -3.62511   4.22694    65.09031    65.15236    -0.06205
   1.76773  -3.60028   4.22694    64.66360    65.05698    -0.39338
   2.17667  -3.47786   4.22694    64.38247    65.06687    -0.68439
  -0.53466  -1.16749   3.88425    63.69033    62.79265     0.89768
  -0.61932  -1.57944   3.88425    63.72171    62.79787     0.92384
  -0.61932  -1.99998   3.88425    64.48601    63.51912     0.96689
  -0.53466  -2.41192   3.88425    65.74166    64.71770     1.02396
  -0.36882  -2.79839   3.88425    67.01739    65.98502     1.03237
  -0.12857  -3.14356   3.88425    67.88335    66.94745     0.93590
   0.17624  -3.43331   3.88425    68.16134    67.43319     0.72815
   0.53314  -3.65576   3.88425    67.92979    67.49226     0.43753
   0.92751  -3.80182   3.88425    67.39954    67.30039     0.09915
   1.34321  -3.86550   3.88425    66.78960    67.04623    -0.25663
   1.76322  -3.84420   3.88425    66.26626    66.86684    -0.60058
   2.17034  -3.73879   3.88425    65.92615    66.83264    -0.90649
  -0.55608  -2.82313   3.50509    68.51964    67.57765     0.94199
  -0.32428  -3.18382   3.50509    70.26538    69.33270     0.93268
  -0.02840  -3.49412   3.50509    71.00082    70.25384     0.74698
   0.32085  -3.74282   3.50509    70.86151    70.41472     0.44679
   0.71086  -3.92093   3.50509    70.19510    70.10909     0.08601
   1.12752  -4.02202   3.50509    69.35235    69.65172    -0.29937
   1.55579  -4.04242   3.50509    68.58742    69.27050    -0.68309
   1.98018  -3.98140   3.50509    68.04839    69.08854    -1.04016
   0.51955  -3.96305   3.10100    73.91685    73.86848     0.04838
   0.92254  -4.09399   3.10100    72.75094    73.10859    -0.35765
   1.34244  -4.15087   3.10100    71.64401    72.41121    -0.76719
   1.76574  -4.13186   3.10100    70.81696    71.97889    -1.16194
   1.44848  -4.18971   2.68425    74.69308    75.85413    -1.16104
   2.31827  -4.03410   0.03496    83.57360    83.38577     0.18782
   2.11177  -4.23050  -0.36914    79.94722    79.58251     0.36471
   2.50141  -4.06397  -0.36914    80.66133    80.24826     0.41307
   2.85504  -3.83053  -0.36914    82.11213    81.65874     0.45339
   3.16131  -3.53771  -0.36914    84.31406    83.83148     0.48258
   1.79816  -4.34618  -0.78589    77.41083    76.86315     0.54768
   2.20225  -4.23791  -0.78589    77.58339    77.04503     0.53836
   2.58140  -4.06111  -0.78589    78.32574    77.79752     0.52821
   2.92409  -3.82115  -0.78589    79.64978    79.15519     0.49460
   3.21991  -3.52533  -0.78589    81.58000    81.16483     0.41517
   1.69867  -4.32479  -1.20265    75.76236    75.07135     0.69101
   2.11177  -4.23050  -1.20265    75.75859    75.11550     0.64309
   2.50141  -4.06397  -1.20265    76.30076    75.70629     0.59448
   2.85504  -3.83053  -1.20265    77.37255    76.86054     0.51201
   3.16131  -3.53771  -1.20265    78.97521    78.61507     0.36014
   1.48871  -4.23535  -1.60674    75.05704    74.28812     0.76892
   1.91310  -4.17433  -1.60674    74.59331    73.88817     0.70514
   2.31827  -4.03410  -1.60674    74.78031    74.14232     0.63799
   2.68958  -3.81973  -1.60674    75.51700    74.98274     0.53427
   3.01361  -3.53895  -1.60674    76.75194    76.39920     0.35274
   3.27865  -3.20193  -1.60674    78.43367    78.40212     0.03154
   1.69614  -4.03714  -1.98589    74.18731    73.47708     0.71023
   2.10326  -3.93173  -1.98589    73.91058    73.26521     0.64536
   2.48083  -3.74652  -1.98589    74.26387    73.72183     0.54204
   2.81339  -3.48910  -1.98589    75.11979    74.75496     0.36483
   3.08733  -3.17000  -1.98589    76.37293    76.31326     0.05967
   3.29142  -2.80230  -1.98589    77.88397    78.33896    -0.45499
   1.70065  -3.79322  -2.32858    73.91434    73.28488     0.62947
   2.10960  -3.67079  -2.32858    73.54662    72.98786     0.55876
   2.47928  -3.45735  -2.32858    73.88046    73.45385     0.42661
   2.78978  -3.16441  -2.32858    74.72195    74.52771     0.19424
   3.02435  -2.80776  -2.32858    75.90355    76.08974    -0.18619
   1.69527  -3.49307  -2.62440    73.83402    73.32425     0.50977
   2.09114  -3.35238  -2.62440    73.45438    73.01457     0.43981
   2.43437  -3.11010  -2.62440    73.80265    73.50992     0.29273
   2.69951  -2.78420  -2.62440    74.65920    74.60852     0.05068
   1.58978  -3.16441  -2.86435    74.12017    73.74763     0.37254
   1.98140  -3.02187  -2.86435    73.63698    73.30843     0.32855
   2.30065  -2.75399  -2.86435    74.00596    73.79714     0.20882
   2.50903  -2.39307  -2.86435    75.02378    74.96311     0.06067
   1.38140  -2.80349  -3.04115    74.88322    74.67313     0.21009
   1.79183  -2.69352  -3.04115    74.13962    73.90285     0.23677
   2.09228  -2.39307  -3.04115    74.59707    74.40434     0.19274
   1.79816  -1.98264  -3.14943    75.80566    75.57894     0.22672
   1.58978  -2.34357  -3.14943    74.97923    74.82157     0.15766
   0.82365   0.58951  -2.94610    76.37795    75.95954     0.41841
   1.03316  -0.00887  -3.18606    75.90857    75.14306     0.76551
   0.71391   0.25901  -3.18606    73.49831    73.17156     0.32674
   0.93476  -0.78022  -3.36286    74.45902    74.02168     0.43734
   0.82478  -0.36979  -3.36286    73.43806    72.96968     0.46838
   0.52433  -0.06934  -3.36286    71.20727    71.06797     0.13929
   0.11391   0.04063  -3.36286    68.07976    68.54255    -0.46279
  -0.59697  -0.36979  -3.36286    64.74078    66.00205    -1.26127
  -0.29652  -1.49109  -3.36286    72.20564    73.36441    -1.15877
   0.11391  -1.60107  -3.36286    73.69723    74.34492    -0.64770
   0.52433  -1.49109  -3.36286    74.32223    74.51001    -0.18779
   0.82478  -1.19064  -3.36286    74.58515    74.42119     0.16396
   0.53066  -0.78022  -3.47113    71.81344    71.71709     0.09635
   0.32229  -0.41930  -3.47113    69.95225    70.01046    -0.05821
  -0.09447  -0.41930  -3.47113    67.56018    68.10349    -0.54331
  -0.30285  -0.78022  -3.47113    67.99944    68.77001    -0.77057
  -0.09447  -1.14114  -3.47113    70.41221    71.04797    -0.63576
   0.32229  -1.14114  -3.47113    71.88184    72.08670    -0.20486
   0.11391  -0.78022  -3.50760    69.68807    69.98629    -0.29822
  -0.20104  -3.47950   3.21467    73.29311    72.54286     0.75025
  -0.70354  -3.52900   3.10639    71.07424    70.58878     0.48546
  -0.40309  -3.82945   3.10639    71.86239    71.45254     0.40985
   0.00733  -3.93942   3.10639    72.72647    72.43344     0.29303
  -0.91192  -3.88992   2.92959    72.11904    71.71427     0.40477
  -0.59267  -4.15781   2.92959    71.90318    71.63027     0.27290
  -0.20104  -4.30035   2.92959    71.51287    71.41239     0.10048
   0.21571  -4.30035   2.92959    71.95714    72.01200    -0.05486
   0.60733  -4.15781   2.92959    73.74429    73.95411    -0.20982
  -0.88230  -4.37891   2.68964    73.76876    73.43892     0.32984
  -0.50928  -4.57219   2.68964    71.97848    71.90521     0.07326
  -0.09794  -4.65767   2.68964    70.85963    70.98826    -0.12863
   0.32120  -4.62900   2.68964    70.89853    71.19011    -0.29158
   0.71707  -4.48831   2.68964    72.19873    72.67017    -0.47143
   1.06030  -4.24603   2.68964    74.78031    75.52167    -0.74137
  -0.51996  -4.87985   2.39382    72.17426    72.26862    -0.09436
  -0.09957  -4.95397   2.39382    70.25283    70.55744    -0.30461
   0.32659  -4.92915   2.39382    69.79223    70.23910    -0.44687
   0.73553  -4.80672   2.39382    70.62619    71.21725    -0.59106
   1.10521  -4.59328   2.39382    72.61603    73.42646    -0.81043
   1.41571  -4.30035   2.39382    75.72847    76.92773    -1.19926
  -0.09794  -5.19437   2.05113    69.44710    69.95902    -0.51191
   0.32207  -5.17307   2.05113    68.71166    69.31316    -0.60150
   0.72919  -5.06766   2.05113    69.28583    69.96758    -0.68175
   1.10677  -4.88245   2.05113    70.91297    71.72507    -0.81210
   1.43933  -4.62503   2.05113    73.49956    74.55210    -1.05254
   1.71326  -4.30593   2.05113    77.07574    78.57261    -1.49688
   0.11465  -5.37128   1.67198    67.61289    68.40228    -0.78938
   0.53903  -5.31027   1.67198    67.65745    68.43831    -0.78086
   0.94420  -5.17003   1.67198    68.85662    69.65522    -0.79860
   1.31552  -4.95566   1.67198    70.98325    71.86582    -0.88258
   1.63955  -4.67489   1.67198    74.00345    75.07869    -1.07524
   1.90458  -4.33786   1.67198    78.03520    79.47479    -1.43959
   0.32460  -5.46072   1.26789    65.90858    66.90971    -1.00114
   0.73771  -5.36643   1.26789    66.93832    67.82528    -0.88695
   1.12734  -5.19990   1.26789    68.80893    69.64631    -0.83739
   1.48098  -4.96646   1.26789    71.42376    72.28440    -0.86064
   1.78725  -4.67364   1.26789    74.84431    75.81233    -0.96801
   0.42409  -5.48211   0.85113    64.38749    65.54204    -1.15454
   0.82818  -5.37384   0.85113    66.31207    67.23725    -0.92518
   1.20733  -5.19704   0.85113    68.76312    69.56179    -0.79867
   1.55002  -4.95708   0.85113    71.78269    72.52938    -0.74669
   1.84584  -4.66127   0.85113    75.51449    76.26281    -0.74831
   2.08580  -4.31858   0.85113    80.20764    80.98745    -0.77981
   0.73771  -5.36643   0.43438    64.98990    65.95226    -0.96235
   1.12734  -5.19990   0.43438    68.07035    68.79487    -0.72452
   1.48098  -4.96646   0.43438    71.48149    72.06870    -0.58721
   1.78725  -4.67364   0.43438    75.47496    75.96490    -0.48994
   2.03631  -4.33083   0.43438    80.33565    80.71919    -0.38355
   0.94420  -5.17003   0.03028    66.93456    67.54742    -0.61286
   1.31552  -4.95566   0.03028    70.87657    71.27498    -0.39841
   1.63955  -4.67489   0.03028    75.16121    75.39254    -0.23134
   1.90458  -4.33786   0.03028    80.17877    80.21322    -0.03445
   1.10677  -4.88245  -0.34887    70.60235    70.71835    -0.11600
   1.43933  -4.62503  -0.34887    75.19446    75.12551     0.06896
   0.72283  -5.07731  -1.75246    61.51664    60.72823     0.78840
   1.01865  -4.78150  -1.75246    66.29575    65.58252     0.71323
   1.25860  -4.43881  -1.75246    71.33967    70.62728     0.71239
   0.30015  -5.32013  -2.16922    55.91298    54.83283     1.08014
   0.65378  -5.08670  -2.16922    59.87884    58.98715     0.89169
   0.96005  -4.79387  -2.16922    64.00722    63.25195     0.75527
   1.20912  -4.45107  -2.16922    68.38473    67.70296     0.68177
   1.39297  -4.06929  -2.16922    73.10737    72.42376     0.68360
  -0.28816  -5.43050  -2.57331    51.70051    50.20802     1.49249
   0.11701  -5.29027  -2.57331    54.79225    53.57754     1.21470
   0.48832  -5.07589  -2.57331    58.14252    57.15623     0.98629
   0.81235  -4.79512  -2.57331    61.71807    60.91078     0.80729
   1.07739  -4.45809  -2.57331    65.52580    64.84782     0.67797
   1.27385  -4.07700  -2.57331    69.57637    68.97912     0.59725
   1.39465  -3.66562  -2.57331    73.84093    73.28408     0.55684
   1.25860  -3.23881  -2.95246    73.56168    73.22495     0.33673
  -0.92513  -5.31460  -2.95246    49.83806    48.02925     1.80881
  -0.50512  -5.29330  -2.95246    51.72373    50.19413     1.52960
  -0.09800  -5.18789  -2.95246    54.11579    52.84860     1.26719
   0.27957  -5.00268  -2.95246    56.86993    55.83330     1.03663
   0.61213  -4.74526  -2.95246    59.90017    59.05801     0.84216
   0.88606  -4.42617  -2.95246    63.15569    62.47244     0.68325
   1.09016  -4.05846  -2.95246    66.58754    66.03263     0.55491
   1.21605  -3.65720  -2.95246    70.11101    69.66488     0.44613
   1.01865  -3.23881  -3.29515    69.72823    69.49216     0.23607
   0.96909  -2.81482  -3.29515    72.29035    72.22579     0.06456
   0.82309  -2.41369  -3.29515    74.17476    74.29856    -0.12380
  -1.73911  -4.83100  -3.29515    50.07589    48.33378     1.74211
  -1.34715  -5.00008  -3.29515    50.30304    48.61847     1.68458
  -0.92676  -5.07420  -3.29515    51.28886    49.76718     1.52168
  -0.50061  -5.04938  -3.29515    52.95364    51.64187     1.31178
  -0.09167  -4.92695  -3.29515    55.14993    54.05470     1.09523
   0.27802  -4.71352  -3.29515    57.73903    56.84756     0.89147
   0.58852  -4.42058  -3.29515    60.61052    59.90268     0.70783
   0.82309  -4.06393  -3.29515    63.66272    63.11870     0.54402
   0.96909  -3.66280  -3.29515    66.76576    66.37417     0.39159
   0.72283  -3.23881  -3.59097    66.49404    66.33589     0.15815
   0.66562  -2.82259  -3.59097    68.58742    68.63649    -0.04907
   0.49824  -2.43725  -3.59097    69.95350    70.23760    -0.28409
   0.23311  -2.11135  -3.59097    70.38900    70.95316    -0.56417
  -0.11012  -1.86908  -3.59097    69.80290    70.73024    -0.92734
  -0.50599  -1.72838  -3.59097    68.27743    69.66574    -1.38831
  -2.23483  -3.85342  -3.59097    50.81886    50.49154     0.32731
  -2.01654  -4.21238  -3.59097    51.07927    50.21375     0.86552
  -1.70950  -4.49914  -3.59097    51.15081    49.99268     1.15813
  -1.33648  -4.69242  -3.59097    51.51100    50.26804     1.24296
  -0.92514  -4.77790  -3.59097    52.45038    51.26347     1.18692
  -0.50599  -4.74923  -3.59097    54.00661    52.95531     1.05130
  -0.11012  -4.60854  -3.59097    56.08241    55.20105     0.88136
   0.23311  -4.36626  -3.59097    58.53785    57.83475     0.70310
   0.49824  -4.04036  -3.59097    61.21857    60.69356     0.52501
   0.66562  -3.65502  -3.59097    63.94636    63.60021     0.34614
   0.38014  -3.23881  -3.83092    63.72798    63.65467     0.07331
   0.30777  -2.82838  -3.83092    65.43857    65.61866    -0.18009
   0.09939  -2.46746  -3.83092    66.24430    66.72440    -0.48010
  -0.21986  -2.19958  -3.83092    65.95439    66.79227    -0.83788
  -0.61148  -2.05704  -3.83092    64.60524    65.83389    -1.22865
  -1.02824  -2.05704  -3.83092    62.42778    63.97029    -1.54251
  -1.41986  -2.19958  -3.83092    59.64603    61.28032    -1.63428
  -2.01986  -3.23881  -3.83092    52.31672    52.91655    -0.59983
  -1.94749  -3.64923  -3.83092    51.95528    51.98056    -0.02528
  -1.73911  -4.01015  -3.83092    52.04438    51.58616     0.45822
  -1.41986  -4.27804  -3.83092    52.38073    51.63878     0.74195
  -1.02824  -4.42058  -3.83092    53.18394    52.35189     0.83205
  -0.61148  -4.42058  -3.83092    54.60462    53.82042     0.78420
  -0.21986  -4.27804  -3.83092    56.59132    55.93465     0.65667
   0.09939  -4.01015  -3.83092    58.95891    58.47117     0.48774
   0.30777  -3.64923  -3.83092    61.44636    61.15278     0.29358
   0.00099  -3.23881  -4.00773    61.33592    61.36311    -0.02719
  -0.10899  -2.82838  -4.00773    62.66247    63.00753    -0.34506
  -0.40944  -2.52793  -4.00773    62.59345    63.30200    -0.70856
  -0.81986  -2.41796  -4.00773    61.08366    62.11617    -1.03251
  -1.23028  -2.52793  -4.00773    58.57864    59.72063    -1.14199
  -1.53074  -2.82838  -4.00773    55.88537    56.82510    -0.93973
  -1.64071  -3.23881  -4.00773    54.05116    54.55280    -0.50165
  -1.53074  -3.64923  -4.00773    53.44687    53.44822    -0.00136
  -1.23028  -3.94968  -4.00773    53.74180    53.39226     0.34953
  -0.81986  -4.05966  -4.00773    54.86127    54.39215     0.46913
  -0.40944  -3.94968  -4.00773    56.77392    56.36972     0.40420
  -0.10899  -3.64923  -4.00773    59.13650    58.91030     0.22620
  -0.40311  -3.23881  -4.11600    59.24254    59.38639    -0.14385
  -0.61148  -2.87789  -4.11600    59.76400    60.27633    -0.51232
  -1.02824  -2.87789  -4.11600    57.87332    58.55688    -0.68356
  -1.23662  -3.23881  -4.11600    55.68519    56.07672    -0.39152
  -1.02824  -3.59973  -4.11600    55.39152    55.37460     0.01691
  -0.61148  -3.59973  -4.11600    57.03057    56.93506     0.09552
  -0.81986  -3.23881  -4.15246    57.38261    57.65168    -0.26908
  -2.02565  -4.30407   2.92742    70.05014    69.28868     0.76146
  -1.60890  -4.30407   2.89096    71.14891    70.50350     0.64541
  -1.81727  -3.94315   2.89096    71.35913    70.66438     0.69474
  -2.23403  -3.94315   2.89096    70.71656    69.89049     0.82607
  -2.44241  -4.30407   2.89096    69.50107    68.64609     0.85498
  -2.23403  -4.66499   2.89096    68.37720    67.62092     0.75628
  -1.81727  -4.66499   2.89096    69.19924    68.54439     0.65485
  -1.20480  -4.30407   2.78268    72.92351    72.41645     0.50706
  -1.31478  -3.89365   2.78268    73.50333    72.94689     0.55643
  -2.73653  -3.89365   2.78268    71.01274    70.03868     0.97406
  -2.84650  -4.30407   2.78268    69.34356    68.43248     0.91109
  -2.73653  -4.71450   2.78268    67.56269    66.74776     0.81493
  -2.43608  -5.01495   2.78268    66.53107    65.81482     0.71624
  -2.02565  -5.12492   2.78268    66.65657    66.04791     0.60866
  -1.61523  -5.01495   2.78268    68.07286    67.56407     0.50879
  -1.31478  -4.71450   2.78268    70.51575    70.05184     0.46392
  -3.15328  -3.89365   2.60588    71.69422    70.65563     1.03859
  -3.22565  -4.30407   2.60588    69.41008    68.49458     0.91550
  -3.15328  -4.71450   2.60588    67.23953    66.42499     0.81454
  -2.94490  -5.07542   2.60588    65.58165    64.84613     0.73552
  -2.62565  -5.34330   2.60588    64.59959    63.94118     0.65841
  -2.23403  -5.48584   2.60588    64.39000    63.82590     0.56410
  -1.81727  -5.48584   2.60588    65.04324    64.59375     0.44950
  -1.42565  -5.34330   2.60588    66.63712    66.30364     0.33347
  -1.10640  -5.07542   2.60588    69.16347    68.91344     0.25003
  -0.89802  -4.71450   2.60588    72.36314    72.12498     0.23816
  -3.55397  -4.09401   2.36593    71.00270    70.06742     0.93528
  -3.55397  -4.51413   2.36593    68.17640    67.37539     0.80101
  -3.44063  -4.91868   2.36593    65.85461    65.13680     0.71781
  -3.22233  -5.27765   2.36593    64.08943    63.42557     0.66386
  -2.91529  -5.56440   2.36593    62.88963    62.27674     0.61289
  -2.54227  -5.75769   2.36593    62.27530    61.73288     0.54241
  -2.13093  -5.84317   2.36593    62.29224    61.85216     0.44008
  -1.71178  -5.81449   2.36593    63.01450    62.70694     0.30756
  -1.31591  -5.67380   2.36593    64.53872    64.37644     0.16229
  -0.97268  -5.43153   2.36593    66.95903    66.92597     0.03305
  -0.70755  -5.10563   2.36593    70.30616    70.35496    -0.04880
  -3.85173  -4.51751   2.07011    67.98061    67.30329     0.67732
  -3.75328  -4.93288   2.07011    65.31935    64.71444     0.60491
  -3.56170  -5.31435   2.07011    63.23539    62.66166     0.57373
  -3.28731  -5.64135   2.07011    61.66661    61.11208     0.55453
  -2.94490  -5.89626   2.07011    60.59232    60.06898     0.52334
  -2.55294  -6.06534   2.07011    60.01940    59.56044     0.45897
  -2.13255  -6.13947   2.07011    59.98489    59.63419     0.35070
  -1.70640  -6.11465   2.07011    60.55718    60.35693     0.20024
  -1.29746  -5.99222   2.07011    61.83667    61.81434     0.02233
  -0.92777  -5.77878   2.07011    63.95389    64.10891    -0.15502
  -0.61727  -5.48584   2.07011    67.04751    67.35029    -0.30278
  -4.09345  -4.51435   1.72742    67.67000    67.18065     0.48935
  -4.00879  -4.92629   1.72742    64.79914    64.36059     0.43855
  -3.84295  -5.31275   1.72742    62.48677    62.05216     0.43460
  -3.60270  -5.65792   1.72742    60.64064    60.19129     0.44934
  -3.29789  -5.94767   1.72742    59.22435    58.76387     0.46048
  -2.94099  -6.17012   1.72742    58.22535    57.78025     0.44510
  -2.54662  -6.31618   1.72742    57.65181    57.26640     0.38540
  -2.13092  -6.37987   1.72742    57.53384    57.26304     0.27080
  -1.71091  -6.35856   1.72742    57.93042    57.82780     0.10262
  -1.30379  -6.25315   1.72742    58.93506    59.03831    -0.10325
  -0.92622  -6.06794   1.72742    60.67327    60.99556    -0.32229
  -0.59366  -5.81052   1.72742    63.30441    63.82721    -0.52280
  -0.31973  -5.49143   1.72742    67.01425    67.69132    -0.67707
  -4.27070  -4.51845   1.34827    67.16862    66.93187     0.23675
  -4.18956  -4.93945   1.34827    64.07060    63.84833     0.22227
  -4.03021  -5.33749   1.34827    61.49279    61.24014     0.25265
  -3.79841  -5.69818   1.34827    59.36365    59.05763     0.30602
  -3.50253  -6.00848   1.34827    57.65557    57.29713     0.35845
  -3.15328  -6.25719   1.34827    56.35475    55.96962     0.38512
  -2.76328  -6.43530   1.34827    55.45741    55.09469     0.36272
  -2.34661  -6.53638   1.34827    54.97673    54.70290     0.27384
  -1.91834  -6.55678   1.34827    54.95163    54.84021     0.11143
  -1.49395  -6.49576   1.34827    55.45741    55.57262    -0.11521
  -4.37968  -4.51594   0.94418    66.80529    66.86926    -0.06397
  -4.30402  -4.93286   0.94418    63.53973    63.57021    -0.03048
  -4.15513  -5.32957   0.94418    60.66636    60.63142     0.03494
  -3.93779  -5.69332   0.94418    58.20464    58.08046     0.12419
  -3.65900  -6.01243   0.94418    56.16524    55.94674     0.21850
  -3.32772  -6.27662   0.94418    54.54062    54.24745     0.29317
  -3.78695   0.09154  -2.86458    43.73490    42.36430     1.37060
  -3.47156   0.07497  -3.20727    44.43646    43.46157     0.97489
  -3.74595  -0.25204  -3.20727    42.09334    40.88754     1.20580
  -0.66721  -1.26231  -3.50309    67.59972    69.00473    -1.40501
  -0.72442  -0.84610  -3.50309    65.40657    66.65927    -1.25270
  -0.89180  -0.46076  -3.50309    61.99166    63.38797    -1.39630
  -2.72652   0.19130  -3.50309    47.39203    47.32251     0.06952
  -3.09954  -0.00198  -3.50309    45.69022    45.19833     0.49189
  -3.40658  -0.28874  -3.50309    43.61756    42.86238     0.75518
  -3.62488  -0.64770  -3.50309    40.99206    40.11708     0.87498
  -1.00990  -1.26231  -3.74304    62.51061    63.92177    -1.41115
  -1.08227  -0.85189  -3.74304    60.61303    61.87632    -1.26330
  -1.29065  -0.49097  -3.74304    57.64679    58.87782    -1.23104
  -1.60990  -0.22308  -3.74304    54.34672    55.47191    -1.12519
  -2.00152  -0.08054  -3.74304    51.39554    52.18429    -0.78875
  -2.41828  -0.08054  -3.74304    48.98716    49.29748    -0.31033
  -2.80990  -0.22308  -3.74304    46.86680    46.75679     0.11001
  -3.12915  -0.49097  -3.74304    44.68934    44.32018     0.36917
  -3.33753  -0.85189  -3.74304    42.31359    41.88516     0.42843
  -1.08227  -1.67274  -3.74304    62.96054    64.62074    -1.66020
  -1.38905  -1.26231  -3.91984    58.11805    59.37511    -1.25706
  -1.49903  -0.85189  -3.91984    56.32463    57.39714    -1.07251
  -1.79948  -0.55144  -3.91984    53.40796    54.26324    -0.85528
  -2.20990  -0.44146  -3.91984    50.41286    50.91944    -0.50658
  -2.62033  -0.55144  -3.91984    47.76289    47.91013    -0.14724
  -2.92078  -0.85189  -3.91984    45.40282    45.37970     0.02312
  -3.03075  -1.26231  -3.91984    43.64893    43.75366    -0.10472
  -1.79948  -1.97319  -3.91984    55.43984    56.83900    -1.39916
  -1.49903  -1.67274  -3.91984    57.91160    59.33192    -1.42032
  -1.79315  -1.26231  -4.02812    54.20929    55.22308    -1.01379
  -2.00152  -0.90139  -4.02812    52.13851    52.88190    -0.74339
  -2.41828  -0.90139  -4.02812    48.98904    49.41173    -0.42269
  -2.62666  -1.26231  -4.02812    47.13663    47.55452    -0.41789
  -2.41828  -1.62323  -4.02812    48.76941    49.53763    -0.76822
  -2.00152  -1.62323  -4.02812    52.70703    53.75933    -1.05230
  -2.20990  -1.26231  -4.06458    50.60425    51.32922    -0.72497
  -4.59753  -4.31625   0.78757    65.56345    65.77276    -0.20932
  -5.09325  -4.15952   0.54762    59.46719    59.83642    -0.36923
  -4.87496  -4.51848   0.54762    60.52266    60.77872    -0.25606
  -4.56792  -4.80524   0.54762    62.04061    62.28410    -0.24349
  -5.40591  -4.17371   0.25180    55.06772    55.43082    -0.36310
  -5.21433  -4.55518   0.25180    56.15457    56.37725    -0.22268
  -4.93994  -4.88219   0.25180    57.28660    57.46934    -0.18274
  -4.59753  -5.13710   0.25180    58.42866    58.66308    -0.23442
  -5.66142  -4.16712  -0.09089    51.36103    51.62596    -0.26494
  -5.49557  -4.55359  -0.09089    52.61102    52.73302    -0.12199
  -5.25533  -4.89876  -0.09089    53.71544    53.78167    -0.06623
  -4.95052  -5.18850  -0.09089    54.62784    54.71821    -0.09037
  -4.59362  -5.41096  -0.09089    55.28484    55.47692    -0.19208
  -5.84219  -4.18029  -0.47004    48.32639    48.40577    -0.07938
  -5.68283  -4.57833  -0.47004    49.80606    49.76381     0.04224
  -5.45103  -4.93902  -0.47004    51.02029    50.93283     0.08746
  -5.15516  -5.24932  -0.47004    51.94084    51.87633     0.06451
  -4.80591  -5.49802  -0.47004    52.50309    52.53109    -0.02800
  -4.41590  -5.67613  -0.47004    52.57965    52.77438    -0.19474
  -5.95664  -4.17370  -0.87413    45.73289    45.58717     0.14572
  -5.80775  -4.57041  -0.87413    47.39454    47.16370     0.23083
  -5.59042  -4.93416  -0.87413    48.72800    48.47097     0.25703
  -5.31163  -5.25326  -0.87413    49.72574    49.49560     0.23014
  -4.98034  -5.51745  -0.87413    50.34822    50.19760     0.15062
  -4.60721  -5.71825  -0.87413    50.50071    50.49006     0.01065
  -4.20421  -5.84919  -0.87413    50.00309    50.20240    -0.19931
  -5.93354  -4.36576  -1.29089    44.52619    44.11508     0.41111
  -5.75674  -4.74491  -1.29089    46.15081    45.72187     0.42895
  -5.51678  -5.08760  -1.29089    47.41462    47.00696     0.40766
  -5.22097  -5.38341  -1.29089    48.31321    47.96345     0.34976
  -4.87828  -5.62337  -1.29089    48.80643    48.55379     0.25264
  -4.49912  -5.80017  -1.29089    48.80141    48.69388     0.10754
  -4.09503  -5.90845  -1.29089    48.13123    48.22545    -0.09422
  -5.80775  -4.57041  -1.70764    43.83468    43.24083     0.59385
  -5.59042  -4.93416  -1.70764    45.37835    44.81948     0.55887
  -5.31163  -5.25326  -1.70764    46.52669    46.02658     0.50012
  -4.98034  -5.51745  -1.70764    47.26778    46.85198     0.41580
  -4.60721  -5.71825  -1.70764    47.55267    47.25015     0.30252
  -4.20421  -5.84919  -1.70764    47.28284    47.12674     0.15610
  -3.78432  -5.90607  -1.70764    46.29765    46.31975    -0.02210
  -5.68283  -4.57833  -2.11173    42.60287    41.89945     0.70343
  -5.45103  -4.93902  -2.11173    44.22812    43.58513     0.64299
  -5.15516  -5.24932  -2.11173    45.42228    44.85257     0.56971
  -4.80591  -5.49802  -2.11173    46.18533    45.70113     0.48420
  -4.41590  -5.67613  -2.11173    46.48590    46.09910     0.38681
  -3.99923  -5.77721  -2.11173    46.26690    45.98039     0.28651
  -3.57097  -5.79762  -2.11173    45.45804    45.24875     0.20929
  -5.49557  -4.55359  -2.49089    41.52168    40.78322     0.73846
  -5.25533  -4.89876  -2.49089    43.20026    42.53233     0.66794
  -4.95052  -5.18850  -2.49089    44.43771    43.84286     0.59485
  -4.59362  -5.41096  -2.49089    45.25159    44.72814     0.52345
  -4.19925  -5.55702  -2.49089    45.64881    45.18420     0.46461
  -3.78355  -5.62070  -2.49089    45.64441    45.20134     0.44307
  -3.36354  -5.59940  -2.49089    45.31246    44.79750     0.51496
  -5.21433  -4.55518  -2.83358    40.90107    40.22387     0.67720
  -4.93994  -4.88219  -2.83358    42.62547    42.01371     0.61176
  -4.59753  -5.13710  -2.83358    43.87546    43.32103     0.55444
  -4.20557  -5.30618  -2.83358    44.70503    44.18439     0.52064
  -3.78518  -5.38030  -2.83358    45.19951    44.65655     0.54296
  -3.35902  -5.35548  -2.83358    45.53272    44.85171     0.68100
  -2.95008  -5.23305  -2.83358    46.06924    45.03443     1.03481
  -4.56792  -4.80524  -3.12939    42.20252    41.70419     0.49833
  -4.19489  -4.99853  -3.12939    43.48766    43.00470     0.48297
  -3.78355  -5.08400  -3.12939    44.45089    43.92761     0.52328
  -3.36441  -5.05533  -3.12939    45.33129    44.66193     0.66936
  -2.96854  -4.91464  -3.12939    46.52104    45.54934     0.97170
  -2.62531  -4.67236  -3.12939    48.50774    47.10677     1.40097
  -4.27828  -4.58414  -3.36935    41.38990    41.05883     0.33107
  -3.88666  -4.72668  -3.36935    42.93859    42.57967     0.35892
  -3.46990  -4.72668  -3.36935    44.26578    43.81708     0.44869
  -3.38673  -2.07109   3.37340    62.22321    61.91576     0.30746
  -3.80349  -2.07109   3.33694    62.89904    62.72993     0.16911
  -3.59511  -2.43201   3.33694    62.54952    62.18328     0.36624
  -3.17836  -2.43201   3.33694    62.39201    61.95496     0.43705
  -4.09761  -2.48151   3.22866    62.76099    62.45544     0.30555
  -3.79716  -2.78196   3.22866    62.89277    62.45028     0.44249
  -3.38673  -2.89193   3.22866    63.56608    63.03663     0.52946
  -2.97631  -2.78196   3.22866    63.58240    63.07599     0.50641
  -4.51437  -2.48151   3.05186    62.99819    62.70768     0.29051
  -4.30599  -2.84243   3.05186    62.60349    62.20766     0.39583
  -3.98673  -3.11032   3.05186    63.28684    62.77612     0.51073
  -3.59511  -3.25286   3.05186    64.60838    63.98839     0.61998
  -3.17836  -3.25286   3.05186    65.84583    65.16455     0.68128
  -2.78673  -3.11032   3.05186    66.00772    65.40154     0.60619
  -4.80171  -2.68570   2.81191    62.53132    62.21148     0.31984
  -4.58342  -3.04466   2.81191    62.33366    61.93505     0.39861
  -4.27637  -3.33142   2.81191    63.24166    62.73083     0.51083
  -3.90335  -3.52470   2.81191    64.99869    64.35592     0.64277
  -3.49201  -3.61018   2.81191    67.25333    66.46786     0.78547
  -3.07286  -3.58151   2.81191    69.33290    68.43766     0.89524
  -2.67700  -3.44082   2.81191    70.17188    69.30789     0.86399
  -5.11437  -2.69989   2.51609    62.18556    61.92193     0.26363
  -4.92278  -3.08136   2.51609    61.74819    61.42962     0.31857
  -4.64839  -3.40837   2.51609    62.50183    62.08106     0.42077
  -4.30599  -3.66328   2.51609    64.26325    63.71010     0.55314
  -3.91402  -3.83236   2.51609    66.93769    66.21609     0.72161
  -3.49363  -3.90648   2.51609    70.35072    69.41629     0.93443
  -5.36987  -2.69330   2.17340    61.52229    61.39484     0.12745
  -5.20403  -3.07977   2.17340    60.98137    60.79961     0.18176
  -4.96378  -3.42494   2.17340    61.59759    61.31854     0.27904
  -4.65897  -3.71468   2.17340    63.20401    62.80184     0.40217
  -4.30208  -3.93714   2.17340    65.78810    65.23212     0.55598
  -3.90771  -4.08320   2.17340    69.45965    68.69487     0.76479
  -5.55064  -2.70647   1.79425    60.34320    60.44299    -0.09979
  -5.39129  -3.10451   1.79425    59.99932    60.00715    -0.00783
  -5.15949  -3.46520   1.79425    60.79438    60.68931     0.10506
  -4.86362  -3.77550   1.79425    62.57776    62.34589     0.23187
  -4.51437  -4.02420   1.79425    65.36327    64.98361     0.37966
  -4.12436  -4.20231   1.79425    69.38373    68.80660     0.57713
  -5.66510  -2.69988   1.39015    58.75685    59.15288    -0.39603
  -5.51621  -3.09659   1.39015    58.74932    59.01082    -0.26149
  -5.29888  -3.46034   1.39015    59.80981    59.94106    -0.13125
  -5.02009  -3.77944   1.39015    61.80718    61.80766    -0.00048
  -4.68880  -4.04363   1.39015    64.72007    64.58509     0.13498
  -4.31566  -4.24443   1.39015    68.73990    68.44916     0.29074
  -5.75027  -2.48784   0.97340    56.89817    57.72372    -0.82555
  -5.64200  -2.89193   0.97340    56.82036    57.46544    -0.64508
  -5.46519  -3.27109   0.97340    57.86893    58.36276    -0.49384
  -5.22524  -3.61378   0.97340    59.92025    60.26989    -0.34964
  -4.92942  -3.90959   0.97340    62.85323    63.06609    -0.21286
  -4.58673  -4.14955   0.97340    66.60700    66.69912    -0.09212
  -5.74076  -2.28295   0.55664    54.14779    55.44202    -1.29423
  -5.66510  -2.69988   0.55664    54.11893    55.21508    -1.09615
  -4.76867  -0.35038   4.19427    49.07062    49.12603    -0.05541
  -4.35191  -0.35038   4.15781    50.31371    50.63391    -0.32020
  -4.97704   0.01054   4.15781    46.82099    46.73165     0.08934
  -5.18542  -0.35038   4.15781    47.99318    47.78827     0.20491
  -4.97704  -0.71130   4.15781    50.12295    50.02683     0.09612
  -4.56029  -0.71130   4.15781    51.35977    51.51471    -0.15494
  -5.47954   0.06004   4.04953    45.43420    45.03781     0.39639
  -5.58952  -0.35038   4.04953    47.05819    46.62277     0.43542
  -5.47954  -0.76081   4.04953    49.03861    48.65495     0.38366
  -5.17909  -1.06126   4.04953    51.11567    50.86959     0.24607
  -4.76867  -1.17123   4.04953    52.88776    52.84731     0.04044
  -4.35824  -1.06126   4.04953    53.78321    53.98356    -0.20035
  -4.05779  -0.76081   4.04953    53.38537    53.81296    -0.42759
  -5.68792   0.42096   3.87273    43.08104    42.52923     0.55181
  -5.89630   0.06004   3.87273    44.56259    43.95192     0.61067
  -5.96867  -0.35038   3.87273    46.24180    45.62237     0.61944
  -5.89630  -0.76081   3.87273    48.06848    47.48688     0.58160
  -5.68792  -1.12173   3.87273    50.03070    49.53256     0.49814
  -5.36867  -1.38961   3.87273    52.07450    51.70332     0.37119
  -4.97704  -1.53215   3.87273    54.03673    53.83027     0.20646
  -4.56029  -1.53215   3.87273    55.61617    55.59890     0.01726
  -4.16867  -1.38961   3.87273    56.44260    56.62607    -0.18347
  -3.84941  -1.12173   3.87273    56.28258    56.67147    -0.38889
  -5.96535   0.62319   3.63278    41.21545    40.51710     0.69835
  -6.18364   0.26423   3.63278    42.93546    42.18960     0.74585
  -6.29699  -0.14032   3.63278    44.65483    43.90184     0.75299
  -6.29699  -0.56045   3.63278    46.39931    45.67047     0.72883
  -6.18364  -0.96499   3.63278    48.22662    47.54813     0.67849
  -5.96535  -1.32396   3.63278    50.18256    49.58320     0.59936
  -5.65831  -1.61071   3.63278    52.28284    51.78920     0.49364
  -5.28528  -1.80400   3.63278    54.47410    54.10949     0.36461
  -4.87394  -1.88948   3.63278    56.59759    56.37558     0.22201
  -4.45480  -1.86081   3.63278    58.35776    58.28450     0.07326
  -4.05893  -1.72011   3.63278    59.39001    59.46124    -0.07123
  -3.71570  -1.47784   3.63278    59.44397    59.65553    -0.21155
  -6.30472   0.65989   3.33696    40.17755    39.37424     0.80331
  -6.49630   0.27842   3.33696    42.16613    41.33420     0.83193
  -6.59474  -0.13695   3.33696    43.99155    43.17213     0.81943
  -6.59474  -0.56382   3.33696    45.75925    44.97488     0.78437
  -6.49630  -0.97919   3.33696    47.56648    46.83350     0.73297
  -6.30472  -1.36066   3.33696    49.49356    48.82874     0.66481
  -6.03033  -1.68766   3.33696    51.60011    51.02114     0.57897
  -5.68792  -1.94258   3.33696    53.91436    53.43523     0.47913
  -5.29596  -2.11165   3.33696    56.40244    56.03043     0.37201
  -4.87557  -2.18578   3.33696    58.92314    58.65492     0.26822
  -4.44941  -2.16096   3.33696    61.17339    60.99817     0.17522
  -4.04047  -2.03853   3.33696    62.70640    62.60430     0.10209
  -6.58596   0.65830   2.99427    39.40822    38.56978     0.83844
  -6.75181   0.27183   2.99427    41.54301    40.69367     0.84934
  -6.83646  -0.14011   2.99427    43.41048    42.59311     0.81737
  -6.83646  -0.56066   2.99427    45.16500    44.39536     0.76963
  -6.75181  -0.97260   2.99427    46.92391    46.20998     0.71392
  -6.58596  -1.35906   2.99427    48.78133    48.13102     0.65031
  -6.34572  -1.70424   2.99427    50.81635    50.23909     0.57726
  -6.04090  -1.99398   2.99427    53.09483    52.59881     0.49602
  -5.68401  -2.21643   2.99427    55.66135    55.24731     0.41403
  -5.28964  -2.36249   2.99427    58.51024    58.16722     0.34302
  -4.87394  -2.42618   2.99427    61.53233    61.23622     0.29611
  -6.93257   0.28500   2.61512    40.85275    40.04805     0.80471
  -7.01372  -0.13601   2.61512    42.84509    42.09384     0.75125
  -7.01372  -0.56476   2.61512    44.66550    43.98034     0.68516
  -6.93257  -0.98576   2.61512    46.46331    45.84552     0.61779
  -6.77322  -1.38380   2.61512    48.35274    47.80394     0.54881
  -6.54142  -1.74449   2.61512    50.43357    49.95715     0.47641
  -6.24555  -2.05480   2.61512    52.79990    52.39876     0.40114
  -5.89630  -2.30350   2.61512    55.54338    55.21191     0.33146
  -5.50629  -2.48161   2.61512    58.73803    58.45425     0.28377
  -5.08962  -2.58269   2.61512    62.40205    62.11856     0.28350
  -7.04703   0.27841   2.21103    40.28862    39.58399     0.70463
  -7.12269  -0.13852   2.21103    42.35187    41.72782     0.62405
  -7.12269  -0.56225   2.21103    44.19926    43.66166     0.53760
  -7.04703  -0.97917   2.21103    45.99770    45.54253     0.45517
  -6.89814  -1.37588   2.21103    47.87584    47.49758     0.37826
  -6.68081  -1.73964   2.21103    49.94285    49.64089     0.30197
  -6.40202  -2.05874   2.21103    52.31296    52.08458     0.22838
  -6.07073  -2.32293   2.21103    55.10788    54.94449     0.16339
  -5.69760  -2.52372   2.21103    58.46632    58.33897     0.12735
  -7.13220   0.06637   1.79427    40.88538    40.37884     0.50654
  -7.16867  -0.35038   1.79427    42.87145    42.48201     0.38944
  -7.13220  -0.76714   1.79427    44.70001    44.41849     0.28153
  -7.02393  -1.17123   1.79427    46.53108    46.34566     0.18542
  -6.84713  -1.55038   1.79427    48.49456    48.39636     0.09820
  -6.60717  -1.89307   1.79427    50.71406    50.69818     0.01588
  -6.31136  -2.18889   1.79427    53.32827    53.38784    -0.05957
  -5.96867  -2.42884   1.79427    56.50786    56.62251    -0.11465
  -5.58952  -2.60565   1.79427    60.47184    60.58831    -0.11647
  -7.12269  -0.56225   1.37752    43.48515    43.39940     0.08575
  -7.04703  -0.97917   1.37752    45.36580    45.41004    -0.04424
  -6.89814  -1.37588   1.37752    47.31861    47.47512    -0.15652
  -6.68081  -1.73964   1.37752    49.49293    49.75172    -0.25879
  -6.40202  -2.05874   1.37752    52.05254    52.40630    -0.35376
  -6.07073  -2.32293   1.37752    55.20389    55.63787    -0.43398
  -6.93257  -0.98576   0.97342    45.20767    45.56166    -0.35399
  -6.77322  -1.38380   0.97342    47.22574    47.72126    -0.49552
  -6.54142  -1.74449   0.97342    49.50046    50.12461    -0.62415
  -6.24555  -2.05480   0.97342    52.23766    52.98518    -0.74752
  -5.89630  -2.30350   0.97342    55.71845    56.57716    -0.85870
  -6.58596  -1.35906   0.59427    47.02054    47.86449    -0.84394
  -6.34572  -1.70424   0.59427    49.24506    50.25500    -1.00993
  -6.04090  -1.99398   0.59427    51.93959    53.12106    -1.18147
  -4.53788   4.32200   3.07171    40.44738    40.60064    -0.15327
  -4.74625   4.68292   3.03525    41.51603    41.73428    -0.21825
  -4.95463   4.32200   3.03525    40.45868    40.70807    -0.24939
  -4.74625   3.96108   3.03525    38.81648    39.01143    -0.19495
  -4.32950   3.96108   3.03525    39.13714    39.07806     0.05908
  -4.53788   5.14285   2.92698    42.27469    42.52301    -0.24833
  -4.94830   5.03287   2.92698    42.42529    42.61519    -0.18990
  -5.24875   4.73242   2.92698    41.88689    42.10785    -0.22096
  -5.35872   4.32200   2.92698    40.52205    40.86147    -0.33942
  -5.24875   3.91157   2.92698    38.31761    38.82458    -0.50696
  -4.74625   5.50377   2.75017    43.12936    43.26733    -0.13797
  -5.13788   5.36123   2.75017    43.23415    43.33243    -0.09828
  -5.45713   5.09334   2.75017    42.90659    43.03667    -0.13008
  -5.66551   4.73242   2.75017    42.09083    42.31615    -0.22532
  -5.73788   4.32200   2.75017    40.64756    41.04520    -0.39765
  -5.66551   3.91157   2.75017    38.36530    39.04421    -0.67891
  -5.05449   5.77561   2.51022    44.00034    43.96287     0.03747
  -5.42751   5.58233   2.51022    43.92002    43.89672     0.02330
  -5.73456   5.29557   2.51022    43.53661    43.57658    -0.03997
  -5.95285   4.93661   2.51022    42.81497    42.95943    -0.14446
  -6.06620   4.53206   2.51022    41.64279    41.94630    -0.30351
  -6.06620   4.11193   2.51022    39.80732    40.36621    -0.55889
  -5.06516   6.08327   2.21440    44.80481    44.57774     0.22707
  -5.45713   5.91419   2.21440    44.69123    44.49944     0.19179
  -5.79954   5.65928   2.21440    44.36429    44.24970     0.11459
  -6.07393   5.33227   2.21440    43.82715    43.81483     0.01232
  -6.26551   4.95080   2.21440    43.02582    43.13957    -0.11375
  -6.36395   4.53544   2.21440    41.83794    42.12038    -0.28244
  -6.36395   4.10856   2.21440    40.04452    40.58389    -0.53937
  -6.26551   3.69319   2.21440    37.26026    38.24336    -0.98310
  -5.45322   6.18805   1.87171    45.50009    45.10990     0.39019
  -5.81011   5.96559   1.87171    45.10789    44.82217     0.28572
  -6.11493   5.67585   1.87171    44.60840    44.44088     0.16751
  -6.35517   5.33068   1.87171    43.97649    43.93209     0.04441
  -6.52102   4.94421   1.87171    43.14567    43.23341    -0.08774
  -6.60567   4.53227   1.87171    41.99984    42.24627    -0.24643
  -6.60567   4.11172   1.87171    40.34196    40.81429    -0.47233
  -6.52102   3.69978   1.87171    37.83129    38.67880    -0.84751
  -5.66551   6.27511   1.49256    46.05920    45.54164     0.51756
  -6.01476   6.02641   1.49256    45.45114    45.08615     0.36499
  -6.31063   5.71611   1.49256    44.81736    44.60158     0.21578
  -6.54243   5.35542   1.49256    44.11266    44.03662     0.07604
  -6.70178   4.95738   1.49256    43.26176    43.32022    -0.05846
  -6.78293   4.53637   1.49256    42.15044    42.35214    -0.20170
  -6.78293   4.10762   1.49256    40.59359    40.98061    -0.38702
  -6.70178   3.68662   1.49256    38.27557    38.95666    -0.68109
  -5.83994   6.29454   1.08847    46.43445    45.84439     0.59006
  -6.17123   6.03035   1.08847    45.63061    45.22868     0.40192
  -6.45002   5.71125   1.08847    44.88011    44.64894     0.23117
  -6.66735   5.34750   1.08847    44.11957    44.03700     0.08256
  -6.81624   4.95079   1.08847    43.27055    43.31610    -0.04555
  -6.89190   4.53386   1.08847    42.22574    42.39028    -0.16454
  -6.89190   4.11013   1.08847    40.82953    41.12413    -0.29460
  -6.81624   3.69321   1.08847    38.82778    39.30467    -0.47689
  -6.08057   6.16050   0.67171    46.23615    45.71524     0.52092
  -6.37638   5.86469   0.67171    45.30117    44.98405     0.31711
  -6.61634   5.52200   0.67171    44.46344    44.31879     0.14465
  -6.79314   5.14285   0.67171    43.63952    43.63338     0.00614
  -6.90141   4.73875   0.67171    42.73904    42.83983    -0.10078
  -6.93788   4.32200   0.67171    41.64969    41.83327    -0.18358
  -6.90141   3.90524   0.67171    40.21457    40.46866    -0.25409
  -6.79314   3.50115   0.67171    38.18333    38.51949    -0.33616
  -6.45002   5.71125   0.25496    44.91274    44.69532     0.21742
  -6.66735   5.34750   0.25496    43.97963    43.93376     0.04588
  -6.81624   4.95079   0.25496    43.09296    43.17060    -0.07764
  -6.89190   4.53386   0.25496    42.14856    42.30098    -0.15242
  -6.89190   4.11013   0.25496    41.02908    41.20600    -0.17692
  -6.81624   3.69321   0.25496    39.57577    39.72554    -0.14977
  -6.66735   3.29650   0.25496    37.55519    37.61424    -0.05905
  -6.54243   5.35542  -0.14914    43.85413    43.86246    -0.00833
  -6.70178   4.95738  -0.14914    42.89341    43.03161    -0.13820
  -6.78293   4.53637  -0.14914    41.96407    42.16308    -0.19901
  -6.78293   4.10762  -0.14914    40.95315    41.13517    -0.18201
  -6.70178   3.68662  -0.14914    39.74206    39.80842    -0.06636
  -6.54243   3.28858  -0.14914    38.18897    37.99795     0.19103
  -2.04727   6.75919   0.88976    43.41550    43.52239    -0.10689
  -2.37983   7.01662   0.88976    43.98842    44.09170    -0.10328
  -2.75740   7.20182   0.88976    44.49356    44.53530    -0.04174
  -3.16452   7.30724   0.88976    44.97423    44.90650     0.06773
  -3.58453   7.32853   0.88976    45.48189    45.26381     0.21808
  -1.58201   6.47203   0.51061    42.82627    42.72059     0.10568
  -1.84705   6.80905   0.51061    43.62634    43.62248     0.00386
  -2.17108   7.08982   0.51061    44.23816    44.26565    -0.02749
  -2.54239   7.30420   0.51061    44.72260    44.72827    -0.00566
  -2.94756   7.44443   0.51061    45.12986    45.07175     0.05811
  -3.37195   7.50545   0.51061    45.50573    45.34882     0.15692
  -3.80022   7.48505   0.51061    45.89918    45.61198     0.28721
  -4.21689   7.38397   0.51061    46.36981    45.92305     0.44676
  -1.45029   6.46500   0.10652    42.46859    42.33022     0.13836
  -1.69935   6.80780   0.10652    43.52469    43.46527     0.05942
  -2.00562   7.10063   0.10652    44.26578    44.23993     0.02584
  -2.35926   7.33406   0.10652    44.79979    44.77105     0.02874
  -2.74889   7.50060   0.10652    45.19888    45.13730     0.06158
  -3.16200   7.59489   0.10652    45.51640    45.39542     0.12098
  -3.58530   7.61390   0.10652    45.79502    45.59113     0.20389
  -4.00520   7.55702   0.10652    46.07551    45.76764     0.30787
  -4.40819   7.42608   0.10652    46.40496    45.97313     0.43182
  -4.78133   7.22529   0.10652    46.83856    46.26904     0.56952
  -1.40080   6.45274  -0.31023    41.77644    41.73278     0.04367
  -1.64076   6.79543  -0.31023    43.18771    43.14522     0.04249
  -1.93657   7.09125  -0.31023    44.12145    44.08046     0.04099
  -2.27926   7.33120  -0.31023    44.75335    44.70282     0.05053
  -2.65841   7.50800  -0.31023    45.18884    45.11482     0.07403
  -3.06251   7.61628  -0.31023    45.49632    45.38394     0.11238
  -3.47926   7.65274  -0.31023    45.72411    45.55826     0.16584
  -3.89602   7.61628  -0.31023    45.90922    45.67632     0.23290
  -4.30011   7.50800  -0.31023    46.08618    45.77392     0.31226
  -4.67926   7.33120  -0.31023    46.29012    45.88980     0.40032
  -5.02195   7.09125  -0.31023    46.56120    46.07076     0.49044
  -1.45029   6.46500  -0.72699    41.09936    41.22078    -0.12142
  -1.69935   6.80780  -0.72699    42.85513    42.87548    -0.02035
  -2.00562   7.10063  -0.72699    43.96645    43.93881     0.02764
  -2.35926   7.33406  -0.72699    44.68181    44.62418     0.05763
  -2.74889   7.50060  -0.72699    45.14429    45.05880     0.08549
  -3.16200   7.59489  -0.72699    45.43922    45.32258     0.11663
  -3.58530   7.61390  -0.72699    45.62308    45.46899     0.15409
  -4.00520   7.55702  -0.72699    45.73477    45.53736     0.19741
  -4.40819   7.42608  -0.72699    45.80631    45.56036     0.24595
  -4.78133   7.22529  -0.72699    45.86341    45.56891     0.29450
  -5.11261   6.96109  -0.72699    45.92993    45.59538     0.33455
  -1.58201   6.47203  -1.13108    40.56410    40.83050    -0.26641
  -1.84705   6.80905  -1.13108    42.56271    42.64115    -0.07843
  -2.17108   7.08982  -1.13108    43.78824    43.77689     0.01135
  -2.54239   7.30420  -1.13108    44.54502    44.48606     0.05896
  -2.94756   7.44443  -1.13108    45.00184    44.91329     0.08856
  -3.37195   7.50545  -1.13108    45.25912    45.14691     0.11222
  -3.80022   7.48505  -1.13108    45.37709    45.24378     0.13331
  -4.21689   7.38397  -1.13108    45.39592    45.24309     0.15283
  -4.60689   7.20586  -1.13108    45.34195    45.17398     0.16797
  -4.95614   6.95716  -1.13108    45.23088    45.05945     0.17143
  -5.25202   6.64685  -1.13108    45.06585    44.91681     0.14904
  -1.77334   6.44010  -1.51023    40.10288    40.45339    -0.35051
  -2.04727   6.75919  -1.51023    42.21445    42.32649    -0.11204
  -2.37983   7.01662  -1.51023    43.49017    43.48970     0.00047
  -2.75740   7.20182  -1.51023    44.25448    44.19953     0.05495
  -3.16452   7.30724  -1.51023    44.68621    44.60561     0.08060
  -3.58453   7.32853  -1.51023    44.88952    44.79840     0.09112
  -4.00023   7.26485  -1.51023    44.92654    44.83440     0.09214
  -4.39460   7.11879  -1.51023    44.83304    44.74968     0.08336
  -4.75150   6.89634  -1.51023    44.62597    44.56688     0.05908
  -5.05631   6.60659  -1.51023    44.30845    44.29753     0.01092
  -2.07088   6.43451  -1.85292    40.29552    40.58215    -0.28662
  -2.38138   6.72745  -1.85292    42.25398    42.32616    -0.07218
  -2.75107   6.94089  -1.85292    43.38914    43.36650     0.02265
  -3.16001   7.06332  -1.85292    44.00850    43.94974     0.05876
  -3.58616   7.08814  -1.85292    44.28272    44.21907     0.06365
  -4.00655   7.01401  -1.85292    44.30719    44.25876     0.04844
  -4.39852   6.84494  -1.85292    44.13212    44.11777     0.01435
  -4.74092   6.59002  -1.85292    43.77883    43.82172    -0.04289
  -5.01531   6.26302  -1.85292    43.24419    43.37822    -0.13403
  -2.42629   6.38019  -2.14874    40.55782    40.72265    -0.16483
  -2.76952   6.62247  -2.14874    42.21445    42.22653    -0.01209
  -3.16539   6.76317  -2.14874    43.10677    43.06325     0.04351
  -3.58454   6.79184  -2.14874    43.49582    43.44816     0.04766
  -3.99588   6.70636  -2.14874    43.52657    43.50593     0.02064
  -4.36890   6.51307  -2.14874    43.27431    43.30619    -0.03188
  -4.67594   6.22631  -2.14874    42.77356    42.88417    -0.11061
  -2.56001   6.02409  -2.38870    38.77758    38.97903    -0.20145
  -2.87926   6.29197  -2.38870    40.99080    41.00153    -0.01072
  -3.27088   6.43451  -2.38870    42.13726    42.08386     0.05341
  -3.68764   6.43451  -2.38870    42.57275    42.52243     0.05032
  -4.07926   6.29197  -2.38870    42.50436    42.49453     0.00983
  -4.39852   6.02409  -2.38870    42.04565    42.09991    -0.05426
  -3.06884   5.96362  -2.56550    39.93847    39.87567     0.06280
  -3.47926   6.07359  -2.56550    41.20227    41.09627     0.10600
  -3.88969   5.96362  -2.56550    41.42127    41.33279     0.08848
  -4.19014   5.66317  -2.56550    40.92366    40.85574     0.06792
  -3.27088   5.61366  -2.67377    38.94073    38.72747     0.21326
  -3.68764   5.61366  -2.67377    40.02946    39.79486     0.23460
   1.44934   3.68990  -1.13855    66.74003    67.75231    -1.01228
   1.18430   4.02692  -1.13855    60.16749    61.06846    -0.90096
   1.58107   3.68287  -1.54264    66.72999    67.49744    -0.76746
   1.33200   4.02567  -1.54264    60.74794    61.47492    -0.72698
   1.02573   4.31850  -1.54264    55.16938    55.83848    -0.66910
   1.63055   3.67061  -1.95940    65.61992    66.12861    -0.50868
   1.39060   4.01330  -1.95940    60.31182    60.82440    -0.51258
   1.09478   4.30912  -1.95940    55.31935    55.82058    -0.50122
   0.75209   4.54907  -1.95940    50.42604    50.93950    -0.51346
   1.76492   3.30110  -2.37615    68.31006    68.54847    -0.23842
   1.58107   3.68287  -2.37615    63.33579    63.62765    -0.29186
   1.33200   4.02567  -2.37615    58.60248    58.92041    -0.31793
   1.02573   4.31850  -2.37615    54.07249    54.41056    -0.33807
   0.67210   4.55193  -2.37615    49.61341    49.99313    -0.37972
   1.80735   2.47061  -2.78024    73.26048    73.20499     0.05549
   1.76660   2.89742  -2.78024    69.28395    69.31094    -0.02699
   1.64580   3.30881  -2.78024    65.00747    65.09814    -0.09066
   1.44934   3.68990  -2.78024    60.69021    60.82949    -0.13929
   1.18430   4.02692  -2.78024    56.46832    56.64658    -0.17825
   0.86027   4.30769  -2.78024    52.36002    52.57885    -0.21883
   0.48896   4.52207  -2.78024    48.29188    48.57287    -0.28099
   1.63055   2.47061  -3.15939    68.69598    68.62505     0.07093
   1.58800   2.88900  -3.15939    65.50823    65.47873     0.02950
   1.46211   3.29026  -3.15939    61.95339    61.96651    -0.01313
   1.25801   3.65797  -3.15939    58.25484    58.31099    -0.05615
   0.98408   3.97706  -3.15939    54.55756    54.65795    -0.10040
   0.65152   4.23448  -3.15939    50.91675    51.06829    -0.15154
   0.27395   4.41969  -3.15939    47.32049    47.53904    -0.21855
  -0.13317   4.52510  -3.15939    43.72298    44.03757    -0.31459
   0.65152   0.70674  -3.15939    72.19183    72.29133    -0.09950
   0.98408   0.96416  -3.15939    73.54223    73.41205     0.13018
   1.25801   1.28325  -3.15939    73.80829    73.61692     0.19138
   1.46211   1.65096  -3.15939    73.02265    72.85921     0.16344
   1.58800   2.05222  -3.15939    71.27002    71.15506     0.11495
   1.39060   2.47061  -3.50209    64.71380    64.68607     0.02773
   1.34104   2.89460  -3.50209    61.94962    61.93322     0.01640
   1.19504   3.29573  -3.50209    58.77066    58.78131    -0.01065
   0.96047   3.65238  -3.50209    55.40093    55.45112    -0.05018
   0.64997   3.94532  -3.50209    52.00171    52.10180    -0.10009
   0.28029   4.15876  -3.50209    48.66273    48.82215    -0.15941
  -0.12866   4.28119  -3.50209    45.43294    45.66081    -0.22787
  -0.55481   4.30601  -3.50209    42.38638    42.68112    -0.29474
   0.28029   0.78246  -3.50209    65.84018    66.59079    -0.75062
   0.64997   0.99590  -3.50209    67.66498    68.02623    -0.36125
   0.96047   1.28884  -3.50209    68.41109    68.54199    -0.13091
   1.19504   1.64549  -3.50209    68.10549    68.12771    -0.02222
   1.34104   2.04662  -3.50209    66.82851    66.80996     0.01855
   1.09478   2.47061  -3.79790    61.24116    61.31776    -0.07660
   1.03757   2.88682  -3.79790    58.82902    58.88734    -0.05833
   0.87019   3.27217  -3.79790    55.97196    56.04393    -0.07197
   0.60506   3.59806  -3.79790    52.91411    53.02320    -0.10909
   0.26183   3.84034  -3.79790    49.85186    50.01471    -0.16285
  -0.13404   3.98103  -3.79790    46.94085    47.16332    -0.22247
  -0.55319   4.00970  -3.79790    44.34233    44.61587    -0.27354
  -0.13404   0.96018  -3.79790    60.27731    61.47474    -1.19744
   0.26183   1.10088  -3.79790    62.43531    63.22944    -0.79413
   0.60506   1.34315  -3.79790    63.64013    64.11244    -0.47231
   0.87019   1.66905  -3.79790    63.80454    64.06396    -0.25942
   1.03757   2.05440  -3.79790    62.96368    63.10145    -0.13777
   0.75209   2.47061  -4.03786    58.20276    58.43015    -0.22739
   0.67972   2.88103  -4.03786    55.98514    56.16928    -0.18414
   0.47134   3.24195  -4.03786    53.28058    53.47259    -0.19201
   0.15209   3.50984  -4.03786    50.43357    50.66847    -0.23490
  -0.23953   3.65238  -4.03786    47.75975    48.05520    -0.29545
  -0.65629   3.65238  -4.03786    45.57162    45.92425    -0.35263
  -1.04791   3.50984  -4.03786    44.20742    44.59831    -0.39089
  -0.23953   1.28884  -4.03786    57.36441    58.51941    -1.15500
   0.15209   1.43138  -4.03786    59.16850    59.99295    -0.82445
   0.47134   1.69926  -4.03786    59.95540    60.49224    -0.53684
   0.67972   2.06018  -4.03786    59.60462    59.94383    -0.33921
   0.37294   2.47061  -4.21466    55.53020    55.93736    -0.40716
   0.26296   2.88103  -4.21466    53.29940    53.64573    -0.34633
  -0.03749   3.18148  -4.21466    50.57162    50.94071    -0.36909
  -0.44791   3.29146  -4.21466    48.10488    48.54642    -0.44154
  -0.85834   3.18148  -4.21466    46.59948    47.13610    -0.53662
  -0.85834   1.75973  -4.21466    51.90759    53.14039    -1.23281
  -0.44791   1.64976  -4.21466    54.34232    55.46334    -1.12102
  -0.03749   1.75973  -4.21466    56.13386    56.98099    -0.84713
   0.26296   2.06018  -4.21466    56.59069    57.16838    -0.57769
  -0.03115   2.47061  -4.32293    53.16951    53.76356    -0.59405
  -0.23953   2.83153  -4.32293    50.78372    51.33229    -0.54858
  -0.65629   2.83153  -4.32293    48.83279    49.49703    -0.66424
  -0.86467   2.47061  -4.32293    49.24193    50.11201    -0.87008
  -0.65629   2.10969  -4.32293    51.46331    52.45602    -0.99271
  -0.23953   2.10969  -4.32293    53.47636    54.29930    -0.82294
  -0.44791   2.47061  -4.35939    51.08116    51.84197    -0.76082
